ST_CASE,VEH_NO,PER_NO,P1,P2,P3,P4,P5,P6,P7,P8,P9,P10
10683,1,1,0,0,0,0,0,0,0,0,42,0
10684,1,1,0,0,0,0,0,0,0,0,0,0
10684,2,1,12,12,12,12,12,12,12,12,12,12
10685,1,1,0,0,0,0,0,0,0,0,0,0
10685,2,1,14,0,0,20,0,0,25,29,0,13
10686,1,1,0,0,0,0,0,0,0,0,0,0
10686,2,1,0,0,0,0,0,0,0,0,0,0
10687,1,1,0,0,0,0,0,0,24,35,0,0
10688,1,1,0,0,0,0,0,0,0,22,0,0
10689,1,1,0,0,0,0,0,0,0,0,0,0
10689,2,1,0,0,0,0,0,0,0,0,0,0
10690,1,1,0,0,0,0,0,0,0,0,0,0
10690,2,1,0,0,0,0,0,0,0,0,0,0
10690,3,1,0,0,0,0,0,0,4,0,0,0
10691,0,1,0,0,0,0,0,0,0,0,0,0
10691,2,1,0,0,0,0,0,0,0,0,0,0
10692,1,1,0,0,0,0,0,0,0,0,0,0
10693,1,1,0,0,0,0,0,0,0,0,0,0
10693,2,1,20,11,29,26,10,17,21,19,29,9
10694,1,1,0,0,0,0,0,0,0,0,0,0
10695,0,1,0,0,0,0,20,18,39,0,0,0
10695,1,1,0,0,0,0,0,0,0,0,0,0
10696,1,1,0,0,0,0,0,0,0,0,0,0
10697,1,1,0,0,0,0,0,0,0,0,0,0
10697,2,1,0,0,0,0,0,0,0,0,0,0
10698,1,1,8,8,8,8,8,8,8,8,8,8
10698,2,1,0,0,0,0,0,0,0,0,0,0
10699,1,1,7,7,7,7,7,7,7,7,7,7
10700,1,1,0,0,0,0,0,0,0,0,0,0
10701,1,1,12,12,12,12,12,12,12,12,12,12
10702,0,1,20,20,20,20,20,20,20,20,20,20
10702,1,1,0,0,0,0,0,0,0,0,0,0
10703,1,1,0,0,0,15,0,27,13,0,0,30
10704,1,1,15,27,15,12,19,27,21,23,26,16
10705,1,1,8,8,8,8,8,8,8,8,8,8
10706,1,1,18,18,18,18,18,18,18,18,18,18
10707,1,1,0,0,0,0,0,0,0,0,0,0
10707,2,1,0,0,0,0,0,0,0,0,0,0
10707,3,1,0,0,0,0,0,0,0,0,0,0
10708,1,1,0,0,0,0,0,0,0,0,0,0
10708,2,1,0,0,0,0,0,0,0,0,0,0
10709,1,1,20,20,20,20,20,20,20,20,20,20
10710,1,1,0,0,13,0,11,24,10,0,0,14
10711,1,1,0,0,0,0,0,0,0,0,0,0
10711,2,1,0,0,0,0,0,0,0,0,0,0
10712,1,1,0,0,0,0,0,0,0,0,0,0
10712,2,1,0,0,0,0,0,0,0,0,0,0
10713,1,1,4,4,4,4,4,4,4,4,4,4
10714,1,1,0,0,0,0,0,0,0,0,0,0
10714,2,1,0,0,0,0,0,0,0,0,0,0
10715,1,1,0,0,0,0,0,0,0,0,0,0
10716,1,1,8,8,8,8,8,8,8,8,8,8
10716,2,1,0,0,0,0,0,0,0,0,0,0
10717,1,1,0,36,0,7,0,0,0,0,0,0
10717,2,1,0,0,0,0,0,0,0,0,0,0
10718,1,1,40,40,40,40,40,40,40,40,40,40
10719,1,1,13,0,9,0,0,0,43,0,0,0
10720,1,1,0,0,12,0,25,0,31,0,22,25
10721,1,1,0,0,0,0,0,0,0,0,0,0
10722,1,1,0,0,0,0,20,0,0,0,0,5
10723,1,1,0,0,0,0,0,0,0,0,0,0
10724,1,1,19,19,19,19,19,19,19,19,19,19
10725,1,1,0,0,0,0,0,0,0,0,0,0
10726,1,1,15,15,15,15,15,15,15,15,15,15
10727,1,1,0,0,0,0,0,0,0,0,0,0
10728,0,1,0,0,0,0,0,0,0,0,0,0
10728,1,1,0,0,0,0,0,0,0,0,0,0
10729,1,1,0,0,0,0,0,0,0,0,0,0
10729,2,1,0,0,0,0,0,0,0,0,0,0
10730,1,1,0,0,0,0,0,0,0,0,0,0
10730,2,1,0,0,0,0,0,0,0,0,0,0
10731,1,1,22,22,22,22,22,22,22,22,22,22
10731,2,1,0,0,0,0,0,0,0,0,0,0
10731,3,1,0,0,0,0,0,18,0,0,0,0
10732,1,1,21,21,21,21,21,21,21,21,21,21
10733,1,1,0,0,0,0,0,0,0,0,0,0
10734,1,1,31,31,31,31,31,31,31,31,31,31
10734,2,1,0,13,0,0,0,0,0,0,0,0
10735,1,1,16,16,16,16,16,16,16,16,16,16
10736,1,1,0,0,0,0,0,0,0,0,0,0
10736,2,1,0,0,0,0,0,0,0,0,0,0
10737,1,1,0,16,0,0,0,0,0,21,2,11
10737,2,1,0,0,0,0,0,0,15,0,0,0
10738,1,1,22,22,22,22,22,22,22,22,22,22
10739,1,1,0,0,0,0,0,0,0,0,0,0
10739,2,1,0,0,0,0,0,0,0,0,0,0
10739,3,1,0,0,0,0,0,0,0,0,0,0
10740,0,1,0,0,0,0,0,0,0,0,0,0
10740,0,2,0,0,0,0,0,0,0,0,0,0
10740,1,1,0,0,0,0,0,0,0,0,0,0
10741,1,1,14,0,0,10,0,28,0,0,0,0
10742,1,1,0,0,0,0,0,0,0,0,0,0
10743,0,1,0,0,0,0,0,0,0,0,0,0
10743,1,1,0,0,0,0,0,0,0,0,0,0
10744,1,1,0,0,0,0,0,0,0,0,0,0
10745,1,1,0,0,0,0,0,0,0,0,0,0
10745,2,1,0,0,0,0,0,0,9,0,0,0
10746,0,1,34,34,34,34,34,34,34,34,34,34
10746,1,1,0,0,0,0,0,0,0,0,0,0
10747,0,1,0,0,0,30,0,22,0,22,9,0
10747,0,2,0,18,24,0,0,0,0,26,0,17
10747,1,1,0,0,15,0,0,0,0,0,0,0
10748,0,1,0,0,0,0,0,0,0,0,0,0
10748,1,1,0,0,0,0,0,0,0,0,0,0
10749,1,1,0,0,0,0,0,0,0,0,0,0
10749,2,1,0,0,0,0,0,0,0,0,0,0
10750,0,1,0,0,0,0,0,0,0,0,0,0
10750,1,1,0,0,0,0,0,0,0,0,0,0
10751,1,1,0,0,0,0,0,0,0,0,0,0
10751,2,1,0,0,0,0,0,0,0,0,0,0
10752,1,1,7,21,15,20,35,30,14,36,8,13
10753,1,1,0,0,0,0,0,0,0,0,0,0
10753,2,1,0,0,0,0,0,0,0,0,0,0
10754,1,1,13,0,11,19,8,9,24,0,0,0
10755,1,1,0,0,0,0,0,0,0,0,0,0
10755,2,1,0,0,0,0,0,0,0,0,0,0
10756,1,1,14,14,14,14,14,14,14,14,14,14
10757,1,1,8,8,8,8,8,8,8,8,8,8
10757,2,1,0,0,0,0,0,0,0,0,0,0
10758,1,1,0,0,0,0,0,0,0,0,0,0
10759,1,1,0,0,0,0,0,0,0,0,0,0
10760,1,1,0,0,0,0,0,0,0,0,0,0
10760,2,1,0,0,0,0,0,0,0,0,0,0
10761,1,1,34,34,34,34,34,34,34,34,34,34
10762,1,1,0,0,0,0,0,0,0,0,0,0
10762,2,1,0,0,0,0,0,0,0,0,0,0
10762,3,1,0,0,0,0,0,0,0,0,0,0
10762,4,1,0,0,0,0,0,0,0,0,0,0
10762,5,1,0,0,0,0,0,0,0,0,0,0
10762,6,1,0,0,0,2,0,0,0,0,0,0
10763,1,1,19,19,19,19,19,19,19,19,19,19
10764,1,1,21,21,21,21,21,21,21,21,21,21
10764,2,1,19,8,0,0,0,0,21,0,0,0
10765,1,1,0,0,0,0,0,0,0,0,0,0
10766,0,1,22,22,22,22,22,22,22,22,22,22
10766,1,1,0,3,2,0,11,19,0,0,0,0
10767,1,1,0,0,0,0,0,0,0,0,0,0
10768,0,1,27,27,27,27,27,27,27,27,27,27
10768,1,1,0,0,0,0,0,0,0,24,18,19
10769,1,1,11,11,11,11,11,11,11,11,11,11
10770,1,1,0,0,0,0,0,0,0,0,0,0
10770,2,1,0,0,0,0,0,0,0,0,0,0
10771,1,1,0,0,0,0,0,0,0,0,0,0
10772,0,1,0,0,0,0,0,0,0,0,0,0
10772,1,1,0,0,0,0,0,0,0,0,0,0
10773,1,1,0,0,0,0,0,0,0,0,0,0
10773,2,1,0,0,0,0,0,0,0,0,0,0
10774,1,1,0,0,0,0,0,0,0,0,0,0
10774,2,1,0,0,0,0,0,0,0,0,0,0
10775,1,1,0,0,0,0,0,0,0,0,0,0
10775,2,1,59,59,59,59,59,59,59,59,59,59
10776,1,1,9,15,18,10,13,28,5,19,11,13
10777,0,1,19,19,19,19,19,19,19,19,19,19
10777,1,1,0,9,26,0,11,0,15,7,6,0
10778,1,1,0,0,0,0,0,0,0,0,0,0
10779,1,1,15,15,15,15,15,15,15,15,15,15
10780,1,1,0,0,0,0,0,0,0,0,0,0
10781,1,1,24,24,24,24,24,24,24,24,24,24
10782,1,1,7,7,7,7,7,7,7,7,7,7
10783,1,1,17,17,17,17,17,17,17,17,17,17
10784,1,1,0,0,0,0,0,0,0,0,0,0
10785,1,1,0,0,0,0,0,0,0,0,0,0
10786,0,1,0,0,0,0,0,0,0,11,0,0
10786,0,2,0,0,0,0,0,0,0,0,0,0
10786,1,1,0,0,0,0,0,15,0,0,0,0
10787,1,1,0,0,0,0,0,0,0,0,0,0
10787,2,1,0,0,0,0,0,0,0,0,0,0
10788,0,1,0,20,13,0,2,24,0,5,0,39
10788,1,1,2,0,0,0,0,0,11,15,0,8
10789,1,1,0,0,0,0,0,0,0,0,0,0
10790,1,1,0,0,0,0,0,0,0,0,0,0
10791,1,1,0,0,0,0,0,0,0,0,0,0
10792,1,1,0,0,0,0,0,0,0,3,0,0
10793,1,1,0,0,0,0,0,8,0,0,0,15
10794,1,1,0,0,0,0,0,0,0,0,0,0
10795,1,1,0,0,0,15,0,0,0,11,0,0
10796,1,1,0,0,0,0,0,0,0,0,0,0
10796,2,1,0,0,0,0,0,0,0,0,0,0
10797,1,1,0,0,0,0,0,0,0,0,0,0
10797,2,1,0,0,0,0,0,0,0,0,0,0
10798,1,1,0,0,0,0,0,0,0,0,0,0
10799,1,1,18,0,0,0,0,0,0,0,0,0
10800,1,1,17,17,11,28,24,16,20,28,20,12
10801,1,1,0,0,0,0,0,0,0,0,0,0
10801,2,1,0,0,0,0,0,0,0,0,0,0
10802,1,1,0,9,0,11,0,10,10,11,0,21
10802,2,1,0,0,0,0,0,0,0,14,0,0
10804,1,1,0,0,0,0,0,0,0,0,0,0
10805,1,1,19,19,19,19,19,19,19,19,19,19
10806,1,1,9,24,18,26,26,17,13,13,27,12
10807,1,1,0,0,0,0,0,0,0,0,0,0
10807,2,1,0,0,0,0,0,17,0,0,5,0
10808,1,1,0,0,0,0,0,0,0,0,0,0
10809,1,1,0,0,0,0,0,0,0,0,16,0
10810,1,1,0,0,0,0,0,0,0,0,0,0
10812,1,1,0,0,0,0,8,0,0,0,0,0
10813,1,1,0,0,35,0,0,0,0,0,0,0
10814,1,1,0,0,0,0,0,0,0,0,0,0
10815,1,1,0,0,0,0,0,0,0,0,0,0
10815,2,1,0,0,0,0,0,0,11,0,0,0
10816,1,1,0,0,0,0,0,0,0,0,0,0
10817,1,1,28,28,28,28,28,28,28,28,28,28
10818,1,1,0,0,0,0,0,0,0,0,0,0
10818,2,1,0,0,0,0,0,17,14,0,12,0
10819,1,1,0,0,0,0,0,0,23,12,0,0
10820,1,1,17,0,0,12,11,14,0,0,16,9
10821,0,1,0,0,0,0,0,0,0,0,0,0
10821,1,1,0,0,0,0,0,0,0,0,0,0
10822,1,1,10,10,10,10,10,10,10,10,10,10
10823,1,1,0,0,0,0,0,0,30,0,0,0
10824,1,1,0,9,9,0,14,0,0,0,0,0
10825,0,1,24,13,16,0,0,0,24,27,11,0
10825,1,1,0,0,0,0,0,0,0,0,0,0
10826,1,1,29,29,29,29,29,29,29,29,29,29
10826,2,1,0,0,0,0,0,0,0,0,0,0
10827,1,1,0,0,0,0,0,0,0,0,0,0
10827,2,1,0,0,0,0,0,0,0,0,0,0
10828,1,1,0,0,0,0,0,0,0,0,0,0
10829,1,1,0,0,0,0,0,0,0,0,0,0
10830,1,1,0,0,0,0,0,0,0,0,0,0
10830,2,1,0,0,0,0,0,0,0,0,0,0
10831,1,1,32,0,0,0,0,0,0,0,0,0
10831,2,1,0,0,0,0,0,0,0,0,0,0
10831,3,1,0,0,0,0,0,0,0,0,0,0
10832,1,1,0,0,0,0,0,0,0,0,0,0
10832,2,1,0,0,0,0,0,0,0,0,0,0
10833,1,1,0,0,0,0,0,0,0,0,0,0
10833,2,1,0,0,0,0,0,0,0,0,0,0
10834,1,1,11,11,11,11,11,11,11,11,11,11
10835,1,1,0,0,0,0,0,0,0,0,0,0
10835,2,1,0,0,0,0,0,0,0,0,0,0
10835,3,1,0,0,0,0,0,0,0,0,0,0
10836,1,1,0,0,0,0,0,0,0,0,0,0
10836,2,1,0,0,0,0,0,0,0,0,0,0
10837,1,1,0,28,0,0,18,16,0,20,0,0
10838,1,1,0,0,0,0,0,0,0,0,0,0
10839,1,1,25,0,9,0,0,0,0,0,19,9
10839,2,1,0,0,0,0,0,0,15,0,0,0
10840,1,1,0,0,0,0,0,0,0,0,0,0
10841,1,1,0,0,0,0,0,0,0,0,0,0
10841,2,1,0,0,0,0,0,0,0,0,0,0
10842,1,1,0,0,12,23,0,0,0,0,0,0
10843,0,1,0,0,0,0,0,0,0,0,0,0
10843,1,1,0,0,0,0,0,0,0,0,0,0
10844,1,1,0,0,0,0,0,0,0,0,0,0
10844,2,1,0,0,0,0,0,0,0,0,0,0
10845,1,1,0,0,0,0,0,0,0,0,0,0
10845,2,1,0,0,0,0,0,0,0,0,0,0
10845,3,1,0,0,0,0,0,0,0,0,0,0
10845,4,1,0,0,0,0,0,0,0,0,0,8
10845,5,1,11,0,12,4,9,0,7,15,9,9
10846,1,1,0,0,0,0,0,0,0,0,0,0
10846,2,1,0,0,0,0,0,0,0,0,0,0
10847,1,1,0,0,0,0,0,0,0,0,0,0
10848,1,1,0,0,0,0,0,0,0,0,0,0
10848,2,1,0,0,0,0,0,0,4,0,0,0
10849,1,1,13,13,13,13,13,13,13,13,13,13
10850,1,1,0,0,0,0,0,0,0,0,0,0
10850,2,1,0,0,0,0,0,0,0,0,0,0
10851,1,1,0,0,0,0,0,0,0,0,0,0
10851,2,1,0,0,0,0,0,0,0,0,0,0
10852,1,1,14,14,14,14,14,14,14,14,14,14
10853,1,1,0,0,0,0,0,0,0,0,0,0
10854,1,1,0,0,0,0,0,0,0,0,0,0
10854,2,1,0,0,0,0,0,0,0,0,0,0
10855,1,1,14,0,0,0,18,0,0,0,0,0
10856,0,1,0,0,0,15,0,0,0,0,0,0
10856,1,1,17,0,0,0,0,0,0,0,0,0
10857,1,1,0,0,0,0,0,0,0,0,0,0
10858,1,1,0,0,0,0,0,0,0,0,0,0
10859,1,1,0,0,0,0,0,11,0,0,0,0
10859,2,1,0,0,0,0,0,0,10,0,0,0
10860,1,1,0,9,0,0,0,0,0,4,0,0
10860,2,1,0,0,0,0,0,22,0,0,0,0
10860,3,1,0,0,0,14,0,0,0,0,0,0
10861,1,1,21,17,23,10,21,0,8,0,11,0
10862,1,1,0,0,0,0,5,0,0,0,0,0
10862,2,1,0,0,0,0,0,0,0,0,0,0
10863,1,1,16,11,29,19,10,10,24,21,27,15
10864,1,1,0,0,0,0,0,0,0,0,0,0
10864,2,1,0,0,0,0,0,0,0,0,0,0
10864,3,1,0,0,0,0,0,0,0,0,0,0
10865,0,1,0,0,0,0,0,0,0,0,0,0
10865,1,1,0,0,0,0,0,0,0,0,0,0
10866,1,1,0,0,0,0,0,0,0,0,0,0
10866,2,1,0,0,0,0,0,0,0,0,0,0
10867,1,1,0,0,0,13,14,5,0,0,0,0
10867,2,1,0,0,0,0,0,0,14,0,0,14
10868,1,1,0,0,0,17,0,0,10,0,0,0
10869,1,1,12,0,0,0,0,0,0,0,0,13
10870,1,1,0,0,0,0,0,0,0,0,0,0
10870,2,1,0,0,0,0,0,0,0,0,0,0
10871,1,1,0,0,0,0,0,0,0,0,0,0
10871,2,1,0,0,0,0,0,0,0,0,0,0
10872,1,1,0,0,0,0,0,0,0,0,0,0
10872,2,1,0,0,0,0,0,0,0,0,0,0
10873,1,1,26,26,26,26,26,26,26,26,26,26
10873,2,1,0,0,0,0,0,0,0,0,9,0
10874,1,1,10,0,0,12,3,5,10,13,3,0
10875,1,1,12,22,32,0,24,0,17,0,0,22
10876,1,1,0,0,14,0,0,0,0,0,0,0
10876,2,1,0,0,0,0,0,0,0,0,0,0
10877,0,1,0,0,0,0,0,0,0,0,0,0
10877,1,1,0,0,18,0,0,0,22,0,0,0
10878,1,1,0,0,0,0,0,0,0,0,0,0
10878,2,1,0,10,0,29,0,0,0,15,15,0
10878,3,1,0,0,0,0,0,0,3,0,0,0
10878,4,1,0,0,0,0,0,0,35,0,0,0
10878,5,1,0,0,0,0,0,0,0,0,0,0
10879,1,1,0,0,0,0,0,0,0,0,0,0
10880,1,1,25,25,25,25,25,25,25,25,25,25
10881,1,1,21,0,7,0,0,8,2,0,0,14
10882,1,1,16,17,11,19,12,22,12,5,22,10
10883,0,1,22,0,9,0,0,0,0,0,0,0
10883,1,1,24,0,17,20,17,22,18,14,11,0
10884,1,1,17,0,0,14,0,0,0,9,0,0
10884,2,1,0,0,0,0,0,0,0,0,0,0
10885,1,1,0,0,0,0,0,0,0,0,0,0
10885,2,1,0,0,0,0,0,0,0,0,0,0
10886,1,1,0,0,0,0,0,0,0,0,0,0
10887,1,1,19,19,19,19,19,19,19,19,19,19
10888,1,1,0,0,0,6,0,0,0,0,0,0
10888,2,1,0,0,0,0,0,0,0,0,0,0
10889,0,1,9,0,0,0,0,0,0,0,0,0
10889,1,1,0,0,0,0,0,0,0,0,0,0
10890,1,1,0,0,0,0,0,0,0,0,0,0
10890,2,1,0,0,0,0,0,0,0,0,0,0
10890,3,1,0,0,0,0,0,0,0,0,0,0
10891,1,1,0,0,0,0,0,0,0,0,0,0
10892,1,1,0,0,16,8,0,0,14,0,0,5
10893,1,1,0,0,0,0,0,0,0,0,0,0
10893,2,1,0,0,0,0,0,0,0,0,0,0
10894,1,1,20,8,11,17,20,15,13,11,5,17
10895,1,1,0,0,0,0,0,0,0,0,0,0
10896,1,1,0,0,0,0,0,0,0,0,0,0
10897,0,1,0,0,0,0,0,0,0,0,0,0
10897,1,1,0,0,0,0,0,0,0,0,0,0
10898,1,1,0,0,0,0,0,0,0,0,0,0
10898,2,1,0,0,0,0,0,0,0,0,0,0
10899,1,1,0,0,0,0,0,0,0,0,0,0
10900,1,1,0,0,0,0,0,0,0,0,0,0
10901,1,1,11,11,11,11,11,11,11,11,11,11
10902,1,1,0,0,0,0,0,0,0,0,0,0
10903,1,1,0,0,0,0,0,0,0,0,0,0
10904,1,1,25,25,25,25,25,25,25,25,25,25
10904,2,1,0,0,0,0,23,0,0,0,0,0
10905,0,1,0,0,0,0,0,0,0,0,0,0
10905,0,2,4,30,20,19,6,18,23,35,18,16
10905,1,1,9,9,9,9,9,9,9,9,9,9
10906,1,1,0,0,0,0,0,0,0,0,0,0
10906,2,1,0,0,0,0,0,0,10,0,0,0
10907,1,1,0,0,0,0,0,0,0,0,0,0
10907,2,1,0,0,0,0,0,0,0,0,0,0
10908,1,1,26,26,26,26,26,26,26,26,26,26
10909,1,1,25,0,9,0,0,10,0,0,19,0
10910,1,1,0,0,0,0,0,0,0,0,0,0
10911,0,1,0,0,0,0,0,0,0,0,0,0
10911,1,1,0,0,0,0,0,0,0,0,0,0
10912,1,1,0,0,0,0,0,0,0,0,0,0
10913,1,1,0,0,0,0,0,0,0,0,0,0
10913,2,1,0,0,0,0,0,0,0,0,0,0
10914,1,1,18,18,18,18,18,18,18,18,18,18
10914,2,1,0,0,0,0,0,0,0,0,0,0
10914,3,1,0,0,0,0,0,0,0,0,0,0
10915,1,1,0,0,0,0,0,0,0,0,0,0
10915,2,1,0,0,0,0,13,0,0,12,0,0
10916,1,1,21,21,21,21,21,21,21,21,21,21
10916,2,1,0,0,0,0,0,0,0,0,0,0
10917,1,1,28,28,28,28,28,28,28,28,28,28
10918,1,1,23,7,8,20,39,10,16,11,15,16
10918,2,1,0,0,0,0,0,0,0,0,0,0
10918,3,1,0,0,0,0,0,0,0,0,0,0
10918,4,1,0,0,0,0,0,0,0,0,0,0
10918,5,1,0,0,0,0,0,0,0,0,0,0
10919,1,1,0,0,0,0,0,0,0,0,0,0
10920,1,1,0,0,0,0,12,0,0,0,0,11
10920,2,1,11,8,0,24,9,13,0,9,20,8
10921,1,1,0,0,0,0,0,0,0,0,0,0
10922,1,1,6,6,6,6,6,6,6,6,6,6
10922,3,1,9,9,9,9,9,9,9,9,9,9
10923,1,1,0,0,0,0,0,0,0,0,0,0
10924,1,1,0,0,0,0,0,0,0,0,0,0
10924,2,1,0,0,0,0,0,0,0,27,0,0
10924,3,1,0,0,0,0,0,0,0,0,0,0
10924,4,1,0,0,0,0,0,0,0,0,0,0
10925,1,1,24,0,0,0,0,0,0,0,0,24
10926,1,1,0,22,0,0,17,0,0,0,0,0
10927,1,1,0,0,0,0,9,0,0,0,0,9
10927,2,1,0,0,0,0,0,0,0,0,0,0
10928,0,1,0,0,0,0,0,0,0,0,0,0
10928,1,1,0,0,0,0,0,0,0,0,0,0
10928,2,1,0,0,0,0,0,0,0,0,0,0
10929,1,1,0,0,0,0,0,0,0,0,0,0
10930,1,1,0,0,0,0,0,0,0,0,0,0
10931,1,1,11,0,19,0,0,0,0,0,0,0
10932,1,1,0,0,0,0,0,0,0,0,0,0
10932,2,1,0,0,0,0,0,0,0,0,0,0
10932,3,1,0,0,0,0,0,0,0,0,0,0
10933,1,1,0,0,0,0,0,0,0,0,0,0
10933,2,1,0,0,0,0,0,0,0,0,0,0
10934,1,1,22,22,22,22,22,22,22,22,22,22
10935,1,1,0,0,0,0,0,0,0,0,0,0
10935,2,1,0,0,0,0,0,0,0,0,0,0
10936,1,1,0,0,0,0,0,0,0,0,0,0
10936,2,1,0,0,0,0,0,0,0,0,0,0
10937,1,1,0,0,0,0,0,0,0,0,0,0
10937,2,1,6,6,6,6,6,6,6,6,6,6
10938,1,1,10,10,10,10,10,10,10,10,10,10
10938,2,1,0,0,0,0,0,0,0,0,0,0
10939,1,1,23,23,23,23,23,23,23,23,23,23
10939,2,1,0,0,0,0,0,0,0,0,0,0
10940,1,1,0,0,0,0,0,0,0,0,0,0
10941,1,1,0,15,0,15,0,0,0,0,0,0
10941,2,1,0,0,0,0,0,0,0,0,0,0
10942,1,1,0,0,0,0,0,0,0,0,0,0
10943,1,1,0,0,0,0,0,0,0,0,0,0
10943,2,1,0,0,0,0,0,0,0,0,0,0
10945,1,1,13,13,13,13,13,13,13,13,13,13
10945,2,1,0,0,0,0,0,0,0,0,0,0
10946,1,1,0,0,0,0,0,0,0,0,0,0
10946,2,1,3,3,3,3,3,3,3,3,3,3
10947,1,1,0,0,0,0,0,0,0,0,0,0
10948,1,1,0,0,0,0,0,0,0,0,0,0
10949,0,1,0,0,0,0,0,16,0,11,15,0
10949,1,1,0,0,0,0,0,0,0,0,0,0
10950,1,1,0,0,0,0,0,0,0,0,0,0
10951,1,1,0,0,0,0,0,0,0,0,0,0
10952,1,1,0,0,0,11,0,0,0,0,0,0
10952,2,1,0,0,0,0,0,0,0,0,0,0
10953,1,1,0,0,0,0,0,0,0,0,0,0
10953,2,1,0,0,0,0,0,0,0,0,0,0
10954,0,1,20,20,20,20,20,20,20,20,20,20
10954,1,1,0,0,0,0,0,0,0,0,0,0
10955,1,1,4,10,0,3,9,35,3,11,0,41
10956,1,1,0,0,0,0,0,0,0,0,0,0
10956,2,1,0,0,0,0,0,0,0,0,0,0
10957,1,1,0,0,0,0,0,0,0,0,0,0
10957,2,1,0,0,0,0,0,0,0,0,0,0
10958,1,1,0,0,0,0,0,0,0,0,0,0
10958,2,1,0,0,0,24,0,0,0,0,0,0
10959,1,1,0,0,0,10,0,0,20,12,0,10
10960,1,1,0,0,0,0,0,0,0,0,0,0
10960,2,1,0,0,0,0,0,0,0,0,0,0
10961,1,1,0,0,0,0,0,0,0,0,0,0
10961,2,1,0,0,0,0,0,0,0,0,0,0
10962,1,1,33,0,0,0,0,0,0,0,0,0
10962,2,1,0,0,0,0,0,0,0,0,0,0
10963,0,1,0,0,23,0,0,33,20,15,12,11
10963,1,1,14,4,0,0,4,8,0,0,0,6
10964,1,1,3,0,0,0,0,0,0,0,11,10
10965,1,1,0,0,0,0,0,0,0,0,0,0
10966,1,1,10,10,10,10,10,10,10,10,10,10
10967,0,1,0,0,0,0,0,0,0,0,0,0
10967,1,1,0,0,0,0,0,0,0,0,0,0
10968,1,1,0,0,0,0,0,0,0,0,0,0
10969,1,1,0,0,0,0,0,0,0,0,4,0
10970,1,1,0,0,0,0,0,0,0,0,0,0
10971,1,1,0,0,0,0,0,0,0,0,0,0
10971,2,1,0,0,0,0,0,0,0,0,0,0
10972,0,1,0,0,0,0,0,0,0,0,0,0
10972,1,1,0,0,0,0,0,0,0,0,0,0
10973,0,1,0,0,0,0,0,13,38,0,0,28
10973,1,1,0,0,0,0,0,0,17,0,0,0
10973,2,1,21,0,0,0,0,0,0,0,0,0
10974,1,1,19,19,19,19,19,19,19,19,19,19
10974,2,1,0,0,0,0,0,0,0,0,0,0
10975,1,1,12,12,12,12,12,12,12,12,12,12
10976,1,1,0,0,0,0,18,0,0,0,0,0
10976,2,1,0,0,0,0,0,0,0,0,0,0
10977,1,1,48,48,48,48,48,48,48,48,48,48
10978,1,1,38,38,38,38,38,38,38,38,38,38
10979,1,1,12,9,21,0,0,0,0,0,10,0
10979,2,1,0,0,0,0,0,0,0,0,0,0
10980,1,1,0,0,0,0,0,0,0,0,0,0
10980,2,1,0,0,0,0,0,0,0,0,0,0
10981,1,1,18,18,18,18,18,18,18,18,18,18
10982,0,1,0,0,0,0,0,0,0,0,0,0
10982,0,2,0,0,48,0,0,0,0,0,0,0
10982,1,1,0,0,0,0,0,0,0,0,0,0
10983,0,1,20,20,20,20,20,20,20,20,20,20
10983,1,1,0,23,0,0,8,6,0,0,8,0
10984,0,1,1,1,1,1,1,1,1,1,1,1
10984,1,1,0,0,0,0,0,0,0,0,0,0
10985,1,1,0,0,0,0,0,0,0,0,0,0
10985,2,1,0,0,0,0,0,0,0,0,0,0
10986,0,1,21,21,21,21,21,21,21,21,21,21
10986,1,1,0,0,0,0,0,0,0,0,0,0
10987,1,1,2,2,2,2,2,2,2,2,2,2
10987,2,1,0,9,15,17,0,13,6,0,23,0
20001,1,1,19,19,19,19,19,19,19,19,19,19
20001,2,1,0,0,0,0,0,0,0,0,0,0
20002,1,1,0,0,0,0,0,0,0,0,0,0
20002,2,1,0,0,0,0,0,0,0,0,0,0
20003,0,1,0,0,0,0,0,0,0,0,0,0
20003,1,1,28,28,28,28,28,28,28,28,28,28
20003,2,1,4,15,0,0,0,0,0,16,0,0
20004,1,1,0,0,0,0,0,0,0,0,0,0
20005,1,1,0,0,0,0,0,0,0,0,0,0
20005,2,1,0,0,13,0,0,0,0,0,0,0
20006,0,1,0,0,0,0,0,0,0,0,0,0
20006,1,1,0,0,0,0,0,0,0,0,0,0
20007,1,1,20,20,20,20,20,20,20,20,20,20
20008,0,1,0,0,0,0,0,0,0,0,0,0
20008,1,1,0,0,0,0,0,0,0,0,0,0
20009,0,1,19,19,19,19,19,19,19,19,19,19
20009,1,1,0,0,0,0,0,0,0,0,0,0
20010,1,1,0,0,0,0,0,0,0,0,0,0
20010,2,1,0,0,0,0,0,0,0,0,0,0
20011,1,1,0,0,0,0,0,0,0,0,0,0
20011,2,1,0,0,0,0,0,0,0,0,0,0
20012,1,1,6,6,6,6,6,6,6,6,6,6
20012,2,1,0,0,0,0,0,0,0,0,0,0
20012,3,1,0,0,0,0,0,0,0,0,0,0
20012,4,1,0,0,0,0,0,0,20,0,0,0
20012,5,1,0,0,0,0,0,0,0,0,0,0
20013,1,1,0,0,0,0,0,0,0,0,0,0
20014,1,1,0,0,0,0,0,0,0,0,0,0
20014,2,1,0,0,0,0,0,0,0,0,0,0
20014,3,1,0,0,0,0,0,0,0,0,0,0
20015,1,1,18,18,18,18,18,18,18,18,18,18
20016,1,1,0,0,0,0,0,0,0,0,0,0
20016,2,1,0,0,0,0,0,0,0,0,0,0
20017,1,1,22,22,22,22,22,22,22,22,22,22
20018,1,1,2,2,2,2,2,2,2,2,2,2
20018,2,1,0,0,0,0,0,0,0,0,0,0
20019,0,1,0,0,0,0,0,0,0,0,0,0
20019,1,1,0,0,0,0,0,0,0,0,0,0
20020,1,1,29,29,29,29,29,29,29,29,29,29
20021,1,1,0,0,0,0,0,0,0,0,0,0
20022,1,1,17,17,17,17,17,17,17,17,17,17
20023,0,1,0,0,0,0,0,0,0,0,0,0