ST_CASE,VEH_NO,PER_NO,P1,P2,P3,P4,P5,P6,P7,P8,P9,P10
20023,1,1,0,0,0,0,0,0,0,0,0,0
20024,1,1,0,16,0,0,0,0,0,0,0,0
20025,1,2,2,17,0,0,16,25,21,0,0,0
20026,1,1,18,18,18,18,18,18,18,18,18,18
20027,1,1,14,14,14,14,14,14,14,14,14,14
20028,1,1,0,0,0,0,0,0,0,0,0,0
20029,1,1,0,0,0,0,0,0,0,0,0,0
20030,1,1,17,17,17,17,17,17,17,17,17,17
20031,0,1,0,0,0,0,0,0,0,0,0,0
20031,1,1,0,0,0,0,0,0,0,0,0,0
20032,1,1,21,21,21,21,21,21,21,21,21,21
20033,1,1,0,0,0,0,0,0,0,0,0,0
20034,1,1,0,0,0,0,0,0,0,0,0,5
20034,2,1,0,0,0,0,0,0,0,0,0,0
20035,1,1,0,0,24,0,0,0,0,19,0,18
20036,1,1,0,0,0,0,0,0,0,0,0,0
20037,1,1,25,25,25,25,25,25,25,25,25,25
20038,1,1,24,24,24,24,24,24,24,24,24,24
20039,1,1,25,25,25,25,25,25,25,25,25,25
20040,1,1,0,0,0,0,0,0,0,0,0,0
20040,2,1,0,0,0,0,0,0,0,0,0,0
20041,1,1,0,0,0,0,0,0,0,0,0,0
20042,1,1,0,0,0,0,0,0,0,0,0,0
20042,2,1,3,3,3,3,3,3,3,3,3,3
20043,1,1,8,8,8,8,8,8,8,8,8,8
20044,1,1,2,2,2,2,2,2,2,2,2,2
20044,2,1,0,9,0,0,0,0,0,0,0,0
20045,0,1,13,0,43,18,24,0,46,22,0,0
20045,1,1,0,13,0,9,4,19,0,22,2,0
20046,1,1,6,6,6,6,6,6,6,6,6,6
20047,1,1,14,14,14,14,14,14,14,14,14,14
20048,1,1,0,0,0,0,0,0,0,0,0,0
20049,1,1,0,0,0,0,0,0,0,0,0,0
20050,1,1,0,0,0,0,0,0,0,0,0,0
20050,2,1,0,0,0,0,0,0,0,0,0,0
20051,0,1,0,0,0,0,32,0,40,13,0,0
20051,1,1,0,0,0,0,0,0,0,0,0,0
20052,1,1,18,18,18,18,18,18,18,18,18,18
20053,1,1,37,37,37,37,37,37,37,37,37,37
20054,1,2,8,14,4,28,12,20,24,31,15,18
20055,1,1,0,0,0,0,0,0,0,0,0,0
20055,2,1,0,0,0,0,0,0,0,0,0,0
20056,0,1,0,0,0,0,0,0,0,0,0,0
20056,1,1,16,16,16,16,16,16,16,16,16,16
20057,1,1,17,17,17,17,17,17,17,17,17,17
20058,1,1,29,29,29,29,29,29,29,29,29,29
20059,1,1,21,21,21,21,21,21,21,21,21,21
20060,1,1,26,26,26,26,26,26,26,26,26,26
20061,1,1,0,0,0,0,0,0,0,0,0,0
20061,2,1,0,0,0,0,0,0,0,0,0,0
20062,1,1,0,0,0,0,0,0,0,0,0,0
20062,2,1,0,0,0,0,0,0,0,0,0,0
20063,1,1,0,0,0,0,0,0,0,0,0,0
20064,1,1,0,0,0,0,0,0,0,0,0,0
20065,0,1,0,0,0,0,0,0,0,0,0,0
20065,1,1,0,0,0,0,0,0,0,0,0,0
20066,1,1,0,0,0,0,0,0,0,0,0,0
20066,2,1,0,0,0,0,0,0,0,0,0,0
20066,3,1,0,0,0,0,0,0,0,0,0,0
20066,4,1,0,0,0,0,0,0,0,0,0,9
20067,1,1,0,0,0,0,0,0,0,0,0,0
20068,1,1,0,0,0,0,0,0,0,0,0,0
20068,2,1,0,0,0,0,0,0,0,0,0,0
20068,3,1,0,0,0,0,0,0,0,0,18,0
20069,1,1,0,0,0,0,0,0,0,0,0,0
20069,2,1,6,6,6,6,6,6,6,6,6,6
20070,1,1,23,23,23,23,23,23,23,23,23,23
20070,2,1,11,11,11,11,11,11,11,11,11,11
20071,1,1,19,19,19,19,19,19,19,19,19,19
20072,1,1,21,21,21,21,21,21,21,21,21,21
20073,1,1,0,0,0,0,0,0,0,0,0,0
20073,2,1,0,0,0,0,0,0,0,0,0,0
20074,0,1,0,0,0,42,0,0,0,7,0,0
20074,1,1,0,0,0,0,0,0,0,0,0,0
20075,1,1,8,0,7,0,0,0,0,0,0,0
20076,0,1,0,0,0,0,0,0,0,0,0,0
20076,1,1,0,0,0,0,0,0,0,0,0,0
20077,1,1,0,0,0,0,0,0,0,0,0,0
20077,2,1,0,0,0,0,0,0,0,0,0,0
20078,1,1,0,0,0,0,0,0,0,0,0,0
40001,1,1,26,26,26,26,26,26,26,26,26,26
40002,0,1,19,19,19,19,19,19,19,19,19,19
40002,1,1,0,7,0,0,0,0,5,0,9,6
40003,1,1,0,0,0,0,0,0,0,0,0,0
40004,1,1,0,0,0,0,0,0,0,0,0,0
40004,2,1,0,11,0,0,0,0,16,0,0,16
40005,1,1,18,18,18,18,18,18,18,18,18,18
40005,2,1,0,0,0,0,0,0,0,0,0,0
40006,0,1,41,41,41,41,41,41,41,41,41,41
40006,1,1,0,0,0,0,0,0,0,0,0,0
40007,1,1,12,12,12,12,12,12,12,12,12,12
40009,1,1,19,19,19,19,19,19,19,19,19,19
40010,0,1,0,0,0,0,0,0,0,0,0,0
40010,1,1,16,0,0,0,0,0,0,0,0,11
40011,1,1,8,8,8,8,8,8,8,8,8,8
40012,1,1,9,0,0,0,0,0,0,0,0,0
40013,1,1,14,14,14,14,14,14,14,14,14,14
40013,2,1,0,0,0,0,0,0,0,0,0,0
40014,0,1,0,0,0,0,0,0,0,0,0,0
40014,1,1,0,0,0,0,31,0,0,0,0,0
40015,1,1,20,20,20,20,20,20,20,20,20,20
40015,2,1,0,0,0,0,0,0,0,0,0,0
40016,1,1,0,0,0,0,0,0,0,0,0,0
40017,1,1,0,0,0,0,0,0,0,0,0,0
40017,2,1,0,0,0,0,0,0,0,0,0,0
40017,3,1,0,0,0,0,0,0,0,0,0,0
40018,0,1,0,0,0,0,0,0,0,0,0,0
40018,1,1,30,0,0,0,0,0,0,0,0,0
40019,1,1,10,10,10,10,10,10,10,10,10,10
40020,1,1,29,29,29,29,29,29,29,29,29,29
40021,1,1,10,10,10,10,10,10,10,10,10,10
40022,1,1,0,5,0,0,0,0,0,0,0,0
40022,2,1,0,0,0,11,0,0,0,0,0,0
40023,0,1,15,0,0,0,0,0,0,0,0,0
40023,1,1,0,0,23,0,0,0,0,0,0,0
40024,1,1,0,0,0,0,0,0,0,0,0,0
40025,1,1,17,17,17,17,17,17,17,17,17,17
40026,0,1,0,36,6,34,7,8,16,43,7,31
40026,1,1,0,0,0,0,12,0,0,0,0,0
40027,1,1,0,0,0,0,0,0,0,0,0,0
40028,1,1,2,0,0,0,0,0,0,11,0,0
40028,2,1,11,0,0,0,0,0,0,0,0,0
40029,1,1,34,9,7,0,0,0,18,0,0,0
40030,1,1,0,0,0,0,0,0,0,0,0,22
40031,1,1,0,0,0,0,0,0,0,0,0,0
40031,2,1,0,0,0,0,0,0,0,0,0,0
40032,1,1,0,0,0,0,0,17,0,0,0,0
40032,2,1,0,10,0,0,0,0,0,0,0,17
40033,1,1,0,0,0,0,0,0,0,0,0,0
40033,2,1,0,0,0,0,0,0,0,0,0,0
40034,1,1,0,0,0,0,0,0,0,0,0,0
40035,0,1,10,10,10,10,10,10,10,10,10,10
40035,1,1,0,0,0,0,0,0,0,0,0,0
40036,0,1,0,0,0,0,0,0,0,0,0,0
40036,1,1,0,0,0,0,0,0,0,0,0,0
40036,2,1,0,0,6,0,0,0,0,0,0,0
40037,1,1,0,0,0,0,0,0,0,0,0,0
40037,2,1,0,0,0,0,0,0,0,0,0,0
40038,1,1,0,0,0,0,0,0,0,0,0,7
40038,2,1,0,0,0,0,0,0,0,0,0,0
40039,1,1,0,0,0,0,0,0,0,0,0,0
40039,2,1,0,0,0,0,0,0,0,0,0,0
40040,1,1,17,0,0,15,0,0,0,0,0,0
40040,2,1,0,0,0,0,0,0,0,0,0,0
40040,3,1,0,0,0,0,0,0,0,0,0,0
40040,4,1,0,0,0,0,0,0,0,0,0,0
40041,1,1,4,13,30,8,3,0,18,13,0,29
40041,2,1,0,0,0,0,0,0,0,0,0,0
40042,1,1,0,0,0,0,0,0,0,0,0,0
40043,1,1,1,1,1,1,1,1,1,1,1,1
40044,1,1,0,0,0,0,0,0,0,0,0,0
40044,2,1,0,17,0,0,0,0,0,0,0,0
40045,0,1,0,0,0,0,0,0,0,0,0,0
40045,1,1,0,0,0,0,0,0,0,0,0,0
40046,1,1,0,0,0,0,0,0,0,0,0,0
40046,2,1,0,0,0,0,0,0,0,0,0,0
40047,1,1,0,0,0,0,0,0,0,0,0,0
40048,0,1,0,0,0,0,0,0,0,0,0,0
40048,1,1,0,0,0,0,0,0,0,0,0,0
40049,0,1,0,0,0,0,0,0,0,0,0,0
40049,1,1,0,24,0,30,0,0,0,0,0,0
40050,1,1,0,0,0,0,0,0,0,0,0,0
40051,1,1,9,9,9,9,9,9,9,9,9,9
40051,2,1,0,0,0,0,0,0,0,0,0,0
40052,1,1,0,27,0,0,18,0,7,0,0,16
40053,1,1,0,0,0,0,0,0,0,0,0,0
40053,2,1,0,0,0,0,0,0,0,0,0,0
40054,0,1,0,0,0,0,0,0,0,0,0,0
40054,1,1,0,0,0,0,0,0,0,0,0,0
40055,1,1,0,0,0,0,0,0,0,0,0,0
40055,2,1,0,0,0,0,0,0,0,29,0,19
40056,0,1,6,19,39,19,29,27,0,12,0,34
40056,1,1,0,0,0,0,0,0,0,0,0,0
40057,1,1,15,15,15,15,15,15,15,15,15,15
40058,1,1,13,0,18,28,0,13,0,28,13,11
40059,1,1,13,0,0,0,8,0,0,0,0,0
40059,2,1,0,0,0,0,0,0,0,0,0,0
40059,3,1,0,0,0,0,0,0,0,0,0,0
40060,1,1,0,0,0,0,0,0,0,0,0,0
40061,1,1,0,0,8,21,13,6,31,15,18,17
40062,0,1,0,0,0,0,0,0,0,0,0,0
40062,1,1,0,0,0,0,0,0,0,0,0,0
40063,1,1,0,0,0,0,0,0,0,0,0,0
40063,2,1,0,0,0,0,0,0,0,0,0,0
40064,0,1,18,18,18,18,18,18,18,18,18,18
40064,1,1,2,2,2,2,2,2,2,2,2,2
40065,1,1,10,10,10,10,10,10,10,10,10,10
40065,2,1,0,0,0,8,0,0,0,0,0,0
40066,1,1,0,0,0,0,0,0,0,0,0,0
40067,1,1,0,0,5,12,0,0,0,12,15,0
40068,0,1,0,0,0,0,0,0,0,0,0,0
40068,1,1,0,0,0,0,0,0,0,0,0,0
40069,0,1,0,0,0,0,0,0,0,0,0,0
40069,1,1,0,0,0,0,0,0,0,0,0,0
40070,0,1,0,17,46,0,5,0,0,0,0,9
40070,1,1,0,0,0,0,0,0,0,0,0,0
40071,0,1,31,31,31,31,31,31,31,31,31,31
40071,1,1,0,0,0,0,0,0,0,0,0,0
40072,1,1,0,0,0,0,0,0,0,0,0,0
40072,2,1,0,0,0,0,0,0,0,0,0,0
40073,0,1,20,20,20,20,20,20,20,20,20,20
40073,1,1,0,0,0,0,0,0,0,0,0,0
40074,0,1,28,28,28,28,28,28,28,28,28,28
40074,1,1,21,0,15,0,0,0,0,0,0,0
40075,1,1,0,0,15,0,0,4,0,0,0,0
40075,2,1,0,0,0,0,0,0,0,0,0,0
40076,0,1,0,0,0,0,0,0,0,0,0,0
40076,1,1,0,0,0,0,0,0,0,0,0,0
40077,0,1,0,0,0,0,0,0,0,0,0,0
40077,1,1,6,6,6,6,6,6,6,6,6,6
40078,1,1,0,8,0,25,8,0,0,11,19,10
40078,2,1,29,0,0,0,0,0,0,0,0,20
40079,0,1,0,0,0,0,0,0,0,0,0,0
40079,0,2,0,0,0,0,0,0,18,17,0,0
40079,1,1,0,0,0,0,0,0,0,0,0,0
40080,1,1,0,0,0,0,0,0,0,0,0,0
40080,2,1,0,0,0,0,0,0,0,0,0,0
40081,0,1,24,24,24,24,24,24,24,24,24,24
40081,1,1,0,0,0,0,0,0,0,0,0,0
40082,0,1,0,0,0,0,25,0,0,17,0,0
40082,1,1,0,0,0,0,0,0,0,0,0,0
40083,0,1,0,0,0,0,0,0,0,0,0,0
40083,1,1,14,13,15,9,10,15,11,13,21,12
40083,2,1,0,0,0,0,18,0,0,0,0,0
40084,0,1,0,0,0,0,27,0,43,34,15,0
40084,1,1,0,0,0,0,0,0,0,16,0,0
40085,0,1,0,0,0,0,0,0,0,0,0,0
40085,1,1,0,0,0,0,0,0,0,0,0,0
40085,2,1,0,0,0,0,0,0,0,0,0,0
40086,0,1,34,34,34,34,34,34,34,34,34,34
40086,1,1,0,0,0,0,0,0,0,0,0,0
40088,1,1,0,0,0,0,0,0,0,0,0,0
40088,2,1,0,0,0,0,0,0,0,0,0,0
40088,3,1,0,0,0,0,0,0,0,0,0,0
40089,1,1,19,0,3,22,0,0,0,20,0,11
40089,2,1,0,0,0,0,19,19,0,0,0,0
40090,1,1,12,23,28,11,7,13,7,11,16,12
40091,1,1,0,0,0,0,0,0,0,0,0,0
40091,2,1,0,0,0,0,0,0,7,0,0,0
40092,1,1,0,0,0,0,0,0,0,0,0,0
40093,1,1,11,12,3,29,22,5,0,10,7,7
40093,2,1,0,0,0,0,0,0,0,0,0,0
40094,1,1,0,0,0,0,0,0,0,0,0,0
40094,2,1,0,0,0,0,0,0,0,0,0,0
40094,3,1,0,0,0,0,0,0,0,0,0,25
40095,1,1,0,28,0,0,0,0,0,0,5,0
40095,2,1,0,0,0,0,0,0,0,0,0,0
40096,1,1,14,9,29,12,3,21,26,13,10,7
40097,1,1,15,15,15,15,15,15,15,15,15,15
40098,1,1,0,0,0,0,0,0,0,0,0,0
40098,2,1,0,0,0,0,0,0,0,0,0,0
40099,0,1,22,22,22,22,22,22,22,22,22,22
40099,1,1,0,0,0,7,0,0,0,0,0,0
40100,1,1,0,0,0,0,0,0,0,0,0,0
40100,2,1,0,0,0,0,0,0,0,0,0,0
40101,1,1,0,0,0,0,0,0,0,0,0,0
40101,2,1,0,0,0,0,0,0,0,0,0,0
40102,0,1,0,8,18,0,0,15,18,15,0,0
40102,1,1,0,0,0,0,0,0,0,0,0,0
40103,0,1,25,25,25,25,25,25,25,25,25,25
40103,1,1,0,7,0,3,6,0,21,0,0,8
40104,1,1,14,14,14,14,14,14,14,14,14,14
40105,1,1,38,0,0,8,0,0,15,0,0,6
40105,2,1,0,0,23,0,0,0,0,0,0,0
40106,0,1,0,0,0,0,0,0,0,0,0,0
40106,1,1,0,0,0,0,0,0,0,0,0,0
40107,1,1,0,0,0,0,0,0,0,0,0,0
40107,2,1,0,0,0,0,0,0,0,0,0,0
40108,1,1,28,28,28,28,28,28,28,28,28,28
40109,1,1,0,0,0,0,0,0,0,0,0,0
40109,2,1,0,0,0,0,0,0,0,0,0,0
40110,0,1,0,0,0,0,0,0,0,0,0,0
40110,1,1,0,0,0,0,0,0,0,0,0,0
40111,1,1,24,24,24,24,24,24,24,24,24,24
40111,2,1,0,0,0,0,0,0,0,0,0,0
40112,1,1,0,0,0,0,0,0,0,0,0,0
40112,2,1,0,0,0,0,0,0,0,0,0,0
40113,1,1,15,15,15,15,15,15,15,15,15,15
40114,0,1,0,0,0,0,0,0,0,0,0,0
40114,1,1,0,0,0,0,0,24,0,0,0,19
40115,1,1,0,0,0,0,0,0,0,0,0,0
40115,2,1,0,0,0,0,0,0,0,0,8,0
40116,1,1,0,26,0,0,0,0,0,0,0,0
40117,0,1,26,26,26,26,26,26,26,26,26,26
40117,1,1,0,0,0,0,0,0,0,0,0,0
40118,1,1,0,0,0,0,0,0,0,0,0,0
40119,1,1,0,0,0,0,0,0,0,0,0,0
40120,1,1,0,0,0,0,0,0,0,0,0,0
40121,1,1,0,0,0,0,0,0,0,0,0,0
40122,1,1,16,16,16,16,16,16,16,16,16,16
40123,1,1,22,22,22,22,22,22,22,22,22,22
40124,1,1,0,0,0,0,0,0,0,0,0,0
40124,2,1,0,0,0,0,0,0,0,0,0,0
40125,1,1,18,0,0,0,0,0,12,31,0,0
40125,2,1,0,12,26,0,0,9,10,8,0,16
40126,1,1,0,0,0,0,0,0,0,0,0,0
40127,1,1,3,3,3,3,3,3,3,3,3,3
40128,1,1,0,0,0,0,0,0,0,0,0,0
40129,1,1,0,15,0,0,0,0,0,0,0,0
40129,2,1,0,0,0,0,0,0,0,0,0,0
40129,3,1,0,0,0,0,0,0,0,0,0,0
40129,4,1,0,0,0,0,0,0,0,0,0,0
40130,1,1,0,0,0,0,0,0,0,0,0,0
40131,1,1,0,0,0,0,0,0,0,0,0,0
40132,1,1,0,0,0,0,0,0,0,0,0,0
40133,0,1,15,0,11,0,0,0,15,0,30,7
40133,1,1,24,0,0,14,0,12,6,26,0,0
40135,1,1,0,0,0,0,0,0,0,0,0,0
40135,2,1,0,0,0,0,0,0,0,0,0,0
40136,1,1,0,0,21,0,0,0,0,0,0,0
40137,0,1,0,0,0,0,0,0,0,0,0,0
40137,1,1,0,0,0,0,0,0,0,0,0,0
40138,1,1,0,0,0,0,0,0,0,0,0,0
40138,2,1,0,0,0,0,0,0,0,0,24,0
40139,1,1,7,7,7,7,7,7,7,7,7,7
40139,2,1,0,0,0,0,0,0,0,0,0,0
40140,1,1,6,6,6,6,6,6,6,6,6,6
40141,0,1,12,12,12,12,12,12,12,12,12,12
40141,1,1,13,13,13,13,13,13,13,13,13,13
40142,0,1,0,0,0,0,0,0,0,0,0,0
40142,1,1,0,0,0,0,0,0,0,0,0,0
40143,1,1,16,16,16,16,16,16,16,16,16,16
40144,1,1,14,17,25,0,23,19,46,14,29,0
40145,1,1,0,0,0,0,0,0,0,0,0,0
40145,2,1,0,0,0,0,16,0,0,16,0,0
40146,1,1,0,0,6,0,0,25,0,0,6,39
40147,1,1,25,0,0,0,0,0,13,0,0,0
40147,2,1,5,9,0,0,0,0,23,0,5,16
40149,1,1,22,22,22,22,22,22,22,22,22,22
40149,2,1,0,14,0,0,0,0,0,0,12,0
40150,0,1,0,0,0,0,0,0,0,0,0,0
40150,1,1,0,0,0,0,0,0,0,0,0,0
40151,1,1,24,4,19,16,17,3,20,15,16,17
40152,1,1,0,0,0,0,0,0,0,0,0,0
40153,1,1,23,23,23,23,23,23,23,23,23,23
40154,1,1,0,0,0,0,0,0,0,0,0,0
40154,2,1,0,0,0,0,0,0,0,0,0,0
40155,1,1,0,0,0,0,0,0,0,0,0,0
40155,2,1,0,0,0,0,0,0,0,0,0,0
40156,1,1,0,0,0,0,0,0,0,0,0,0
40157,1,1,11,0,0,0,0,0,0,0,0,0
40157,2,1,0,0,0,10,0,0,0,0,0,0
40157,3,1,0,0,0,0,0,0,0,0,0,0
40157,4,1,0,0,0,0,0,0,0,0,0,0
40158,1,1,0,0,0,0,0,0,0,0,0,0
40159,1,1,13,13,13,13,13,13,13,13,13,13
40159,2,1,0,0,0,0,0,0,0,0,0,0
40160,1,1,9,9,9,9,9,9,9,9,9,9
40161,1,1,21,21,21,21,21,21,21,21,21,21
40162,1,1,0,0,0,0,0,0,0,0,0,0
40163,0,1,17,17,17,17,17,17,17,17,17,17
40163,1,1,0,0,0,0,0,0,0,0,0,0
40164,1,1,0,0,0,0,0,0,0,0,0,0
40164,2,1,0,0,0,0,0,0,0,0,0,0
40165,1,1,7,22,0,0,0,0,0,0,0,0
40166,1,1,0,0,0,0,0,0,0,0,0,0
40166,2,1,0,0,0,0,0,0,0,0,0,0
40167,0,1,10,10,10,10,10,10,10,10,10,10
40167,1,1,0,0,0,0,0,0,0,0,0,0
40168,1,1,0,0,0,0,0,0,0,0,0,0
40168,2,1,0,0,0,0,0,0,0,0,0,0
40169,1,1,0,0,0,0,0,0,0,0,0,0
40169,2,1,0,0,0,0,0,0,0,0,0,0
40170,1,1,0,0,0,0,0,0,0,0,0,0
40170,2,1,0,0,0,0,0,0,0,0,0,0
40171,1,1,22,0,5,0,0,0,0,0,17,0
40172,1,1,18,0,0,22,0,0,0,0,0,0
40172,2,1,0,0,0,0,0,0,0,0,0,0
40172,3,1,0,0,0,0,0,0,0,0,0,0
40172,4,1,0,0,0,0,0,0,0,0,0,0
40173,0,1,24,24,24,24,24,24,24,24,24,24
40173,1,1,0,0,0,0,0,0,0,0,0,0
40174,0,1,0,0,0,0,0,0,0,0,0,0
40174,1,1,0,0,0,0,0,0,0,0,0,0
40175,1,1,0,0,0,0,0,0,0,0,0,0
40176,1,1,0,0,0,0,0,0,0,0,0,0
40176,2,1,0,0,0,0,0,0,0,0,0,0
40177,1,1,21,21,21,21,21,21,21,21,21,21
40178,1,1,19,19,19,19,19,19,19,19,19,19
40178,2,1,0,0,0,0,0,0,0,0,0,0
40179,1,1,20,9,4,6,23,12,15,0,3,0
40179,2,1,15,15,15,15,15,15,15,15,15,15
40180,1,1,0,0,0,0,0,0,0,0,0,0
40181,0,1,0,0,0,0,0,0,0,0,0,0
40181,1,1,0,0,0,0,0,0,0,0,0,0
40182,1,1,21,21,21,21,21,21,21,21,21,21
40183,1,1,0,0,0,0,0,0,0,0,0,0
40184,1,1,0,0,0,0,0,0,0,0,0,0
40184,2,1,0,0,0,0,0,0,0,0,0,0
40185,1,1,26,26,26,26,26,26,26,26,26,26
40186,1,1,0,0,0,0,0,0,0,0,0,0
40186,2,1,0,0,0,0,0,0,0,0,0,0
40187,1,1,0,0,0,0,23,0,0,0,0,0
40188,1,1,16,16,16,16,16,16,16,16,16,16
40189,1,1,0,0,0,0,0,0,0,0,0,0
40190,1,1,0,22,16,0,0,0,12,0,16,0
40191,1,1,22,22,22,22,22,22,22,22,22,22
40192,0,1,0,0,0,0,0,0,0,0,0,0
40192,1,1,0,0,0,0,0,0,0,0,0,0
40193,0,1,7,7,7,7,7,7,7,7,7,7
40193,1,1,0,0,14,11,0,0,25,0,15,0
40194,1,1,0,0,0,0,0,0,0,0,0,0
40195,1,1,0,0,0,0,0,0,0,0,0,0
40196,1,1,0,0,0,0,0,0,0,0,0,0
40196,2,1,0,0,0,0,0,0,0,0,0,0
40198,1,1,0,0,0,0,0,0,0,0,0,17
40199,0,1,0,0,0,0,0,0,0,0,0,0
40199,0,2,0,0,0,0,0,0,0,0,0,0
40199,0,3,12,0,17,0,0,0,0,0,0,0
40199,0,4,0,0,0,0,0,0,0,0,0,0
40199,0,5,0,0,0,32,0,0,0,0,0,0
40199,1,1,0,0,0,0,0,0,0,0,0,0
40200,1,1,0,0,0,0,11,0,10,0,0,0
40200,2,1,0,0,0,0,0,0,0,0,0,8
40201,1,1,11,11,11,11,11,11,11,11,11,11
40201,2,1,0,0,0,0,0,0,0,0,0,0
40201,3,1,0,0,0,0,0,0,0,0,0,0
40202,0,1,0,26,0,0,0,0,19,0,15,0
40202,1,1,0,3,14,0,2,0,8,0,0,0
40203,1,1,10,10,10,10,10,10,10,10,10,10
40204,1,1,0,0,0,0,0,0,0,0,0,0
40204,2,1,0,0,0,0,0,0,0,0,0,0
40205,0,1,0,0,0,0,0,0,0,0,0,0
40205,1,1,0,0,0,0,0,0,0,0,0,0
40207,1,1,0,0,0,0,0,0,0,0,0,0
40207,2,1,0,0,0,0,0,0,0,0,0,0
40207,3,1,0,0,15,0,0,0,0,0,0,0
40208,1,1,0,0,0,0,0,0,0,0,0,0
40208,2,1,0,0,0,0,0,0,0,0,0,0
40209,0,1,0,0,0,0,0,0,0,0,0,0
40209,1,1,0,0,0,0,0,0,0,0,0,0
40210,1,1,0,0,0,0,0,0,0,0,0,0
40210,2,1,0,0,0,0,0,0,0,0,0,0
40211,1,1,0,0,0,0,0,0,0,0,0,0
40212,1,1,0,0,0,0,0,0,0,0,0,0
40212,2,1,0,0,0,0,0,0,0,0,0,0
40213,1,1,0,24,0,0,0,0,0,0,0,0
40213,2,1,0,0,0,0,18,0,0,0,0,0
40214,1,1,0,18,0,8,0,0,0,8,16,13
40215,1,1,0,0,0,0,0,27,0,0,0,0
40215,2,1,4,4,4,4,4,4,4,4,4,4
40215,3,1,0,23,0,0,0,0,0,0,0,0
40216,0,1,24,24,24,24,24,24,24,24,24,24
40216,1,1,0,0,0,0,0,0,32,22,0,15
40217,1,1,0,0,0,0,0,0,0,0,0,0
40217,2,1,0,0,0,0,0,0,0,0,0,0
40217,3,1,0,0,0,0,0,0,0,0,0,0
40218,1,1,0,18,9,0,0,0,0,16,0,0
40218,2,1,11,11,11,11,11,11,11,11,11,11
40219,0,1,25,25,25,25,25,25,25,25,25,25
40219,1,1,0,0,0,0,0,0,0,0,0,0
40220,1,1,0,0,0,0,0,0,0,0,0,0
40220,2,1,3,3,3,3,3,3,3,3,3,3
40221,0,1,6,6,6,6,6,6,6,6,6,6
40221,1,1,0,35,0,0,0,0,0,0,0,0
40222,0,1,0,0,0,0,0,0,0,0,0,0
40222,1,1,0,0,0,0,0,0,0,0,2,0
40223,0,1,0,0,0,0,0,0,0,0,0,0
40223,1,1,0,0,0,0,0,0,0,0,0,0
40223,2,1,9,12,16,13,26,0,16,24,14,29
40224,1,1,0,0,0,0,0,0,0,0,0,0
40224,2,1,0,0,0,0,0,0,0,0,0,0
40225,0,1,0,0,0,0,0,0,0,0,0,0
40225,1,1,9,0,8,12,4,0,0,0,9,9
40226,0,1,27,27,27,27,27,27,27,27,27,27
40226,1,1,0,0,0,0,0,0,0,0,0,0
40227,0,1,0,0,0,0,0,0,0,0,0,0
40227,1,1,0,30,0,0,0,0,0,0,0,0
40228,0,1,0,0,0,0,0,0,0,0,0,0
40228,1,1,0,0,0,0,0,0,0,0,0,0
40229,0,1,0,0,0,0,0,0,0,0,0,0
40229,1,1,0,0,0,0,0,0,0,0,0,0
40230,1,1,22,22,22,22,22,22,22,22,22,22
40230,2,1,0,0,0,9,0,0,0,0,0,0
40230,3,1,0,0,12,0,0,0,0,0,0,0
40231,1,1,0,0,0,0,0,0,0,0,0,0
40232,1,1,35,0,21,0,0,0,0,19,0,15
40234,0,1,0,0,0,0,0,0,0,0,0,0
40234,1,1,0,0,0,0,0,0,0,0,0,0
40235,1,1,0,0,0,0,0,0,0,0,0,0
40235,2,1,0,0,0,0,0,0,0,0,0,0
40235,3,1,0,0,0,0,0,0,0,0,0,0
40236,1,1,0,0,0,0,0,0,0,0,0,0
40236,2,1,0,0,0,0,0,0,0,0,0,0
40237,1,1,0,0,0,0,0,0,0,0,0,0
40237,2,1,0,0,0,0,0,0,0,0,0,0
40238,1,1,0,0,0,0,0,0,0,0,0,0
40239,1,1,3,0,8,8,2,0,0,5,0,0
40240,1,2,31,0,39,0,20,22,12,23,23,12
40241,1,1,13,13,13,13,13,13,13,13,13,13
40241,2,1,0,0,0,0,0,0,0,0,0,0
40242,1,1,0,18,18,9,8,0,0,0,0,0
40243,0,1,0,0,9,0,0,0,0,0,15,0
40243,1,1,0,0,0,0,0,0,0,0,0,0
40244,0,1,34,34,34,34,34,34,34,34,34,34
40244,1,1,0,0,0,0,0,0,0,0,0,0
40245,0,1,0,0,0,0,0,0,0,0,0,0
40245,1,1,20,18,11,0,0,21,5,5,22,15
40246,1,1,0,0,0,0,0,0,0,0,0,0
40247,0,1,0,0,0,0,0,0,0,0,0,0
40247,1,1,0,0,0,0,0,0,0,0,0,0
40248,0,1,0,0,0,0,0,0,0,0,0,0
40248,1,1,0,6,0,0,0,0,0,15,0,0
40249,1,1,19,25,33,0,10,17,25,17,23,18
40250,1,1,0,0,0,0,0,0,15,0,0,0
40250,2,1,0,0,0,0,0,0,0,0,0,0
40250,3,1,0,0,0,0,0,0,0,10,0,0
40251,1,1,21,21,21,21,21,21,21,21,21,21
40252,1,1,0,0,0,0,0,0,0,0,0,0
40253,1,2,14,15,14,12,28,18,10,11,14,0
40254,1,1,7,21,18,23,14,10,14,23,16,15
40255,1,1,0,0,0,0,0,0,0,0,0,0
40256,1,1,10,22,9,19,12,2,29,19,22,14
40257,0,1,0,0,0,0,0,0,0,0,0,0
40257,1,1,24,24,24,24,24,24,24,24,24,24
40258,1,1,21,21,21,21,21,21,21,21,21,21
40258,2,1,0,0,0,34,0,0,0,10,0,0
40259,1,1,5,20,17,3,6,18,4,9,5,17
40260,1,1,0,0,0,0,0,0,0,0,0,0
40260,2,1,0,0,0,0,0,0,0,0,0,0
40261,1,1,0,0,0,25,0,0,0,0,13,34
40261,2,1,0,0,0,0,0,0,0,0,0,0
40262,1,1,18,18,18,18,18,18,18,18,18,18
40262,2,1,0,0,0,0,0,0,0,0,0,0
40263,1,1,4,4,4,4,4,4,4,4,4,4
40264,1,1,0,0,0,0,0,0,0,0,0,0
40264,2,1,0,0,0,0,0,0,0,0,0,0