ST_CASE,VEH_NO,PER_NO,P1,P2,P3,P4,P5,P6,P7,P8,P9,P10
50315,2,1,0,0,0,0,0,0,0,0,0,0
50316,1,1,19,0,0,0,0,0,0,7,0,14
50317,1,1,9,0,9,10,0,0,0,0,0,0
50317,2,1,0,0,0,0,0,0,0,0,0,0
50318,1,1,0,0,0,0,0,0,0,0,0,0
50319,1,1,0,0,0,0,0,0,0,0,0,0
50319,2,1,0,0,0,0,0,0,0,0,0,0
50321,1,1,0,0,0,0,0,0,0,0,0,0
50322,1,1,0,0,0,0,0,0,0,0,0,0
50323,1,1,5,5,5,5,5,5,5,5,5,5
50324,0,1,0,0,0,0,0,0,0,0,0,0
50324,1,1,0,0,0,0,0,0,0,0,0,0
50325,1,1,0,0,0,0,0,0,0,0,0,0
50326,1,1,0,0,0,0,0,0,0,0,0,0
50327,1,1,20,20,20,20,20,20,20,20,20,20
50328,1,1,0,10,0,0,0,7,0,0,0,0
50329,1,1,0,0,0,0,0,0,0,0,0,0
50329,2,1,0,0,0,0,0,0,0,0,0,0
50329,3,1,0,0,0,0,0,0,0,0,0,0
50330,1,1,5,5,5,5,5,5,5,5,5,5
50330,2,1,18,0,0,0,0,0,0,0,22,0
50331,1,1,0,0,0,0,0,0,0,0,0,0
50332,1,1,0,0,0,15,0,0,0,0,9,0
50333,0,1,0,0,0,0,0,0,0,0,0,0
50333,1,1,26,0,0,0,0,0,0,0,0,0
50334,1,1,0,0,0,0,0,0,0,0,0,0
50336,1,1,0,0,0,0,0,0,0,0,0,0
50336,2,1,26,0,0,13,0,0,11,21,12,0
50337,1,1,0,0,0,0,0,0,0,0,0,0
50338,1,1,0,0,0,0,0,0,0,0,0,0
50339,0,1,31,31,31,31,31,31,31,31,31,31
50339,1,1,12,10,22,0,12,22,0,0,0,0
50340,1,1,0,0,12,0,0,0,0,0,17,28
50341,1,1,0,0,0,0,0,0,0,0,0,0
50341,2,1,0,0,0,8,0,8,0,0,0,0
50342,1,1,17,17,17,17,17,17,17,17,17,17
50344,1,1,0,0,0,0,0,0,0,0,0,0
50345,1,1,4,4,4,4,4,4,4,4,4,4
50346,1,1,0,23,0,0,0,0,0,0,0,0
50346,2,1,0,0,0,0,0,0,0,0,0,0
50347,1,1,0,0,0,0,0,0,0,0,0,0
50347,2,1,0,0,0,0,0,0,0,0,0,0
50348,1,1,0,0,0,0,0,0,0,0,0,0
50348,2,1,0,0,0,0,0,0,0,0,0,0
50349,1,1,33,33,33,33,33,33,33,33,33,33
50349,2,1,0,0,0,0,0,0,0,0,0,0
50350,1,1,0,0,0,0,0,0,0,0,0,0
50350,2,1,0,0,0,0,0,0,0,0,0,0
50351,1,1,0,0,0,0,0,0,0,0,0,0
50352,1,1,0,0,0,0,0,0,0,0,0,0
50352,2,1,0,0,0,0,0,0,0,0,0,0
50353,1,1,0,0,0,0,0,0,0,0,0,0
50353,2,1,0,0,0,0,0,0,0,0,0,0
50354,1,1,0,0,0,0,0,0,0,0,0,0
50355,1,1,16,16,11,6,15,16,31,21,16,19
50357,1,1,0,0,0,0,0,0,0,0,0,0
50358,1,1,20,20,20,20,20,20,20,20,20,20
50358,2,1,0,0,0,0,0,0,0,0,0,0
50359,1,1,10,10,10,10,10,10,10,10,10,10
50360,1,1,0,0,0,0,0,0,0,0,0,0
50360,2,1,0,0,0,0,0,0,0,0,0,0
50360,3,1,0,0,0,0,0,0,0,0,0,0
50361,1,1,0,0,0,0,0,0,0,0,0,0
50361,2,1,23,23,23,23,23,23,23,23,23,23
50362,1,1,12,12,12,12,12,12,12,12,12,12
50363,1,1,0,0,0,0,0,0,0,0,0,0
50363,2,1,0,0,0,0,0,0,0,0,0,0
50364,1,1,0,0,0,0,0,0,0,0,0,0
50364,2,1,0,0,0,0,0,0,0,0,0,0
50365,1,1,0,0,0,0,0,0,0,0,0,0
50366,1,1,0,0,0,0,0,0,0,0,0,0
50367,1,1,0,0,0,0,0,0,0,0,0,0
50367,2,1,0,0,0,0,0,0,0,0,0,0
50368,0,1,0,0,0,0,0,0,0,0,0,0
50368,1,1,0,0,0,0,0,0,0,0,0,0
50369,0,1,37,37,37,37,37,37,37,37,37,37
50369,1,1,0,0,0,0,0,0,0,0,0,0
50370,1,1,0,0,0,0,0,0,0,0,0,0
50371,0,1,0,0,0,0,0,0,0,0,0,0
50371,1,1,0,0,0,0,0,0,0,0,0,19
50372,1,1,0,0,0,0,0,0,26,0,0,0
50372,2,1,0,0,0,0,0,0,0,0,0,0
50373,1,1,0,0,0,0,0,0,0,0,0,0
50373,2,1,0,0,0,0,0,0,0,0,0,0
50374,0,1,35,35,12,10,19,0,21,27,8,23
50374,1,1,28,0,0,0,0,0,0,0,24,0
50375,0,1,0,38,0,0,0,0,0,0,0,0
50375,1,1,0,0,0,0,0,0,0,0,0,0
50376,1,1,0,0,0,0,0,0,0,0,0,0
50376,2,1,0,0,0,0,0,0,0,0,0,0
50377,1,1,0,0,0,0,0,0,0,0,0,0
50377,2,1,0,0,0,0,0,0,0,0,0,0
50378,1,1,0,0,0,0,0,0,0,0,0,0
50379,1,1,0,0,0,0,0,0,0,0,0,0
50380,1,1,0,0,0,0,0,0,0,0,0,0
50381,1,1,0,0,0,0,0,0,0,0,0,0
50381,2,1,0,0,0,0,0,0,0,0,0,0
50381,3,1,0,0,0,0,0,0,0,0,0,0
50382,0,1,13,13,13,13,13,13,13,13,13,13
50382,1,1,0,0,0,0,0,0,0,0,0,21
50383,1,1,0,0,0,0,0,0,0,0,0,0
50383,2,1,0,0,0,0,0,0,0,0,0,0
50384,0,1,9,25,22,17,17,17,26,19,50,23
50384,1,1,0,0,0,0,0,0,0,0,0,0
50385,1,1,0,0,0,0,0,0,0,0,0,0
50386,1,1,0,0,0,0,0,0,0,0,0,0
50386,2,1,0,0,0,0,0,0,0,0,0,0
50387,1,1,16,16,16,16,16,16,16,16,16,16
50387,2,1,0,0,0,0,0,0,0,0,0,0
50388,1,1,21,21,21,21,21,21,21,21,21,21
50389,1,1,0,0,0,0,0,0,0,0,0,0
50390,1,1,0,0,0,0,0,0,0,0,0,0
50391,1,1,0,0,0,0,0,0,0,0,0,0
50391,2,1,0,0,0,0,0,0,0,0,0,0
50392,1,1,0,0,0,0,0,0,0,0,0,29
50392,2,1,0,0,0,0,0,0,0,0,0,0
50393,1,1,0,0,0,0,0,0,0,0,0,0
50393,2,1,0,0,0,0,0,0,0,0,0,0
50395,1,1,0,0,0,0,0,0,0,0,0,0
50395,2,1,0,0,0,0,0,0,0,0,0,0
50396,1,1,0,0,0,0,0,0,0,0,0,0
50397,1,1,0,0,0,0,0,0,0,0,0,0
50398,1,1,1,1,1,1,1,1,1,1,1,1
50399,1,1,32,32,32,32,32,32,32,32,32,32
50400,1,1,0,0,0,0,0,0,0,0,0,0
50401,1,1,4,4,4,4,4,4,4,4,4,4
50402,1,1,0,0,0,0,0,0,0,0,0,0
50402,2,1,0,0,0,0,0,0,0,0,0,0
50403,1,1,0,0,0,0,0,0,0,0,0,0
50404,1,1,15,11,0,30,13,18,5,17,23,19
50405,1,1,0,19,0,0,0,0,0,0,0,0
50405,2,1,0,0,0,0,0,0,0,0,0,0
50406,1,1,0,0,0,0,0,0,0,0,0,0
50406,2,1,0,0,0,0,0,0,0,0,0,0
50406,3,1,0,0,0,0,0,0,0,0,0,0
50407,1,1,0,0,0,0,0,0,0,0,0,0
50407,2,1,0,0,0,0,0,0,0,0,0,0
50408,1,1,0,0,0,0,0,0,0,0,0,0
50408,2,1,0,0,0,0,0,0,0,0,0,0
50408,3,1,0,0,0,0,0,0,8,0,9,0
50408,4,1,0,0,0,0,0,0,0,0,0,0
50409,1,1,0,0,0,0,0,0,0,0,0,0
50409,2,1,0,0,0,0,0,0,0,0,0,0
50411,0,1,17,17,17,17,17,17,17,17,17,17
50411,1,1,0,0,0,0,0,0,0,0,0,0
50412,1,1,0,0,0,0,0,0,0,0,0,0
50412,2,1,0,0,0,0,0,0,0,0,0,0
50413,1,1,0,0,0,0,0,0,0,0,0,0
50414,1,1,0,0,0,0,0,0,0,0,0,0
50415,1,1,0,0,0,0,0,0,0,0,0,0
50416,1,1,0,0,0,0,0,0,0,0,0,0
50416,2,1,0,0,0,0,0,0,0,0,0,0
50417,1,1,24,24,24,24,24,24,24,24,24,24
50418,1,1,17,8,0,0,35,20,21,10,5,28
50419,1,1,0,0,0,0,0,0,0,0,0,0
50419,2,1,0,0,0,0,0,0,0,0,0,0
50420,1,1,10,12,12,26,21,0,33,39,13,20
50420,2,1,0,0,0,0,0,0,0,0,0,0
50421,1,1,0,0,0,0,0,0,0,0,12,0
50421,2,1,0,0,0,0,0,0,0,0,0,0
50422,1,1,0,0,0,0,0,0,0,0,0,0
50422,2,1,0,0,0,0,0,0,0,0,8,10
50422,3,1,0,0,0,0,0,0,0,0,0,0
50424,1,1,0,0,0,0,0,0,0,0,0,0
50424,2,1,0,0,0,0,0,0,0,0,0,0
50425,1,1,16,9,27,5,21,19,14,10,4,51
50426,1,1,0,0,0,0,0,0,0,0,0,0
50426,2,1,23,23,23,23,23,23,23,23,23,23
50427,1,1,0,0,0,0,0,14,14,0,0,0
50428,1,1,0,0,0,0,0,0,0,0,0,0
50429,0,1,14,0,19,23,21,0,0,0,22,19
50429,1,1,0,17,0,0,0,0,8,0,0,0
50430,1,1,0,0,0,0,0,0,0,0,0,0
50430,2,1,0,0,0,0,0,0,0,0,0,0
50431,1,1,0,0,0,0,0,0,0,0,0,0
50431,2,1,0,0,0,0,0,0,0,0,0,0
50432,1,1,0,0,0,0,0,0,0,0,0,0
50432,2,1,0,0,0,0,0,0,0,0,0,0
50433,1,1,7,7,7,7,7,7,7,7,7,7
50433,2,1,0,0,0,0,0,0,0,0,0,0
50434,1,1,0,0,24,0,0,0,0,0,0,0
50434,2,1,0,0,0,0,0,0,0,0,0,0
50435,1,1,0,0,0,0,0,0,0,0,0,0
50435,2,1,0,0,0,0,0,0,0,0,0,0
50436,0,1,0,0,0,0,0,0,0,0,0,0
50436,1,1,0,0,0,0,0,0,0,0,0,0
50437,1,1,9,16,6,0,0,0,0,5,0,10
50438,1,1,0,22,0,0,16,19,0,0,23,0
50439,1,1,23,23,23,23,23,23,23,23,23,23
50439,2,1,0,0,0,0,0,0,0,0,0,0
50440,1,1,1,1,1,1,1,1,1,1,1,1
50441,0,1,0,0,0,0,0,0,0,0,0,0
50441,1,1,0,0,0,0,0,0,0,0,0,0
50442,1,1,0,0,0,0,0,0,0,0,0,0
50443,0,1,0,0,0,0,0,0,0,0,0,0
50443,1,1,0,0,0,0,0,0,0,0,0,0
50444,1,1,0,0,0,19,11,0,0,0,0,0
50445,0,1,0,0,0,0,0,0,0,0,0,0
50445,1,1,0,0,0,0,0,0,0,0,0,0
50446,1,1,0,0,0,10,18,11,13,0,10,21
50447,1,1,8,25,19,25,36,13,27,16,0,18
50448,1,1,0,0,0,0,0,0,0,0,0,0
50448,2,1,21,21,21,21,21,21,21,21,21,21
50449,0,1,0,15,12,0,12,0,0,26,7,31
50449,1,1,0,0,0,0,0,0,0,0,0,0
50450,1,1,0,0,0,0,0,0,0,0,0,0
50451,1,1,0,0,0,0,0,0,0,0,0,0
50451,2,1,6,6,6,6,6,6,6,6,6,6
50452,1,1,0,0,0,0,0,0,0,0,0,0
50452,2,1,0,14,14,0,0,20,8,21,10,17
50454,1,1,21,21,21,21,21,21,21,21,21,21
50455,0,1,0,18,0,0,12,21,42,0,0,0
50455,1,1,0,0,0,0,0,0,12,0,0,0
50456,1,1,0,0,0,0,0,0,0,0,0,0
50456,2,1,0,0,0,0,0,0,0,0,0,0
50457,1,1,0,0,0,0,0,0,0,0,0,0
50457,2,1,0,0,0,0,0,0,0,16,0,0
50457,3,1,0,0,0,0,0,0,0,0,0,0
50457,4,1,0,0,0,0,0,0,0,0,0,0
50457,5,1,0,0,0,0,0,19,0,0,0,3
50457,6,1,7,0,0,0,0,0,0,0,0,0
50457,7,1,0,0,0,0,0,0,0,0,0,0
50458,1,1,0,0,0,0,0,0,0,0,0,0
50459,1,1,0,0,0,0,0,0,0,0,0,0
50459,2,1,0,0,0,0,0,0,0,0,0,0
50459,3,1,11,0,0,0,0,0,0,0,0,0
50460,1,1,1,1,1,1,1,1,1,1,1,1
50460,2,1,0,0,0,0,0,0,0,0,0,0
50461,1,1,13,13,13,13,13,13,13,13,13,13
50462,1,1,0,0,0,0,0,0,0,0,0,0
50462,2,1,0,0,0,0,0,0,0,0,0,0
50463,1,1,0,0,0,0,0,0,0,0,0,0
50463,2,1,10,10,10,10,10,10,10,10,10,10
50464,1,1,0,0,0,0,0,0,0,0,0,0
50464,2,1,0,0,0,0,0,0,0,0,0,0
50464,3,1,0,0,0,0,0,0,0,0,0,0
50465,0,1,0,0,0,0,0,0,0,0,0,0
50465,1,1,0,0,0,0,0,0,0,0,0,0
50466,1,1,0,0,0,0,0,0,0,0,0,0
50467,1,1,0,0,0,12,0,0,0,0,0,16
50467,2,1,0,0,0,0,0,0,0,0,0,0
50468,1,1,30,3,24,15,25,30,4,0,32,22
50469,1,2,0,0,0,11,6,0,0,0,0,0
50470,0,1,36,0,0,0,20,11,18,19,14,0
50470,1,1,0,0,0,0,0,0,0,0,0,0
50471,0,1,0,0,0,0,0,0,0,0,0,0
50471,1,1,34,34,34,34,34,34,34,34,34,34
50472,1,1,0,25,10,0,0,20,31,0,26,0
50473,1,1,0,0,0,0,0,0,0,0,0,0
50473,2,1,0,0,0,0,0,0,0,0,0,0
50474,1,1,0,0,0,0,0,0,0,0,0,0
50475,0,1,0,0,0,0,0,0,0,0,0,0
50475,1,1,0,0,0,0,0,0,0,0,0,0
50476,1,1,19,19,19,19,19,19,19,19,19,19
50476,2,1,0,0,0,0,0,0,0,0,0,0
50477,1,1,0,0,0,0,0,0,0,0,0,0
50477,2,1,0,0,0,0,0,0,0,0,0,0
50478,1,1,23,23,23,23,23,23,23,23,23,23
50478,2,1,0,0,0,0,0,0,0,0,0,0
50479,1,1,7,7,7,7,7,7,7,7,7,7
50480,1,1,0,0,0,0,0,0,0,0,0,0
50480,2,1,17,0,0,0,23,5,22,0,0,0
50481,1,1,0,0,0,0,0,0,0,0,0,0
50481,2,1,0,0,0,0,0,0,0,0,0,0
50482,1,1,0,0,0,0,0,0,0,0,0,0
50483,1,1,27,27,27,27,27,27,27,27,27,27
50483,2,1,0,0,0,0,0,0,0,0,0,0
50484,0,1,18,18,18,18,18,18,18,18,18,18
50484,1,1,0,0,0,0,0,0,0,0,0,0
50485,1,1,0,9,14,0,0,0,0,37,0,27
50486,1,1,17,9,0,0,7,0,0,0,0,0
50487,1,1,0,0,0,0,0,0,0,0,0,0
50487,2,1,0,0,0,0,0,0,0,0,0,0
50488,1,1,0,0,0,0,0,0,0,0,0,0
50488,2,1,0,0,0,0,0,0,0,0,0,0
50490,1,1,13,11,24,9,6,20,28,20,15,16
50490,2,1,9,15,7,18,12,5,22,25,29,16
50491,1,1,0,0,0,0,0,0,0,0,0,0
50491,2,1,0,0,0,0,0,0,0,0,0,0
50492,1,1,0,0,0,0,0,0,0,0,23,0
50493,1,1,0,0,0,0,0,0,0,0,0,0
50493,2,1,0,0,0,0,0,0,0,0,0,0
50494,0,1,25,25,25,25,25,25,25,25,25,25
50494,1,1,2,2,2,2,2,2,2,2,2,2
50495,1,1,0,0,0,0,0,0,0,0,0,0
50496,1,1,0,0,16,0,0,0,0,0,0,0
50496,2,1,0,0,0,0,0,0,0,0,0,0
50497,1,1,0,0,0,0,0,0,0,0,0,0
50498,1,1,1,1,1,1,1,1,1,1,1,1
50499,0,1,0,33,23,0,4,0,0,10,0,6
50499,1,1,0,0,0,17,24,11,0,27,0,0
50500,1,1,0,0,0,0,0,0,0,0,15,0
50501,1,1,0,0,0,0,0,0,0,0,0,0
50501,2,1,1,1,1,1,1,1,1,1,1,1
50501,3,1,0,0,0,0,0,0,0,0,0,0
50501,4,1,1,1,1,1,1,1,1,1,1,1
50501,5,1,14,14,14,14,14,14,14,14,14,14
50502,1,1,0,0,0,0,0,0,0,0,0,0
50503,1,1,22,22,22,22,22,22,22,22,22,22
50503,2,1,16,16,16,16,16,16,16,16,16,16
50504,1,1,0,20,0,0,0,0,0,0,15,0
50505,1,1,25,11,27,35,22,22,0,21,0,11
50506,1,1,11,11,11,11,11,11,11,11,11,11
50507,1,1,0,0,0,0,0,0,0,0,0,0
50508,1,1,11,23,0,13,11,0,0,13,13,0
50509,0,1,0,0,0,0,13,23,0,0,0,0
50509,1,1,0,0,0,0,0,0,0,0,0,0
50510,1,1,0,0,0,0,0,0,0,31,0,0
50511,1,1,0,0,0,0,0,0,0,0,0,0
50511,2,1,0,0,0,12,0,0,0,0,0,8
50512,0,1,0,0,0,0,0,0,0,0,0,0
50512,1,1,0,0,0,0,0,0,0,0,0,0
50513,0,1,7,0,0,0,0,0,0,0,20,28
50513,1,1,0,0,0,0,0,0,0,0,0,0
50514,1,1,0,0,14,20,0,0,0,17,3,13
50515,1,1,0,0,0,0,0,0,0,0,0,0
50515,2,1,0,0,0,0,0,0,0,0,0,0
50516,0,1,0,0,0,0,0,0,0,0,0,0
50516,1,1,0,0,0,0,0,0,0,0,0,0
50517,1,1,7,12,15,0,23,17,19,5,12,8
50518,0,1,0,0,0,0,0,0,0,0,0,0
50518,1,1,0,0,0,0,0,0,0,0,0,0
50519,1,1,13,13,13,13,13,13,13,13,13,13
50520,1,1,0,0,0,0,0,0,0,0,0,0
50520,2,1,0,0,0,0,0,0,0,0,0,0
80001,1,1,0,28,0,0,0,0,0,0,0,0
80002,1,1,0,0,0,0,0,0,0,0,0,0
80002,2,1,0,0,0,0,0,0,0,0,0,0
80003,1,1,0,0,0,0,0,0,0,0,0,0
80003,2,1,0,0,0,0,0,0,0,0,0,0
80003,3,1,0,0,0,0,0,0,0,0,0,0
80003,4,1,0,0,0,0,0,0,0,0,0,0
80004,1,1,0,0,0,0,0,0,0,0,0,0
80004,2,1,0,0,0,0,0,0,0,0,0,0
80005,1,1,9,7,8,22,10,17,2,23,15,0
80005,2,1,0,0,0,0,0,0,0,0,0,0
80005,3,1,0,0,11,0,0,0,0,0,0,0
80006,1,1,0,0,0,0,0,0,0,0,0,0
80007,1,1,0,0,0,0,0,0,0,0,0,0
80008,1,1,0,0,0,0,0,0,0,0,0,0
80009,1,1,15,15,15,15,15,15,15,15,15,15
80010,1,1,0,0,0,0,0,0,0,0,0,0
80010,2,1,0,0,0,0,0,0,0,0,0,0
80010,3,1,0,0,0,0,0,0,0,0,0,0
80011,0,1,24,24,24,24,24,24,24,24,24,24
80011,1,1,0,0,0,0,0,0,16,0,0,0
80012,1,1,0,0,0,0,0,0,0,0,0,0
80012,2,1,0,0,0,0,0,0,0,0,0,0
80013,1,1,19,19,19,19,19,19,19,19,19,19
80014,1,1,0,0,0,0,0,0,0,0,0,0
80014,2,1,0,0,0,0,0,0,0,0,0,0
80015,1,1,25,25,25,25,25,25,25,25,25,25
80016,1,1,0,11,0,0,0,0,0,0,0,0
80017,0,1,0,0,0,0,0,0,0,0,0,0
80017,1,1,0,0,0,0,0,0,0,0,0,0
80018,0,1,0,0,0,0,0,0,0,0,0,0
80018,1,1,0,0,0,0,0,0,0,0,0,0
80019,0,1,0,0,0,0,0,0,0,0,0,0
80019,1,1,0,0,0,0,0,0,0,0,0,0
80020,1,1,0,0,0,0,0,0,0,0,0,0
80021,1,1,0,0,0,0,0,0,0,0,0,0
80021,2,1,0,0,0,0,0,0,0,0,0,0
80022,0,1,37,37,37,37,37,37,37,37,37,37
80022,1,1,0,0,0,0,0,0,0,20,4,0
80023,1,1,0,0,0,0,0,0,0,0,0,0
80024,1,1,1,1,1,1,1,1,1,1,1,1
80024,2,1,0,0,0,0,0,0,0,0,0,0
80024,3,1,0,0,0,0,0,0,0,0,0,0
80025,1,2,24,0,37,7,0,0,0,0,21,4
80026,1,1,0,0,0,0,0,0,0,0,0,0
80026,2,1,0,0,0,0,0,0,0,0,0,0
80026,3,1,0,0,0,0,0,0,0,0,0,0
80027,1,1,0,0,0,0,0,0,0,0,0,0
80027,2,1,0,0,0,0,0,0,0,0,0,0
80028,1,1,0,0,0,0,0,0,0,0,0,0
80028,2,1,0,0,0,0,0,0,0,0,0,0
80029,1,1,0,0,0,0,0,0,0,0,0,19
80029,2,1,0,18,0,0,0,0,0,0,0,0
80030,1,1,0,0,0,0,0,0,0,0,0,0
80030,2,1,0,0,0,0,0,0,0,0,0,0
80031,1,1,19,19,19,19,19,19,19,19,19,19
80031,2,1,0,0,0,0,0,0,0,0,0,0
80032,1,1,0,0,0,0,0,0,0,0,0,0
80032,2,1,0,0,0,0,0,0,0,0,0,0
80033,1,1,0,0,0,0,0,0,0,0,0,0
80033,2,1,0,0,0,0,0,0,0,0,0,0
80034,1,1,16,16,16,16,16,16,16,16,16,16
80034,2,1,0,0,0,0,0,0,0,0,0,0
80034,3,1,0,0,0,0,0,0,0,0,0,0
80034,4,1,0,0,0,0,0,0,0,0,0,0
80035,1,1,24,24,24,24,24,24,24,24,24,24
80036,1,1,0,0,0,0,0,0,0,0,0,0
80036,2,1,0,0,0,0,0,0,0,0,0,0
80037,1,1,12,12,12,12,12,12,12,12,12,12
80037,2,1,0,0,0,0,0,0,0,0,0,0
80038,0,1,34,34,34,34,34,34,34,34,34,34
80038,1,1,0,0,8,12,7,11,0,14,0,0
80039,1,1,18,18,18,18,18,18,18,18,18,18
80039,2,1,0,0,0,0,0,0,0,0,0,0
80040,1,1,0,0,0,0,0,0,0,0,0,0
80041,1,1,0,0,0,0,0,0,0,0,0,0
80041,2,1,0,0,0,0,0,0,0,0,0,0
80042,0,1,0,0,0,0,0,0,0,0,0,0
80042,1,1,0,0,0,0,0,0,0,0,0,0
80043,1,1,0,0,0,0,0,0,0,0,7,0
80043,2,1,0,0,0,0,0,0,0,0,0,0
80043,3,1,0,8,0,6,0,0,0,0,0,11
80044,0,1,0,0,19,0,0,0,0,0,18,0
80044,1,1,0,0,0,0,0,0,0,19,0,0
80045,1,1,0,0,0,0,0,0,0,0,0,0
80045,2,1,0,0,0,0,0,0,0,0,0,0
80046,1,1,0,0,0,0,0,0,0,0,0,0
80046,2,1,0,0,0,0,0,0,0,0,0,0
80046,3,1,0,19,0,0,0,18,0,0,0,0
80046,4,1,0,0,0,0,0,0,0,0,0,0
80046,5,1,0,0,0,0,0,0,0,0,0,0
80047,1,1,0,0,0,0,0,0,0,0,0,0
80048,1,1,26,26,26,26,26,26,26,26,26,26
80048,2,1,0,0,0,0,0,0,0,0,0,0
80048,3,1,0,0,0,0,0,0,0,11,0,0
80049,0,1,24,24,24,24,24,24,24,24,24,24
80049,1,1,0,0,0,0,0,0,0,0,0,0
80050,1,1,0,0,0,0,0,0,0,0,0,0
80050,2,1,0,0,0,0,0,0,0,0,0,0
80051,1,1,19,19,19,19,19,19,19,19,19,19
80052,1,1,0,0,0,0,0,0,0,0,0,0
80053,1,1,0,0,0,0,0,0,0,0,0,0
80053,2,1,0,0,22,0,24,0,0,0,0,0
80054,1,1,0,0,0,0,0,10,0,0,0,0
80055,0,1,0,0,0,0,0,0,0,0,0,0
80055,1,1,0,0,0,0,11,0,0,0,0,0
80056,1,1,0,0,0,0,0,0,0,0,0,0
80056,2,1,0,0,0,0,0,0,0,0,0,0
80056,3,1,0,0,0,0,0,0,0,0,0,0
80056,4,1,0,0,0,0,0,0,0,0,0,0
80057,1,1,0,0,0,0,0,0,0,0,0,0
80057,2,1,0,0,0,8,6,0,0,0,0,0
80057,3,1,0,0,0,0,0,0,0,0,0,0
80057,4,1,0,0,3,0,7,0,0,0,0,0
80058,1,1,22,22,22,22,22,22,22,22,22,22
80058,2,1,0,0,0,0,0,0,0,0,0,0
80058,3,1,21,10,14,8,0,24,12,0,11,13
80059,1,1,0,0,0,0,0,0,0,0,0,0
80060,1,1,0,0,0,0,0,0,0,0,0,0
80061,1,1,0,0,0,0,0,0,0,0,0,0
80061,2,1,0,0,0,11,0,0,0,0,0,0
80062,1,1,0,0,0,0,0,0,0,0,0,0
80062,2,1,0,0,0,0,0,0,0,0,0,0
80063,1,1,0,0,0,0,0,0,0,0,0,0
80063,2,1,0,0,0,0,0,0,0,0,0,0
80064,2,1,0,0,0,0,0,0,0,0,0,0
80065,1,1,0,0,0,0,0,0,0,0,0,0
80065,2,1,0,0,0,0,0,0,0,0,0,0
80066,1,1,19,19,19,19,19,19,19,19,19,19
80066,2,1,0,0,0,0,0,0,0,0,13,0
80067,1,1,0,0,0,0,0,0,0,0,0,0
80067,2,1,0,0,0,0,0,0,0,0,0,0
80068,1,1,21,25,14,11,23,32,8,8,24,10
80069,1,1,0,0,0,0,0,0,0,0,0,0
80070,1,1,0,0,0,0,0,0,0,0,0,0
80070,2,1,0,0,0,0,0,0,0,0,0,0
80071,1,1,22,22,22,22,22,22,22,22,22,22
80072,1,1,0,0,0,0,0,0,0,0,0,0
80073,1,1,0,0,0,0,0,0,0,0,0,0
80074,1,1,24,24,24,24,24,24,24,24,24,24
80075,1,1,0,0,0,0,0,0,0,0,0,0
80075,2,1,0,0,0,0,0,0,0,0,0,0
80076,1,1,0,0,0,0,0,0,0,0,0,0
80077,0,1,12,12,12,12,12,12,12,12,12,12
80077,1,1,0,23,0,14,10,5,6,17,0,7
80078,1,1,0,0,0,0,0,0,0,0,0,0
80078,2,1,0,0,0,0,0,0,0,0,0,0
80079,1,1,0,0,0,0,0,0,0,0,0,0
80080,1,1,0,0,0,0,0,0,0,0,0,0
80080,2,1,0,0,0,0,0,0,0,0,0,0
80081,1,1,20,20,20,20,20,20,20,20,20,20
80082,0,1,0,0,23,0,0,0,9,0,9,0
80082,1,1,0,0,0,0,0,0,0,0,0,0
80083,1,1,7,15,4,26,13,21,21,0,14,12
80084,0,1,0,0,0,0,0,0,0,0,0,0
80084,1,1,0,0,0,0,0,0,0,0,0,0
80085,1,1,0,23,0,0,0,0,0,0,0,19
80085,2,1,0,0,0,0,0,0,0,0,0,0
80086,1,1,0,0,0,0,0,0,0,0,0,0
80086,2,1,0,0,0,0,0,0,0,0,0,0
80087,1,1,0,0,0,0,0,0,0,0,0,0
80087,2,1,0,0,0,0,0,0,0,0,0,0
80088,1,1,0,0,0,0,16,0,0,0,0,0
80088,2,1,0,0,0,0,0,0,0,0,0,0
80089,0,1,0,0,0,0,0,0,0,0,0,0
80089,1,1,0,0,0,0,0,0,0,0,0,0
80090,1,1,0,0,0,0,0,0,0,0,0,0
80090,2,1,0,0,0,0,0,22,0,0,0,0
80091,0,1,23,23,23,23,23,23,23,23,23,23
80091,1,1,0,0,0,0,0,0,0,0,0,0
80092,1,1,0,0,0,0,0,0,0,0,0,0
80093,0,1,0,0,0,0,0,0,0,0,0,0
80093,1,1,0,0,0,0,0,0,29,0,0,0
80094,1,1,0,0,0,0,0,0,0,0,0,0
80094,2,1,0,0,8,0,0,0,0,0,0,0
80094,3,1,0,0,5,0,0,0,0,0,0,0
80095,1,1,0,0,0,0,0,0,0,0,0,0
80095,2,1,0,0,0,0,0,0,0,0,0,0
80096,1,1,3,3,3,3,3,3,3,3,3,3
80096,2,1,0,0,0,0,0,0,0,0,0,0
80097,0,1,4,4,4,4,4,4,4,4,4,4
80097,1,1,0,0,0,0,0,0,31,0,0,0
80098,1,1,0,0,0,0,0,0,0,0,0,0
80098,2,1,0,0,0,0,0,0,0,0,0,0
80099,1,1,0,0,0,0,0,0,0,0,0,0
80099,2,1,0,0,0,0,0,0,0,0,0,0
80099,3,1,0,0,0,0,0,0,0,0,0,0
80100,1,1,0,0,0,0,0,0,0,0,0,0
80101,1,1,12,12,12,12,12,12,12,12,12,12
80101,2,1,0,0,0,0,0,0,0,0,0,0
80102,1,1,0,0,0,0,0,0,0,0,0,0
80103,1,1,17,17,17,17,17,17,17,17,17,17
80104,1,1,24,24,24,24,24,24,24,24,24,24
80105,1,1,0,0,0,0,0,0,0,0,0,0
80105,2,1,0,0,0,0,0,0,0,0,0,0
80106,1,1,0,0,0,0,0,0,0,0,0,0
80106,2,1,0,0,0,0,0,4,0,0,0,0
80107,1,1,3,3,3,3,3,3,3,3,3,3
80107,2,1,0,0,0,0,0,0,0,19,0,0
80108,1,1,0,0,0,0,0,0,0,0,0,0
80109,1,1,0,0,0,0,0,0,0,0,0,0
80109,2,1,0,0,0,0,0,0,0,0,0,0
80110,1,1,22,22,22,22,22,22,22,22,22,22
80111,1,1,17,17,17,17,17,17,17,17,17,17
80112,1,1,0,0,0,0,0,0,0,0,0,0
80113,0,1,24,24,24,24,24,24,24,24,24,24
80113,1,1,0,16,0,9,0,0,20,0,0,0
80114,1,1,0,0,0,0,0,0,0,0,0,0
80115,1,1,0,0,0,0,0,0,0,0,0,0