ST_CASE,VEH_NO,PER_NO,P1,P2,P3,P4,P5,P6,P7,P8,P9,P10
120334,2,1,0,0,0,0,0,0,0,0,0,0
120335,1,1,12,19,24,20,13,25,12,7,15,0
120335,2,1,0,17,0,0,0,0,11,0,0,0
120337,1,1,0,0,12,0,0,7,14,0,17,0
120337,2,1,0,0,0,0,0,0,0,0,0,0
120338,1,1,0,0,0,0,5,10,0,0,5,0
120339,1,1,4,0,0,0,0,0,0,0,0,0
120340,1,1,27,27,27,27,27,27,27,27,27,27
120341,1,1,0,0,0,0,0,0,0,0,0,0
120341,2,1,0,0,0,0,0,0,0,0,0,0
120342,1,1,0,0,0,0,0,0,0,0,0,0
120342,2,1,0,0,0,0,0,0,0,0,0,0
120343,1,1,0,0,0,0,0,0,0,0,0,0
120344,1,1,0,0,0,0,0,0,0,0,0,0
120345,1,1,0,12,0,8,25,0,9,37,0,18
120346,1,1,0,9,18,13,0,21,7,24,19,19
120347,1,1,0,0,0,0,0,0,0,17,0,0
120347,2,1,9,9,9,9,9,9,9,9,9,9
120348,1,1,20,20,20,20,20,20,20,20,20,20
120349,1,1,11,0,0,0,21,24,28,0,0,12
120350,1,1,0,12,16,14,0,0,0,13,0,0
120350,2,1,0,0,5,0,0,0,0,0,0,0
120351,1,1,0,0,0,0,0,0,0,0,0,0
120351,2,1,0,0,0,0,0,0,0,0,0,0
120352,1,1,19,19,19,19,19,19,19,19,19,19
120352,2,1,0,0,0,0,0,0,0,0,0,0
120353,1,1,8,0,0,0,0,15,0,0,0,20
120355,1,1,19,19,19,19,19,19,19,19,19,19
120355,2,1,0,0,0,0,0,10,0,0,0,0
120355,3,1,0,0,0,0,0,0,0,0,0,0
120356,1,1,0,0,0,0,0,0,0,0,13,0
120357,1,1,8,9,0,3,0,0,15,0,0,7
120358,1,1,0,0,0,0,0,0,0,0,0,0
120358,2,1,0,0,0,0,0,0,0,0,0,0
120359,1,1,32,32,32,32,32,32,32,32,32,32
120360,1,1,13,13,13,13,13,13,13,13,13,13
120360,2,1,0,0,0,0,0,10,0,0,0,0
120361,1,1,0,0,0,0,0,0,0,0,0,0
120361,2,1,0,0,0,0,0,0,0,0,0,0
120361,3,1,0,0,0,0,0,0,0,0,0,0
120362,1,1,21,21,21,21,21,21,21,21,21,21
120362,2,1,0,0,0,0,0,0,0,0,0,0
120363,1,1,23,23,23,23,23,23,23,23,23,23
120364,1,1,0,7,0,0,0,0,0,0,0,0
120365,1,1,0,0,0,0,0,0,0,0,0,0
120365,2,1,0,25,0,0,0,0,0,0,0,0
120366,1,1,18,18,18,18,18,18,18,18,18,18
120366,2,1,0,0,0,0,0,0,0,0,0,0
120367,1,1,17,17,17,17,17,17,17,17,17,17
120368,1,1,0,0,0,0,0,0,0,0,5,0
120369,1,1,0,0,0,0,0,0,24,0,0,0
120370,1,1,0,0,0,0,0,0,0,0,0,0
120370,2,1,0,0,0,0,0,0,0,0,0,0
120370,3,1,0,0,0,0,0,0,5,0,0,0
120371,1,1,0,0,0,0,0,0,0,0,0,0
120371,2,1,14,0,0,0,16,0,0,0,0,0
120372,1,1,9,5,0,0,0,0,0,0,0,30
120373,1,1,0,0,0,0,0,0,0,0,0,0
120373,2,1,0,0,0,0,0,0,0,0,0,0
120374,1,1,0,0,0,0,0,0,0,0,0,0
120374,2,1,0,0,0,0,0,0,0,0,0,0
120375,1,1,17,17,17,17,17,17,17,17,17,17
120376,1,1,6,6,6,6,6,6,6,6,6,6
120377,1,1,0,0,0,0,0,0,0,0,0,0
120377,2,1,0,0,0,0,0,0,0,0,0,0
120377,3,1,0,0,0,0,0,0,0,0,0,24
120378,1,1,17,17,17,17,17,17,17,17,17,17
120380,1,1,0,14,0,0,0,0,11,0,27,10
120381,1,1,19,10,21,11,9,28,8,14,4,10
120382,1,1,32,32,32,32,32,32,32,32,32,32
120383,1,1,0,0,0,0,0,0,20,0,0,0
120384,1,1,0,0,0,0,20,0,0,0,0,0
120384,2,1,15,15,15,15,15,15,15,15,15,15
120385,1,1,15,0,21,10,10,0,6,4,20,0
120386,1,1,0,0,0,0,0,0,0,0,0,0
120387,1,1,0,18,0,21,13,0,0,0,6,0
120388,1,1,14,14,14,14,14,14,14,14,14,14
120388,2,1,0,0,0,0,0,0,0,0,0,0
120389,1,1,23,23,23,23,23,23,23,23,23,23
120390,1,1,27,24,12,11,19,13,18,22,12,11
120392,1,1,0,0,0,0,0,0,0,0,12,0
120392,2,1,0,0,0,0,0,0,0,0,0,0
120393,1,1,15,15,15,15,15,15,15,15,15,15
120393,2,1,0,0,0,0,0,0,0,0,0,0
120394,1,1,0,0,0,0,0,0,0,0,0,0
120395,1,1,0,0,0,0,0,0,0,0,0,0
120396,1,1,0,0,0,0,0,0,0,0,0,0
120397,1,1,12,20,23,0,0,13,0,14,0,0
120397,2,1,0,0,0,0,0,0,0,0,14,0
120398,1,1,20,20,20,20,20,20,20,20,20,20
120399,1,1,0,0,0,0,0,0,0,0,0,0
120399,2,1,0,0,0,0,0,0,0,0,0,0
120400,1,1,0,0,0,0,0,0,0,0,0,0
120401,1,1,0,12,0,0,0,0,0,0,0,0
120401,2,1,0,0,0,0,0,0,0,0,0,0
120401,3,1,0,0,0,0,0,0,0,0,0,0
120402,1,1,0,0,0,0,0,0,0,0,0,0
120403,1,1,0,0,5,7,3,0,17,17,0,0
120403,2,1,0,0,0,0,0,0,0,0,0,0
120404,1,1,11,11,11,11,11,11,11,11,11,11
120405,1,1,14,0,0,0,0,0,0,0,0,0
120405,2,1,0,0,0,0,0,0,0,0,0,0
120406,1,1,0,0,0,0,0,0,0,0,0,0
120406,2,1,0,0,0,9,0,0,0,0,0,0
120407,1,1,0,0,0,0,0,0,0,0,0,0
120407,2,1,0,0,13,0,0,15,0,0,0,10
120408,1,1,27,12,1,14,0,0,27,0,15,8
120408,2,1,0,0,0,0,0,13,0,0,0,16
120409,1,1,0,0,0,0,0,0,0,0,0,0
120409,2,1,0,0,0,0,0,0,0,0,0,0
120409,3,1,0,0,0,0,0,0,0,4,0,0
120410,0,1,33,33,33,33,33,33,33,33,33,33
120410,1,1,0,4,8,4,0,0,0,6,0,0
120410,2,1,0,0,0,0,0,0,0,20,0,0
120411,0,1,0,0,28,0,0,0,0,0,23,0
120411,1,1,0,0,0,11,0,0,0,0,0,0
120413,0,1,5,5,5,5,5,5,5,5,5,5
120413,1,1,0,0,28,0,0,0,0,0,0,0
120414,0,1,0,0,0,0,0,0,0,0,0,0
120414,1,1,0,0,0,0,0,0,29,0,0,0
120415,0,1,35,35,35,35,35,35,35,35,35,35
120415,1,1,0,0,0,0,0,0,0,0,0,0
120416,1,1,0,0,0,14,0,0,14,0,0,0
120417,0,1,19,19,19,19,19,19,19,19,19,19
120417,1,1,0,0,0,0,0,0,0,0,0,0
120418,0,1,27,27,27,27,27,27,27,27,27,27
120418,1,1,0,6,0,18,0,16,0,0,0,17
120419,0,1,0,0,0,0,0,0,0,0,0,0
120419,1,1,0,0,0,0,0,0,0,0,0,0
120420,0,1,45,45,45,45,45,45,45,45,45,45
120420,1,1,0,0,0,0,25,0,22,0,0,14
120421,1,1,14,14,14,14,14,14,14,14,14,14
120422,1,1,0,0,0,0,0,0,0,0,0,0
120422,2,1,0,0,0,0,0,0,0,0,0,0
120422,3,1,0,0,0,0,0,0,0,0,0,0
120423,0,1,0,11,15,23,36,0,0,20,0,0
120423,1,1,0,0,0,0,0,0,0,0,0,0
120424,1,1,20,0,0,0,0,0,0,13,0,0
120425,0,1,0,18,21,0,42,23,7,0,0,53
120425,1,1,12,0,0,0,0,0,0,0,0,0
120426,1,2,0,0,0,0,0,0,12,0,0,0
120427,0,1,22,22,22,22,22,22,22,22,22,22
120427,1,1,0,0,0,0,0,0,0,0,0,0
120428,0,1,26,26,26,26,26,26,26,26,26,26
120428,1,1,0,0,0,10,0,0,7,16,0,0
120429,0,1,0,0,0,0,0,0,0,0,0,0
120429,1,1,0,0,0,0,0,0,25,0,0,0
120430,0,1,0,0,0,0,0,0,0,0,0,0
120430,1,1,0,0,0,0,0,0,0,0,0,0
120431,0,1,0,0,0,0,0,0,0,0,0,0
120431,1,1,0,0,0,0,0,0,0,0,0,0
120433,0,1,13,0,0,0,0,23,0,0,0,0
120433,1,1,0,18,0,14,0,0,0,7,0,0
120433,2,1,0,0,0,0,17,0,0,0,0,0
120433,3,1,0,0,0,0,0,0,0,0,0,0
120434,0,1,0,0,7,12,26,0,0,0,0,0
120434,1,1,0,0,0,0,0,17,4,0,0,0
120435,0,1,16,16,16,16,16,16,16,16,16,16
120435,1,1,0,0,0,0,0,0,0,0,0,0
120436,0,1,13,13,13,13,13,13,13,13,13,13
120436,1,1,0,0,0,0,0,0,0,0,0,0
120437,0,1,0,0,0,0,0,0,0,0,10,0
120437,0,2,15,0,7,48,8,21,2,10,25,23
120437,1,1,13,0,10,0,0,0,0,0,0,0
120438,0,1,23,0,16,0,13,0,0,4,0,0
120438,1,1,0,0,0,16,0,0,15,0,0,5
120439,0,1,19,19,19,19,19,19,19,19,19,19
120439,1,1,0,0,0,0,0,0,0,0,0,0
120440,0,1,24,24,24,24,24,24,24,24,24,24
120440,1,1,0,0,0,0,0,0,6,21,0,26
120441,1,1,29,29,29,29,29,29,29,29,29,29
120441,2,1,0,0,0,0,0,0,0,0,0,0
120442,1,1,15,0,0,0,0,0,0,0,0,11
120442,2,1,0,0,0,0,0,0,0,0,0,0
120443,1,1,0,17,0,0,5,0,0,0,0,0
120443,2,1,0,0,0,0,0,0,0,0,0,0
120444,0,1,25,18,20,18,23,7,19,11,22,26
120444,1,1,0,0,0,0,0,0,26,0,0,0
120445,0,1,24,24,24,24,24,24,24,24,24,24
120445,1,1,0,0,0,0,0,0,0,0,0,0
120446,0,1,10,10,10,10,10,10,10,10,10,10
120446,1,1,0,0,0,28,0,0,17,0,0,21
120447,0,1,22,22,22,22,22,22,22,22,22,22
120447,1,1,0,0,0,0,0,0,0,0,0,0
120448,0,1,0,0,17,0,14,0,0,0,0,18
120448,1,1,0,0,0,0,0,0,0,0,0,0
120449,0,1,0,0,0,0,0,0,0,0,0,0
120449,1,1,0,0,0,0,0,0,15,0,0,0
120451,0,1,20,20,20,20,20,20,20,20,20,20
120451,1,1,0,0,0,0,0,15,0,0,0,0
120453,1,1,0,0,0,0,0,0,0,0,0,0
120454,0,1,43,43,43,43,43,43,43,43,43,43
120454,1,1,0,0,0,0,0,0,0,0,0,0
120455,0,1,0,0,0,0,0,0,0,0,0,0
120455,1,1,0,0,0,0,0,0,0,0,0,0
120456,0,1,39,40,21,11,19,16,36,22,20,17
120456,1,1,7,12,7,26,19,32,16,17,23,7
120456,2,1,0,0,17,12,0,0,0,0,0,0
120457,0,1,0,0,0,0,0,0,0,0,0,0
120457,1,1,13,0,0,0,0,0,0,0,0,0
120458,0,1,0,0,0,0,0,0,0,0,0,0
120458,1,1,0,0,0,0,0,0,0,0,0,0
120459,0,1,15,15,15,15,15,15,15,15,15,15
120459,1,1,0,0,0,9,0,0,0,0,0,0
120460,0,1,0,13,0,0,0,0,0,0,0,0
120460,1,1,0,0,0,0,0,9,0,0,0,0
120461,0,1,19,19,19,19,19,19,19,19,19,19
120461,1,1,0,0,0,0,0,0,0,0,0,0
120462,0,1,12,12,12,12,12,12,12,12,12,12
120462,1,1,0,0,7,0,0,0,0,0,0,0
120463,0,1,0,0,0,0,0,0,0,0,0,0
120463,1,1,0,0,0,0,0,0,0,0,0,0
120464,0,1,13,13,13,13,13,13,13,13,13,13
120465,0,1,15,0,19,12,0,0,4,0,11,0
120465,1,1,0,0,0,0,0,0,0,0,0,0
120466,0,1,0,0,0,0,0,0,0,0,0,0
120466,1,1,2,0,0,0,0,0,0,0,0,0
120467,0,1,0,0,0,0,0,0,0,0,0,0
120467,1,1,0,0,0,26,0,0,0,0,0,0
120467,2,1,0,0,0,0,0,0,0,0,0,0
120469,0,1,23,23,23,23,23,23,23,23,23,23
120469,1,1,0,0,0,0,0,0,0,0,0,0
120470,1,1,10,10,10,10,10,10,10,10,10,10
120470,2,1,0,0,0,0,0,0,0,0,0,0
120472,0,1,0,0,0,0,0,0,0,0,0,0
120472,1,1,0,0,0,0,0,0,0,0,0,0
120473,0,1,0,0,0,0,0,0,0,0,0,0
120473,1,1,0,0,0,0,0,0,0,0,0,0
120474,0,1,17,0,0,0,32,22,0,0,2,0
120474,1,1,12,0,0,0,0,0,0,0,0,0
120475,0,1,13,13,13,13,13,13,13,13,13,13
120475,1,1,0,0,0,0,0,0,0,0,0,0
120476,0,1,18,18,18,18,18,18,18,18,18,18
120476,1,1,0,0,0,0,0,0,0,0,0,0
120478,1,1,0,0,0,0,0,0,0,0,0,0
120479,0,1,9,9,9,9,9,9,9,9,9,9
120479,1,1,0,0,0,0,8,0,0,10,0,0
120481,1,1,0,0,0,0,0,0,0,0,0,0
120482,0,1,0,0,0,0,0,0,0,0,0,0
120482,1,1,0,0,0,0,0,0,0,0,0,0
120483,0,1,0,0,0,0,0,0,0,0,0,0
120483,1,1,0,0,0,0,0,0,0,0,0,0
120484,0,1,0,0,0,0,0,0,0,0,0,0
120484,1,1,6,21,10,22,14,31,4,18,10,26
120485,0,1,19,19,19,19,19,19,19,19,19,19
120485,0,2,0,0,0,0,0,0,0,0,0,0
120485,1,1,0,0,0,0,0,0,0,0,0,0
120486,0,1,0,0,0,0,0,0,0,0,0,0
120486,1,1,0,0,0,0,21,0,0,0,13,6
120487,1,1,0,0,0,0,0,0,0,0,0,0
120487,2,1,0,0,0,0,0,0,0,0,0,0
120487,3,1,0,0,0,0,0,0,0,0,0,0
120487,4,1,0,0,0,0,0,0,0,0,0,0
120488,0,1,26,26,28,19,18,28,28,9,13,10
120488,1,1,0,0,0,0,0,0,0,0,0,0
120489,0,1,0,0,0,0,0,0,0,0,0,0
120489,1,1,8,0,0,24,0,0,0,9,12,0
120490,0,1,0,0,0,0,0,0,0,0,0,0
120490,1,1,0,0,0,0,0,0,0,0,0,0
120491,0,1,30,30,30,30,30,30,30,30,30,30
120491,1,1,0,0,0,0,0,0,0,0,0,0
120492,0,1,30,30,30,30,30,30,30,30,30,30
120492,1,1,0,0,0,0,0,0,0,0,0,0
120493,0,1,20,20,20,20,20,20,20,20,20,20
120493,1,1,0,0,0,0,9,0,0,14,0,0
120494,0,1,39,39,39,39,39,39,39,39,39,39
120494,0,2,18,18,18,18,18,18,18,18,18,18
120494,1,1,0,0,0,0,0,0,0,0,0,0
120495,0,1,0,0,0,0,0,0,0,0,0,0
120495,1,1,17,0,0,0,0,0,6,0,0,7
120496,0,1,0,0,0,0,0,0,0,0,0,0
120496,1,1,0,0,0,0,0,0,0,0,0,0
120497,0,1,0,0,0,14,0,36,22,0,0,7
120497,1,1,0,0,7,0,0,0,0,0,3,0
120498,0,1,0,0,0,26,19,0,0,31,0,17
120498,1,1,10,0,6,0,0,0,0,0,0,0
120499,0,1,0,0,0,15,0,23,0,0,0,0
120499,1,1,0,0,0,10,0,0,0,12,12,6
120500,0,1,0,0,0,0,0,0,0,0,0,0
120500,1,1,0,0,0,0,0,0,0,0,0,0
120501,0,1,0,0,0,0,0,0,0,0,0,0
120501,1,1,0,0,0,0,0,0,0,0,0,0
120502,0,1,0,0,0,0,0,0,0,0,0,0
120502,1,1,0,5,0,0,0,0,0,0,0,0
120503,0,1,0,0,11,28,36,0,0,0,0,0
120503,1,1,0,0,0,0,0,0,0,0,0,0
120504,1,1,0,21,0,0,0,27,17,0,23,14
120505,0,1,0,0,0,0,0,0,0,0,0,0
120505,1,1,0,0,0,0,0,0,0,0,0,0
120506,0,1,0,0,0,0,0,0,0,0,0,17
120506,0,2,0,0,0,0,24,5,0,0,40,7
120506,1,1,0,0,0,31,17,4,24,29,0,7
120506,2,1,0,0,0,15,0,0,0,0,0,0
120507,0,1,33,33,33,33,33,33,33,33,33,33
120507,1,1,0,0,0,0,0,0,0,0,0,0
120508,0,1,0,0,0,0,0,0,0,0,0,0
120508,1,1,13,13,13,13,13,13,13,13,13,13
120509,0,1,20,20,20,20,20,20,20,20,20,20
120509,1,1,0,0,30,0,0,0,0,0,0,18
120510,1,1,0,0,8,0,0,18,0,0,0,18
120511,0,1,18,18,18,18,18,18,18,18,18,18
120511,1,1,0,0,0,0,0,0,0,0,0,0
120512,0,1,24,24,24,24,24,24,24,24,24,24
120512,1,1,0,0,0,0,4,10,0,0,0,0
120513,0,1,8,0,17,0,0,0,0,5,0,0
120513,1,1,0,0,0,0,0,0,0,0,0,0
120514,0,1,0,0,0,0,0,0,0,0,0,0
120514,1,1,0,0,0,0,0,0,13,0,36,0
120515,1,1,15,15,15,15,15,15,15,15,15,15
120515,2,1,0,0,0,0,0,0,0,0,0,21
120516,1,1,0,0,0,0,0,0,0,0,0,0
120516,2,1,0,25,0,0,0,0,0,32,0,0
120517,0,1,16,16,16,16,16,16,16,16,16,16
120517,1,1,0,0,0,0,0,0,0,8,14,5
120518,0,1,7,25,0,0,0,0,6,0,0,7
120518,1,1,11,7,0,6,16,0,0,0,0,0
120519,0,1,0,0,0,0,0,0,0,0,0,0
120519,2,1,0,0,0,0,0,6,0,0,0,0
120520,0,1,0,0,0,0,0,0,0,0,0,0
120520,1,1,0,0,0,0,0,0,0,0,7,0
120521,0,1,21,30,0,0,0,39,20,20,24,16
120521,1,1,0,0,0,0,0,0,4,0,7,13
120522,1,1,0,0,0,0,0,0,0,0,11,0
120522,2,1,0,0,0,0,12,0,0,0,0,0
120523,0,1,0,26,0,0,0,13,0,0,21,18
120523,1,1,0,0,0,0,0,0,21,0,0,10
120524,0,1,0,0,0,0,0,0,0,0,0,0
120524,1,1,0,0,0,0,0,0,0,0,0,0
120525,0,1,0,0,0,0,0,0,0,0,0,0
120525,1,1,0,0,0,0,0,0,0,0,0,0
120526,0,1,33,33,33,33,33,33,33,33,33,33
120526,1,1,17,0,0,0,0,0,0,0,0,0
120527,0,1,19,19,19,19,19,19,19,19,19,19
120527,1,1,0,0,0,0,0,0,0,0,0,0
120528,0,1,25,0,0,0,0,0,23,0,0,0
120528,1,1,0,0,0,0,11,0,0,0,0,0
120528,2,1,0,0,0,0,0,0,0,0,0,0
120530,0,1,8,8,8,8,8,8,8,8,8,8
120530,1,1,0,0,0,0,5,0,16,6,5,2
120531,1,1,0,0,0,0,10,0,0,0,0,0
120531,2,1,0,0,0,0,0,0,0,0,0,0
120532,0,1,19,24,15,30,21,13,28,7,18,14
120532,1,1,0,0,0,0,11,0,0,0,0,0
120533,1,1,35,35,35,35,35,35,35,35,35,35
120533,2,1,0,0,0,0,0,0,0,0,0,0
120534,0,1,28,0,0,0,5,0,22,38,0,0
120534,1,1,0,0,0,0,0,7,0,0,0,0
120535,0,1,0,0,0,0,0,0,0,0,0,0
120535,1,1,0,0,0,0,0,0,0,0,0,0
120536,0,1,0,0,0,0,0,18,0,0,0,0
120536,1,1,0,0,10,0,11,0,0,0,0,0
120537,0,1,0,0,0,14,0,0,0,0,0,0
120537,1,1,0,0,0,0,0,0,0,0,0,0
120538,1,1,0,0,0,0,0,0,0,0,0,0
120538,2,1,0,0,0,0,0,0,0,0,7,0
120538,3,1,0,5,0,0,0,0,0,0,0,0
120539,0,1,0,0,15,22,0,0,6,44,15,25
120539,1,1,20,0,0,0,0,0,0,0,0,0
120540,0,1,0,26,0,0,0,0,0,0,0,0
120540,1,1,0,0,0,0,0,0,0,0,11,0
120541,0,1,8,0,0,0,0,0,0,0,0,0
120541,1,1,0,0,0,0,0,0,0,17,0,0
120543,0,1,0,0,0,0,0,0,0,0,0,0
120543,1,1,0,0,0,0,0,0,0,0,0,0
120543,2,1,0,0,0,0,0,0,0,0,0,0
120544,0,1,0,0,0,0,0,0,0,0,0,0
120544,1,1,0,0,0,0,0,0,0,0,0,0
120545,0,1,0,0,22,0,0,0,0,0,0,0
120545,1,1,0,0,0,0,0,0,0,0,0,0
120546,0,1,0,0,0,0,0,0,0,0,0,0
120546,1,1,0,0,0,0,0,27,0,0,0,0
120547,0,1,0,0,0,0,0,0,0,0,0,0
120547,1,1,0,0,0,0,0,0,0,0,0,0
120548,0,1,22,22,22,22,22,22,22,22,22,22
120548,1,1,4,0,3,0,12,3,8,10,0,18
120549,0,1,34,34,34,34,34,34,34,34,34,34
120549,1,1,0,0,0,0,4,0,0,9,0,23
120550,0,1,0,0,0,0,0,0,0,0,0,0
120550,1,1,0,0,0,0,0,0,0,0,0,0
120552,0,1,0,0,0,0,0,0,0,0,30,0
120552,1,1,0,0,0,0,0,13,0,0,10,0
120553,0,1,0,13,0,0,0,0,0,10,38,0
120553,1,1,0,0,0,0,0,0,0,0,21,0
120554,0,1,0,0,0,0,0,0,0,0,0,0
120554,1,1,0,0,0,16,0,0,0,15,12,0
120555,0,1,56,56,56,56,56,56,56,56,56,56
120555,1,1,18,18,18,18,18,18,18,18,18,18
120557,0,1,0,0,0,36,0,0,25,0,25,0
120557,1,1,0,0,0,0,0,0,0,0,0,0
120558,0,1,0,0,0,0,0,0,0,0,0,0
120558,1,1,0,0,0,0,0,0,0,0,0,0
120559,0,1,0,0,0,0,0,0,0,0,0,0
120559,1,1,0,0,0,0,0,0,0,0,0,0
120559,2,1,0,0,0,0,0,0,0,0,0,0
120560,0,1,31,31,31,31,31,31,31,31,31,31
120560,1,1,0,0,0,0,0,0,0,0,0,0
120561,0,1,0,0,0,0,0,0,0,0,0,0
120561,1,1,0,0,0,0,0,0,0,0,0,0
120562,0,1,35,0,0,0,22,0,0,0,0,0
120562,1,1,0,0,0,0,0,0,0,0,0,0
120563,0,1,0,0,0,0,0,0,0,0,0,0
120563,1,1,0,0,0,0,0,0,0,0,0,0
120564,0,1,10,13,0,19,18,17,15,9,32,18
120564,1,1,0,0,0,0,0,0,0,0,0,0
120565,1,1,0,0,0,0,0,0,0,0,0,0
120565,2,1,0,0,0,0,0,0,0,0,0,0
120566,0,1,0,0,0,15,0,0,34,0,0,0
120566,1,1,0,18,0,0,0,0,0,0,0,0
120567,0,1,0,0,0,0,5,0,32,0,0,0
120567,1,1,0,0,0,0,0,0,0,0,0,0
120568,1,1,0,0,0,0,0,10,0,0,0,31
120568,2,1,0,0,0,0,0,0,0,0,0,0
120569,0,1,0,0,0,0,0,14,0,0,40,0
120569,1,1,5,22,0,0,6,22,0,0,0,15
120571,0,1,0,0,0,0,0,0,0,0,0,0
120571,1,1,0,0,0,0,0,0,0,0,0,0
120572,1,1,14,22,9,39,19,9,14,27,12,29
120573,1,1,0,8,0,11,18,0,0,8,0,0
120573,2,1,0,0,0,0,0,0,0,0,0,0
120573,3,1,0,0,0,0,0,0,0,0,0,0
120574,0,1,0,10,9,0,0,0,0,0,30,0
120574,1,1,0,0,0,0,11,0,0,0,0,12
120575,0,1,21,7,5,13,17,19,0,0,13,0
120575,1,1,0,0,0,0,0,0,0,0,0,0
120576,0,1,0,0,12,16,17,0,20,9,0,31
120576,1,1,0,14,0,0,0,0,11,0,0,11
120577,0,1,0,0,0,0,0,0,0,0,0,0
120577,1,1,0,0,18,0,0,0,0,0,0,0
120578,0,1,0,0,0,0,0,0,0,0,0,0
120578,1,1,0,0,9,0,0,0,0,0,0,0
120579,0,1,0,0,0,0,0,0,0,14,0,26
120579,1,1,3,0,9,0,0,8,0,0,10,0
120580,0,1,7,0,19,0,20,0,0,0,0,0
120580,1,1,0,0,0,0,0,0,0,0,0,0
120581,0,1,0,0,0,0,0,0,0,0,0,0
120581,1,1,0,0,0,0,0,0,0,0,0,0
120582,0,1,0,0,0,0,24,0,0,0,0,0
120582,0,2,0,0,0,0,22,0,0,0,0,0
120582,1,1,0,0,0,0,0,0,0,0,0,0
120583,0,1,0,0,0,0,0,0,0,0,0,0
120583,1,1,0,0,0,0,0,0,0,7,0,0
120584,0,1,20,0,0,5,21,0,0,0,0,8
120584,1,1,0,2,19,0,17,0,15,36,0,35
120585,0,1,16,0,0,0,32,48,0,30,36,3
120585,1,1,27,0,0,0,0,0,0,16,0,0
120587,1,1,0,0,0,0,0,0,0,0,0,0
120587,2,1,20,20,20,20,20,20,20,20,20,20
120588,1,1,21,21,21,21,21,21,21,21,21,21
120589,1,1,0,0,0,0,0,0,0,0,0,0
120590,0,1,0,0,19,0,29,32,0,0,0,0
120590,1,1,0,0,6,0,7,0,8,0,0,8
120591,1,1,16,9,27,18,7,10,9,24,22,15
120592,0,1,8,8,8,8,8,8,8,8,8,8
120592,1,1,0,0,0,0,5,0,0,16,0,0
120593,0,1,30,30,30,30,30,30,30,30,30,30
120593,1,1,0,0,0,0,0,18,0,0,0,0
120594,0,1,19,19,19,19,19,19,19,19,19,19
120594,1,1,0,0,0,0,0,0,0,0,20,0
120595,0,1,0,0,0,11,37,30,26,18,0,9
120595,1,1,0,0,0,0,0,0,0,0,0,0
120596,1,1,0,0,0,0,0,0,0,0,0,0
120596,2,1,0,0,0,0,0,0,0,0,0,0
120596,3,1,0,0,0,0,0,0,0,0,0,0
120597,0,1,0,0,0,0,0,0,0,0,0,0
120597,1,1,0,0,0,0,0,0,0,0,0,0
120598,1,1,0,0,0,0,0,0,0,0,0,0
120598,2,1,0,0,0,0,0,0,0,0,0,0
120598,3,1,0,0,0,0,0,0,0,0,0,0
120598,4,1,0,0,0,0,0,0,0,0,16,0
120599,0,1,33,39,0,0,33,0,0,0,0,0
120599,1,1,0,0,0,0,0,0,0,0,0,0
120599,2,1,0,0,0,0,20,0,3,17,0,0
120600,0,1,0,0,0,0,0,0,0,0,0,8
120600,1,1,0,0,0,0,0,0,0,0,0,0
120602,0,1,0,21,0,0,0,0,0,0,0,0
120602,1,1,0,0,0,0,10,0,0,0,0,0
120603,0,1,0,0,25,0,0,0,15,0,0,12
120603,1,1,0,0,0,0,0,0,0,0,0,0
120604,0,1,0,0,0,0,0,0,0,0,0,0
120604,1,1,0,0,0,0,0,0,0,0,0,0
120605,0,1,32,32,32,32,32,32,32,32,32,32
120605,1,1,13,0,0,0,14,20,17,13,0,4
120606,0,1,0,0,21,0,0,0,0,0,0,0
120606,1,1,0,0,0,0,0,0,0,0,0,0
120607,0,1,0,0,0,0,0,0,0,0,0,0
120607,1,1,2,0,4,0,0,0,19,0,0,0
120608,0,1,0,0,0,0,0,0,7,0,0,15
120608,1,1,0,0,0,0,0,0,0,0,0,0
120609,0,1,0,0,0,0,0,0,0,0,0,0
120610,0,1,0,0,0,0,0,0,0,0,0,0
120610,1,1,0,0,0,0,0,0,0,0,22,0
120611,0,1,36,36,36,36,36,36,36,36,36,36
120611,1,1,0,3,4,0,5,12,5,5,6,21
120612,0,1,0,26,18,18,25,11,16,23,8,34
120612,1,1,0,17,0,0,0,0,0,0,0,0
120614,0,1,25,25,25,25,25,25,25,25,25,25
120614,1,1,0,0,0,0,0,0,0,0,0,0
120615,0,1,13,0,0,0,16,0,21,0,0,11
120615,1,1,2,8,8,28,0,8,17,5,0,0
120616,0,1,0,0,0,0,0,0,0,0,0,0
120616,1,1,21,0,0,0,0,0,0,0,0,11
120617,0,1,29,0,0,0,29,0,0,0,0,0
120617,1,1,0,0,0,0,0,0,0,0,0,9
120618,0,1,0,0,0,0,0,0,0,0,0,0
120618,1,1,17,0,0,0,0,0,0,0,0,0
120619,0,1,21,13,0,4,14,16,19,41,0,0
120619,1,1,0,0,0,0,0,0,0,0,0,0