ST_CASE,VEH_NO,PER_NO,P1,P2,P3,P4,P5,P6,P7,P8,P9,P10
120620,1,1,0,0,0,0,0,0,0,0,26,0
120620,2,1,0,0,0,0,0,0,0,0,0,0
120621,1,1,0,0,0,0,0,0,0,0,0,0
120621,2,1,0,0,0,0,0,0,0,0,0,0
120621,3,1,6,0,0,0,0,0,0,0,0,0
120622,1,1,0,0,0,0,0,0,0,0,0,0
120622,2,1,0,0,22,0,0,0,0,0,0,0
120623,1,1,0,0,0,0,0,0,0,15,0,0
120623,2,1,0,0,0,0,11,0,0,0,0,0
120624,1,1,0,0,0,0,0,0,0,0,0,0
120624,2,1,0,0,0,0,0,0,0,0,0,0
120625,1,1,24,24,24,24,24,24,24,24,24,24
120626,1,1,0,0,0,0,0,0,0,0,0,0
120627,1,1,23,23,23,23,23,23,23,23,23,23
120628,1,1,30,30,30,30,30,30,30,30,30,30
120629,1,1,0,0,0,0,0,0,0,0,0,0
120629,2,1,0,0,0,0,0,0,0,0,0,0
120630,1,1,4,4,4,4,4,4,4,4,4,4
120631,1,1,16,16,16,16,16,16,16,16,16,16
120632,1,1,0,0,0,0,0,0,0,0,0,0
120632,2,1,0,0,0,0,0,0,0,0,0,0
120633,1,1,34,34,34,34,34,34,34,34,34,34
120633,2,1,0,0,0,0,0,0,0,0,0,0
120634,1,1,13,13,13,13,13,13,13,13,13,13
120634,2,1,0,0,0,0,0,0,0,0,0,0
120635,1,1,0,0,0,0,0,0,0,0,0,0
120635,2,1,0,0,0,0,0,0,0,0,0,0
120636,1,1,0,0,0,0,0,0,0,0,0,0
120636,2,1,0,0,0,0,0,0,0,0,0,0
120636,3,1,0,0,0,0,0,0,0,0,0,0
120637,1,1,6,6,6,6,6,6,6,6,6,6
120637,2,1,0,0,0,0,0,0,0,0,0,0
120638,0,1,0,0,0,0,0,0,0,0,0,0
120638,1,1,0,0,0,0,0,0,0,0,0,0
120639,1,1,0,0,0,0,0,0,0,0,0,0
120639,2,1,0,0,0,0,0,0,0,0,0,0
120640,1,1,19,19,19,19,19,19,19,19,19,19
120640,2,1,0,14,0,0,0,0,0,21,0,9
120641,0,1,10,10,10,10,10,10,10,10,10,10
120641,1,1,22,0,0,0,0,0,0,0,0,0
120641,2,1,0,0,0,0,0,0,12,0,5,7
120642,0,1,0,0,0,0,0,0,0,0,0,0
120642,1,1,0,0,0,0,0,0,0,20,0,0
120643,1,1,0,0,0,0,0,0,0,0,0,0
120643,2,1,0,0,0,0,0,0,0,18,0,0
120644,1,1,0,0,0,0,0,0,0,0,0,0
120644,2,1,0,0,0,0,0,0,0,0,0,0
120645,1,1,0,0,0,0,0,0,0,0,0,0
120645,2,1,30,30,30,30,30,30,30,30,30,30
120646,1,1,21,21,21,21,21,21,21,21,21,21
120647,0,1,28,28,28,28,28,28,28,28,28,28
120647,1,1,0,0,0,13,0,0,0,0,17,0
120648,1,1,0,0,0,0,0,0,0,0,0,0
120648,2,1,0,22,0,0,0,0,22,0,16,0
120649,1,1,0,0,0,0,0,0,30,15,0,0
120649,2,1,0,0,0,0,13,0,0,0,11,0
120649,3,1,0,0,0,17,0,0,0,0,0,0
120650,0,1,0,0,0,0,0,0,0,32,23,8
120650,1,1,20,0,0,0,16,0,0,0,19,0
120651,1,1,20,20,20,20,20,20,20,20,20,20
120651,2,1,0,0,0,0,0,0,0,0,0,0
120651,3,1,0,0,0,0,0,0,0,0,0,0
120652,0,1,0,0,0,0,0,0,0,0,0,0
120652,1,1,0,0,0,0,0,0,0,0,0,0
120654,1,1,0,0,9,0,0,0,0,0,0,0
120654,2,1,30,30,30,30,30,30,30,30,30,30
120655,1,1,19,19,19,19,19,19,19,19,19,19
120655,2,1,0,0,0,0,0,0,0,0,0,0
120656,0,1,32,0,0,6,14,0,9,0,29,11
120656,1,1,0,0,0,0,0,0,9,0,24,0
120658,1,1,26,8,0,5,14,19,10,22,5,21
120658,2,1,9,0,0,0,0,0,0,12,17,0
120659,1,1,21,21,21,21,21,21,21,21,21,21
120660,1,1,0,0,0,0,0,0,0,0,0,0
120661,1,1,0,0,0,0,0,0,0,0,0,0
120661,2,1,0,0,0,0,0,0,0,21,28,0
120662,1,1,0,0,0,0,0,0,0,0,0,0
120662,2,1,0,0,0,0,0,0,0,0,0,0
120663,0,1,0,0,0,0,0,0,0,0,0,0
120663,1,1,0,0,0,0,0,0,14,0,12,2
120665,0,1,0,0,0,0,18,12,0,0,0,0
120665,0,2,0,0,0,0,0,0,0,0,0,0
120665,0,3,0,0,0,0,0,0,0,0,0,0
120665,0,4,0,0,0,0,0,0,0,0,0,0
120665,1,1,0,0,0,0,0,0,0,0,0,0
120666,1,1,0,0,0,0,0,0,0,0,0,0
120666,2,1,0,0,9,7,0,13,14,0,0,0
120667,1,1,0,0,0,0,0,0,0,0,0,0
120667,2,1,0,0,0,0,0,0,0,0,0,0
120668,1,1,0,0,0,0,0,0,0,0,0,0
120669,1,1,0,0,0,0,0,0,0,0,0,0
120670,1,1,22,22,22,22,22,22,22,22,22,22
120670,2,1,0,0,0,0,0,0,0,0,0,0
120671,1,1,0,0,0,0,0,0,0,0,0,0
120671,2,1,0,0,0,0,0,0,0,0,0,0
120672,1,1,25,25,25,25,25,25,25,25,25,25
120672,2,1,0,0,0,0,0,0,0,0,0,0
120672,3,1,0,0,0,0,0,0,0,0,0,0
120672,4,1,0,0,0,0,0,0,0,0,0,0
120673,1,1,0,0,0,0,0,0,0,0,0,0
120673,2,1,0,0,0,0,0,0,0,0,0,0
120675,1,1,0,0,0,0,0,0,14,0,0,0
120675,2,1,0,0,0,0,0,0,0,0,0,0
120676,0,1,0,0,0,13,0,0,0,0,0,0
120676,1,1,25,25,25,25,25,25,25,25,25,25
120677,1,1,7,7,7,7,7,7,7,7,7,7
120677,2,1,0,0,0,0,0,0,0,0,0,0
120678,1,1,11,14,18,20,8,0,27,23,22,32
120678,2,1,0,0,0,0,0,0,0,0,0,0
120679,1,1,0,0,0,0,0,0,0,0,0,0
120679,2,1,0,0,0,0,0,0,0,0,0,0
120680,1,1,0,0,0,0,0,0,0,0,0,0
120681,1,1,22,22,22,22,22,22,22,22,22,22
120681,2,1,0,0,0,0,0,15,0,0,0,0
120681,3,1,0,0,0,0,0,38,0,0,8,0
120682,1,1,0,0,0,0,0,0,0,0,0,0
120683,1,1,0,0,0,0,0,0,0,0,0,0
120683,2,1,0,0,0,0,0,0,0,0,0,0
120684,1,1,0,0,0,0,0,0,0,0,10,25
120684,2,1,0,0,22,14,0,0,0,0,26,0
120685,1,1,0,0,0,0,0,0,0,0,0,0
120685,2,1,0,0,0,0,0,0,0,0,0,0
120686,1,1,0,0,0,0,0,0,15,0,0,0
120686,2,1,0,0,0,0,0,0,0,0,0,0
120687,1,1,17,0,0,0,0,14,0,0,0,12
120688,1,1,0,0,0,0,21,0,0,15,0,0
120688,2,1,0,14,0,5,0,0,0,0,0,0
120689,1,1,0,0,0,0,53,0,0,0,0,0
120690,1,1,0,0,16,26,15,17,13,12,0,2
120691,1,1,0,0,7,0,0,0,0,0,8,0
120691,2,1,8,8,8,8,8,8,8,8,8,8
120692,1,1,29,29,29,29,29,29,29,29,29,29
120692,2,1,0,0,0,0,0,0,0,0,0,0
120693,1,1,21,26,16,33,11,27,14,13,4,10
120693,2,1,0,0,0,0,17,0,8,0,15,0
120693,3,1,0,0,16,0,0,0,0,0,10,0
120694,1,1,11,11,11,11,11,11,11,11,11,11
120694,2,1,29,20,16,23,21,19,25,9,11,0
120695,1,1,25,25,25,25,25,25,25,25,25,25
120696,1,1,0,0,0,0,0,0,0,0,0,0
120696,2,1,0,0,0,0,0,0,0,0,0,0
120697,1,1,0,0,0,0,0,0,0,0,0,0
120698,1,1,0,0,0,0,0,0,0,9,0,0
120698,2,1,0,0,0,0,0,0,0,0,0,0
120699,1,1,0,0,0,0,0,0,0,0,0,0
120699,2,1,0,0,0,0,0,0,0,0,0,0
120700,1,1,0,0,0,0,0,0,0,0,0,0
120700,2,1,0,0,0,0,0,0,0,0,0,0
120701,1,1,18,18,18,18,18,18,18,18,18,18
120702,1,1,0,0,0,0,0,0,0,0,0,0
120702,2,1,0,0,0,0,0,0,0,0,0,0
120702,3,1,0,0,0,0,0,0,0,0,0,0
120703,0,1,28,28,28,28,28,28,28,28,28,28
120703,1,1,0,0,0,0,0,0,0,0,0,0
120704,1,1,0,0,0,0,0,0,0,0,23,0
120704,2,1,10,0,0,9,7,13,0,0,11,0
120706,1,1,0,0,0,0,0,20,38,0,0,0
120707,1,1,0,0,0,0,0,0,0,0,0,0
120707,2,1,0,0,0,0,0,0,0,0,0,0
120709,1,1,0,0,3,0,0,0,0,0,0,0
120709,2,1,0,0,0,0,0,0,0,0,0,0
120710,1,1,0,0,3,0,0,0,19,0,0,0
120710,2,1,0,0,0,0,0,0,0,0,0,0
120711,0,1,0,0,0,0,0,0,0,0,0,0
120711,1,1,0,0,0,0,0,0,0,0,0,0
120712,1,1,9,9,9,9,9,9,9,9,9,9
120712,2,1,0,0,0,0,0,0,0,0,0,0
120713,1,1,0,0,0,0,0,0,0,0,0,0
120713,2,1,0,0,0,0,0,0,0,0,0,0
120714,0,1,0,13,0,0,33,0,0,0,0,29
120714,1,1,0,0,0,0,0,0,0,0,0,0
120715,1,1,0,0,0,0,0,0,0,0,0,0
120715,2,1,0,0,0,0,0,0,0,0,0,0
120715,3,1,0,0,0,0,0,0,0,0,0,0
120715,4,1,0,0,0,0,0,0,0,0,0,0
120715,5,1,0,0,0,0,0,0,0,0,0,0
120716,0,1,27,27,27,27,27,27,27,27,27,27
120716,1,1,27,27,27,27,27,27,27,27,27,27
120717,0,1,0,0,0,0,0,0,0,0,0,0
120717,1,1,0,0,0,0,0,0,0,0,0,0
120718,1,1,0,0,0,0,0,0,0,0,0,0
120719,1,1,15,15,15,15,15,15,15,15,15,15
120720,1,1,30,30,30,30,30,30,30,30,30,30
120720,2,1,5,5,5,5,5,5,5,5,5,5
120720,3,1,0,0,0,0,0,0,0,0,0,0
120721,1,1,0,0,0,0,0,0,0,0,0,0
120721,2,1,0,0,0,28,0,0,0,0,0,0
120722,1,1,0,0,0,0,0,0,0,0,0,0
120722,2,1,0,0,0,0,0,0,0,0,6,0
120723,1,1,27,27,27,27,27,27,27,27,27,27
120724,1,1,0,0,0,0,0,0,0,0,0,0
120725,1,1,0,0,0,0,0,0,0,0,0,0
120726,1,1,0,0,0,0,0,0,0,0,0,0
120727,1,1,20,20,20,20,20,20,20,20,20,20
120728,0,1,0,0,0,0,0,0,0,0,0,0
120728,1,1,0,0,0,0,0,0,0,0,0,0
120729,1,1,0,0,0,0,0,0,0,0,0,0
120729,2,1,0,0,0,0,28,0,0,0,0,0
120730,1,1,0,0,0,0,0,0,0,0,0,0
120730,2,1,0,0,0,0,0,0,0,0,0,0
120731,1,1,22,0,0,19,0,0,0,0,0,0
120731,2,1,0,0,0,0,0,0,0,27,0,10
120731,3,1,20,0,0,0,0,0,0,0,0,0
120732,1,1,0,0,0,0,0,0,0,0,0,0
120732,2,1,20,20,20,20,20,20,20,20,20,20
120733,1,1,0,0,0,0,0,0,0,0,0,0
120734,1,1,0,0,0,0,0,0,5,0,0,0
120735,1,1,0,0,0,0,0,0,0,0,0,0
120735,2,1,0,0,0,0,17,0,0,0,0,0
120736,1,1,0,0,0,0,0,0,0,0,0,19
120736,2,1,0,0,0,0,0,0,0,0,0,0
120737,1,1,0,0,0,0,0,0,0,0,0,0
120738,1,1,0,0,0,0,0,0,0,0,0,0
120738,2,1,0,0,0,0,0,0,0,0,0,0
120739,0,1,0,0,0,0,0,0,0,0,0,0
120739,1,1,0,0,0,0,0,0,0,0,8,12
120740,0,1,0,0,0,22,0,0,0,0,0,0
120740,1,1,0,0,0,0,0,0,0,9,15,0
120742,0,1,9,0,32,0,0,0,0,0,29,30
120742,1,1,0,0,0,0,0,0,26,0,0,0
120743,1,1,18,0,19,0,0,0,6,0,0,16
120744,1,1,0,0,0,0,0,0,0,0,0,0
120744,2,1,0,18,0,6,0,14,25,0,3,0
120745,1,1,0,0,0,0,0,0,0,0,0,0
120745,2,1,0,0,0,0,0,0,0,0,0,0
120745,3,1,0,0,0,0,0,0,0,0,23,0
120745,4,1,0,0,0,0,0,0,0,0,0,0
120746,1,1,0,0,0,0,0,0,0,0,0,0
120746,2,1,0,0,0,0,0,0,0,0,0,0
120747,0,1,0,0,0,0,0,0,0,0,0,0
120747,1,1,0,0,0,13,10,0,0,17,0,0
120748,1,1,0,0,0,0,0,0,0,0,0,0
120748,2,1,8,0,0,15,0,0,0,0,0,0
120749,0,1,25,0,0,31,30,19,20,0,7,0
120749,1,1,23,0,0,0,0,0,0,0,40,0
120750,0,1,0,0,22,0,0,0,0,0,13,0
120750,1,1,0,0,0,0,0,0,0,0,0,0
120751,0,1,0,0,0,0,0,0,0,0,0,0
120751,1,1,0,0,0,0,0,0,0,0,0,0
120753,1,1,0,0,0,0,0,0,0,0,0,0
120753,2,1,0,0,0,0,0,0,0,0,0,0
120754,1,1,0,0,0,0,0,0,0,0,0,0
120755,1,1,6,9,0,0,0,0,0,23,0,0
120755,2,1,0,0,6,0,6,0,14,0,0,22
120755,3,1,0,0,0,0,0,0,0,0,0,0
120756,1,1,0,0,0,0,0,0,0,0,0,0
120756,2,1,0,0,0,0,0,0,0,0,0,0
120757,0,1,0,0,0,0,0,0,0,0,0,0
120757,1,1,0,0,0,0,0,0,0,0,0,0
120758,1,1,0,15,0,0,0,0,0,0,0,0
120758,2,1,21,21,21,21,21,21,21,21,21,21
120759,0,1,0,0,0,0,0,0,0,0,0,0
120759,1,1,0,0,0,0,0,0,0,0,0,0
120760,1,1,0,0,0,0,0,0,0,0,0,0
120761,1,1,0,0,0,0,0,0,0,0,0,0
120761,2,1,0,0,0,0,0,0,0,0,0,0
120761,3,1,0,0,0,0,0,0,0,0,0,0
120762,1,1,15,15,15,15,15,15,15,15,15,15
120763,0,1,17,31,39,16,15,24,9,4,24,17
120763,1,1,0,14,29,0,0,0,0,9,0,7
120764,1,1,30,30,30,30,30,30,30,30,30,30
120765,1,1,19,19,19,19,19,19,19,19,19,19
120765,2,1,0,0,0,0,0,0,0,0,0,0
120766,1,1,0,0,0,0,0,0,0,0,0,0
120767,1,1,0,0,0,0,0,0,0,0,0,0
120768,0,1,0,0,0,0,0,0,0,0,0,0
120768,1,1,0,2,0,0,8,0,0,0,0,3
120769,1,1,0,0,0,0,0,0,13,0,14,0
120770,1,1,21,21,21,21,21,21,21,21,21,21
120771,1,1,19,19,19,19,19,19,19,19,19,19
120771,2,1,0,0,0,0,0,0,0,0,0,0
120772,0,1,0,0,0,0,0,0,0,0,0,0
120772,1,1,0,11,0,0,0,26,0,0,0,0
120772,2,1,0,0,0,0,0,19,0,20,14,0
120772,3,1,0,0,0,0,21,0,0,0,0,17
120773,1,1,0,0,0,0,0,0,0,0,0,0
120773,2,1,0,0,0,0,0,0,0,0,0,0
120774,1,1,16,11,32,0,20,15,0,11,10,0
120775,1,1,0,0,0,0,13,19,20,0,0,0
120775,2,1,0,0,0,0,0,0,0,0,0,0
120776,1,1,0,0,0,0,25,0,0,0,0,0
120776,2,1,0,0,0,0,0,0,0,0,0,0
120777,0,1,0,0,0,0,0,0,0,0,0,0
120777,0,2,0,0,0,0,0,0,0,0,0,0
120777,1,1,0,0,0,0,0,0,0,0,0,0
120778,1,1,0,0,0,0,0,0,0,0,0,0
120778,2,1,0,0,0,0,0,0,0,0,0,0
120779,1,1,0,0,0,0,0,0,0,0,0,0
120779,2,1,0,23,0,0,0,0,0,0,0,0
120780,1,1,0,0,0,11,0,0,12,0,0,0
120780,2,1,0,0,0,0,0,0,0,22,0,0
120781,1,1,0,0,0,0,0,0,0,0,0,0
120781,2,1,24,0,0,0,0,0,15,0,0,10
120781,3,1,0,21,0,0,0,0,0,0,0,0
120781,4,1,0,0,0,0,0,0,0,0,0,0
120782,1,1,0,0,0,0,0,0,0,0,0,0
120783,1,1,0,0,0,0,0,0,0,0,0,0
120784,1,1,19,19,19,19,19,19,19,19,19,19
120784,2,1,0,0,18,33,0,0,20,0,0,4
120785,1,1,0,0,0,0,0,0,0,0,0,0
120786,1,1,0,0,0,0,0,34,0,13,0,16
120786,2,1,0,0,0,0,0,0,0,0,0,25
120786,3,1,0,0,0,26,0,0,0,0,0,0
120786,4,1,0,0,0,0,0,0,0,0,0,0
120787,1,1,22,22,22,22,22,22,22,22,22,22
120787,2,1,0,0,0,0,0,0,0,0,0,0
120788,0,1,23,23,23,23,23,23,23,23,23,23
120788,1,1,0,0,5,0,0,0,0,0,0,0
120789,0,1,20,20,20,20,20,20,20,20,20,20
120789,1,1,0,0,16,0,0,0,0,0,0,0
120790,1,1,28,28,28,28,28,28,28,28,28,28
120791,0,1,0,0,0,0,0,0,0,0,0,0
120791,1,1,10,10,10,10,10,10,10,10,10,10
120793,1,1,24,24,24,24,24,24,24,24,24,24
120793,2,1,0,0,0,0,0,0,0,33,0,0
120794,1,1,0,0,0,0,0,0,0,0,0,0
120794,2,1,0,0,0,0,0,0,0,0,0,0
120795,1,1,0,0,0,0,0,0,0,14,0,0
120795,2,1,0,0,0,0,0,0,0,0,0,0
120796,1,1,8,21,13,14,13,20,24,0,20,0
120797,0,1,0,0,0,0,0,0,0,0,0,0
120797,1,1,0,0,0,0,0,0,0,0,0,0
120798,1,1,18,0,0,0,0,0,0,0,0,0
120798,2,1,0,0,0,0,0,0,0,0,0,0
120799,0,1,10,10,10,10,10,10,10,10,10,10
120799,0,2,0,0,0,0,15,0,0,0,0,0
120799,1,1,0,0,19,0,0,0,0,0,0,0
120799,2,1,0,0,0,0,0,0,0,0,0,0
120800,1,1,21,21,21,21,21,21,21,21,21,21
120801,1,1,0,0,0,0,0,0,0,0,0,0
120802,1,1,0,0,0,0,0,0,0,0,0,0
120803,1,1,0,0,0,0,0,0,0,0,0,0
120803,2,1,0,0,0,0,0,0,0,39,0,0
120804,1,1,0,0,8,0,0,0,0,0,0,0
120804,2,1,0,0,0,0,0,0,0,0,0,0
120806,1,1,5,17,10,7,33,21,17,10,16,0
120807,1,1,0,0,0,0,0,0,0,0,0,0
120807,2,1,0,0,0,0,0,0,0,0,0,0
120808,1,1,0,0,0,0,0,0,0,0,0,0
120809,1,1,20,20,20,20,20,20,20,20,20,20
120810,1,1,0,0,0,0,0,0,0,0,0,0
120810,2,1,0,0,0,0,0,0,0,0,0,0
120810,3,1,0,22,10,0,21,0,0,0,8,0
120810,4,1,0,0,0,0,0,0,0,0,0,0
120811,0,1,0,0,0,0,0,0,0,0,0,0
120811,1,1,0,0,0,0,0,0,0,0,0,0
120812,1,1,19,19,19,19,19,19,19,19,19,19
120812,2,1,7,7,7,7,7,7,7,7,7,7
120813,1,1,0,0,0,0,0,0,0,0,0,0
120813,2,1,0,0,0,6,0,0,0,0,0,0
120814,1,1,19,19,19,19,19,19,19,19,19,19
120815,0,1,0,0,0,0,0,0,0,0,0,0
120815,1,1,0,0,0,0,0,29,0,0,0,0
120815,2,1,0,0,0,0,0,0,0,0,0,0
120815,3,1,0,0,0,0,0,0,0,0,13,0
120815,4,1,0,0,0,0,0,0,0,0,0,0
120815,5,1,0,0,0,0,0,0,9,0,0,0
120815,6,1,0,0,0,0,0,0,0,0,0,0
120815,7,1,0,0,0,0,0,0,0,0,0,0
120815,8,1,0,0,0,0,0,0,0,18,0,0
120815,9,1,0,0,0,0,0,0,0,0,0,0
120815,11,1,0,0,0,0,0,0,0,0,0,0
120816,1,1,7,7,7,7,7,7,7,7,7,7
120817,1,1,26,26,26,26,26,26,26,26,26,26
120818,1,1,10,14,0,0,20,0,9,0,0,19
120819,1,1,13,13,11,26,15,17,16,22,26,9
120820,1,1,0,0,7,0,20,0,12,9,0,14
120821,1,1,20,20,20,20,20,20,20,20,20,20
120821,2,1,20,20,20,20,20,20,20,20,20,20
120821,3,1,0,0,0,17,0,0,0,13,0,0
120822,1,1,0,0,0,0,0,0,0,0,0,0
120823,1,1,0,0,0,0,0,0,0,0,0,0
120823,2,1,0,0,0,0,0,0,0,0,0,0
120824,1,1,0,0,0,0,0,0,0,0,0,0
120825,1,1,0,0,0,0,0,0,0,0,0,0
120825,2,1,0,8,0,0,0,0,0,0,0,0
120826,1,1,0,0,0,0,0,0,0,0,0,0
120826,2,1,0,0,0,0,0,0,0,0,0,0
120827,1,1,21,21,21,21,21,21,21,21,21,21
120827,2,1,27,27,27,27,27,27,27,27,27,27
120828,0,1,0,22,35,5,26,4,0,0,5,11
120828,1,1,0,12,0,0,0,0,0,0,0,0
120828,2,1,0,19,12,7,5,0,18,13,11,8
120829,0,1,43,7,24,26,0,11,13,30,24,34
120829,1,1,11,0,0,0,0,0,18,0,0,0
120829,2,1,0,0,0,0,0,0,0,0,0,0
120830,1,1,17,17,17,17,17,17,17,17,17,17
120831,1,1,0,0,0,0,0,0,0,0,0,0
120832,1,1,0,14,0,0,0,22,0,0,0,27
120833,1,1,17,17,17,17,17,17,17,17,17,17
120833,2,1,0,0,0,0,6,0,0,0,0,0
120834,1,1,0,0,0,0,0,0,0,0,0,0
120835,1,1,0,0,0,0,0,0,0,0,0,0
120836,0,1,53,24,34,24,4,10,0,23,13,27
120836,1,1,2,20,20,3,6,11,15,6,8,22
120837,1,1,0,0,0,0,0,0,0,0,0,0
120837,2,1,15,15,15,15,15,15,15,15,15,15
120838,1,1,0,15,5,0,0,35,0,0,0,0
120838,2,1,0,0,0,0,0,0,0,0,0,0
120839,0,1,32,0,0,0,0,0,0,0,24,14
120839,1,1,0,0,0,0,0,0,0,22,0,0
120840,0,1,21,27,0,0,19,30,32,0,8,0
120840,1,1,0,0,0,0,0,0,0,0,0,0
120841,1,1,0,0,0,0,0,0,0,0,0,0
120841,2,1,0,0,0,0,0,0,0,0,0,0
120842,1,1,20,20,20,20,20,20,20,20,20,20
120842,2,1,0,0,0,0,0,0,0,0,0,0
120843,1,1,13,13,13,13,13,13,13,13,13,13
120844,1,1,0,0,0,0,0,0,0,0,0,0
120845,1,1,0,0,0,0,0,0,0,0,0,0
120845,2,1,0,22,17,0,12,17,8,13,18,0
120846,1,1,0,0,0,0,0,0,0,0,0,0
120846,2,1,0,0,0,0,0,0,0,0,0,0
120847,1,1,8,34,13,0,7,15,12,18,11,0
120847,2,1,0,0,0,0,0,0,0,0,0,0
120847,3,1,0,0,0,0,16,0,0,0,0,0
120848,0,1,35,35,35,35,35,35,35,35,35,35
120848,1,1,0,0,0,0,0,0,0,0,0,0
120849,0,1,0,0,27,0,16,0,25,0,0,0
120849,1,1,0,0,0,0,0,0,0,0,0,0
120850,1,1,0,0,0,0,0,0,0,0,0,0
120850,2,1,28,0,0,0,0,0,0,0,0,0
120851,0,1,0,0,0,0,0,0,0,0,0,0
120851,1,1,0,0,0,0,0,0,0,0,0,0
120852,0,1,15,0,34,0,0,0,9,0,21,0
120852,1,1,0,0,0,0,22,0,0,0,0,0
120852,2,1,8,14,3,0,3,0,0,10,3,6
120853,1,1,0,0,0,0,17,0,0,0,0,0
120853,2,1,0,0,0,0,0,15,0,0,0,0
120854,1,1,19,19,19,19,19,19,19,19,19,19
120854,2,1,0,0,0,0,0,0,0,0,0,0
120855,0,1,0,0,0,0,0,0,0,0,0,0
120855,1,1,0,0,0,32,0,0,0,0,0,0
120856,1,1,0,0,0,0,0,0,0,0,0,0
120856,2,1,0,0,0,0,0,0,0,0,0,0
120856,3,1,0,0,0,0,0,0,0,0,0,14
120857,0,1,0,0,0,23,0,0,0,13,0,0
120857,1,1,12,0,7,4,12,0,16,18,17,23
120858,0,1,0,0,0,0,0,0,0,0,0,0
120858,1,1,0,0,0,0,0,0,0,0,0,0
120859,0,1,4,4,4,4,4,4,4,4,4,4
120859,1,1,0,0,0,0,0,0,0,0,0,0
120860,1,1,0,0,0,0,0,0,0,0,0,0
120860,2,1,0,0,0,0,0,0,0,0,0,0
120861,1,1,20,20,20,20,20,20,20,20,20,20
120862,1,1,0,11,0,0,0,0,0,0,0,0
120862,2,1,0,0,0,0,0,0,0,0,0,0
120862,3,1,0,9,0,0,0,19,0,0,0,0
120863,0,1,0,0,0,0,0,0,0,0,0,0
120863,1,1,0,0,0,0,0,0,0,0,0,0
120864,1,1,0,0,0,19,0,26,0,0,0,0
120864,2,1,0,0,0,0,13,0,0,0,0,0
120865,0,1,0,0,4,18,25,0,0,0,0,0
120865,1,1,0,21,0,0,0,22,0,0,0,0
120866,1,1,0,0,0,0,0,0,0,0,0,0
120866,2,1,0,0,0,0,0,0,0,0,0,0
120867,1,1,21,21,21,21,21,21,21,21,21,21
120868,0,1,0,0,0,0,0,0,0,0,0,0
120868,1,1,0,0,0,0,0,0,0,0,0,0
120869,1,1,0,0,0,0,0,0,0,0,0,0
120869,2,1,20,20,20,20,20,20,20,20,20,20
120870,0,1,28,28,28,28,28,28,28,28,28,28
120870,1,1,0,0,0,0,0,0,19,0,0,0
120871,1,1,0,0,0,0,0,0,0,0,0,0
120871,2,1,0,0,0,0,0,0,0,0,0,0
120872,1,1,0,0,0,0,0,0,0,0,0,0
120872,2,1,0,0,0,0,0,0,0,0,0,0
120873,0,1,0,0,0,0,0,0,0,0,0,0
120873,1,1,0,0,0,0,11,0,0,0,0,0
120873,2,1,19,0,16,0,0,0,0,0,0,0
120874,1,1,32,32,32,32,32,32,32,32,32,32
120875,0,1,0,0,0,0,0,0,0,0,0,0
120875,1,1,0,0,0,0,0,0,0,0,0,0
120876,0,1,0,0,0,0,0,0,0,0,0,0
120876,0,2,0,0,0,0,0,0,0,0,0,0
120876,1,1,0,0,0,0,0,0,0,0,0,0
120877,0,1,25,25,25,25,25,25,25,25,25,25
120877,1,1,0,10,0,0,26,15,9,0,0,24
120878,1,1,28,28,28,28,28,28,28,28,28,28
120878,2,1,0,0,0,0,0,0,0,0,0,0
120879,1,1,0,0,0,0,0,0,0,0,0,0
120880,0,1,0,0,0,0,0,0,0,0,0,0
120880,1,1,0,0,0,0,0,0,18,0,0,0
120881,1,1,0,0,0,0,0,0,0,0,0,0
120881,2,1,0,0,0,0,0,0,0,0,0,0
120882,0,1,0,0,0,0,0,0,0,0,0,0
120882,1,1,0,0,0,0,0,0,0,0,0,0
120883,1,1,15,15,15,15,15,15,15,15,15,15
120884,1,1,13,13,13,13,13,13,13,13,13,13
120885,1,1,20,20,20,20,20,20,20,20,20,20
120885,2,1,0,0,0,22,7,0,0,0,0,0
120885,3,1,27,0,0,0,0,0,0,0,0,0
120886,0,1,0,0,13,0,0,0,0,0,0,0
120886,1,1,0,0,0,0,4,0,0,0,0,0
120887,1,1,0,0,0,0,0,19,7,0,14,0
120888,1,1,12,12,12,12,12,12,12,12,12,12
120888,2,1,0,0,0,0,0,0,0,0,0,0
120889,0,1,0,0,0,0,26,0,25,0,0,0
120889,1,1,0,11,3,0,0,0,0,0,0,0
120890,0,1,0,0,0,0,0,0,0,0,0,0
120890,1,1,0,0,0,0,0,0,0,0,0,0
120891,1,1,17,17,17,17,17,17,17,17,17,17
120892,0,1,0,0,0,0,0,0,0,0,0,0
120892,1,1,16,5,0,0,0,11,0,0,0,0
120893,1,1,0,0,0,0,0,0,0,0,0,29
120893,2,1,0,25,13,11,18,12,21,23,11,9
120895,1,1,30,30,30,30,30,30,30,30,30,30
120896,0,1,0,0,0,0,0,0,0,0,0,0
120896,1,1,0,0,0,0,0,0,0,0,0,0
120897,1,1,0,0,0,0,0,0,0,0,0,0