ST_CASE,VEH_NO,PER_NO,P1,P2,P3,P4,P5,P6,P7,P8,P9,P10
121487,1,1,24,24,24,24,24,24,24,24,24,24
121488,1,1,0,0,0,0,0,0,0,0,0,0
121490,1,1,0,0,0,0,0,0,0,0,0,0
121490,2,1,0,0,0,0,0,0,0,0,0,0
121490,3,1,0,0,0,0,0,0,0,0,0,0
121491,0,1,0,0,0,0,0,0,0,0,0,0
121491,1,1,0,0,0,0,0,0,0,0,0,0
121492,1,1,0,0,0,21,0,0,0,0,0,0
121492,2,1,0,0,0,0,0,0,0,0,0,0
121492,3,1,0,0,0,0,0,0,0,0,0,0
121492,4,1,0,0,0,0,0,0,0,0,0,0
121492,5,1,0,0,0,0,0,0,0,0,0,0
121493,1,1,0,0,16,0,0,0,0,0,0,0
121493,2,1,0,0,0,0,0,0,0,0,4,0
121494,0,1,0,0,0,0,0,0,36,0,0,0
121494,1,1,16,22,0,0,4,0,0,0,0,0
121495,1,1,0,0,0,17,0,7,19,13,0,0
121495,2,1,0,0,9,10,15,0,17,8,19,13
121495,3,1,0,0,0,0,0,0,0,16,0,0
121496,1,1,0,0,0,0,0,0,0,0,0,0
121496,2,1,0,0,21,0,0,0,0,0,0,0
121497,1,1,0,0,0,0,0,0,0,0,0,0
121497,2,1,0,0,0,0,0,0,0,0,0,0
121498,1,1,5,5,5,5,5,5,5,5,5,5
121499,0,1,0,0,0,0,0,0,0,0,0,0
121499,1,1,0,0,0,0,0,0,0,0,6,8
121500,1,1,16,16,16,16,16,16,16,16,16,16
121500,2,1,0,0,0,0,0,0,0,0,0,0
121501,0,1,0,0,0,0,0,0,0,0,0,0
121501,1,1,0,0,0,0,0,0,0,0,0,0
121502,1,1,0,14,0,15,7,0,6,10,0,2
121503,0,1,0,0,0,0,0,0,0,0,0,0
121503,1,1,0,0,0,24,0,0,0,0,0,0
121504,1,1,13,13,13,13,13,13,13,13,13,13
121505,1,1,0,0,0,0,15,0,0,0,0,0
121505,2,1,0,0,0,12,10,0,0,20,26,0
121506,0,1,16,0,0,0,0,0,27,0,40,18
121506,1,1,0,0,0,8,0,0,0,0,0,0
121506,2,1,0,0,0,0,0,0,0,0,0,0
121507,1,1,0,0,0,0,0,0,0,0,0,0
121509,1,1,0,0,0,0,0,0,0,0,0,0
121509,2,1,0,0,0,0,0,0,0,0,0,0
121510,1,1,25,25,25,25,25,25,25,25,25,25
121510,2,1,0,0,0,0,0,0,0,0,0,0
121511,0,1,0,0,0,0,0,0,0,0,0,0
121511,1,1,0,0,0,0,0,0,0,0,0,3
121512,1,1,0,0,0,0,0,0,0,0,0,0
121513,0,1,12,0,20,20,39,38,0,25,0,0
121513,1,1,0,0,0,0,0,0,0,0,0,0
121514,1,1,10,20,22,15,0,17,13,0,7,19
121515,1,1,0,22,0,15,0,0,8,22,0,16
121515,2,1,4,21,0,21,0,9,0,26,0,29
121516,1,1,0,18,5,5,0,17,14,0,30,0
121517,1,1,0,0,17,0,0,0,9,0,0,0
121519,1,1,0,0,0,0,0,31,0,0,0,0
121520,0,1,0,0,0,0,0,0,0,0,0,0
121520,1,1,0,0,0,0,0,0,0,0,0,0
121521,0,1,0,0,0,0,0,0,14,0,0,0
121521,1,1,0,0,0,0,20,0,0,0,4,9
121522,1,1,0,0,0,0,0,0,0,0,0,0
121522,2,1,0,0,0,0,0,0,0,0,0,0
121523,1,1,0,0,0,0,0,0,0,0,0,0
121523,2,1,0,0,0,0,0,0,0,0,0,0
121524,1,1,0,0,5,0,0,0,0,41,0,0
121524,2,1,0,0,0,0,0,0,0,0,0,0
121525,1,1,0,0,0,0,29,0,0,0,0,0
121525,2,1,0,0,0,0,25,0,0,0,0,0
121526,1,1,9,25,8,5,22,0,15,19,13,7
121526,2,1,0,16,15,18,17,24,22,19,31,8
121527,1,1,35,35,35,35,35,35,35,35,35,35
121528,1,1,27,27,27,27,27,27,27,27,27,27
121528,2,1,0,0,0,0,0,0,0,0,0,0
121529,1,1,0,0,0,0,0,0,0,0,0,0
121529,2,1,0,0,0,0,0,0,0,0,0,0
121529,3,1,0,0,0,0,0,0,0,0,0,0
121530,0,1,0,0,0,0,0,0,0,0,0,0
121530,1,1,0,0,0,0,0,0,0,0,0,0
121531,1,1,0,0,0,0,23,0,0,0,0,0
121531,2,1,0,0,12,0,0,16,0,0,0,0
121532,1,1,0,0,0,0,0,0,0,0,0,0
121533,0,1,19,19,19,19,19,19,19,19,19,19
121533,1,1,0,0,0,0,0,0,0,0,0,0
121535,1,1,16,16,16,16,16,16,16,16,16,16
121536,1,1,0,0,0,0,0,0,0,0,0,0
121536,2,1,0,0,0,0,0,0,0,0,0,0
121536,3,1,0,0,0,0,0,0,0,0,0,0
121537,1,1,14,14,14,14,14,14,14,14,14,14
121537,2,1,0,0,0,0,0,0,0,0,0,0
121538,1,1,17,17,17,17,17,17,17,17,17,17
121539,1,1,0,0,0,0,0,0,0,0,0,0
121540,1,1,0,9,0,16,0,0,0,9,11,17
121540,2,1,11,0,0,0,0,0,0,0,0,0
121541,1,1,10,10,10,10,10,10,10,10,10,10
121542,0,1,36,36,36,36,36,36,36,36,36,36
121542,1,1,0,0,0,0,0,0,0,0,0,0
121543,1,1,25,25,25,25,25,25,25,25,25,25
121544,1,1,0,0,20,0,0,0,0,0,0,0
121545,1,1,17,17,17,17,17,17,17,17,17,17
121545,2,1,0,0,0,0,0,0,0,0,0,0
121546,1,1,0,0,0,0,0,0,0,0,0,0
121546,2,1,0,0,0,0,0,0,0,0,0,0
121547,1,1,0,0,0,0,0,25,0,0,0,0
121548,1,1,10,10,10,10,10,10,10,10,10,10
121549,0,1,25,25,25,25,25,25,25,25,25,25
121549,1,1,0,0,0,0,0,0,0,0,0,0
121550,1,1,0,0,0,0,0,0,0,0,0,0
121550,2,1,0,0,0,0,0,0,0,0,0,0
121551,1,1,30,30,30,30,30,30,30,30,30,30
121552,1,1,9,9,9,9,9,9,9,9,9,9
121553,0,1,0,0,5,0,0,0,0,0,21,0
121553,1,1,0,0,0,0,0,0,0,0,0,0
121554,1,1,35,25,17,0,21,27,6,19,0,0
121555,1,1,0,0,0,0,0,0,0,0,0,0
121556,1,1,0,10,0,0,0,0,0,0,0,0
121556,2,1,0,0,0,0,0,0,0,0,0,0
121556,3,1,0,0,0,0,0,0,16,25,0,13
121556,4,1,0,0,21,0,0,0,0,0,0,0
121556,5,1,0,0,0,0,0,14,0,0,0,0
121557,1,1,10,27,25,8,30,7,14,11,18,19
121557,2,1,0,0,0,0,0,36,0,13,0,10
121557,3,1,0,0,17,0,0,13,12,0,0,0
121557,4,1,0,0,0,0,0,0,0,0,0,6
121558,1,1,0,0,0,0,0,0,0,0,0,0
121559,1,1,0,0,0,0,0,0,0,0,0,0
121560,1,1,0,0,0,0,0,0,0,0,0,0
121560,2,1,0,0,0,0,0,0,0,0,0,0
121561,1,1,0,0,0,0,0,0,0,0,0,0
121561,2,1,0,0,0,0,0,0,0,0,0,0
121562,0,1,0,0,0,0,0,0,0,0,0,0
121562,1,1,0,0,0,0,0,0,0,0,0,0
121564,1,1,0,0,0,0,0,0,0,0,0,0
121564,2,1,0,0,0,0,0,0,0,0,0,0
121565,1,1,26,9,28,16,23,21,13,8,0,17
121565,2,1,0,0,13,0,0,0,0,0,0,0
121565,3,1,0,0,0,0,0,0,0,0,0,0
121566,1,1,0,0,13,0,11,0,0,20,23,22
121567,0,1,0,0,0,14,0,0,0,0,0,0
121567,1,1,0,0,0,0,0,0,0,0,0,0
121568,1,1,24,24,24,24,24,24,24,24,24,24
121569,1,1,0,7,0,0,0,0,0,0,0,0
121569,2,1,0,0,0,0,0,0,0,0,0,17
121569,3,1,0,0,0,19,0,0,0,0,0,0
121570,1,1,0,0,0,0,0,0,0,0,0,6
121571,0,1,0,0,0,0,0,0,0,0,0,0
121571,1,1,0,0,0,0,0,0,0,0,0,0
121572,1,1,0,0,0,0,0,0,0,0,0,0
121572,2,1,0,0,0,0,0,0,0,0,0,0
121573,1,1,0,0,0,0,0,0,0,0,0,0
121573,2,1,0,0,0,0,0,0,0,0,9,0
121574,1,1,16,16,16,16,16,16,16,16,16,16
121574,2,1,0,0,0,0,0,0,0,0,12,0
121575,1,1,0,0,0,0,0,0,33,0,0,0
121576,1,1,0,0,0,0,0,0,0,0,0,0
121576,2,1,0,0,0,0,0,0,0,0,0,0
121577,0,1,0,0,0,0,0,0,0,0,0,0
121577,1,1,0,0,0,9,0,0,0,0,0,0
121578,1,1,0,0,0,0,0,0,0,0,0,13
121579,1,1,0,0,0,0,0,0,0,0,0,0
121579,2,1,0,0,0,0,0,0,0,0,0,0
121580,0,1,0,0,0,0,0,0,0,0,0,0
121580,1,1,0,0,0,0,0,0,0,0,0,0
121581,1,1,0,0,16,0,0,4,0,0,0,0
121582,0,1,16,16,16,16,16,16,16,16,16,16
121582,1,1,0,0,0,14,0,0,0,0,0,0
121583,1,1,0,0,0,0,0,0,0,0,0,0
121583,2,1,0,0,0,0,0,0,0,0,0,0
121584,0,1,0,0,0,0,0,0,0,0,0,0
121584,1,1,14,0,0,0,0,0,0,0,0,0
121585,1,1,0,20,21,0,0,0,0,0,0,0
121585,2,1,0,0,0,0,0,0,0,0,0,0
121586,1,1,14,0,0,0,0,17,0,0,15,9
121587,1,1,32,0,0,0,0,6,27,0,0,16
121588,1,1,27,27,27,27,27,27,27,27,27,27
121589,0,1,20,19,0,0,19,12,0,0,50,0
121589,1,1,32,0,0,0,0,0,0,0,10,0
121590,0,1,0,0,0,0,0,0,0,0,0,0
121590,1,1,0,0,0,0,13,0,0,0,0,0
121591,0,1,0,0,0,0,0,0,0,0,0,0
121591,1,1,0,0,0,0,0,0,0,0,0,0
121592,1,1,0,0,0,0,0,0,0,0,0,0
121593,1,1,13,13,13,13,13,13,13,13,13,13
121593,2,1,0,0,0,5,0,0,0,0,0,0
121594,1,1,0,0,0,0,0,0,0,0,0,0
121594,2,1,0,0,0,0,0,0,0,0,0,0
121595,1,1,0,0,0,0,0,0,0,0,0,0
121596,1,1,0,0,0,0,0,0,0,0,0,0
121597,1,1,3,17,3,13,18,12,9,12,12,12
121598,1,1,0,0,20,17,14,10,12,24,24,0
121598,2,1,0,0,0,0,0,0,0,0,0,0
121598,3,1,0,0,0,0,0,0,0,0,0,19
121599,1,1,0,0,0,0,0,0,0,0,0,0
121599,2,1,0,0,0,0,0,0,0,0,0,0
121600,1,1,0,0,0,0,0,0,0,0,0,0
121600,2,1,0,0,0,0,0,0,0,0,0,0
121600,3,1,0,0,0,0,0,0,0,0,0,0
121601,1,1,4,17,0,0,18,0,0,0,0,0
121601,2,1,16,10,8,18,8,0,16,0,0,0
121602,0,1,0,0,0,0,0,0,0,0,0,0
121602,1,1,0,0,0,0,0,0,0,0,0,0
121603,0,1,0,0,0,0,0,0,0,0,0,0
121603,1,1,0,0,0,0,0,0,0,0,0,0
121604,1,1,0,0,0,0,0,0,0,0,0,0
121604,2,1,0,0,0,0,0,0,0,0,0,0
121605,1,1,0,0,20,0,0,0,0,0,0,0
121606,0,1,0,0,11,4,0,0,0,0,0,0
121606,1,1,7,12,0,9,0,0,15,0,23,22
121607,1,1,0,0,0,0,0,0,0,0,0,0
121607,2,1,0,0,0,0,0,0,0,0,0,0
121608,1,1,0,0,0,0,0,0,0,0,0,0
121608,2,1,0,0,0,0,0,0,0,0,0,0
121609,1,1,0,0,0,6,3,27,0,13,0,0
121610,1,1,0,0,0,0,0,0,0,0,0,0
121610,2,1,0,0,0,0,0,0,0,0,0,0
121612,1,1,14,0,0,8,8,12,0,12,29,11
121613,1,1,28,28,28,28,28,28,28,28,28,28
121614,1,1,0,0,0,0,0,0,0,0,0,0
121614,2,1,0,0,0,0,0,0,0,0,0,0
121615,0,1,0,0,21,0,0,30,0,0,0,15
121615,1,1,0,0,0,0,0,0,0,0,0,0
121616,1,1,0,0,0,0,0,0,0,0,0,22
121616,2,1,0,0,0,0,0,0,0,0,0,0
121617,1,1,0,0,0,0,0,0,0,0,0,0
121617,2,1,0,0,0,0,0,0,0,0,0,0
121618,0,1,25,44,0,0,28,0,4,22,26,3
121618,1,1,0,0,4,0,0,0,0,0,0,0
121619,1,1,0,0,0,0,0,0,0,0,0,0
121620,1,1,0,0,0,0,0,0,0,0,0,0
121621,0,1,0,0,0,0,0,0,0,0,0,0
121621,1,1,0,0,0,0,0,11,17,0,0,0
121622,1,1,35,35,35,35,35,35,35,35,35,35
121623,0,1,6,0,0,0,29,32,19,0,33,22
121623,1,1,0,0,0,0,26,0,24,0,0,0
121624,1,1,0,0,0,0,0,0,0,0,0,0
121625,1,1,0,0,0,5,0,0,0,0,0,22
121625,2,1,0,0,0,0,0,0,0,7,0,0
121626,0,1,0,0,0,0,0,0,0,0,0,0
121626,1,1,0,0,0,0,0,0,0,0,0,0
121627,1,1,30,30,30,30,30,30,30,30,30,30
121628,1,1,16,11,0,16,32,31,20,9,10,19
121628,2,1,18,0,0,0,0,0,0,0,0,0
121628,3,1,0,0,0,0,0,0,0,0,0,0
121629,1,1,0,0,0,0,0,0,0,0,0,0
121629,2,1,0,0,0,0,0,18,0,14,0,0
121630,1,1,0,0,0,0,0,0,0,0,0,0
121631,0,1,0,0,0,0,0,0,0,0,0,0
121631,1,1,0,0,0,0,0,0,0,0,0,0
121632,1,1,0,0,10,0,0,5,0,0,0,14
121633,1,1,0,0,0,0,0,0,0,0,0,0
121634,1,1,0,0,0,0,0,0,0,0,0,0
121635,1,1,18,18,18,18,18,18,18,18,18,18
121636,1,1,0,0,0,0,0,0,0,0,0,0
121636,2,1,0,0,0,0,0,0,0,0,0,0
121638,1,1,18,18,18,18,18,18,18,18,18,18
121639,1,1,0,0,0,0,0,0,0,0,0,0
121639,2,1,0,0,0,0,0,0,0,0,0,0
121640,0,1,29,31,11,24,23,17,41,10,15,0
121640,1,1,0,0,0,0,0,0,0,0,0,0
121641,1,1,0,0,0,0,0,0,0,0,0,0
121641,2,1,0,0,0,0,0,0,0,0,0,0
121642,1,1,0,0,0,0,0,0,0,0,0,0
121643,1,1,15,15,15,15,15,15,15,15,15,15
121644,1,1,30,30,30,30,30,30,30,30,30,30
121644,2,1,0,0,0,0,0,0,0,0,0,0
121645,0,1,0,34,9,0,0,0,14,0,0,0
121645,1,1,0,0,0,0,0,0,0,0,0,0
121646,0,1,6,6,6,6,6,6,6,6,6,6
121646,1,1,0,3,0,0,12,0,0,0,0,0
121647,1,1,0,27,0,0,0,0,0,0,0,0
121647,2,1,0,0,0,0,0,0,0,0,0,0
121648,0,1,0,0,0,0,0,0,0,0,0,0
121648,1,1,0,0,11,0,0,0,0,0,0,0
121649,1,1,23,14,8,9,0,11,20,7,13,26
121649,2,1,0,0,0,0,0,0,0,0,0,0
121650,1,1,0,0,0,0,0,0,0,0,0,0
121650,2,1,12,0,0,0,0,0,7,0,0,8
121651,1,1,0,0,0,0,0,0,0,0,0,0
121651,2,1,0,0,0,0,0,0,18,0,12,0
121652,1,1,0,0,0,0,0,0,0,0,0,0
121653,1,1,0,0,0,12,11,0,0,0,0,0
121654,1,1,0,0,0,0,0,0,0,0,0,0
121654,2,1,0,0,0,0,0,0,0,0,0,0
121655,0,1,6,6,6,6,6,6,6,6,6,6
121655,1,1,0,0,0,0,0,0,0,0,0,0
121655,2,1,0,0,0,0,0,0,0,17,0,0
121656,1,1,23,23,23,23,23,23,23,23,23,23
121656,2,1,0,0,0,0,0,0,0,0,0,0
121657,1,1,0,6,0,0,0,0,0,0,0,0
121657,2,1,12,0,0,0,0,0,0,0,0,0
121657,3,1,0,0,0,0,0,0,0,8,0,0
121658,1,1,0,0,0,9,0,27,0,0,0,41
121659,0,1,0,0,0,0,0,0,0,0,0,0
121659,1,1,0,0,0,0,0,0,0,0,0,0
121660,0,1,0,0,0,0,0,0,0,0,0,0
121660,1,1,0,0,0,0,0,0,0,0,0,0
121661,0,1,0,0,0,0,0,0,0,0,0,0
121661,1,1,0,0,0,0,0,0,0,0,0,0
121662,1,1,0,0,0,0,0,0,0,0,0,0
121662,2,1,0,0,0,0,0,0,0,0,0,0
121663,1,1,0,0,0,0,0,0,0,0,0,0
121663,2,1,0,0,0,0,0,0,0,0,0,0
121663,3,1,0,0,11,0,0,0,0,0,0,0
121664,1,1,14,14,14,14,14,14,14,14,14,14
121664,2,1,0,0,0,0,28,0,0,0,0,44
121665,1,1,0,20,21,0,0,0,9,0,12,0
121666,0,1,0,0,0,8,0,13,0,27,15,0
121666,1,1,0,0,0,0,0,0,0,0,0,0
121667,0,1,19,18,0,4,18,5,0,16,20,10
121667,1,1,0,16,0,0,0,0,0,0,0,2
121670,1,1,0,0,0,0,0,0,0,0,0,0
121670,2,1,0,0,0,0,0,0,0,0,0,0
121671,1,1,15,6,15,11,15,11,7,8,0,17
121671,2,1,0,0,0,10,0,26,6,23,0,0
121672,0,1,9,14,21,31,0,21,5,0,0,0
121672,1,1,0,0,0,0,0,0,0,0,0,0
121673,0,1,13,35,0,17,26,32,0,0,0,0
121673,1,1,5,0,17,0,0,32,0,0,0,0
121674,1,1,0,0,15,0,0,0,0,0,0,0
121674,2,1,0,0,0,0,0,0,28,21,0,0
121675,0,1,36,0,6,0,18,11,0,6,0,12
121675,1,1,15,0,20,14,0,36,0,0,17,0
121676,1,1,13,0,0,0,0,0,0,0,0,0
121676,2,1,0,0,0,0,0,0,0,0,0,0
121677,1,1,0,0,0,0,0,0,0,0,0,0
121677,2,1,0,0,0,0,0,0,0,0,0,0
121678,1,1,0,0,0,0,0,0,0,0,0,0
121679,0,1,19,0,0,25,0,0,19,0,17,22
121679,1,1,0,17,0,0,0,0,0,0,0,0
121680,1,1,37,0,0,20,0,0,0,0,0,8
121682,1,1,0,0,0,18,0,0,0,0,15,0
121683,1,1,13,13,13,13,13,13,13,13,13,13
121684,1,1,30,30,30,30,30,30,30,30,30,30
121685,1,1,0,20,0,0,0,0,0,24,0,0
121686,1,1,12,12,12,12,12,12,12,12,12,12
121687,0,1,19,19,19,19,19,19,19,19,19,19
121687,1,1,3,11,17,32,7,11,27,0,27,31
121688,0,1,40,40,40,40,40,40,40,40,40,40
121688,1,1,0,0,0,0,0,0,0,0,0,0
121689,1,1,0,0,0,0,0,0,0,0,0,0
121689,2,1,0,0,0,0,15,0,0,0,0,0
121690,1,1,0,0,22,0,0,0,0,0,0,0
121690,2,1,0,0,0,0,0,0,0,0,0,0
121691,0,1,0,0,0,28,0,0,12,0,0,0
121691,1,1,0,19,0,0,0,0,0,0,0,0
121692,1,1,29,29,29,29,29,29,29,29,29,29
121693,0,1,0,0,0,0,0,0,0,0,0,0
121693,1,1,0,0,0,0,0,0,0,0,0,0
121694,0,1,0,33,0,5,0,0,0,0,0,0
121694,1,1,0,0,0,0,0,0,0,0,0,0
121695,1,1,0,0,0,0,0,0,0,0,0,0
121695,2,1,0,0,0,0,0,0,0,0,0,0
121696,1,1,0,13,0,0,0,0,0,0,0,9
121697,1,1,26,0,0,0,0,0,0,0,0,17
121698,1,1,0,12,0,0,0,0,18,0,0,0
121698,2,1,0,0,0,0,0,16,13,26,0,0
121699,1,1,13,13,13,13,13,13,13,13,13,13
121700,0,1,19,23,14,31,3,6,0,22,20,0
121700,1,1,0,0,0,0,4,7,0,0,0,0
121701,1,1,22,22,22,22,22,22,22,22,22,22
121702,1,1,0,0,0,0,0,0,0,0,0,0
121703,1,1,14,14,14,14,14,14,14,14,14,14
121703,2,1,0,0,0,0,0,0,0,0,0,0
121704,1,1,0,0,0,0,0,0,0,0,0,0
121704,2,1,0,15,0,0,0,0,0,0,0,0
121704,3,1,0,0,0,0,0,0,0,0,0,0
121705,1,1,16,16,16,16,16,16,16,16,16,16
121706,0,1,0,0,0,0,0,0,0,0,0,0
121706,1,1,0,0,0,0,0,0,0,0,0,0
121707,1,1,0,0,0,0,0,0,0,0,0,0
121707,2,1,0,0,0,0,0,0,0,0,0,0
121707,3,1,0,0,0,0,0,0,0,0,0,0
121708,0,1,0,0,0,0,0,0,0,0,0,0
121708,1,1,0,0,0,0,0,0,0,20,0,0
121710,1,1,0,0,16,16,4,6,17,0,0,0
121710,2,1,0,0,0,0,0,0,0,0,0,0
121711,1,1,18,18,18,18,18,18,18,18,18,18
121711,2,1,0,0,0,0,0,0,0,0,0,0
121711,3,1,0,0,0,0,0,0,0,0,0,0
121712,0,1,0,29,0,33,13,0,0,0,11,0
121712,1,1,0,0,0,0,0,0,0,0,0,0
121713,0,1,0,0,0,0,0,0,0,15,0,0
121713,1,1,0,0,0,0,0,0,0,0,0,0
121714,1,1,0,0,0,0,0,0,0,0,0,0
121714,2,1,0,0,0,0,0,0,0,0,0,0
121715,1,1,26,26,26,26,26,26,26,26,26,26
121715,2,1,0,0,0,0,0,0,0,0,0,0
121716,1,1,0,0,0,0,0,0,0,0,0,0
121716,2,1,0,0,0,0,0,0,0,0,0,0
121717,1,1,0,0,0,0,0,0,0,0,0,0
121717,2,1,0,0,0,0,0,0,0,0,0,0
121718,1,1,0,0,0,0,0,0,0,0,0,0
121718,2,1,15,15,15,15,15,15,15,15,15,15
121719,0,1,0,0,0,0,0,0,0,0,0,0
121719,1,1,6,0,0,1,8,9,0,9,0,14
121720,1,1,0,0,0,0,0,0,0,0,0,0
121720,2,1,0,0,0,12,0,0,0,0,0,0
121721,1,1,0,0,0,0,10,7,0,0,0,0
121721,2,1,0,0,0,0,0,31,0,0,0,0
121721,3,1,0,0,0,0,0,0,0,0,0,11
121722,0,1,19,19,19,19,19,19,19,19,19,19
121722,1,1,0,0,25,0,9,0,0,0,0,0
121723,1,1,28,28,28,28,28,28,28,28,28,28
121724,1,1,0,0,0,0,0,0,0,0,0,0
121725,1,1,17,17,17,17,17,17,17,17,17,17
121726,1,1,17,17,17,17,17,17,17,17,17,17
121727,1,1,20,20,20,20,20,20,20,20,20,20
121727,2,1,0,0,0,0,0,0,0,0,0,0
121728,1,1,7,7,7,7,7,7,7,7,7,7
121728,2,1,0,0,0,0,0,0,0,0,0,8
121729,1,1,0,0,0,0,23,0,0,0,0,0
121730,1,1,0,0,0,0,0,0,0,0,0,0
121731,1,1,0,0,0,0,0,0,0,29,0,0
121731,2,1,0,0,0,0,0,0,0,0,0,0
121732,1,1,12,0,0,0,0,23,0,0,15,0
121732,2,1,0,0,0,0,0,0,0,16,7,0
121733,1,1,0,0,10,0,0,0,0,0,0,0
121733,2,1,0,0,0,0,0,0,0,0,0,0
121734,1,1,0,0,0,25,0,0,0,0,0,0
121735,1,1,22,22,22,22,22,22,22,22,22,22
121735,2,1,0,0,0,0,0,0,0,0,0,0
121736,1,1,0,0,14,20,0,0,15,0,0,30
121736,2,1,0,15,0,0,14,0,0,0,10,0
121737,1,1,0,7,21,0,0,0,0,0,0,20
121737,2,1,0,0,0,0,0,0,0,0,0,0
121738,1,1,17,17,17,17,17,17,17,17,17,17
121740,1,1,0,0,0,0,0,0,0,0,0,0
121740,2,1,0,0,0,0,0,0,0,0,0,0
121741,1,1,0,0,0,0,0,0,0,0,0,0
121742,1,1,0,18,0,0,0,0,0,0,0,0
121742,2,1,0,0,0,0,0,0,0,0,0,0
121742,3,1,0,0,0,0,0,0,0,0,0,0
121744,0,1,0,0,10,34,34,0,0,0,0,41
121744,1,1,0,0,0,0,0,0,0,15,0,0
121745,0,1,0,0,0,0,0,0,0,0,0,0
121745,1,1,0,0,0,0,0,0,0,0,0,0
121746,1,1,0,0,0,0,0,0,0,0,0,0
121746,2,1,0,0,0,0,0,0,0,0,0,0
121746,3,1,0,0,0,0,0,0,0,0,0,0
121747,1,1,0,0,0,0,0,0,0,0,0,0
121748,1,1,17,17,17,17,17,17,17,17,17,17
121749,1,1,0,0,14,19,18,0,0,0,13,0
121750,1,1,0,0,0,0,0,0,14,0,34,13
121751,1,1,20,0,0,0,0,0,29,17,0,0
121752,1,1,0,0,0,0,0,0,0,0,0,0
121752,2,1,0,0,0,0,0,25,0,7,0,0
121753,0,1,0,0,22,0,0,0,0,0,0,32
121753,1,1,0,0,0,0,0,0,0,0,0,0
121754,1,1,0,0,0,0,0,0,0,0,17,0
121756,0,1,0,42,8,0,0,0,0,0,17,0
121756,1,1,8,7,14,5,2,9,0,0,0,5
121757,0,1,0,0,0,0,0,0,0,0,0,0
121757,1,1,0,0,0,0,0,0,0,0,0,0
121758,1,1,0,0,0,0,0,0,0,0,0,0
121758,2,1,10,0,0,0,0,0,0,0,0,0
121759,1,1,0,0,0,0,0,0,0,0,0,0
121759,2,1,0,0,0,0,0,0,0,0,0,0
121760,1,1,13,13,13,13,13,13,13,13,13,13
121761,0,1,4,4,4,4,4,4,4,4,4,4
121761,1,1,0,0,0,0,0,0,0,0,0,0
121762,1,1,0,0,0,6,21,0,0,0,0,0
121763,0,1,0,0,0,0,0,0,0,0,0,0
121763,1,1,0,0,0,0,0,0,0,0,0,0
121764,1,1,0,0,0,0,0,0,0,0,0,0
121764,2,1,0,0,0,0,0,0,0,0,0,0
121765,0,1,0,0,21,0,0,6,25,0,0,0
121765,1,1,0,0,0,0,0,0,21,0,0,0
121766,0,1,29,29,29,29,29,29,29,29,29,29
121766,1,1,0,8,0,0,0,0,0,0,0,0
121767,0,1,0,0,0,0,0,0,0,0,0,0
121767,1,1,0,0,0,15,38,11,0,0,0,11
121769,1,1,5,5,5,5,5,5,5,5,5,5
121770,1,1,0,0,0,0,0,0,22,0,0,0
121772,0,1,0,0,0,0,0,0,0,0,0,0
121772,1,1,0,0,0,0,0,0,0,0,0,0
121773,1,1,0,0,0,0,0,0,0,0,0,0
121773,2,1,0,0,0,0,20,0,0,0,0,0
121774,1,1,0,0,0,0,0,0,0,0,0,0
121775,0,1,24,24,24,24,24,24,24,24,24,24
121775,1,1,0,0,0,0,0,18,0,0,0,0
121776,1,1,0,0,0,0,0,0,0,0,0,0
121776,2,1,0,0,0,0,0,0,0,0,0,0
121777,0,1,0,15,0,0,0,0,0,0,0,0
121777,1,1,0,0,0,0,0,0,0,0,0,0
121778,0,1,0,0,0,0,0,0,0,0,0,0
121778,1,1,0,0,0,0,0,0,0,0,0,0
121778,2,1,0,0,0,0,0,0,0,0,0,0
121779,1,1,0,0,0,0,0,0,0,0,0,0
121779,2,1,0,0,0,0,0,0,0,0,0,0
121779,3,1,0,0,0,0,0,0,0,0,0,0
121780,1,1,9,9,9,9,9,9,9,9,9,9
121781,0,1,27,27,27,27,27,27,27,27,27,27
121781,1,1,0,0,0,16,0,0,0,0,27,0
121782,1,1,11,11,11,11,11,11,11,11,11,11
121782,2,1,0,8,0,0,0,0,0,0,3,0
121783,1,1,0,0,0,0,0,0,0,0,0,0
121784,1,1,0,0,14,0,0,0,0,0,0,0
121785,0,1,0,0,17,0,0,16,0,0,0,0
121785,1,1,0,0,0,0,0,0,0,0,0,0
121786,1,1,7,0,14,0,17,0,25,12,0,30
121787,0,1,0,0,0,0,0,0,0,0,0,0
121787,1,1,0,0,0,0,0,0,0,0,0,21
121789,1,1,0,0,0,0,0,0,0,0,0,0
121789,2,1,0,0,0,0,0,0,0,0,0,0
121790,1,1,0,0,0,0,0,20,11,0,0,13
121790,2,1,19,19,19,19,19,19,19,19,19,19
121791,0,1,0,0,32,0,0,0,0,0,0,25
121791,1,1,0,2,8,0,0,0,10,0,0,5
121792,0,1,0,0,0,0,0,0,0,0,0,0
121792,1,1,0,6,0,0,0,0,0,0,21,0
121793,0,1,27,27,27,27,27,27,27,27,27,27
121793,1,1,0,0,0,0,0,0,0,0,0,0
121794,0,1,0,0,0,0,0,0,0,0,0,0
121794,1,1,0,0,0,0,17,0,0,0,0,0
121795,1,1,0,0,0,0,0,0,0,0,0,0