ST_CASE,VEH_NO,PER_NO,P1,P2,P3,P4,P5,P6,P7,P8,P9,P10
121795,2,1,0,0,0,0,0,0,0,0,0,5
121796,1,1,0,0,0,0,0,0,0,0,0,0
121796,2,1,10,10,10,10,10,10,10,10,10,10
121797,1,1,0,0,0,0,0,0,0,0,0,0
121798,1,1,0,0,0,10,0,0,0,0,0,0
121798,2,1,0,0,0,0,0,0,0,0,0,0
121799,1,1,0,0,0,0,0,0,0,10,0,31
121799,2,1,0,0,0,0,0,0,0,0,10,0
121800,0,1,0,0,0,0,0,0,0,0,0,0
121800,1,1,0,0,0,0,0,0,0,0,0,0
121801,1,1,0,0,0,0,11,27,5,0,0,0
121801,2,1,0,0,0,0,0,0,0,0,0,0
121802,1,1,0,0,0,0,0,0,0,0,0,0
121802,2,1,0,0,0,0,0,0,0,0,0,0
121802,3,1,0,0,0,0,0,0,0,0,0,0
121803,1,1,24,24,24,24,24,24,24,24,24,24
121803,2,1,7,21,0,13,8,0,8,12,13,17
121804,0,1,0,0,0,0,0,0,0,0,0,0
121804,1,1,0,0,0,24,0,0,10,0,0,25
121805,1,1,0,0,14,0,0,0,0,0,9,0
121805,2,1,0,0,0,0,0,0,0,0,0,0
121806,1,1,21,21,21,21,21,21,21,21,21,21
121807,1,1,0,0,0,0,0,0,0,0,0,0
121809,0,1,31,31,31,31,31,31,31,31,31,31
121809,1,1,0,0,0,0,0,0,14,0,0,0
121810,0,1,0,0,0,0,0,0,0,0,0,0
121810,1,1,0,0,0,0,0,0,0,0,0,0
121811,0,1,0,0,0,0,0,0,0,0,0,0
121811,1,1,0,0,0,0,0,0,0,0,0,0
121812,1,1,0,18,0,6,10,0,0,17,15,23
121813,1,1,0,0,0,0,0,0,0,0,0,0
121813,2,1,0,0,0,0,0,0,0,0,0,0
121814,1,1,24,24,24,24,24,24,24,24,24,24
121815,1,1,0,0,0,0,0,0,0,0,0,0
121816,1,1,17,17,17,17,17,17,17,17,17,17
121817,1,1,0,10,0,0,0,0,0,0,0,0
121817,2,1,0,0,0,0,0,0,0,0,0,0
121818,0,1,51,43,14,44,0,23,20,13,15,31
121818,1,1,0,0,0,0,0,0,0,0,0,0
121819,0,1,0,39,15,37,12,22,14,34,40,12
121819,1,1,0,0,0,0,0,0,0,0,0,5
121820,1,1,20,20,20,20,20,20,20,20,20,20
121821,1,1,0,0,0,0,0,0,0,0,0,0
121822,1,1,20,20,20,20,20,20,20,20,20,20
121823,1,1,0,0,0,0,0,0,0,0,0,0
121823,2,1,0,0,0,0,0,0,0,0,0,0
121824,1,1,0,0,0,0,0,0,0,0,0,0
121825,1,1,0,0,0,0,0,17,21,0,24,0
121825,2,1,0,0,0,0,0,0,0,0,0,0
121826,1,1,0,0,0,0,0,0,0,0,0,0
121826,2,1,0,0,0,0,0,0,0,0,0,0
121826,3,1,0,0,0,0,0,0,0,0,0,0
121827,1,1,0,0,0,0,0,0,0,0,0,0
121827,2,1,0,0,0,0,0,0,0,0,0,0
121829,0,1,19,19,19,19,19,19,19,19,19,19
121829,1,1,10,4,13,3,13,0,5,0,0,3
121830,1,1,33,33,33,33,33,33,33,33,33,33
121830,2,1,4,4,4,4,4,4,4,4,4,4
121831,1,1,14,14,14,14,14,14,14,14,14,14
121832,0,1,0,0,0,0,0,0,0,0,0,0
121832,1,1,0,18,0,0,0,0,0,0,12,19
121833,1,1,0,0,17,34,26,0,18,20,0,29
121835,0,1,0,0,0,0,0,0,0,0,0,0
121835,1,1,0,0,0,0,0,0,0,0,0,0
121836,1,1,0,0,0,0,0,0,0,0,20,0
121836,2,1,0,0,0,0,0,0,0,0,0,0
121837,1,1,0,0,0,0,0,0,0,0,0,0
121837,2,1,0,0,0,0,0,0,0,0,0,0
121838,1,1,0,0,0,0,0,0,0,0,0,0
121838,2,1,0,0,0,0,0,0,0,0,0,0
121839,1,1,0,0,0,0,0,0,0,0,0,0
121840,1,1,0,0,0,0,0,0,0,0,0,0
121840,2,1,14,0,0,0,0,0,0,0,0,0
121841,0,1,0,0,0,0,0,0,0,0,0,0
121841,0,2,0,0,0,0,0,0,0,0,0,0
121841,1,1,0,26,0,0,0,0,0,0,0,0
121842,1,1,0,11,19,0,7,15,0,9,32,22
121842,2,1,0,0,0,0,0,0,0,0,0,0
121843,1,1,17,0,0,21,0,9,0,0,0,0
121843,2,1,8,21,18,29,0,47,49,24,14,21
121843,3,1,0,0,0,0,0,0,0,0,0,0
121844,1,1,0,0,0,0,0,0,0,0,0,0
121844,2,1,0,0,0,15,0,0,0,0,0,0
121846,1,1,19,19,19,19,19,19,19,19,19,19
121847,1,1,3,9,0,0,18,0,7,16,11,0
121848,1,1,13,13,13,13,13,13,13,13,13,13
121848,2,1,0,0,13,0,0,0,0,0,0,0
121849,1,1,19,27,0,0,0,0,0,0,0,0
121849,2,1,0,0,0,0,0,0,0,0,0,14
121851,1,1,0,0,0,5,0,0,0,0,0,0
121851,2,1,0,0,0,15,0,0,0,7,0,0
121852,0,1,16,0,28,0,0,38,0,0,0,0
121852,1,1,0,0,0,0,0,0,0,0,0,0
121853,1,1,0,0,0,0,0,0,0,0,0,0
121854,1,1,14,0,0,0,0,0,0,0,0,0
121854,2,1,0,0,0,0,0,0,0,0,0,0
121855,1,1,0,0,0,0,0,0,0,0,0,0
121855,2,1,0,0,0,0,0,0,0,0,0,0
121856,1,1,14,14,14,14,14,14,14,14,14,14
121857,0,1,0,0,0,0,0,0,0,0,0,0
121857,1,1,0,0,0,0,0,0,0,10,0,0
121857,2,1,0,0,0,0,0,0,0,0,0,0
121858,0,1,19,19,19,19,19,19,19,19,19,19
121858,1,1,0,0,0,0,7,0,0,0,0,0
121860,1,1,0,0,0,0,0,0,0,0,0,0
121860,2,1,0,0,0,0,0,0,0,0,0,0
121861,1,1,0,0,0,0,0,0,0,0,0,0
121861,2,1,0,0,0,0,0,0,0,0,0,0
121862,0,1,48,0,0,19,41,25,6,21,20,0
121862,1,1,0,0,0,0,0,0,0,0,0,0
121863,0,1,0,0,0,0,0,0,0,0,0,0
121863,1,1,0,0,0,0,0,0,0,0,0,0
121864,1,1,18,31,6,19,6,6,9,33,4,37
121864,2,1,0,0,0,0,0,0,0,0,0,0
121865,0,1,0,0,0,0,0,0,0,0,0,0
121865,1,1,0,0,0,0,0,0,0,0,0,0
121866,0,1,0,0,0,0,0,0,0,0,0,0
121866,0,2,24,17,20,0,9,9,16,27,24,0
121866,1,1,0,0,0,0,0,0,0,0,0,0
121867,0,1,15,19,0,0,0,13,0,0,0,0
121867,1,1,5,0,22,0,0,12,8,25,15,9
121868,1,1,3,0,0,0,0,0,0,0,0,0
121869,0,1,14,0,0,28,15,0,0,0,12,0
121869,1,1,18,13,0,0,18,0,16,1,0,0
121870,0,1,0,0,0,0,0,0,0,0,0,0
121870,1,1,0,0,0,0,0,0,0,0,0,0
121871,1,1,0,0,0,0,0,0,0,0,0,0
121871,2,1,0,0,0,0,0,0,0,0,0,0
121872,1,1,0,0,0,0,0,0,0,0,0,0
121872,2,1,0,0,0,0,0,0,0,0,0,0
121873,0,1,38,38,38,38,38,38,38,38,38,38
121873,1,1,0,0,6,0,0,0,0,0,0,0
121874,1,1,0,0,0,0,0,0,0,0,0,0
121874,2,1,0,0,0,0,0,0,0,0,0,0
121875,1,1,0,0,0,0,19,8,13,13,0,0
121876,0,1,0,0,0,0,0,0,0,0,0,0
121876,1,1,0,0,21,0,0,0,0,0,0,0
121878,0,1,34,34,34,34,34,34,34,34,34,34
121878,1,1,0,0,0,0,0,0,0,0,0,0
121879,1,1,0,0,0,0,0,0,0,0,0,0
121880,1,1,0,0,0,0,0,0,0,0,0,0
121880,2,1,0,16,0,0,0,0,0,0,0,0
121882,1,1,0,0,0,0,0,0,0,0,0,0
121882,2,1,0,0,0,0,0,0,0,0,0,0
121883,1,1,0,0,0,0,0,0,0,0,0,0
121884,0,1,14,14,14,14,14,14,14,14,14,14
121884,1,1,0,0,0,0,0,0,14,0,0,0
121885,1,1,0,0,0,0,0,0,0,0,0,0
121886,1,1,16,16,16,16,16,16,16,16,16,16
121886,2,1,0,0,0,0,0,0,0,0,0,0
121887,1,1,0,0,0,0,0,0,0,0,0,0
121887,2,1,0,0,0,0,0,0,0,0,0,0
121888,0,1,30,30,30,30,30,30,30,30,30,30
121888,1,1,0,0,0,0,0,0,0,0,0,0
121889,1,1,0,0,0,0,0,0,0,0,0,0
121889,2,1,0,0,0,0,0,0,0,0,0,0
121889,3,1,0,0,0,0,0,0,0,0,0,0
121890,1,1,0,0,0,2,0,0,0,0,0,0
121890,2,1,0,17,0,0,0,0,0,0,0,0
121891,1,1,39,39,39,39,39,39,39,39,39,39
121892,1,1,0,0,0,0,0,0,0,0,0,0
121893,0,1,31,31,31,31,31,31,31,31,31,31
121893,1,1,0,0,0,0,0,0,0,0,0,0
121894,0,1,0,0,0,0,0,0,0,0,0,0
121894,1,1,7,7,7,7,7,7,7,7,7,7
121895,1,1,0,7,0,0,0,0,0,0,0,0
121895,2,1,0,0,0,0,0,0,0,0,0,0
121897,1,1,12,12,12,12,12,12,12,12,12,12
121898,0,1,0,0,0,0,0,0,0,0,0,0
121898,1,1,0,0,0,0,0,0,0,0,0,0
121899,0,1,0,0,0,0,0,0,0,0,0,0
121899,1,1,0,0,0,0,0,0,0,0,0,0
121900,0,1,34,34,34,34,34,34,34,34,34,34
121900,1,1,0,0,0,27,0,21,0,0,0,0
121901,1,1,36,36,36,36,36,36,36,36,36,36
121902,1,1,0,0,0,4,0,21,0,0,0,0
121902,2,1,0,0,0,0,14,0,0,0,0,0
121903,1,1,0,0,0,0,0,0,0,0,0,0
121904,1,1,21,21,21,21,21,21,21,21,21,21
121904,2,1,0,0,0,0,0,0,0,0,0,0
121905,1,1,0,0,0,0,0,0,0,0,0,0
121905,2,1,0,0,0,0,0,0,0,36,22,0
121906,1,1,0,0,0,0,0,0,0,0,0,0
121906,2,1,0,0,0,0,0,0,0,0,0,0
121907,1,1,26,26,26,26,26,26,26,26,26,26
121908,1,1,15,6,8,8,11,13,14,7,17,11
121909,1,1,0,0,0,0,0,0,24,0,0,0
121909,2,1,0,0,0,0,0,0,0,0,0,0
121910,1,1,24,24,24,24,24,24,24,24,24,24
121911,1,1,0,15,0,0,0,0,0,0,0,0
121912,0,1,0,0,18,0,0,0,0,0,0,0
121912,1,1,0,0,0,0,0,0,0,0,0,0
121913,0,1,0,0,0,0,10,0,0,0,0,0
121913,1,1,0,0,0,0,7,0,0,24,0,0
121914,1,1,0,0,0,0,0,0,0,0,0,0
121915,1,1,0,0,0,0,0,7,0,0,0,0
121916,1,1,0,0,0,0,0,0,0,0,0,0
121916,2,1,0,0,0,0,0,0,0,0,0,0
121917,1,1,0,0,0,0,0,0,0,0,0,0
121917,2,1,0,0,0,0,12,0,0,0,0,0
121917,3,1,21,0,0,0,0,0,0,21,0,0
121918,1,1,0,13,0,0,0,0,0,0,0,0
121918,2,1,11,0,13,2,13,0,19,0,15,0
121919,1,1,0,0,19,10,0,20,10,14,0,8
121920,1,1,0,0,0,0,0,0,0,0,0,21
121920,2,1,0,22,0,0,0,0,0,0,0,0
121924,0,1,0,0,0,0,0,0,0,0,0,0
121924,1,1,0,0,0,0,0,0,0,0,0,0
121925,0,1,0,0,0,0,0,0,0,0,0,0
121925,1,1,0,0,0,0,0,0,0,0,0,0
121926,1,1,18,18,18,18,18,18,18,18,18,18
121926,2,1,0,0,0,0,0,0,0,0,0,0
121927,1,1,0,0,0,0,0,0,0,0,0,0
121927,2,1,7,0,0,0,0,0,0,14,0,0
121928,0,1,0,0,0,0,0,0,0,0,0,0
121928,1,1,0,0,0,0,0,0,0,0,0,0
121929,1,1,20,20,20,20,20,20,20,20,20,20
121930,1,1,0,0,0,0,0,0,0,0,0,0
121930,2,1,0,0,0,0,0,0,0,0,0,15
121930,3,1,0,0,0,0,0,0,0,0,0,0
121930,4,1,0,0,0,0,0,0,0,0,0,0
121930,5,1,0,0,0,0,0,0,0,0,0,0
121932,1,1,44,0,0,0,0,0,0,0,0,0
121932,2,1,0,0,0,0,0,0,0,0,0,0
121933,1,1,0,0,12,0,15,0,19,0,0,0
121933,2,1,0,0,0,0,0,0,0,0,0,0
121934,1,1,0,0,0,0,0,0,0,0,0,0
121934,2,1,0,0,0,0,0,0,0,0,15,0
121934,3,1,0,0,0,0,0,0,0,0,0,0
121934,4,1,0,0,13,0,0,0,0,0,0,0
121935,1,1,0,0,0,0,0,0,0,0,0,0
121935,2,1,0,0,0,0,0,28,0,0,0,0
121936,1,1,19,19,19,19,19,19,19,19,19,19
121937,0,1,0,0,0,0,0,26,0,0,0,0
121937,1,1,0,0,0,0,0,0,0,0,0,0
121938,1,1,0,0,0,0,0,0,0,0,0,0
121938,2,1,0,0,0,39,0,0,0,8,0,0
121939,1,1,14,14,14,14,14,14,14,14,14,14
121940,1,1,22,22,22,22,22,22,22,22,22,22
121940,2,1,0,0,0,0,0,0,0,0,0,0
121941,1,1,0,0,0,0,0,0,0,0,0,0
121941,2,1,0,29,0,0,0,0,0,0,0,0
121941,3,1,0,0,0,0,0,0,0,0,0,0
121942,1,1,0,0,0,0,0,0,0,0,0,0
121942,2,1,0,0,0,0,0,0,0,0,0,0
121943,1,1,0,0,0,0,0,0,0,0,0,0
121943,2,1,0,0,0,0,0,0,0,0,0,0
121943,3,1,0,0,0,0,0,0,0,0,0,0
121944,1,1,22,22,22,22,22,22,22,22,22,22
121944,2,1,0,0,0,0,0,0,0,0,0,0
121945,1,1,0,0,0,0,0,0,0,0,0,0
121947,1,1,0,17,9,0,11,0,0,0,0,0
121947,2,1,0,0,0,0,0,0,0,0,0,0
121948,0,1,0,0,0,0,0,0,0,0,0,0
121948,1,1,0,0,0,0,0,0,0,0,0,0
121949,1,1,0,0,0,0,0,7,0,0,0,0
121949,2,1,0,0,0,0,0,0,0,0,0,0
121950,1,1,17,0,13,0,0,0,0,0,7,10
121951,1,1,0,0,0,0,0,0,0,4,0,0
121951,2,1,0,0,0,0,0,0,0,0,0,0
121955,1,1,0,0,0,0,0,0,0,0,0,0
121955,2,1,0,0,0,0,0,0,0,0,0,0
121956,1,1,10,11,14,0,0,7,25,0,25,22
121957,0,1,24,24,24,24,24,24,24,24,24,24
121957,1,1,0,0,16,0,0,0,0,0,0,0
121958,1,1,0,0,0,0,0,0,21,0,0,0
121958,2,1,12,15,10,0,20,8,32,0,0,35
121959,1,1,15,11,5,14,14,16,0,7,18,24
121960,1,1,0,0,0,0,0,0,0,0,0,0
121960,2,1,17,0,0,0,0,0,0,0,0,0
121961,1,1,0,0,0,10,13,0,0,13,0,0
121961,2,1,0,0,0,0,0,17,0,0,0,0
121962,1,1,17,18,9,14,33,6,12,25,26,15
121962,2,1,0,0,0,0,22,0,0,5,0,0
121963,1,1,0,0,0,0,0,0,0,0,0,0
121963,2,1,0,0,0,0,11,0,0,0,0,0
121964,0,1,0,0,0,31,0,0,0,0,0,0
121964,1,1,0,7,0,0,0,0,0,0,0,0
121965,1,1,0,0,0,0,0,0,0,0,0,0
121965,2,1,0,0,0,0,0,0,0,0,0,0
121967,0,1,39,39,39,39,39,39,39,39,39,39
121967,1,1,0,4,0,0,0,0,0,0,0,0
121968,1,1,0,0,0,0,0,0,0,0,0,26
121968,2,1,0,0,0,0,0,0,0,0,0,0
121969,1,1,0,0,0,0,0,0,0,0,0,0
121969,2,1,0,0,0,0,0,0,0,0,0,0
121970,1,1,0,0,0,0,8,0,0,0,0,0
121970,2,1,10,0,0,0,0,0,12,0,0,0
121971,1,1,21,21,21,21,21,21,21,21,21,21
121972,1,1,0,0,0,0,0,0,16,0,0,0
121972,2,1,0,0,0,0,0,0,0,0,0,0
121973,1,1,25,20,12,8,19,18,32,15,26,11
121974,0,1,0,0,0,0,0,0,0,0,0,0
121974,1,1,0,0,0,0,0,0,0,0,0,0
121975,1,1,0,10,0,0,0,0,0,0,0,0
121975,2,1,0,0,0,0,0,0,0,0,0,0
121976,1,1,22,24,0,17,0,5,21,0,0,0
121976,2,1,0,0,17,0,0,0,0,0,0,0
121977,1,1,0,0,0,0,29,25,0,0,0,0
121977,2,1,2,2,2,2,2,2,2,2,2,2
121978,1,1,22,22,22,22,22,22,22,22,22,22
121979,1,1,11,11,11,11,11,11,11,11,11,11
121980,1,1,25,25,25,25,25,25,25,25,25,25
121981,1,1,16,16,16,16,16,16,16,16,16,16
121982,1,1,0,0,0,0,0,0,0,0,0,0
121982,2,1,0,0,0,0,0,0,0,0,0,0
121984,1,1,24,24,24,24,24,24,24,24,24,24
121985,0,1,0,0,0,0,0,0,0,0,0,0
121985,1,1,0,0,0,0,0,0,0,0,0,0
121986,1,1,0,0,0,0,0,0,0,0,0,0
121986,2,1,0,0,0,0,0,0,0,0,0,0
121987,0,1,10,10,10,10,10,10,10,10,10,10
121987,1,1,0,0,0,0,0,0,0,0,0,0
121988,0,1,0,0,23,0,0,10,0,5,28,0
121988,1,1,8,0,0,12,15,0,5,0,5,7
121989,1,1,0,0,0,8,0,0,0,0,0,0
121989,2,1,0,0,0,0,0,0,0,0,0,0
121990,1,1,0,0,0,0,0,0,0,0,0,0
121990,2,1,0,0,0,0,0,0,0,0,0,0
121991,1,1,0,18,17,0,0,0,26,0,14,0
121993,1,2,0,30,26,11,7,0,17,29,20,13
121994,1,1,0,0,0,0,0,0,0,0,0,0
121994,2,1,0,0,0,0,0,0,0,0,0,0
121995,0,1,10,10,10,10,10,10,10,10,10,10
121995,1,1,0,0,5,0,0,0,0,0,0,0
121996,0,1,39,21,0,14,0,0,0,21,0,42
121996,1,1,0,0,16,8,0,26,23,0,20,9
121997,0,1,24,24,24,24,24,24,24,24,24,24
121997,1,1,0,0,0,0,0,0,0,0,0,0
121998,0,1,21,21,21,21,21,21,21,21,21,21
121998,1,1,0,22,0,0,26,0,0,0,27,0
121999,1,1,0,0,0,0,0,0,0,0,0,0
121999,2,1,0,0,0,0,0,0,0,0,0,0
122000,1,1,14,14,14,14,14,14,14,14,14,14
122002,1,1,10,19,19,0,0,0,0,0,0,0
122002,2,1,0,0,0,0,16,11,0,0,0,0
122003,0,1,18,18,18,18,18,18,18,18,18,18
122003,1,1,0,24,0,0,7,20,10,0,0,5
122004,0,1,7,7,7,7,7,7,7,7,7,7
122004,1,1,0,0,0,0,0,25,6,0,0,0
122005,1,1,0,0,0,0,0,0,0,0,0,0
122006,1,1,0,0,0,0,0,0,0,0,0,0
122006,2,1,0,0,0,0,0,0,0,0,0,0
122007,1,1,15,15,15,15,15,15,15,15,15,15
122008,1,1,0,0,0,0,0,0,0,0,0,0
122008,2,1,0,0,0,0,0,0,0,0,0,0
122008,3,1,0,0,0,0,0,0,12,0,0,0
122009,1,1,0,0,0,0,0,0,0,0,0,0
122009,2,1,0,0,0,0,0,0,0,0,0,0
122010,1,1,0,0,0,0,0,0,0,0,0,0
122010,2,1,0,6,0,0,0,0,0,0,0,0
122011,1,1,0,0,0,0,0,0,0,0,0,0
122011,2,1,0,0,0,0,0,0,0,0,0,0
122012,0,1,29,29,29,29,29,29,29,29,29,29
122012,1,1,0,0,0,0,0,0,0,0,20,0
122013,1,1,0,0,0,0,0,0,0,0,0,0
122013,2,1,0,0,0,0,0,0,0,0,0,0
122013,3,1,0,0,0,0,0,0,0,0,0,0
122014,1,1,0,0,0,0,0,0,0,0,0,0
122014,2,1,0,0,0,0,0,0,0,0,0,0
122015,0,1,0,0,0,0,0,0,0,0,0,0
122015,1,1,0,0,0,0,0,0,0,0,0,0
122016,1,1,0,0,0,0,0,0,0,0,0,0
122017,0,1,27,0,20,0,0,0,0,0,0,0
122017,1,1,0,0,10,0,0,0,0,0,0,0
122018,1,1,0,0,0,0,0,0,0,0,0,0
122018,2,1,0,0,0,0,0,0,9,0,9,0
122019,0,1,0,0,0,0,0,0,0,0,0,0
122020,1,1,0,0,0,0,0,0,0,0,0,0
122020,2,1,0,0,0,0,0,0,0,0,0,0
122022,0,1,0,0,0,0,0,0,0,0,0,0
122022,1,1,0,0,0,0,0,0,0,21,0,0
122023,1,1,0,0,0,0,0,0,0,0,0,0
122024,0,1,28,7,7,18,3,27,21,15,6,14
122024,1,1,0,0,0,0,0,0,19,0,0,0
122025,0,1,0,0,37,12,19,22,0,0,0,0
122025,1,1,0,0,0,0,0,0,0,0,0,0
122026,1,1,0,0,0,0,0,0,0,0,0,0
122026,2,1,0,0,0,0,0,0,0,0,0,0
122027,0,1,0,0,0,0,0,0,0,0,0,0
122027,1,1,0,0,0,0,0,0,0,5,0,0
122028,1,1,16,16,16,16,16,16,16,16,16,16
122029,1,1,0,0,0,0,0,0,0,0,0,0
122030,0,1,0,0,0,0,0,0,0,0,0,0
122030,1,1,0,0,0,33,0,0,17,0,0,0
122031,1,1,0,0,0,0,0,4,0,7,0,0
122031,2,1,0,0,0,0,0,0,0,0,0,0
122031,3,1,0,0,0,0,0,0,0,0,0,0
122032,0,1,31,31,31,31,31,31,31,31,31,31
122032,1,1,0,0,0,0,0,0,0,0,0,19
122033,1,1,0,0,0,0,0,0,0,0,0,0
122033,2,1,0,0,0,0,0,0,0,0,0,0
122034,1,1,0,0,0,0,0,0,0,0,0,0
122034,2,1,0,0,0,0,0,0,0,0,0,0
122035,1,2,0,0,0,0,0,0,0,0,0,0
122036,1,1,0,0,0,0,0,0,0,0,0,0
122037,0,1,0,0,0,0,0,0,0,0,0,0
122037,1,1,0,0,0,0,0,0,0,0,0,0
122038,1,1,0,0,0,0,0,0,0,0,0,0
122038,2,1,0,0,0,0,0,0,0,0,0,0
122038,3,1,0,0,0,0,0,0,0,0,0,0
122038,4,1,0,0,0,0,0,0,0,0,0,0
122038,5,1,0,0,0,0,0,0,0,0,0,0
122038,6,1,0,0,0,0,0,0,0,0,0,0
122039,1,1,0,0,0,0,0,0,0,0,0,0
122039,2,1,0,0,0,0,0,0,0,0,0,0
122040,1,1,21,21,21,21,21,21,21,21,21,21
122040,2,1,0,0,0,0,0,0,0,0,0,0
122041,1,1,6,6,6,6,6,6,6,6,6,6
122041,2,1,0,0,0,0,0,0,0,0,0,0
122042,0,1,17,0,0,0,0,16,0,0,0,0
122042,1,1,0,0,0,0,0,0,0,0,0,0
122043,1,1,0,0,0,0,0,0,0,0,0,0
122043,2,1,0,0,0,0,0,0,0,0,0,0
122044,0,1,0,0,0,0,0,0,0,0,0,0
122044,1,1,0,0,0,0,0,0,0,0,0,0
122045,1,1,0,0,0,7,0,22,0,30,0,0
122046,1,1,0,0,0,0,0,0,0,0,0,0
122047,1,1,28,0,10,39,0,0,0,13,24,0
122048,1,1,0,0,0,0,0,0,0,0,0,0
122048,2,1,0,21,0,6,0,0,11,24,7,12
122049,0,1,0,0,0,0,0,0,0,0,0,0
122049,1,1,20,0,27,0,0,0,0,0,0,0
122050,1,1,0,0,23,0,0,0,0,0,10,0
122050,2,1,0,0,0,0,0,0,0,0,0,0
122051,1,1,0,0,0,0,0,0,0,0,0,0
122051,2,1,0,0,0,0,0,0,0,0,0,0
122052,1,1,0,18,0,0,20,17,0,0,0,0
122053,0,1,0,0,0,0,0,0,0,0,0,0
122053,1,1,0,0,17,0,0,13,0,0,0,0
122054,1,1,0,0,0,0,0,0,0,0,0,0
122055,1,1,0,0,0,0,0,0,0,0,0,0
122055,2,1,0,0,0,0,0,0,0,0,0,0
122056,1,1,0,0,0,0,30,0,0,0,0,0
122057,1,1,0,0,0,0,0,0,0,0,0,0
122057,2,1,0,0,0,0,0,0,0,0,0,22
122058,1,1,0,0,0,0,0,0,0,0,0,0
122058,2,1,25,12,0,12,0,11,0,0,11,0
122059,1,1,23,24,22,24,20,32,7,16,15,7
122059,2,1,0,0,0,0,0,0,0,0,0,0
122060,0,1,0,0,0,0,0,0,0,0,0,0
122060,1,1,0,0,0,19,0,0,0,0,0,0
122061,0,1,0,0,0,0,0,0,9,0,0,0
122061,1,1,0,0,0,0,0,0,0,14,0,0
122062,1,1,0,0,28,0,0,17,0,0,0,18
122063,1,1,0,0,0,0,0,0,0,0,0,0
122064,1,1,0,0,0,0,20,0,0,18,0,0
122064,2,1,0,0,0,0,0,0,4,0,0,0
122065,1,1,12,12,12,12,12,12,12,12,12,12
122065,2,1,0,0,0,0,0,0,0,12,0,0
122066,0,1,18,25,4,0,37,26,0,0,24,47
122066,1,1,0,0,0,0,0,15,21,0,0,0
122067,1,1,0,0,0,0,0,0,0,0,0,0
122067,2,1,0,0,0,0,0,0,0,0,0,0
122068,1,1,0,0,0,0,0,0,0,0,0,0
122068,2,1,0,0,0,0,0,0,0,0,0,0
122070,1,1,0,0,0,0,0,0,0,0,0,0
122070,2,1,0,0,0,0,0,0,0,0,0,2
122071,1,1,0,22,0,10,0,0,0,0,0,0
122072,1,1,25,25,25,25,25,25,25,25,25,25
122073,1,1,0,0,0,0,0,0,0,0,0,0
122073,2,1,0,0,0,7,0,0,0,0,0,0
122074,1,1,0,0,0,0,7,0,16,0,0,0
122074,2,1,0,0,0,0,0,0,0,0,0,0
122075,1,1,20,12,14,6,12,12,16,16,12,28
122076,1,1,0,0,0,0,0,0,0,0,0,0
122076,2,1,0,0,0,0,0,0,0,0,0,0
122077,1,1,0,0,0,0,0,0,0,0,0,5
122077,2,1,0,0,0,0,0,0,0,0,0,0
122078,1,1,0,0,0,0,0,0,0,0,0,0
122078,2,1,31,31,31,31,31,31,31,31,31,31
122079,1,1,0,0,0,0,0,0,0,0,0,0
122079,2,1,0,0,0,0,0,0,0,0,0,0
122080,0,1,0,0,0,0,0,48,0,0,0,0
122080,1,1,0,0,0,16,0,0,0,0,0,12
122081,1,1,28,28,28,28,28,28,28,28,28,28
122082,1,1,0,0,0,0,0,0,0,0,0,0
122082,2,1,0,0,0,0,6,0,0,0,0,0
122084,1,1,0,0,0,0,0,0,0,0,14,0
122084,2,1,0,21,0,13,0,0,0,0,0,0
122085,1,1,0,0,0,0,0,0,0,0,0,0
122085,2,1,0,0,0,0,0,0,0,0,0,0
122086,1,1,18,0,0,0,9,0,0,0,23,0
122087,1,1,0,0,0,0,0,0,0,0,18,0
122087,2,1,0,0,0,0,0,0,0,0,0,0
122088,1,1,0,0,0,0,0,0,14,0,0,0
122088,2,1,0,0,0,0,0,0,0,0,0,12
122089,0,1,0,0,0,0,0,0,0,0,0,32
122089,1,1,0,3,0,0,9,6,0,0,0,0
122090,1,1,14,0,21,0,21,24,0,0,13,16
122091,0,1,0,0,0,0,0,0,0,0,0,0
122091,1,1,13,16,0,0,17,0,0,0,0,13
122092,0,1,19,19,19,19,19,19,19,19,19,19
122092,1,1,0,0,13,0,0,0,0,0,0,0
122093,1,1,0,0,0,0,0,0,0,0,0,7
122094,1,1,0,0,0,0,0,0,0,0,0,0
122094,2,1,0,0,0,0,0,0,0,0,0,0
122095,1,1,20,20,20,20,20,20,20,20,20,20
122096,1,1,0,0,5,14,0,0,0,0,0,27
122097,0,1,0,0,0,0,0,0,0,0,0,0
122097,1,1,0,0,0,0,0,0,0,0,0,0
122098,1,1,13,13,13,13,13,13,13,13,13,13
122099,0,1,0,0,0,0,0,0,0,0,0,0
122099,1,1,0,5,10,5,2,15,0,0,2,4
122100,1,1,0,0,0,0,0,0,0,0,0,0
122100,2,1,0,0,0,0,0,0,0,0,14,0
122101,1,1,0,0,0,0,0,0,0,0,0,0
122102,1,1,0,0,0,0,0,0,0,0,0,0
122103,1,1,0,0,0,10,0,0,0,0,0,0
122103,2,1,0,0,0,0,0,0,0,0,0,0
122104,1,1,0,0,0,0,0,0,0,0,0,0
122104,2,1,0,0,0,0,0,0,0,0,0,0
122105,0,1,28,28,28,28,28,28,28,28,28,28
122105,1,1,0,0,17,0,0,0,0,0,0,0