ST_CASE,VEH_NO,PER_NO,P1,P2,P3,P4,P5,P6,P7,P8,P9,P10
122392,6,1,0,0,0,0,0,0,0,0,0,0
122392,7,1,0,0,0,0,0,0,0,0,0,0
122392,8,1,0,26,0,0,0,0,0,0,0,0
122392,9,1,0,0,0,0,0,0,0,0,0,0
122392,10,1,0,0,0,0,0,0,0,0,0,0
122393,0,1,0,44,27,27,0,25,14,0,0,0
122393,1,1,0,0,0,0,4,0,0,0,0,14
122394,0,1,0,0,0,0,0,0,0,0,0,0
122394,1,1,0,0,0,0,0,0,15,0,0,0
122395,1,1,0,0,0,0,0,0,0,0,0,0
122396,1,1,0,0,0,0,0,0,0,0,0,0
122397,1,1,19,19,19,19,19,19,19,19,19,19
122398,1,1,15,18,19,11,23,20,21,19,17,13
122399,0,1,0,0,0,0,0,0,0,0,0,0
122399,1,1,10,0,0,0,0,22,0,0,0,19
122400,1,1,0,0,0,0,0,0,0,0,0,0
122400,2,1,0,0,0,0,0,0,7,0,0,0
122401,1,1,0,0,0,0,0,0,0,0,0,0
122401,2,1,0,0,0,0,0,0,0,0,0,0
122402,1,1,0,0,0,0,0,0,0,0,0,0
122402,2,1,0,0,0,0,0,4,0,0,0,0
122403,1,1,0,0,0,0,0,0,0,0,0,0
122403,2,1,0,0,0,0,0,0,0,0,0,0
122404,1,1,0,0,0,0,0,0,0,0,0,0
122404,2,1,0,0,0,0,0,0,0,0,0,0
122406,1,1,0,15,0,0,0,0,0,0,0,0
122407,1,1,9,9,9,9,9,9,9,9,9,9
122408,0,1,0,0,0,0,0,0,0,0,0,0
122408,1,1,0,0,0,7,0,0,0,0,0,0
122408,2,1,0,0,0,0,0,0,0,10,0,0
122409,1,1,0,0,0,0,0,0,0,0,0,0
122410,1,1,0,0,0,0,0,0,0,0,0,0
122410,2,1,0,0,0,0,0,0,0,0,0,0
122411,1,1,19,19,19,19,19,19,19,19,19,19
122412,1,1,21,21,21,21,21,21,21,21,21,21
122412,2,1,0,0,0,0,0,0,0,0,0,0
122413,1,1,0,0,0,0,0,0,0,9,0,0
122413,2,1,0,18,0,0,0,0,0,7,12,0
122414,1,1,0,0,26,0,0,0,0,0,18,0
122415,1,1,0,0,0,0,0,0,0,0,0,0
122415,2,1,0,0,0,0,0,0,0,0,0,0
122416,0,1,26,26,26,26,26,26,26,26,26,26
122416,1,1,0,0,0,7,0,0,0,0,0,15
122417,1,1,22,21,0,17,10,13,38,0,0,0
122418,1,1,18,22,11,0,50,0,15,0,12,18
122419,0,1,0,0,0,0,0,0,0,0,0,0
122419,1,1,0,0,0,0,0,0,0,0,0,0
122420,0,1,0,0,0,0,0,0,0,19,0,0
122420,1,1,0,0,13,0,0,0,0,0,0,0
122421,1,1,20,12,14,16,9,8,0,10,0,12
122422,0,1,0,25,0,0,0,0,24,0,0,0
122422,1,1,0,0,0,0,0,0,0,0,0,0
122423,1,1,13,22,18,0,6,11,13,5,11,13
122425,1,1,16,25,10,9,28,0,0,18,0,9
122425,2,1,0,0,0,0,0,0,0,0,0,0
122426,1,1,13,18,17,13,18,20,10,11,14,14
122426,2,1,0,0,0,0,0,6,0,13,0,0
122427,0,1,22,22,22,22,22,22,22,22,22,22
122427,1,1,0,0,0,0,0,0,0,0,0,0
122428,1,1,0,0,0,0,0,0,0,0,0,0
122428,2,1,0,0,0,0,0,0,0,0,0,0
122429,1,1,0,0,0,0,0,34,5,0,0,0
122430,1,1,16,55,25,19,12,10,22,9,38,8
122431,0,1,0,0,0,0,0,0,0,0,0,0
122431,1,1,0,3,0,0,0,0,0,0,0,25
122432,0,1,16,16,16,16,16,16,16,16,16,16
122432,1,1,0,0,0,0,0,6,11,0,0,0
122433,1,1,12,12,12,12,12,12,12,12,12,12
122434,1,1,0,0,0,0,0,0,0,0,0,0
122434,2,1,0,0,0,0,0,0,0,0,0,0
122435,0,1,8,8,8,8,8,8,8,8,8,8
122435,1,1,0,0,0,0,0,13,0,0,0,0
122436,1,1,29,6,8,0,16,0,17,12,16,0
122436,2,1,0,0,0,7,0,0,0,0,0,0
122437,1,1,10,0,0,0,0,0,0,0,0,0
122438,1,1,0,0,0,0,0,0,0,0,0,0
122439,1,1,0,0,0,0,0,0,0,0,0,0
122439,2,1,0,0,0,0,0,0,0,0,0,0
122440,1,1,10,10,10,10,10,10,10,10,10,10
122440,2,1,0,0,8,0,0,0,0,24,0,0
122441,1,1,0,0,0,0,0,0,0,0,0,0
122442,0,1,19,19,19,19,19,19,19,19,19,19
122442,1,1,8,0,18,0,25,0,0,0,0,0
122443,1,1,0,0,0,0,0,0,0,0,0,0
122443,2,1,0,0,0,0,0,0,0,0,0,0
122444,1,1,0,0,0,0,0,0,0,0,19,0
122445,1,1,0,0,8,20,0,4,13,0,11,9
122445,2,1,0,22,0,0,0,0,0,0,0,0
122446,1,1,0,0,0,0,0,0,0,0,0,0
122447,0,1,35,35,35,35,35,35,35,35,35,35
122447,1,1,0,0,0,0,0,0,0,0,0,0
122449,1,1,0,0,0,0,0,0,0,0,0,0
122449,2,1,0,0,0,0,0,0,0,0,0,0
122450,1,1,0,0,0,0,0,0,0,0,0,0
122450,2,1,0,0,0,0,0,0,0,0,0,0
122452,1,1,0,24,0,0,0,0,0,15,0,0
122453,1,1,0,0,0,0,0,0,0,0,0,0
122453,2,1,0,0,0,0,0,0,0,0,0,0
122454,0,1,23,23,23,23,23,23,23,23,23,23
122454,1,1,0,0,0,0,0,0,0,0,0,0
122455,0,1,0,0,0,0,0,0,0,0,0,0
122455,1,1,0,0,0,0,0,0,0,0,0,0
122456,0,1,9,24,32,11,17,19,36,7,24,31
122456,1,1,0,0,0,0,0,0,0,0,0,0
122457,0,1,0,0,0,0,17,0,0,9,0,0
122457,1,1,0,0,0,0,0,13,3,0,0,0
122458,1,1,0,0,0,0,0,0,0,0,0,0
122458,2,1,0,0,0,0,25,0,0,0,0,0
122459,0,1,10,27,24,12,19,18,32,6,39,4
122459,1,1,10,25,0,6,23,8,45,24,0,0
122459,2,1,0,5,0,0,0,0,21,0,0,0
122461,1,1,0,0,0,0,0,0,0,0,0,0
122462,0,1,9,9,9,9,9,9,9,9,9,9
122462,0,2,11,0,14,0,0,0,0,0,0,24
122462,0,3,0,0,0,0,8,0,0,0,0,0
122462,1,1,20,0,0,0,11,0,0,0,0,0
122463,0,1,0,0,29,33,0,0,19,0,13,16
122463,1,1,10,8,12,8,19,0,0,0,10,0
122464,1,1,15,19,21,11,11,10,24,13,9,20
122465,0,1,19,0,0,0,4,0,21,0,16,0
122465,1,1,0,0,0,0,0,0,14,32,0,0
122466,1,1,0,0,0,0,0,0,0,0,0,0
122466,2,1,0,0,0,0,0,0,0,0,0,0
122467,1,1,18,0,0,15,27,21,0,16,19,0
122467,2,1,0,0,0,0,0,4,0,0,0,0
122468,1,1,26,26,26,26,26,26,26,26,26,26
122469,1,1,16,16,16,16,16,16,16,16,16,16
122470,1,1,0,0,24,0,0,0,0,28,0,0
122471,1,1,0,0,0,0,0,0,0,0,8,0
122472,1,1,21,0,0,0,0,0,0,0,0,0
122472,2,1,0,0,0,0,0,0,0,0,0,4
122472,4,1,0,0,0,0,0,0,0,0,0,0
122473,0,1,0,0,0,0,0,0,0,0,0,0
122473,1,1,0,0,0,0,0,0,0,0,0,0
122474,0,1,32,32,32,32,32,32,32,32,32,32
122474,1,1,0,14,0,0,0,0,0,0,0,0
122475,1,1,0,0,0,0,0,0,0,0,0,0
122475,2,1,0,0,0,0,0,0,0,0,0,0
122476,0,1,21,21,21,21,21,21,21,21,21,21
122476,1,1,0,0,0,0,0,0,0,0,0,0
122477,1,1,17,17,17,17,17,17,17,17,17,17
122478,0,1,0,0,0,0,0,0,0,0,0,0
122478,1,1,0,0,0,0,0,0,0,0,0,0
122479,1,1,13,13,13,13,13,13,13,13,13,13
122480,1,1,0,0,0,0,0,0,0,0,0,0
122480,2,1,0,0,0,0,0,0,0,0,0,0
122481,1,1,28,28,28,28,28,28,28,28,28,28
122482,1,1,0,0,0,0,0,0,0,0,0,0
122483,0,1,9,9,9,9,9,9,9,9,9,9
122483,1,1,0,0,0,0,0,0,0,11,24,8
122484,0,1,0,0,0,0,0,0,0,0,0,0
122484,1,1,0,0,17,0,0,0,0,0,0,0
122485,1,1,27,0,13,12,29,0,14,0,29,18
122486,0,1,0,0,0,0,0,0,0,0,0,0
122486,1,1,4,4,4,4,4,4,4,4,4,4
122487,1,1,28,28,28,28,28,28,28,28,28,28
122488,1,1,0,0,0,0,7,8,0,25,0,1
122488,2,1,0,0,0,0,0,0,0,0,0,17
122488,3,1,0,0,0,0,0,0,0,0,0,0
122488,4,1,0,0,0,0,0,0,0,0,0,0
122489,1,1,18,18,18,18,18,18,18,18,18,18
122489,2,1,0,0,0,11,0,0,0,0,0,0
122490,1,1,5,5,5,5,5,5,5,5,5,5
122490,2,1,0,0,0,0,0,0,0,0,0,0
122491,1,1,0,0,0,0,0,19,0,0,0,0
122492,0,1,39,39,39,39,39,39,39,39,39,39
122492,1,1,0,0,0,0,0,0,0,0,0,0
122492,2,1,0,9,0,0,0,12,11,0,0,0
122493,0,1,0,0,0,0,0,0,0,0,0,0
122493,1,1,0,0,0,0,0,0,17,0,0,0
122494,1,1,0,7,0,0,0,0,0,0,0,0
122495,0,1,0,8,0,0,0,0,0,23,0,0
122495,1,1,0,0,0,0,0,0,0,0,0,3
122496,1,1,0,0,0,0,14,0,0,13,0,17
122496,2,1,0,0,0,0,0,13,0,0,0,0
122496,3,1,0,0,0,0,0,0,0,14,0,0
122497,1,1,0,0,0,0,0,0,0,0,0,0
122497,2,1,8,0,0,0,0,0,0,0,0,0
122500,0,1,24,29,0,43,0,17,0,15,26,0
122500,1,1,0,0,0,0,0,0,0,0,0,16
122501,0,1,0,0,0,0,0,0,0,0,0,0
122501,1,1,0,0,0,0,0,0,0,0,0,10
122502,1,1,19,0,0,11,17,0,0,0,11,0
122503,1,1,0,0,23,0,0,0,0,0,0,0
122503,2,1,0,0,0,0,0,0,0,0,0,0
122503,3,1,0,0,0,0,0,0,0,0,0,0
122504,1,1,0,0,0,0,0,0,0,0,0,0
122506,1,1,0,0,0,0,0,0,0,0,0,0
122506,2,1,0,0,0,0,0,0,0,0,0,0
122507,1,1,0,0,0,0,0,0,0,0,0,0
122507,2,1,0,0,0,0,0,0,0,0,0,0
122508,1,1,12,12,12,12,12,12,12,12,12,12
122508,2,1,12,12,12,12,12,12,12,12,12,12
122509,1,1,0,0,0,0,0,0,0,0,0,0
122509,2,1,35,0,0,0,35,0,0,0,0,11
122509,3,1,0,0,0,0,0,0,0,0,0,0
122509,4,1,0,0,0,0,0,0,0,0,0,0
122510,1,1,0,0,0,0,0,0,0,0,0,0
122510,2,1,0,0,0,14,0,0,0,0,0,0
122510,3,1,0,0,0,0,0,0,0,0,0,0
122511,1,1,0,0,0,0,0,0,0,0,0,0
122511,2,1,0,0,0,0,0,0,0,0,0,0
122511,3,1,0,0,0,0,0,0,0,0,0,0
122511,4,1,0,0,0,0,0,0,0,0,0,0
122512,1,1,0,0,0,16,16,0,28,0,0,0
122512,2,1,0,0,0,0,0,0,0,0,0,0
122513,1,1,29,29,29,29,29,29,29,29,29,29
122513,2,1,0,0,0,0,0,0,0,0,0,0
122514,0,1,0,0,0,23,21,17,0,19,0,22
122514,1,1,11,11,11,11,11,11,11,11,11,11
122515,1,1,0,0,0,0,0,0,0,0,0,0
122515,2,1,0,0,0,0,0,0,0,0,0,0
122516,1,1,31,31,31,31,31,31,31,31,31,31
122516,2,1,0,15,0,0,0,0,0,0,0,0
122517,0,1,3,0,0,0,0,0,0,0,0,17
122517,1,1,0,0,0,0,0,0,0,0,0,0
122518,1,1,0,0,0,0,22,0,46,0,0,33
122519,0,1,19,19,19,19,19,19,19,19,19,19
122519,1,1,0,0,0,0,0,0,0,0,0,8
122519,2,1,0,0,0,0,0,0,19,0,14,0
122519,3,1,0,0,0,0,0,0,0,0,0,0
122520,1,1,0,0,0,0,0,0,0,0,0,0
122520,2,1,0,0,0,0,0,0,0,0,0,0
122520,3,1,0,0,0,0,0,0,0,0,0,0
122521,1,1,0,0,0,0,0,0,0,0,12,0
122521,2,1,0,0,0,0,0,0,0,0,0,0
122522,1,1,0,0,0,0,0,0,0,0,0,0
122522,2,1,0,0,0,0,0,0,0,0,0,0
122522,3,1,0,0,0,0,19,0,0,0,0,0
122523,1,1,0,0,0,0,0,0,0,0,0,0
122523,2,1,0,0,0,0,0,0,0,0,0,0
122524,1,1,23,23,23,23,23,23,23,23,23,23
122525,1,1,5,5,5,5,5,5,5,5,5,5
122525,2,1,0,0,0,0,7,0,0,0,0,17
122527,1,1,22,22,22,22,22,22,22,22,22,22
122527,2,1,0,0,0,0,0,0,0,0,0,0
122528,1,1,0,0,0,0,0,0,0,0,0,0
122528,2,1,0,0,0,0,0,0,0,0,0,0
122529,1,1,0,0,0,0,0,0,0,0,0,0
122529,2,1,0,0,0,0,0,0,0,0,0,0
122530,0,1,14,14,14,14,14,14,14,14,14,14
122530,1,1,0,0,10,0,32,9,0,8,0,0
122531,1,1,0,0,0,0,0,0,0,0,0,0
122531,2,1,0,0,0,0,0,0,0,0,0,0
122531,3,1,0,0,0,0,0,0,0,0,0,0
122532,0,1,0,0,0,0,0,0,0,0,0,0
122532,1,1,0,0,0,0,0,0,0,0,0,0
122533,0,1,0,0,0,0,0,0,0,0,0,0
122533,1,1,0,0,6,0,0,0,0,0,0,0
122533,2,1,0,0,0,9,0,0,0,0,6,0
122534,1,1,0,0,0,0,0,0,0,0,0,0
122534,2,1,0,0,0,0,0,0,0,0,0,0
122534,3,1,0,0,0,0,0,0,0,0,0,0
122535,1,1,0,0,0,0,0,0,20,0,0,0
122535,2,1,0,0,0,0,0,0,0,0,0,0
122536,1,1,25,0,0,0,0,0,0,0,0,0
122536,2,1,0,0,0,0,0,0,0,0,0,0
122537,1,1,0,0,0,0,0,0,0,0,0,0
122538,1,1,16,16,16,16,16,16,16,16,16,16
122539,0,1,13,37,29,16,29,22,32,21,18,8
122539,1,1,0,0,0,0,8,0,0,0,6,0
122540,0,1,0,0,0,0,0,0,0,0,0,0
122540,1,1,0,0,0,0,0,0,0,0,0,0
122541,1,1,0,0,0,0,0,0,0,0,0,0
122541,2,1,0,0,0,0,0,0,0,0,0,0
122542,1,1,0,0,0,0,0,0,0,0,0,0
122542,2,1,0,0,0,0,0,0,0,0,0,0
122543,1,1,0,0,0,0,0,0,0,0,0,0
122544,1,1,25,30,0,15,0,0,0,12,27,0
122545,1,1,0,36,0,0,0,0,0,0,0,0
122545,2,1,0,0,0,15,0,27,0,0,0,0
122546,0,1,0,0,0,0,0,0,0,0,0,0
122546,1,1,7,0,0,0,0,0,0,0,0,0
122548,1,1,0,26,15,0,21,16,19,0,11,43
122549,0,1,44,44,44,44,44,44,44,44,44,44
122549,1,1,0,14,0,0,9,0,0,0,0,0
122550,1,1,0,0,0,0,0,0,0,0,0,0
122550,2,1,0,0,0,0,0,0,0,0,0,0
122551,1,1,0,0,0,0,0,0,0,0,0,0
122551,2,1,0,0,0,0,0,0,0,0,0,0
122553,1,1,0,0,0,0,0,0,0,0,0,0
122554,0,1,6,6,6,6,6,6,6,6,6,6
122554,1,1,0,0,0,0,0,0,0,0,0,0
122555,1,1,0,0,0,0,0,0,0,0,0,0
122555,2,1,22,15,0,0,0,0,0,0,0,0
122556,0,1,0,0,0,0,0,0,0,0,0,0
122556,1,1,0,6,0,0,0,0,0,0,0,0
122557,1,1,0,0,0,0,0,12,0,0,0,0
122557,2,1,0,0,0,0,0,0,0,0,0,0
122558,1,1,8,8,8,8,8,8,8,8,8,8
122559,1,1,0,0,0,0,0,0,0,0,0,0
122559,2,1,0,0,0,0,0,0,0,0,0,0
122560,1,1,19,0,0,13,0,19,4,0,0,0
122561,0,1,22,22,22,22,22,22,22,22,22,22
122561,1,1,0,0,0,0,0,0,0,0,0,12
122562,1,1,18,18,18,18,18,18,18,18,18,18
122563,1,1,0,0,0,0,0,0,0,0,0,0
122563,2,1,0,0,0,0,0,0,0,0,0,0
122563,3,1,0,0,0,0,0,0,0,0,0,0
122563,4,1,32,0,0,0,0,0,0,0,0,0
122564,1,1,23,18,22,22,0,10,0,0,0,7
122565,1,1,0,0,0,0,0,0,0,0,0,0
122565,2,1,0,0,0,0,0,0,0,0,0,0
122567,1,1,0,0,0,21,0,0,0,0,0,6
122568,0,1,0,0,15,0,0,0,0,0,0,21
122568,1,1,11,0,20,19,18,27,11,19,24,0
122570,1,1,0,0,0,0,0,0,0,0,0,0
122571,1,1,0,0,0,15,0,35,0,4,0,15
122572,1,1,34,34,34,34,34,34,34,34,34,34
122572,2,1,0,0,0,0,0,0,0,0,0,0
122573,1,1,30,30,30,30,30,30,30,30,30,30
122575,0,1,0,0,0,0,12,0,0,0,30,0
122575,1,1,0,0,0,0,0,0,0,0,0,0
122576,0,1,0,0,0,0,0,0,0,0,0,0
122576,1,1,20,33,0,0,17,19,13,0,0,0
122577,1,1,0,0,0,0,0,0,0,0,0,0
122577,2,1,0,0,0,0,0,0,0,0,0,0
122578,1,1,0,0,0,0,0,0,0,0,0,0
122578,2,1,0,0,0,0,0,0,0,0,0,0
122579,1,1,0,11,21,17,0,0,0,0,0,0
122580,1,1,0,0,0,0,0,0,0,0,0,0
122581,1,1,0,0,0,0,0,0,0,0,0,0
122581,2,1,11,15,4,0,14,0,13,26,0,24
122582,0,1,0,0,0,0,0,0,0,0,0,0
122582,1,1,0,0,0,30,0,0,0,0,0,0
122583,1,1,0,0,14,0,0,0,0,0,9,0
122583,2,1,0,0,0,17,0,0,0,0,20,0
122583,3,1,0,0,0,0,0,0,0,0,0,0
122584,1,1,0,0,0,0,0,0,0,0,0,0
122584,2,1,0,0,0,0,0,0,0,0,0,0
122585,1,1,0,0,0,0,0,0,0,0,0,0
122585,2,1,0,0,15,0,16,0,0,0,18,0
122586,0,1,11,0,15,0,0,0,0,0,0,0
122586,1,1,0,0,0,0,11,0,0,0,0,0
122587,0,1,7,27,9,15,5,5,24,31,27,28
122587,1,1,0,0,0,0,19,0,0,0,0,0
122588,1,1,0,0,0,0,0,0,0,0,0,0
122589,1,1,0,0,0,0,0,0,0,0,0,0
122589,2,1,0,0,0,0,0,0,0,0,0,0
122589,3,1,0,0,0,0,0,15,0,0,0,0
122590,1,1,0,0,0,0,0,0,0,0,0,0
122590,2,1,12,12,12,12,12,12,12,12,12,12
122590,3,1,0,0,0,14,0,0,0,0,0,0
122590,4,1,0,0,0,0,0,0,0,0,0,0
122591,1,1,0,0,14,0,0,0,0,0,26,0
122591,2,1,25,0,25,18,0,10,0,12,0,0
122592,1,1,13,0,0,0,20,0,0,0,0,0
122593,0,1,0,0,0,0,0,0,0,0,0,0
122593,0,2,0,0,0,0,0,0,0,0,0,0
122593,0,3,0,0,0,0,0,0,0,0,0,0
122593,1,1,0,0,0,0,0,0,0,0,0,0
122595,1,1,0,0,0,0,0,0,0,0,0,0
122596,1,1,0,0,0,0,0,0,0,0,0,0
122596,2,1,4,4,4,4,4,4,4,4,4,4
122597,1,1,0,0,0,0,0,0,0,0,0,0
122597,2,1,0,0,0,0,0,0,0,0,0,0
122598,1,1,13,13,13,13,13,13,13,13,13,13
122599,1,1,0,0,10,10,0,0,0,0,0,0
122600,1,1,32,32,32,32,32,32,32,32,32,32
122602,1,1,32,32,32,32,32,32,32,32,32,32
122602,2,1,18,0,0,0,0,0,0,25,0,0
122603,1,1,0,16,0,0,0,0,0,0,0,0
122603,2,1,0,0,0,0,0,0,0,0,0,0
122605,1,1,0,0,0,0,0,0,0,0,0,0
122605,2,1,0,0,0,0,0,0,0,0,0,0
122606,1,1,0,0,0,0,0,0,0,0,21,0
122606,2,1,0,0,0,10,0,14,15,0,0,0
122607,0,1,0,15,0,0,0,22,14,0,0,0
122607,1,1,0,21,0,0,0,0,0,0,0,0
122608,1,1,0,0,0,23,0,9,18,0,0,0
122608,2,1,0,0,0,0,0,25,0,0,0,0
122610,1,1,21,14,7,6,15,15,4,12,14,16
122611,1,1,24,0,0,0,0,0,21,0,0,0
122612,1,1,20,0,0,0,0,18,0,0,0,0
122613,1,1,14,14,14,14,14,14,14,14,14,14
122613,2,1,11,28,0,0,0,0,13,0,0,7
122614,1,1,0,0,0,0,0,10,33,0,0,0
122615,1,1,16,16,16,16,16,16,16,16,16,16
122615,2,1,0,0,0,0,0,0,0,0,0,0
122616,1,1,0,0,0,0,0,21,0,0,0,0
122616,2,1,0,0,0,0,0,0,21,0,0,0
122617,0,1,14,23,0,6,0,4,30,4,0,21
122617,1,1,0,0,0,0,0,0,0,10,0,0
122618,1,1,0,0,0,0,0,0,0,0,0,0
122620,0,1,0,0,0,0,0,0,0,0,0,0
122620,1,1,0,0,0,0,0,0,0,0,0,0
122620,2,1,0,0,0,0,0,0,0,0,0,0
122620,3,1,0,0,0,0,0,0,0,0,0,0
122621,1,1,24,24,24,24,24,24,24,24,24,24
122622,1,1,0,0,0,0,0,0,0,0,0,0
122623,1,1,0,0,0,0,0,0,0,0,0,0
122623,2,1,0,0,0,0,0,0,0,0,0,0
122624,0,1,0,0,0,0,0,0,0,0,0,0
122624,1,1,0,0,0,0,0,0,0,0,0,18
122626,1,1,0,0,0,8,0,0,12,0,0,0
122627,0,1,0,0,0,0,0,0,41,0,0,0
122627,1,1,0,0,0,0,0,0,0,0,0,0
122627,2,1,0,0,0,0,20,0,0,0,0,0
122628,0,1,37,37,37,37,37,37,37,37,37,37
122628,1,1,0,0,0,0,0,0,0,0,12,0
122629,0,1,12,33,0,0,7,0,0,0,0,0
122629,1,1,0,0,0,0,0,0,0,14,0,0
122631,1,1,0,0,0,0,0,0,0,0,42,0
122631,2,1,0,0,0,0,0,0,0,0,0,0
122632,1,1,0,0,0,0,0,0,0,0,0,0
122632,2,1,0,0,13,0,0,0,0,0,0,0
122633,1,1,0,0,0,0,0,0,0,0,0,0
122633,2,1,0,0,0,0,0,0,0,0,0,0
122633,3,1,0,0,0,0,0,0,0,0,0,0
122634,1,1,0,0,0,0,0,0,0,0,0,0
122635,1,1,16,13,5,10,17,0,14,21,20,7
122636,1,1,0,0,0,0,0,0,0,0,0,0
122636,2,1,0,0,0,0,11,0,0,0,0,0
122637,1,1,14,14,14,14,14,14,14,14,14,14
122637,2,1,0,0,0,22,0,0,0,0,0,0
122638,1,1,15,15,15,15,15,15,15,15,15,15
122639,1,1,0,0,0,0,9,0,0,0,0,0
122639,2,1,0,0,0,0,0,0,0,0,0,0
122640,1,1,0,0,0,0,0,0,0,0,39,8
122640,2,1,0,0,0,0,0,0,0,0,0,0
122641,1,1,25,25,25,25,25,25,25,25,25,25
122641,2,1,0,0,0,0,0,0,0,0,0,0
122642,0,1,0,0,0,0,0,0,0,0,0,0
122642,1,1,0,0,0,0,0,0,0,0,0,0
122642,2,1,0,0,0,0,0,0,0,0,0,0
122643,1,1,0,0,0,0,0,0,0,0,0,0
122643,2,1,0,0,11,0,0,0,0,0,0,0
122644,1,1,22,22,22,22,22,22,22,22,22,22
122644,2,1,0,0,0,0,0,0,0,0,0,0
122644,3,1,0,0,0,0,0,0,0,0,0,0
122644,4,1,0,0,0,0,14,0,0,0,0,0
122644,5,1,0,0,0,0,0,0,0,0,0,0
122645,1,1,0,0,0,0,0,0,0,0,0,0
122645,2,1,0,0,0,0,0,0,0,0,0,0
122646,1,1,0,0,0,0,0,0,0,0,0,0
122646,2,1,0,0,0,0,0,0,0,0,0,0
122647,0,1,0,0,0,0,0,0,0,0,0,0
122647,1,1,0,0,0,0,0,0,0,0,0,0
122648,1,1,18,3,25,43,6,12,22,25,25,13
122649,1,1,0,0,0,0,0,0,0,0,0,0
122649,2,1,0,0,0,0,0,0,0,0,0,0
122650,0,1,0,0,0,0,0,0,0,0,0,0
122650,0,2,0,0,0,0,0,0,0,0,0,0
122650,1,1,0,0,0,0,0,0,0,0,0,0
122652,1,1,0,0,0,0,0,0,0,0,0,0
122652,2,1,0,0,0,0,0,0,0,0,0,0
122653,1,1,0,0,0,0,0,0,0,0,0,0
122654,1,1,0,0,0,0,0,0,0,0,0,0
122654,2,1,0,0,0,0,0,0,0,0,0,0
122655,1,1,12,12,12,12,12,12,12,12,12,12
122655,2,1,0,0,0,0,0,0,0,0,0,0
122656,0,1,0,0,0,0,0,0,0,0,0,0
122656,1,1,0,0,0,0,0,0,0,0,0,0
122657,1,1,13,0,26,0,0,0,0,0,0,0
122657,2,1,0,0,0,0,0,0,0,0,0,0
122657,3,1,0,0,0,0,0,0,0,0,0,0
122658,1,1,0,15,0,0,0,0,0,0,0,0
122658,2,1,0,0,0,0,0,0,0,0,0,0
122659,1,1,35,0,0,0,0,8,0,0,0,0
122659,2,1,0,0,0,0,0,0,0,0,0,0
122660,0,1,0,0,0,0,0,0,0,0,0,0
122660,1,1,0,0,0,0,0,0,0,0,0,0
122660,2,1,0,0,0,0,0,0,0,0,0,0
122661,1,1,0,0,0,37,0,19,0,0,0,0
122661,2,1,0,0,0,0,0,0,0,0,0,0
122661,3,1,0,0,0,0,0,0,0,0,0,0
122662,1,1,0,0,0,0,0,0,0,0,0,0
122662,2,1,7,7,7,7,7,7,7,7,7,7
122663,0,1,0,0,0,0,0,0,0,0,0,0
122663,1,1,0,0,0,9,0,0,0,0,0,0
122664,1,1,13,13,13,13,13,13,13,13,13,13
122664,2,1,24,0,0,0,0,0,0,0,0,0
122665,1,1,0,0,0,0,0,0,0,0,0,0
122665,2,1,0,0,0,11,0,0,0,0,0,0
122666,1,1,0,0,0,0,0,0,0,0,0,0
122667,1,1,0,0,0,0,0,0,0,0,0,0
122667,2,1,0,0,0,0,0,0,0,0,0,0
122668,1,1,0,0,0,0,0,0,0,0,0,0
122668,2,1,0,0,0,0,0,0,0,0,0,0
122669,1,1,0,0,0,0,0,0,0,0,0,0
122670,1,1,0,0,0,0,0,0,0,0,0,0
122670,2,1,0,0,0,0,0,0,0,0,0,0
122671,1,1,0,0,0,0,0,0,0,0,0,0
122671,2,1,0,0,0,0,0,0,0,0,0,0
122672,1,1,0,16,12,0,0,0,7,0,0,2
122672,2,1,0,0,0,0,0,0,0,0,0,0
122673,1,1,19,0,0,26,16,0,13,25,0,16
122673,2,1,0,0,0,0,0,0,0,0,0,0
122675,0,1,12,12,12,12,12,12,12,12,12,12
122675,1,1,0,0,0,0,0,0,0,0,0,0
122675,2,1,0,0,0,0,0,0,0,0,0,0
122678,0,1,0,0,0,0,0,0,0,0,27,0
122678,1,1,0,0,0,0,0,0,0,20,0,0
122679,0,1,0,0,7,0,0,28,0,0,9,26
122679,1,1,0,0,0,19,7,15,21,0,0,0
122680,1,1,0,0,0,0,0,0,0,0,0,0
122680,2,1,0,0,0,0,0,0,0,0,0,0
122680,3,1,0,0,0,0,0,0,0,0,0,0
122681,0,1,5,5,5,5,5,5,5,5,5,5
122681,1,1,0,0,0,0,0,0,0,0,0,0
122683,1,1,0,0,0,0,0,0,0,0,0,0
122683,2,1,0,0,0,0,0,0,0,0,0,0
122685,1,1,20,20,20,20,20,20,20,20,20,20
122686,0,1,0,0,0,0,0,0,0,0,0,0
122686,1,1,10,0,0,0,0,0,0,0,0,0
122687,1,1,6,6,6,6,6,6,6,6,6,6
122687,2,1,0,0,7,0,0,0,0,0,0,0
122688,0,1,0,0,20,0,0,0,0,0,0,0
122688,1,1,0,11,0,18,0,0,0,0,0,0
122688,2,1,0,0,0,10,19,0,0,0,0,12
122688,3,1,0,0,0,0,0,0,0,0,14,22
122689,0,1,29,29,29,29,29,29,29,29,29,29
122689,1,1,16,16,16,16,16,16,16,16,16,16
122690,1,1,0,0,0,0,0,0,0,18,0,0
122690,2,1,0,0,0,0,0,0,0,0,0,0