ST_CASE,VEH_NO,PER_NO,P1,P2,P3,P4,P5,P6,P7,P8,P9,P10
122981,1,1,0,0,0,0,0,0,0,0,0,0
122981,2,1,0,0,0,0,0,0,0,0,0,16
122982,0,1,26,17,27,0,0,38,0,17,14,0
122982,1,1,20,0,0,0,0,0,0,0,0,0
122983,0,1,25,0,0,0,0,0,0,0,0,0
122983,1,1,0,0,0,0,0,0,0,0,0,0
122984,0,1,16,12,20,13,13,22,0,22,8,21
122984,1,1,0,0,0,0,0,0,0,0,0,0
122985,0,1,0,0,17,0,20,0,17,20,16,13
122985,1,1,0,0,0,0,0,0,0,0,0,0
122986,1,1,0,0,0,0,0,0,0,0,0,0
122986,2,1,0,0,0,0,0,0,0,0,12,0
122987,0,1,0,0,0,0,0,0,0,19,0,0
122987,1,1,0,0,0,0,0,0,0,0,0,0
122988,0,1,0,0,0,0,0,0,0,0,0,0
122988,1,1,0,0,21,0,0,0,0,0,0,0
122989,1,1,16,11,0,18,0,0,38,0,30,0
122989,2,1,33,0,0,12,0,0,0,0,12,0
122990,1,1,19,0,0,0,0,26,0,0,9,0
122991,1,1,0,0,0,0,0,0,0,0,0,0
122991,2,1,0,0,0,0,0,0,0,0,0,0
122991,3,1,0,0,0,0,0,0,0,19,0,0
122992,0,1,0,0,0,0,0,0,11,0,0,0
122992,1,1,0,0,0,0,23,0,10,0,0,0
122993,0,1,0,0,0,0,0,13,0,0,0,0
122993,1,1,0,0,0,0,0,0,0,0,0,0
122994,1,1,0,0,0,0,0,0,0,0,0,0
122995,0,1,0,0,0,10,0,0,37,0,0,0
122995,1,1,0,21,0,0,0,0,12,0,0,0
122996,1,1,15,15,15,15,15,15,15,15,15,15
122996,2,1,0,0,0,0,0,0,0,0,0,0
122997,0,1,0,0,0,0,0,0,0,0,10,0
122997,1,1,0,0,7,2,0,11,19,0,8,0
122998,1,1,0,0,15,8,3,0,20,0,3,0
122998,2,1,16,16,16,16,16,16,16,16,16,16
122999,1,1,0,0,0,37,9,0,28,5,17,0
123000,1,1,16,16,16,16,16,16,16,16,16,16
123002,1,1,12,12,12,12,12,12,12,12,12,12
123002,2,1,0,0,0,0,0,11,0,0,0,0
123002,3,1,0,0,8,0,0,0,0,0,0,0
123003,1,1,0,21,0,14,12,24,10,0,12,0
123004,1,1,3,3,3,3,3,3,3,3,3,3
123005,0,1,0,0,0,0,0,0,0,0,0,0
123005,1,1,0,0,0,0,0,0,0,0,0,0
123006,0,1,31,0,0,0,15,26,0,28,16,0
123006,1,1,4,0,16,10,0,0,20,0,0,0
123007,0,1,0,0,0,0,0,0,0,8,31,25
123007,1,1,0,0,0,0,0,0,0,0,0,0
123008,1,1,18,15,15,11,10,14,23,15,14,0
123009,1,1,0,0,0,0,12,0,0,10,0,0
123010,0,1,0,0,0,0,0,0,0,9,0,0
123010,1,1,22,18,0,30,10,0,0,7,26,0
123011,1,1,9,8,0,10,0,0,0,9,5,5
123012,1,1,0,0,0,0,0,0,0,0,0,0
123012,2,1,0,0,0,0,0,0,0,0,0,0
123013,1,1,17,12,12,0,0,0,13,29,25,20
123015,1,1,15,0,0,0,19,0,0,0,0,0
123015,2,1,0,16,0,12,8,27,0,13,0,0
123016,1,1,0,0,0,0,0,0,0,0,0,0
123016,2,1,0,0,0,0,4,0,0,0,0,0
123017,0,1,0,0,0,28,0,0,0,0,0,0
123017,1,1,0,0,0,0,0,0,0,0,0,0
123018,0,1,24,9,0,16,19,0,0,27,30,0
123018,1,1,0,0,14,0,0,0,0,0,0,0
123019,0,1,0,0,0,0,0,32,0,0,0,0
123019,1,1,0,0,0,0,0,0,0,0,0,0
123020,1,1,0,0,0,0,0,0,0,0,0,0
123020,2,1,0,0,0,0,0,0,0,0,0,0
123020,3,1,0,0,0,0,0,0,0,0,0,0
123021,1,1,0,0,0,0,0,0,0,0,0,0
123021,2,1,0,0,0,0,0,0,0,0,0,0
123022,1,1,0,0,0,0,0,0,0,0,0,0
123022,2,1,0,0,0,0,0,0,0,0,0,0
123023,1,1,0,0,0,0,0,0,0,0,0,0
123023,2,1,0,0,0,0,0,0,0,0,0,0
123024,1,1,22,2,0,0,0,0,0,0,0,0
123025,1,1,0,0,0,0,0,0,0,0,0,0
123025,2,1,0,0,0,0,0,0,0,0,0,0
123026,1,1,0,0,0,0,0,0,0,0,0,0
123026,2,1,0,0,0,0,0,0,0,0,0,0
123027,1,1,0,13,0,0,0,36,18,0,0,0
123027,2,1,0,0,0,0,0,0,0,0,0,0
123028,1,1,0,0,0,15,0,0,0,11,0,0
123030,1,1,0,0,0,0,0,0,0,0,0,17
123030,2,1,12,25,0,0,30,0,32,0,0,8
123031,1,1,0,0,0,0,0,0,0,0,0,0
123031,2,1,0,0,0,0,0,0,0,0,0,0
123032,0,1,29,0,0,5,0,33,0,19,40,0
123032,0,2,24,0,0,0,0,0,0,25,0,0
123032,1,1,0,0,0,0,0,0,0,0,0,0
123032,2,1,0,0,0,0,0,0,0,0,0,0
123033,0,1,0,0,0,0,0,0,0,0,0,11
123033,1,1,9,9,9,9,9,9,9,9,9,9
123034,0,1,0,19,0,0,29,0,0,0,6,5
123034,1,1,0,0,0,37,9,0,0,0,0,0
123035,1,1,0,0,0,0,0,0,0,0,0,0
123035,2,1,0,0,0,0,0,0,0,0,0,0
123036,1,1,0,0,0,0,0,0,0,0,0,0
123036,2,1,0,0,0,0,0,0,0,0,0,0
123037,0,1,0,0,0,0,0,0,0,0,0,0
123037,1,1,0,0,0,0,0,0,0,0,0,0
123038,1,1,0,5,10,0,0,7,5,0,13,19
123039,1,1,9,0,0,0,0,0,0,0,0,0
123039,2,1,0,0,5,0,0,0,0,0,0,0
123040,0,1,22,5,0,13,17,0,0,0,15,0
123040,1,1,0,0,0,0,0,0,0,0,0,0
123040,2,1,0,0,0,0,0,0,0,0,0,0
123040,3,1,0,0,0,0,0,0,0,0,0,0
123040,4,1,0,0,0,0,0,0,0,0,0,0
123040,5,1,0,0,0,0,0,0,0,0,0,0
123040,6,1,0,6,0,0,0,0,0,0,0,0
123041,1,1,12,29,5,14,7,6,17,12,7,14
123041,2,1,0,0,0,11,0,5,0,14,0,19
123042,1,1,0,0,0,0,0,0,0,0,0,0
123042,2,1,0,0,0,0,0,0,0,0,0,0
123043,1,1,0,0,0,0,0,0,0,0,0,0
123043,2,1,0,0,0,0,0,0,0,0,11,6
123044,1,1,0,0,0,0,0,0,0,0,0,0
123044,2,1,0,10,0,0,0,0,0,0,0,0
123045,0,1,12,9,12,0,20,0,15,0,0,0
123045,1,1,0,0,0,0,0,0,0,12,0,0
123046,1,1,15,0,0,0,0,16,10,0,0,12
123047,0,1,0,0,0,0,0,0,0,0,0,0
123047,1,1,0,0,0,0,0,0,0,0,0,0
123048,1,1,0,0,0,0,0,0,0,0,0,0
123048,2,1,0,0,0,0,0,0,0,0,0,0
123049,1,1,18,18,18,18,18,18,18,18,18,18
123050,1,1,8,0,17,6,7,0,0,0,0,0
123050,2,1,0,0,0,0,9,22,0,0,0,0
123051,0,1,0,0,0,0,0,0,0,0,0,0
123051,1,1,16,8,0,23,0,0,0,17,13,0
123052,1,1,0,0,0,0,0,0,0,0,0,0
123053,1,1,0,0,0,0,0,9,0,0,0,0
123053,2,1,0,0,0,0,0,0,0,0,0,8
123054,0,1,0,45,24,0,12,16,11,0,0,0
123054,1,1,0,0,0,0,0,0,0,0,15,0
123055,1,1,0,0,0,0,0,0,0,0,0,0
123055,2,1,0,0,0,0,0,0,0,0,0,19
123056,1,1,0,0,0,10,0,0,0,0,0,0
123056,2,1,0,0,0,0,0,0,0,0,0,0
123057,1,1,0,0,0,0,0,13,0,0,0,0
123057,2,1,0,11,0,0,0,0,0,0,0,0
123058,1,1,0,0,0,0,0,0,0,0,0,0
123058,2,1,0,0,0,0,0,0,0,0,0,0
123059,1,1,10,4,11,0,0,19,15,13,0,11
123059,2,1,0,23,0,0,0,0,0,0,0,0
123059,3,1,0,0,0,0,0,0,0,0,0,0
123059,4,1,0,0,0,0,0,0,0,0,0,0
123060,1,1,0,12,0,0,0,0,0,0,17,12
123060,2,1,0,0,0,0,0,0,0,0,0,0
123061,1,1,21,18,21,5,12,28,0,20,18,0
123061,2,1,0,0,0,22,0,0,0,0,0,0
123062,1,1,0,0,0,0,0,0,0,0,0,0
123062,2,1,0,0,0,0,0,0,0,0,0,0
123062,3,1,0,0,0,0,0,0,0,0,0,0
123062,4,1,0,0,0,0,0,0,0,0,0,0
123062,5,1,0,0,0,0,0,0,0,0,0,0
123062,6,1,0,0,0,0,0,0,0,0,0,0
123062,7,1,0,0,0,0,0,0,0,0,0,0
123062,8,1,0,0,0,0,6,0,0,0,0,0
123063,0,1,0,0,0,25,0,0,7,0,0,0
123063,2,1,0,0,0,0,0,0,0,0,0,0
123064,0,1,0,0,0,0,0,0,0,0,0,0
123064,1,1,0,0,0,0,0,0,0,0,0,0
123065,1,1,0,0,0,0,0,0,0,0,0,0
123066,0,1,0,26,0,0,13,31,34,37,23,18
123066,1,1,9,13,13,5,0,15,0,0,0,0
123067,0,1,0,0,0,0,0,0,0,0,0,0
123067,1,1,7,7,7,7,7,7,7,7,7,7
123068,0,1,10,0,37,0,0,26,0,0,7,0
123068,1,1,0,0,0,0,0,0,0,0,0,0
123069,0,1,0,0,0,0,0,0,0,0,0,0
123069,1,1,0,0,0,0,0,0,0,0,0,0
123070,1,1,0,0,0,0,0,0,0,0,0,0
123070,2,1,0,0,0,0,0,0,0,0,0,0
123071,1,1,0,0,0,0,0,8,0,0,2,0
123071,2,1,0,0,0,0,0,0,0,0,0,0
123072,1,1,0,0,0,0,0,0,0,0,0,0
123072,2,1,0,0,0,0,0,0,0,0,0,0
123073,1,1,9,9,9,9,9,9,9,9,9,9
123074,0,1,0,0,0,0,0,0,0,0,0,0
123074,1,1,0,26,0,0,0,0,0,0,0,0
123075,1,1,0,0,0,3,16,0,0,0,0,0
123075,2,1,0,0,0,0,0,0,7,0,0,0
123076,1,1,0,0,0,0,0,0,0,0,0,0
123076,2,1,0,0,0,0,0,0,0,0,0,0
123077,0,1,0,0,0,0,18,0,14,0,0,0
123077,1,1,0,0,0,0,0,0,0,0,0,0
123078,0,1,0,0,22,0,24,0,0,0,0,35
123078,1,1,0,0,0,0,0,0,0,0,0,0
123079,1,1,0,0,0,0,0,0,0,0,0,0
123080,0,1,0,26,17,0,18,0,0,1,21,21
123080,1,1,0,0,0,0,0,0,0,0,0,0
123081,1,1,0,0,0,0,0,0,0,0,0,0
123082,1,1,23,23,23,23,23,23,23,23,23,23
123083,1,1,0,0,0,0,0,0,0,0,0,0
123083,2,1,0,0,0,0,0,0,0,0,0,0
123083,3,1,0,0,0,0,0,0,0,0,0,0
123084,1,1,0,0,26,4,0,10,9,21,6,0
123085,1,1,0,37,0,0,0,0,0,0,0,0
123085,2,1,9,29,0,0,0,0,0,17,0,0
123086,1,1,0,30,0,0,0,0,0,18,0,22
123086,2,1,10,10,7,0,29,0,0,0,0,0
123087,0,1,33,33,33,33,33,33,33,33,33,33
123087,1,1,0,0,0,0,0,0,0,0,0,0
123088,1,1,0,0,0,0,7,0,21,0,0,6
123089,1,1,0,0,0,0,0,0,0,0,0,0
123089,2,1,0,0,0,0,0,0,0,0,0,0
123090,1,1,12,17,25,25,0,13,24,0,0,36
123091,0,1,0,13,19,0,8,30,0,0,0,26
123091,1,1,18,18,18,18,18,18,18,18,18,18
123092,1,1,0,0,0,0,0,0,0,0,0,0
123092,2,1,0,0,0,0,0,0,0,0,0,0
123093,0,1,15,19,0,22,0,0,18,0,0,0
123093,1,1,0,7,6,0,12,14,4,0,13,0
123094,1,1,0,11,0,21,0,0,17,0,11,0
123095,1,1,0,0,0,0,0,18,6,28,0,0
123095,2,1,0,0,0,0,0,0,0,0,0,0
123096,0,1,0,0,0,0,0,21,0,0,0,0
123096,1,1,0,0,0,0,0,0,0,0,0,0
123097,0,1,0,0,0,0,0,0,0,0,0,0
123097,1,1,0,0,0,0,0,0,0,0,0,0
123098,1,1,18,14,0,6,19,0,0,0,0,0
123098,2,1,18,0,0,0,0,19,0,0,0,0
123099,0,1,0,0,0,0,0,0,0,0,0,0
123099,1,1,0,0,34,0,0,0,0,0,0,0
123100,1,1,16,0,13,11,0,0,21,26,18,0
123101,1,1,0,0,0,0,16,0,0,0,0,0
123101,2,1,0,24,0,0,0,0,0,0,0,0
123102,1,1,0,0,0,0,0,0,0,0,10,0
123102,3,1,0,0,25,0,0,0,0,0,0,0
123103,1,1,0,16,0,0,0,34,12,0,0,0
123103,2,1,0,29,0,0,0,0,0,0,0,0
123103,3,1,0,0,0,0,13,0,0,0,0,0
123104,1,1,0,0,0,24,0,9,0,0,0,0
123104,2,1,28,45,0,0,0,0,0,0,0,19
123104,3,1,0,0,0,0,0,0,0,0,0,0
123105,0,1,0,0,0,0,0,21,0,0,0,0
123105,1,1,0,0,0,0,0,0,0,0,0,16
123106,0,1,30,0,15,0,21,0,28,0,0,0
123106,1,1,0,13,0,0,0,0,11,0,0,0
123107,1,1,0,0,10,0,0,0,0,0,0,0
123107,2,1,0,0,0,0,0,0,0,0,0,0
123108,1,1,0,0,6,0,0,0,0,0,17,0
123109,1,1,14,14,14,14,14,14,14,14,14,14
123109,2,1,0,0,0,0,0,0,0,0,0,13
123109,3,1,0,29,0,0,0,0,0,0,0,0
123110,0,1,29,29,29,29,29,29,29,29,29,29
123110,1,1,0,5,0,4,0,0,12,23,0,12
123111,1,1,0,0,0,0,0,0,0,0,0,0
123111,2,1,0,0,0,0,0,0,0,0,0,0
123112,1,1,0,0,13,0,0,0,0,0,0,0
123112,2,1,0,0,7,0,0,0,0,13,0,0
123113,0,1,0,8,0,0,0,0,16,0,0,0
123113,1,1,0,0,0,0,0,0,0,0,0,0
123114,1,1,0,0,0,0,0,0,0,0,0,0
123114,2,1,0,0,24,0,0,0,0,0,0,0
123115,0,1,10,31,27,36,38,29,23,23,52,40
123115,1,1,21,0,0,31,0,0,0,0,0,0
123116,1,1,0,27,0,19,0,12,0,0,0,0
123116,2,1,0,0,0,0,0,27,0,0,0,0
123116,3,1,0,0,0,31,0,0,7,0,0,0
123117,0,1,0,0,0,10,0,0,0,0,0,0
123117,1,1,0,0,0,0,0,0,0,0,0,0
123118,0,1,0,0,0,0,0,0,0,0,0,0
123118,1,1,0,0,0,0,0,0,0,0,0,0
123119,1,1,0,0,0,0,0,0,0,0,0,0
123120,1,1,3,0,0,0,0,0,0,0,17,0
123120,2,1,0,0,0,0,0,0,0,0,0,0
123121,1,1,0,0,27,0,0,0,0,0,0,0
123122,1,1,0,0,0,0,27,0,0,0,0,0
123122,2,1,0,0,0,0,0,0,0,0,0,0
123123,0,1,22,22,22,22,22,22,22,22,22,22
123123,1,1,0,33,0,14,0,0,0,0,0,0
123123,2,1,0,0,0,0,0,0,0,0,0,0
130001,0,1,4,4,4,4,4,4,4,4,4,4
130001,1,1,14,11,0,0,19,0,27,14,10,0
130002,1,1,0,0,0,0,0,0,0,0,0,0
130003,1,1,0,0,0,0,32,10,0,0,0,13
130004,1,1,11,16,13,11,0,0,13,8,0,13
130005,1,1,13,13,13,13,13,13,13,13,13,13
130006,0,1,0,0,0,0,0,0,0,0,0,0
130006,1,1,16,16,16,16,16,16,16,16,16,16
130007,1,1,0,0,0,0,0,0,0,0,0,0
130008,0,1,0,0,0,0,0,0,0,0,0,0
130008,1,1,0,0,0,0,0,0,0,0,0,0
130009,1,1,0,0,0,0,0,0,0,0,0,0
130010,1,1,0,0,0,0,0,0,0,0,0,0
130011,1,1,0,0,0,0,0,0,0,0,0,12
130012,1,1,0,0,0,0,0,0,0,0,0,0
130013,1,1,0,0,0,0,0,0,0,0,0,0
130014,0,1,0,0,0,0,0,0,0,0,0,18
130015,1,1,0,0,0,0,0,0,0,0,0,0
130016,1,1,0,0,0,0,0,0,0,0,0,0
130016,2,1,0,0,0,0,0,0,0,0,0,0
130017,1,1,0,0,0,0,0,0,0,0,0,0
130018,0,1,40,22,0,12,0,6,21,0,4,23
130018,1,1,7,37,0,0,10,9,17,3,0,0
130019,1,1,17,17,17,17,17,17,17,17,17,17
130020,1,1,3,3,3,3,3,3,3,3,3,3
130021,1,1,19,19,19,19,19,19,19,19,19,19
130022,1,1,17,17,17,17,17,17,17,17,17,17
130023,1,1,0,0,0,0,0,25,12,0,0,0
130024,1,1,0,0,0,0,0,0,0,0,0,0
130024,2,1,0,0,0,0,0,0,0,0,0,0
130025,0,1,0,0,0,0,0,0,0,0,0,0
130025,1,1,0,0,0,0,0,0,0,0,0,0
130026,1,1,0,0,0,0,0,0,0,0,0,0
130027,1,1,0,0,0,0,0,0,0,0,0,0
130028,0,1,0,0,0,0,0,0,0,29,0,0
130028,1,1,10,18,0,0,0,0,0,0,0,0
130029,0,1,0,0,0,0,0,0,0,0,0,0
130029,1,1,0,0,0,0,0,0,0,0,0,0
130030,1,1,0,0,0,0,0,0,0,0,0,0
130031,1,1,0,0,0,0,0,0,0,0,0,0
130032,0,1,10,10,10,10,10,10,10,10,10,10
130032,1,1,0,10,0,0,0,0,0,0,0,0
130033,1,1,30,30,30,30,30,30,30,30,30,30
130033,2,1,17,0,6,0,0,0,0,0,0,0
130033,3,1,0,0,0,9,0,0,0,0,18,0
130033,4,1,0,0,0,0,0,0,0,0,0,0
130033,5,1,0,0,0,0,0,0,0,0,13,0
130034,1,1,0,0,0,0,0,0,0,0,0,0
130034,2,1,0,0,0,0,0,0,0,0,0,0
130035,1,1,0,0,0,21,0,0,23,0,0,0
130036,0,1,0,22,0,0,0,0,0,0,0,0
130036,1,1,0,0,0,0,0,0,0,0,0,0
130037,1,1,0,0,0,0,0,0,0,0,0,0
130037,2,1,0,0,0,0,0,0,0,0,0,0
130037,3,1,0,0,0,0,0,0,0,0,0,0
130038,1,1,0,0,0,0,8,0,0,0,0,0
130038,2,1,0,0,0,0,0,0,0,0,11,0
130039,1,1,0,0,0,0,0,0,0,0,0,0
130039,2,1,12,31,35,9,16,27,15,14,0,16
130040,0,1,15,12,15,36,32,18,23,18,6,15
130040,1,1,0,0,0,0,0,0,0,0,0,0
130041,1,1,0,0,0,0,0,0,0,0,0,0
130041,2,1,0,0,0,0,0,0,0,0,0,0
130042,1,1,20,20,20,20,20,20,20,20,20,20
130043,1,1,13,13,13,13,13,13,13,13,13,13
130044,0,1,0,0,0,25,0,0,0,0,0,0
130044,1,1,0,0,0,0,0,0,0,0,0,0
130045,0,1,8,8,8,8,8,8,8,8,8,8
130045,1,1,0,0,0,0,0,0,0,0,0,22
130046,0,1,0,0,0,0,0,0,0,0,0,0
130046,1,1,0,13,0,0,25,0,0,0,16,0
130047,1,1,0,0,0,0,0,0,0,0,0,0
130048,0,1,0,0,0,29,0,0,0,32,0,30
130048,1,1,0,0,0,0,0,0,0,0,0,0
130049,1,1,0,0,0,0,0,0,0,0,0,0
130049,2,1,0,0,0,0,0,0,0,0,13,0
130050,1,1,8,54,22,32,15,22,23,22,13,17
130051,1,1,0,0,0,0,0,0,0,0,0,0
130052,0,1,0,0,0,0,0,0,0,0,0,0
130052,1,1,0,0,0,0,27,0,0,0,0,0
130053,1,1,32,32,32,32,32,32,32,32,32,32
130053,2,1,0,0,0,0,0,0,0,0,0,0
130054,1,1,0,0,0,0,0,0,0,0,0,0
130055,1,1,23,23,23,23,23,23,23,23,23,23
130056,1,1,0,0,0,0,0,0,0,0,0,0
130057,1,1,15,28,0,0,0,0,26,0,0,0
130057,2,1,0,0,0,0,0,0,0,0,0,5
130058,1,1,0,0,0,0,0,0,0,0,0,0
130058,2,1,0,0,0,0,0,0,0,0,0,0
130059,1,1,0,0,0,0,0,0,0,0,0,0
130060,1,1,0,0,0,0,0,0,0,0,0,0
130060,2,1,0,0,0,0,0,0,0,0,0,0
130061,1,1,0,0,0,0,0,0,0,0,0,0
130062,0,1,0,0,0,0,0,0,0,0,0,0
130062,1,1,0,0,0,0,0,0,0,0,0,0
130063,1,1,0,0,0,0,0,0,0,0,0,0
130064,1,1,0,0,0,0,0,0,0,0,0,0
130064,2,1,0,0,0,0,0,0,0,0,0,0
130065,1,1,0,0,0,0,0,0,0,0,0,0
130066,1,1,23,23,23,23,23,23,23,23,23,23
130066,2,1,0,0,0,0,21,11,0,13,0,0
130066,3,1,0,14,0,17,0,0,0,0,9,0
130066,4,1,0,0,0,0,0,0,0,0,0,0
130067,1,1,3,3,3,3,3,3,3,3,3,3
130068,1,1,0,0,0,0,0,0,0,0,0,0
130068,2,1,0,0,0,0,0,0,0,0,0,0
130069,1,1,0,0,0,0,0,0,0,0,0,26
130070,1,1,15,15,15,15,15,15,15,15,15,15
130071,0,1,0,0,0,25,0,0,0,0,0,0
130071,1,1,13,13,13,13,13,13,13,13,13,13
130072,1,1,23,36,22,0,7,7,0,12,22,0
130072,2,1,0,0,0,0,0,0,0,0,0,0
130073,1,1,2,2,2,2,2,2,2,2,2,2
130074,0,1,0,20,0,32,0,24,0,15,14,0
130074,1,1,0,0,0,0,0,0,0,0,0,0
130075,1,1,0,0,0,0,0,0,0,0,0,0
130075,2,1,0,0,0,0,0,0,0,0,0,0
130076,0,1,40,40,40,40,40,40,40,40,40,40
130076,1,1,0,0,0,0,19,0,0,0,0,0
130076,2,1,0,0,0,0,0,0,11,0,0,0
130077,1,1,0,0,0,0,0,0,0,0,0,0
130078,0,1,0,0,0,0,0,0,0,0,0,0
130078,1,1,0,0,0,0,0,0,0,0,0,0
130078,2,1,0,0,0,0,0,0,0,0,0,0
130079,1,1,0,0,0,0,0,0,0,0,0,0
130079,2,1,0,0,0,0,0,0,0,0,0,0
130080,1,1,0,0,0,0,0,0,0,0,0,0
130080,2,1,12,0,0,0,0,0,0,0,0,0
130081,1,1,0,0,0,0,0,0,0,0,0,0
130081,2,1,0,0,0,0,0,0,0,0,0,0
130082,1,1,0,0,0,0,0,0,0,0,0,0
130082,2,1,0,0,0,0,0,0,0,0,0,0
130083,1,1,18,18,18,18,18,18,18,18,18,18
130084,1,1,0,0,0,19,27,0,5,0,24,0
130084,2,1,13,13,13,13,13,13,13,13,13,13
130085,1,1,0,0,15,0,0,0,9,0,0,0
130085,2,1,0,0,0,0,0,0,0,0,0,0
130086,1,1,0,0,0,0,0,0,0,0,0,0
130087,1,1,0,0,0,0,0,0,0,0,0,0
130087,2,1,0,0,0,0,0,0,0,0,0,0
130087,3,1,0,0,0,0,0,0,0,0,0,0
130088,1,1,16,16,16,16,16,16,16,16,16,16
130089,1,1,0,0,0,9,16,25,0,26,0,7
130090,1,1,14,12,17,13,21,22,10,11,14,11
130090,2,1,0,0,0,0,0,0,0,0,0,0
130091,1,1,25,25,25,25,25,25,25,25,25,25
130092,1,1,19,19,19,19,19,19,19,19,19,19
130093,1,1,6,0,0,21,0,0,0,0,0,0
130093,2,1,21,21,21,21,21,21,21,21,21,21
130094,1,1,0,0,14,0,0,0,0,0,0,0
130094,2,1,0,0,0,0,0,0,0,0,0,0
130095,1,1,0,0,0,0,0,0,0,0,0,0
130095,2,1,27,0,0,0,0,0,0,0,0,0
130096,1,1,15,15,15,15,15,15,15,15,15,15
130097,0,1,0,0,0,0,0,0,0,0,0,0
130097,1,1,0,0,0,0,0,0,0,0,0,0
130098,1,1,0,0,0,0,0,0,0,0,0,0
130099,0,1,10,19,0,31,44,12,23,0,14,8
130099,1,1,0,0,0,0,0,0,0,0,0,0
130100,1,1,0,0,0,0,0,0,0,0,0,0
130101,1,1,26,26,26,26,26,26,26,26,26,26
130101,2,1,0,0,0,0,0,0,0,0,0,0
130102,1,1,17,17,17,17,17,17,17,17,17,17
130102,2,1,0,0,0,0,0,0,0,0,0,0
130103,1,1,0,0,0,0,0,0,0,0,0,0
130103,2,1,0,0,0,0,0,0,0,0,0,0
130104,1,1,0,0,0,0,0,0,0,0,0,0
130104,2,1,9,9,9,9,9,9,9,9,9,9
130105,1,1,0,16,10,0,0,0,0,35,6,18
130105,2,1,0,0,0,0,0,0,0,0,0,0
130106,1,1,0,0,0,0,0,0,0,0,0,0
130106,2,1,0,0,0,0,0,0,0,0,0,0
130107,1,1,0,0,0,0,0,0,0,0,0,0
130108,1,1,16,0,0,0,0,0,0,0,0,0
130109,0,1,16,16,16,16,16,16,16,16,16,16
130109,1,1,0,0,7,0,0,0,0,0,0,0
130110,1,1,0,0,0,0,0,0,0,0,0,0
130111,1,1,12,12,12,12,12,12,12,12,12,12
130111,2,1,0,17,0,0,0,0,0,0,0,0
130112,0,1,19,19,19,19,19,19,19,19,19,19
130112,1,1,0,0,0,0,0,0,0,0,0,0
130113,1,1,0,0,0,0,0,0,0,0,0,0
130113,2,1,0,0,0,0,0,0,0,18,15,0
130114,1,1,19,19,19,19,19,19,19,19,19,19
130115,1,1,9,25,26,20,38,14,21,4,20,38
130116,0,1,0,0,0,0,0,0,0,0,0,0
130116,1,1,0,0,17,0,13,0,0,13,29,0
130117,1,1,0,0,0,0,0,0,0,0,0,0
130118,1,1,0,4,0,0,25,0,0,0,0,0
130119,0,1,31,31,31,31,31,31,31,31,31,31
130119,1,1,0,0,0,0,0,0,0,0,20,0
130121,1,1,0,7,0,0,0,0,0,14,0,0
130122,1,1,0,0,0,0,0,0,0,0,0,0
130122,2,1,0,0,0,0,0,0,0,0,0,0
130123,1,1,28,14,24,30,27,17,3,6,13,20
130123,2,1,0,0,0,0,0,0,0,0,0,0
130124,1,1,19,19,19,19,19,19,19,19,19,19
130125,1,1,0,0,0,0,0,0,0,0,0,0
130125,2,1,0,0,6,0,0,0,0,0,0,0
130125,3,1,0,0,0,0,0,0,0,0,0,0
130126,0,1,0,0,0,0,0,0,0,0,0,0
130126,1,1,20,0,0,0,20,0,0,0,0,0
130127,1,1,0,0,0,0,0,0,0,0,0,0
130128,1,1,0,0,0,0,0,0,0,0,0,0
130128,2,1,0,0,0,0,0,0,0,0,7,0
130128,3,1,0,0,0,0,0,0,0,0,0,0
130129,1,1,0,0,0,0,0,0,0,0,0,0
130129,2,1,0,0,0,0,0,0,0,0,0,0
130130,1,1,0,0,0,0,0,0,0,0,0,0
130130,2,1,0,14,0,0,0,0,0,0,0,0
130131,0,1,0,0,0,0,0,0,0,0,0,0
130131,1,1,0,0,0,0,0,0,0,0,0,0
130132,1,1,14,14,14,14,14,14,14,14,14,14
130133,1,1,0,0,0,0,0,0,0,0,0,0
130134,1,1,0,0,0,0,0,0,0,0,0,0
130134,2,1,0,0,0,0,0,0,0,8,0,0
130134,3,1,0,0,0,0,0,0,0,0,0,0
130135,1,1,0,0,0,0,0,0,0,0,0,0
130135,2,1,0,0,0,0,0,0,0,0,0,0
130135,3,1,0,0,0,0,0,0,0,0,0,0
130136,1,1,0,0,0,0,0,0,0,0,0,0
130136,2,1,0,0,0,0,0,0,0,0,0,0
130137,1,1,0,0,0,0,0,0,0,0,0,0
130138,1,1,0,0,0,0,0,0,0,0,0,0
130139,1,1,0,0,0,0,0,0,0,0,0,0
130140,0,1,0,0,0,10,0,0,0,0,0,0
130140,0,2,0,0,0,0,0,0,0,0,0,0
130140,1,1,0,0,0,0,0,0,0,0,0,0
130141,1,1,0,0,0,0,0,0,0,0,0,0
130141,2,1,0,0,0,0,0,0,0,0,0,0
130142,1,1,16,16,16,16,16,16,16,16,16,16
130142,2,1,0,0,0,0,0,0,0,0,0,0
130143,1,1,0,0,0,0,0,0,0,0,0,0
130143,2,1,0,0,0,0,0,0,0,0,0,0
130144,1,1,0,29,23,19,0,0,0,0,30,0
130145,1,1,0,0,0,0,0,6,0,0,0,0
130145,2,1,0,0,0,0,0,0,0,0,0,0
130146,1,1,0,0,0,0,0,0,0,0,0,0
130146,2,1,0,0,0,0,0,0,0,0,0,0
130147,1,1,0,0,0,0,0,0,0,0,0,0
130147,2,1,0,0,0,0,0,0,0,0,0,0