ST_CASE,VEH_NO,PER_NO,P1,P2,P3,P4,P5,P6,P7,P8,P9,P10
130441,2,1,0,0,0,0,0,0,0,0,0,0
130442,0,1,0,0,0,0,0,0,0,0,0,0
130442,1,1,0,0,0,0,0,0,0,0,0,0
130443,1,1,0,0,0,0,0,0,0,0,0,0
130444,1,1,0,0,0,0,0,0,0,0,0,0
130444,2,1,0,0,0,0,0,0,0,0,0,0
130445,1,1,0,0,0,0,0,0,0,0,0,0
130445,2,1,0,0,0,0,0,0,0,0,0,0
130446,1,1,0,0,0,0,0,0,0,0,0,0
130446,2,1,0,0,0,0,0,0,0,0,0,0
130447,1,1,0,0,0,0,0,0,0,0,0,0
130447,3,1,0,0,0,0,0,0,0,0,25,0
130447,4,1,0,0,0,0,0,0,0,0,0,0
130447,5,1,0,0,0,0,0,0,0,0,0,0
130448,1,1,0,0,0,0,12,0,12,15,0,6
130448,2,1,0,0,0,0,0,0,0,0,0,0
130449,1,1,6,16,9,8,13,7,10,19,9,34
130450,1,1,0,0,0,0,0,0,0,0,0,0
130450,2,1,0,0,0,0,0,0,0,0,0,0
130451,1,1,0,0,0,0,0,0,0,0,0,0
130451,2,1,0,0,0,0,0,0,0,0,0,0
130452,0,1,0,0,0,0,0,0,0,0,0,0
130452,1,1,0,0,0,0,0,0,0,0,0,0
130453,1,1,0,0,0,0,0,0,0,0,0,0
130453,2,1,0,0,0,0,0,0,0,0,0,0
130454,1,1,8,8,8,8,8,8,8,8,8,8
130454,2,1,7,7,7,7,7,7,7,7,7,7
130455,1,1,0,0,0,0,0,0,0,0,0,0
130456,1,1,0,0,9,0,0,0,0,0,24,0
130457,1,1,0,0,0,0,10,27,0,0,0,0
130457,2,1,0,0,0,0,0,0,0,0,0,0
130458,1,1,0,9,11,35,0,0,0,28,0,16
130459,1,1,0,0,0,0,0,0,0,0,0,0
130460,1,1,0,0,0,0,0,0,0,0,0,0
130461,1,1,26,15,12,13,32,9,11,9,22,16
130462,0,1,10,10,10,10,10,10,10,10,10,10
130462,1,1,5,15,7,12,7,0,7,10,9,15
130463,1,1,7,7,7,7,7,7,7,7,7,7
130464,1,1,12,12,12,12,12,12,12,12,12,12
130464,2,1,0,0,0,0,0,0,0,0,0,0
130465,1,1,0,0,0,0,0,0,0,0,0,0
130466,1,1,10,10,10,10,10,10,10,10,10,10
130467,1,1,10,10,10,10,10,10,10,10,10,10
130468,1,1,0,0,14,0,0,0,21,0,0,0
130469,0,1,0,0,0,0,0,0,0,0,0,0
130469,1,1,0,0,24,0,0,0,0,0,0,0
130470,1,1,0,0,0,0,0,0,0,0,0,0
130470,2,1,0,0,0,0,0,0,0,0,0,0
130471,1,1,0,0,0,0,0,0,0,0,0,0
130471,2,1,0,0,0,0,0,0,0,0,0,0
130472,1,1,0,0,0,0,0,0,0,0,26,0
130472,2,1,0,0,0,0,0,0,0,0,0,0
130473,1,1,0,0,0,0,0,0,0,0,0,0
130473,2,1,0,14,0,0,0,0,0,0,0,0
130474,1,1,13,13,13,13,13,13,13,13,13,13
130475,1,1,39,0,0,0,0,0,0,0,0,0
130475,2,1,0,0,0,0,0,0,0,0,0,0
130476,1,1,0,0,0,0,0,0,0,0,0,0
130477,0,1,0,0,0,0,0,0,0,0,0,0
130477,1,1,0,0,0,0,0,0,0,0,0,0
130478,1,1,24,22,0,0,0,0,0,0,0,0
130478,2,1,0,0,0,0,0,0,0,17,0,0
130479,0,1,0,0,0,0,0,0,0,0,0,0
130479,1,1,0,8,0,0,0,0,0,0,0,0
130480,1,1,0,0,0,8,0,0,0,0,0,0
130480,2,1,0,0,15,0,0,0,0,0,0,3
130481,1,1,0,0,0,0,0,0,0,0,0,0
130482,1,1,0,0,0,0,0,0,0,0,0,0
130482,2,1,0,0,0,0,0,0,0,0,0,0
130483,1,1,0,0,0,0,0,0,0,0,0,0
130483,2,1,0,0,0,0,0,0,0,0,0,0
130484,1,1,0,0,0,0,0,0,0,0,0,0
130484,2,1,0,0,0,0,0,0,0,0,0,0
130485,1,1,0,0,12,12,0,0,11,0,0,0
130486,1,1,0,0,0,0,0,0,0,0,0,0
130487,1,1,0,0,0,0,0,0,0,0,0,0
130488,1,1,0,0,0,0,0,0,0,0,0,0
130489,1,1,0,0,0,0,0,0,0,0,0,0
130489,2,1,0,0,0,0,0,0,0,0,0,0
130490,1,1,0,0,0,0,0,0,0,0,0,0
130491,0,1,0,0,0,0,0,0,6,0,0,0
130491,1,1,0,0,0,0,33,0,0,25,25,0
130492,1,1,0,0,0,0,0,0,0,0,0,0
130492,2,1,0,0,0,0,0,0,0,0,0,0
130493,1,1,0,0,0,0,0,0,0,0,0,0
130493,2,1,0,0,0,0,0,0,0,0,0,0
130494,1,1,5,14,15,8,21,20,15,7,22,9
130494,2,1,0,0,0,0,0,0,0,0,0,0
130495,1,1,7,7,7,7,7,7,7,7,7,7
130496,1,1,26,26,26,26,26,26,26,26,26,26
130497,1,1,30,30,30,30,30,30,30,30,30,30
130498,1,1,40,40,40,40,40,40,40,40,40,40
130499,0,1,15,0,0,0,0,0,17,0,15,17
130499,0,2,4,4,4,4,4,4,4,4,4,4
130499,1,1,1,5,29,11,16,0,0,6,5,23
130500,1,1,0,0,0,0,0,0,0,0,0,0
130501,1,1,0,0,0,0,0,0,0,0,0,0
130501,2,1,0,0,0,0,0,0,0,0,0,0
130502,1,1,0,0,0,0,0,0,0,0,0,0
130502,2,1,0,0,0,0,0,0,0,0,0,0
130503,1,1,0,0,0,0,0,0,0,0,0,0
130504,1,1,26,26,26,26,26,26,26,26,26,26
130504,2,1,4,4,4,4,4,4,4,4,4,4
130505,1,1,0,0,0,0,0,0,0,0,0,0
130505,2,1,0,0,0,0,0,0,0,0,0,0
130506,0,1,12,12,12,12,12,12,12,12,12,12
130506,1,1,0,0,0,0,0,12,0,0,0,0
130506,2,1,0,0,0,0,0,0,0,0,0,0
130507,0,1,17,17,17,17,17,17,17,17,17,17
130507,1,1,0,0,0,0,0,0,0,0,0,0
130508,1,1,0,0,0,0,0,0,0,0,0,0
130509,1,1,16,16,16,16,16,16,16,16,16,16
130510,0,1,0,0,0,0,0,0,0,0,0,0
130510,1,1,10,0,0,0,5,9,9,10,26,5
130510,2,1,0,10,15,0,7,11,0,0,0,0
130510,3,1,21,15,0,0,0,0,0,0,0,0
130511,1,1,0,0,0,0,0,0,0,0,0,0
130511,2,1,0,0,0,0,17,0,0,0,0,0
130512,1,1,14,14,14,14,14,14,14,14,14,14
130512,2,1,15,0,0,0,0,0,0,0,0,0
130513,1,1,0,0,0,0,0,0,0,0,0,0
130513,2,1,0,0,0,0,0,0,0,0,0,0
130514,1,1,10,15,8,0,13,29,23,10,11,19
130514,2,1,0,0,0,0,0,0,0,0,0,0
130515,1,1,0,0,0,0,0,0,0,0,0,0
130515,2,1,0,0,0,0,22,0,0,0,0,18
130516,0,1,15,15,15,15,15,15,15,15,15,15
130516,1,1,0,0,0,0,0,0,0,0,0,0
130516,2,1,0,0,0,0,0,0,0,0,0,0
130517,1,1,38,38,38,38,38,38,38,38,38,38
130518,1,1,0,0,0,0,0,0,0,0,0,0
130518,2,1,0,0,0,0,0,0,0,0,0,0
130519,0,1,25,14,20,26,45,36,0,0,27,17
130519,1,1,0,0,0,0,0,0,0,0,0,0
130520,1,1,0,0,0,0,0,0,0,0,0,0
130520,2,1,0,0,0,0,0,0,0,0,0,9
130521,1,1,0,0,0,0,0,0,0,0,0,0
130521,2,1,0,0,0,8,0,0,0,0,0,0
130522,1,1,0,0,0,0,0,0,0,0,0,0
130522,2,1,0,0,0,0,0,0,0,0,0,0
130523,1,1,0,0,0,0,0,0,0,0,0,0
130523,2,1,0,0,0,0,0,0,0,0,0,0
130524,0,1,0,0,0,0,0,0,0,0,0,0
130524,1,1,0,0,0,14,21,4,0,19,27,0
130525,1,1,0,0,0,0,0,0,12,0,0,0
130525,2,1,0,0,0,24,0,0,0,0,0,0
130526,0,1,0,12,0,0,0,0,0,0,0,0
130526,1,1,7,7,7,7,7,7,7,7,7,7
130527,0,1,24,24,24,32,29,17,23,17,24,0
130527,1,1,0,0,32,0,0,0,0,0,0,0
130528,1,1,0,0,0,0,0,0,0,0,0,0
130528,2,1,0,0,0,0,0,0,0,0,0,0
130529,1,1,0,0,0,0,0,0,0,0,0,0
130529,2,1,0,0,0,0,0,0,0,0,0,0
130530,0,1,0,0,0,0,0,0,0,0,0,0
130530,1,1,20,0,0,0,0,0,8,0,0,0
130530,2,1,0,0,0,0,13,0,0,22,0,0
130531,1,1,0,0,0,0,0,0,0,0,0,0
130532,1,1,0,0,0,0,0,0,0,0,0,0
130532,2,1,0,0,0,0,0,0,0,0,0,0
130533,0,1,0,0,0,0,0,0,0,0,0,0
130533,1,1,0,0,0,0,0,0,0,0,0,0
130534,1,1,0,0,0,0,0,0,0,0,0,0
130534,2,1,0,0,0,0,0,0,0,0,0,0
130534,3,1,0,0,25,0,0,0,0,0,0,0
130534,4,1,0,0,0,0,0,0,0,0,0,0
130535,1,1,21,21,21,21,21,21,21,21,21,21
130536,1,1,0,20,23,0,0,0,0,0,0,0
130537,1,1,10,10,10,10,10,10,10,10,10,10
130538,0,1,0,10,0,0,0,0,0,0,0,0
130538,1,1,0,0,0,0,0,0,0,0,0,0
130539,1,1,0,0,0,0,0,0,0,0,0,0
130540,1,1,0,0,0,0,10,0,0,0,0,0
130540,2,1,0,23,0,0,0,0,0,0,0,0
130541,1,1,0,0,0,0,24,0,0,0,0,0
130542,0,1,0,0,0,0,0,0,0,0,0,0
130542,1,1,0,0,8,18,15,0,8,0,0,6
130543,1,1,0,0,0,0,0,0,0,0,0,0
130544,1,1,0,0,0,0,0,0,0,0,0,0
130545,0,1,0,0,0,0,0,0,0,0,0,0
130545,1,1,0,0,12,11,0,0,0,0,3,0
130546,1,1,0,0,0,0,0,0,0,0,0,0
130546,2,1,0,0,0,0,0,0,0,0,0,0
130547,1,1,16,16,16,16,16,16,16,16,16,16
130548,1,1,0,0,0,0,0,0,0,0,0,0
130549,1,1,0,0,0,0,0,0,0,0,0,0
130549,2,1,0,0,0,0,0,0,0,0,0,0
130550,1,1,0,0,0,0,0,0,0,0,0,0
130550,2,1,0,0,0,0,0,0,0,0,0,0
130551,1,1,7,7,7,7,7,7,7,7,7,7
130551,2,1,0,0,0,0,0,0,0,0,0,0
130552,1,1,0,0,0,0,31,0,0,0,0,0
130553,1,1,0,0,0,0,0,0,0,0,0,0
130553,2,1,0,0,0,0,0,0,0,0,0,0
130553,3,1,0,0,0,0,0,0,0,0,0,0
130554,0,1,20,21,18,24,0,0,0,10,0,0
130555,1,1,0,0,0,0,4,0,0,0,21,0
130556,0,1,0,0,0,0,0,0,0,0,0,0
130556,1,1,0,0,0,0,0,0,0,0,0,0
130557,1,1,0,0,0,0,0,0,0,0,0,0
130557,2,1,0,0,0,0,0,0,0,0,0,0
130558,1,1,0,0,0,0,0,0,0,0,0,0
130559,1,1,12,12,12,12,12,12,12,12,12,12
130559,2,1,0,0,0,0,0,0,0,0,0,0
130560,1,1,0,0,0,0,0,0,0,0,0,0
130560,2,1,0,0,0,0,0,0,0,0,0,0
130561,1,1,8,38,12,0,0,22,8,22,0,0
130561,2,1,0,0,0,0,0,0,0,0,0,0
130562,0,1,22,40,30,3,28,38,16,3,17,3
130562,1,1,0,0,0,0,0,0,0,0,0,0
130563,1,1,0,0,0,0,0,10,0,0,0,0
130564,1,1,12,12,12,12,12,12,12,12,12,12
130565,1,1,0,0,0,0,0,0,0,0,0,0
130566,1,1,0,0,0,0,0,0,0,0,0,0
130566,2,1,0,0,0,0,0,0,0,0,0,0
130567,1,1,0,0,0,0,0,0,0,0,0,0
130568,1,1,0,0,0,0,0,0,0,0,0,0
130568,2,1,0,0,0,0,15,0,0,0,18,0
130569,0,1,31,23,34,24,10,27,8,15,39,15
130569,1,1,0,0,0,0,13,0,0,0,0,0
130570,1,1,20,20,20,20,20,20,20,20,20,20
130571,1,1,14,14,14,14,14,14,14,14,14,14
130572,0,1,5,5,5,5,5,5,5,5,5,5
130572,1,1,0,0,0,10,14,0,0,0,0,22
130573,1,1,11,21,25,19,41,38,33,20,7,10
130574,1,1,0,0,0,0,0,0,0,0,0,0
130575,0,1,15,0,17,0,31,0,13,0,0,34
130575,1,1,0,0,0,0,0,0,0,0,0,0
130576,1,1,0,0,0,0,0,0,0,0,0,0
130577,1,1,20,20,20,20,20,20,20,20,20,20
130578,1,1,0,0,0,0,0,0,0,0,0,0
130579,0,1,16,0,0,0,0,0,0,0,33,0
130579,1,1,0,0,0,0,0,0,0,0,0,0
130580,1,1,0,0,0,0,0,0,0,0,0,0
130581,1,1,0,0,0,0,0,0,0,0,0,0
130581,2,1,0,0,0,0,0,0,0,0,23,0
130582,1,1,20,0,0,0,0,0,0,0,0,0
130583,1,1,0,0,0,0,0,0,0,0,0,0
130584,1,1,0,0,0,13,0,0,0,17,0,0
130585,1,1,0,0,0,0,0,0,0,0,0,16
130585,2,1,0,0,0,0,0,0,0,0,0,0
130586,1,1,0,0,0,0,0,0,0,0,0,0
130586,2,1,0,0,0,26,0,0,0,0,0,0
130587,0,1,0,0,0,0,0,0,0,9,0,0
130587,1,1,0,9,10,0,0,0,0,0,0,0
130588,1,1,0,0,0,0,0,0,0,0,0,0
130589,0,1,0,0,0,0,0,0,0,0,0,0
130589,1,1,0,0,0,0,0,0,0,0,0,29
130590,1,1,12,12,12,12,12,12,12,12,12,12
130590,2,1,0,0,0,0,0,0,0,6,0,0
130590,3,1,0,0,0,0,0,0,0,0,0,0
130591,1,1,0,0,0,0,0,0,0,0,0,0
130591,2,1,0,0,0,0,0,0,0,0,0,0
130592,1,1,16,16,16,16,16,16,16,16,16,16
130592,2,1,0,0,0,0,0,12,0,11,19,0
130593,1,1,32,9,8,21,7,24,17,10,0,13
130594,1,1,0,0,0,0,0,0,0,0,0,0
130594,2,1,0,0,0,0,0,0,0,0,0,0
130595,1,1,0,0,0,0,0,0,0,0,0,0
130596,1,1,0,0,0,0,7,0,0,0,0,39
130597,1,1,0,8,0,0,0,0,0,0,0,0
130598,1,1,0,0,0,0,0,0,0,0,0,0
130598,2,1,0,0,0,0,0,0,0,0,0,0
130599,1,1,0,30,13,0,33,0,6,0,0,27
130599,2,1,0,0,0,0,0,0,0,0,0,0
130600,1,1,0,0,0,0,0,0,0,0,0,0
130600,2,1,8,0,0,0,0,0,0,0,0,0
130601,1,1,0,0,0,0,0,14,13,0,0,0
130602,1,1,25,25,25,25,25,25,25,25,25,25
130602,2,1,0,0,0,0,0,0,0,0,0,0
130602,3,1,0,0,0,0,0,0,0,0,0,0
130603,1,1,0,0,0,0,0,0,0,0,0,0
130604,1,1,0,0,23,0,15,23,0,14,27,23
130605,1,1,0,0,0,0,0,0,0,0,0,0
130606,1,1,0,0,0,0,0,0,0,0,0,0
130606,2,1,0,0,0,0,0,0,0,0,0,0
130607,1,1,23,23,23,23,23,23,23,23,23,23
130608,0,1,0,0,0,34,48,0,0,0,0,0
130608,1,1,0,10,9,7,17,4,0,0,0,0
130609,0,1,0,0,0,0,0,0,0,0,0,0
130609,1,1,0,0,0,0,0,0,0,0,0,0
130609,2,1,0,0,0,0,0,0,0,0,0,0
130610,1,1,0,0,0,0,0,0,0,0,0,0
130611,1,1,0,0,0,0,0,0,0,0,0,0
130611,2,1,0,0,0,0,0,0,0,10,0,0
130612,1,1,0,0,0,0,0,0,0,0,0,0
130612,2,1,0,0,0,0,0,0,19,0,0,0
130613,1,1,0,0,0,0,0,0,0,0,0,0
130614,1,1,0,17,0,0,0,0,0,0,0,19
130615,1,1,0,0,0,0,0,0,0,0,0,0
130615,2,1,0,0,0,0,0,0,0,19,0,0
130616,0,1,0,0,0,0,0,0,0,0,22,0
130616,1,1,0,0,0,0,0,0,0,0,0,0
130617,0,1,18,5,0,20,14,9,0,0,0,0
130617,1,1,0,12,2,19,0,15,7,24,2,6
130618,1,1,23,23,23,23,23,23,23,23,23,23
130619,1,1,0,0,0,0,0,0,0,0,0,0
130620,1,1,0,0,0,0,0,8,0,0,0,0
130621,0,1,0,0,0,14,0,0,35,0,0,0
130621,1,1,0,0,0,0,0,0,17,0,0,0
130622,1,1,21,0,0,0,0,0,6,0,16,0
130623,1,1,0,0,0,0,0,0,0,0,0,0
130623,2,1,0,0,0,0,0,0,0,0,0,0
130624,1,1,0,0,0,0,0,0,0,0,0,0
130625,0,1,0,0,0,0,0,0,0,0,0,0
130625,1,1,11,0,12,0,0,0,0,0,0,0
130626,1,1,0,0,0,0,0,0,0,0,0,0
130627,1,1,10,8,19,35,0,0,18,15,6,4
130627,2,1,9,0,6,0,0,0,0,0,0,0
130628,1,1,18,18,18,18,18,18,18,18,18,18
130629,1,1,15,15,15,15,15,15,15,15,15,15
130629,2,1,0,0,0,0,0,0,0,0,0,0
130630,1,1,12,12,12,12,12,12,12,12,12,12
130631,1,1,0,0,0,0,0,0,0,0,0,0
130631,2,1,0,0,0,0,0,0,0,0,0,0
130631,3,1,0,0,0,0,0,0,0,0,0,0
130632,1,1,0,0,0,0,0,0,0,20,0,0
130633,0,1,0,0,0,0,0,0,0,0,0,0
130633,1,1,0,18,0,0,0,0,12,0,0,0
130634,1,1,0,0,0,0,0,14,0,0,0,0
130635,1,1,0,0,0,0,0,0,0,0,0,0
130635,2,1,0,0,0,0,0,0,0,0,0,0
130636,1,1,9,0,0,0,0,0,0,0,0,0
130636,2,1,0,0,0,22,0,0,0,0,0,0
130637,1,1,0,28,0,0,0,0,0,24,0,0
130637,2,1,0,0,0,0,0,0,0,0,0,0
130638,1,1,10,20,25,21,28,12,14,9,13,8
130638,2,1,0,0,0,0,0,0,0,0,0,0
130639,1,1,0,0,0,0,0,0,0,0,0,0
130640,0,1,0,0,0,0,0,0,0,0,0,0
130640,1,1,39,6,0,0,0,0,0,0,0,0
130641,1,1,21,0,22,0,0,0,16,0,0,0
130642,0,1,14,14,14,14,14,14,14,14,14,14
130642,1,1,0,0,0,0,0,0,0,18,0,14
130643,0,1,4,0,0,0,0,0,0,0,0,0
130643,1,1,0,0,0,0,0,0,0,0,0,0
130644,1,1,0,0,0,0,0,0,0,0,0,0
130644,2,1,0,0,0,0,0,0,0,0,0,0
130645,1,1,32,0,0,14,0,21,0,0,11,0
130646,1,1,17,17,17,17,17,17,17,17,17,17
130647,1,1,0,0,0,0,0,0,0,0,0,0
130647,2,1,0,0,0,0,0,0,0,0,0,0
130648,1,1,0,0,0,0,0,0,0,0,0,0
130649,1,1,0,0,0,0,0,0,0,0,0,0
130650,1,1,0,0,0,0,0,0,0,0,0,0
130650,2,1,0,0,0,0,0,0,0,0,0,0
130651,1,1,0,0,0,0,0,0,0,0,0,0
130651,2,1,0,0,0,0,0,0,0,0,0,0
130652,1,1,15,29,27,14,35,7,22,19,15,0
130653,1,1,0,0,0,0,0,0,0,0,0,0
130653,2,1,0,0,0,0,0,0,0,0,0,0
130654,1,1,0,0,0,0,0,0,0,0,0,0
130654,2,1,0,0,0,21,0,0,0,0,0,0
130655,1,1,0,0,0,0,0,0,0,0,0,0
130656,1,1,0,0,0,0,0,0,0,0,18,0
130657,1,1,0,0,0,0,0,0,0,0,0,0
130658,1,1,0,0,0,0,0,0,0,0,0,0
130658,2,1,0,0,0,0,0,0,0,0,0,14
130658,3,1,0,0,0,0,0,0,0,0,0,0
130659,1,1,0,0,0,0,0,0,0,0,0,0
130659,2,1,0,0,0,0,0,0,0,0,0,0
130659,3,1,0,0,0,0,0,0,0,0,0,0
130660,1,1,23,32,12,6,5,18,24,26,14,28
130660,2,1,7,7,7,7,7,7,7,7,7,7
130661,0,1,0,0,0,0,0,0,0,0,15,0
130661,1,1,0,0,0,0,0,0,0,0,0,0
130662,1,1,0,0,0,0,0,0,0,0,0,0
130662,2,1,0,0,0,0,0,0,0,0,0,0
130662,3,1,0,0,0,0,0,0,0,0,0,0
130663,1,1,20,20,20,20,20,20,20,20,20,20
130663,2,1,0,0,0,0,0,0,0,0,0,0
130664,0,1,15,0,0,0,0,0,0,0,0,16
130664,1,1,0,0,0,0,0,0,0,0,0,0
130665,0,1,0,0,0,0,0,0,0,0,0,0
130665,1,1,0,0,0,0,0,0,0,0,0,0
130666,1,1,0,0,0,0,0,0,0,0,0,0
130666,2,1,0,0,0,0,0,0,0,0,0,0
130667,0,1,0,0,0,0,0,0,0,0,0,0
130667,1,1,16,16,16,16,16,16,16,16,16,16
130668,0,1,17,17,17,17,17,17,17,17,17,17
130668,1,1,0,0,0,0,0,0,0,24,0,0
130669,1,1,24,0,0,0,23,0,0,0,0,0
130669,2,1,0,0,0,0,0,0,0,0,0,0
130670,1,1,0,0,0,0,0,0,0,0,0,0
130670,2,1,0,0,0,0,0,15,0,0,0,21
130671,1,1,0,0,0,0,0,0,0,0,0,0
130672,1,1,0,0,0,0,0,0,0,0,0,0
130672,2,1,0,0,0,0,0,0,0,0,0,0
130673,1,1,0,0,0,0,0,0,0,0,0,0
130673,2,1,0,0,0,0,0,0,20,0,0,0
130674,1,1,0,0,0,6,0,0,0,0,0,0
130675,1,1,0,0,0,0,0,0,0,0,0,0
130675,2,1,0,0,0,0,0,0,0,0,0,0
130676,1,1,4,4,4,4,4,4,4,4,4,4
130677,0,1,36,22,14,6,18,16,22,22,25,45
130677,1,1,0,12,0,0,0,0,0,23,0,0
130678,1,1,0,0,0,0,0,0,0,0,0,0
130678,2,1,0,0,0,0,0,0,0,0,0,0
130678,3,1,0,0,0,0,0,0,0,0,0,0
130678,4,1,0,0,0,0,20,0,0,0,0,0
130678,5,1,0,0,0,0,0,4,0,0,0,0
130679,1,1,0,0,0,0,0,0,0,0,0,0
130679,2,1,0,0,4,0,0,0,0,0,18,3
130679,3,1,0,0,0,0,0,25,0,11,0,0
130680,1,1,0,0,0,0,0,0,0,0,0,0
130680,2,1,0,0,0,0,0,0,0,0,0,0
130680,3,1,0,0,0,0,0,0,0,0,0,0
130681,1,1,0,0,0,0,7,0,9,0,0,0
130682,1,1,23,23,23,23,23,23,23,23,23,23
130683,1,1,19,19,19,19,19,19,19,19,19,19
130684,2,1,0,0,0,0,0,0,0,0,0,0
130685,1,1,0,0,0,0,0,0,0,0,0,0
130686,1,1,0,0,0,0,0,0,0,0,0,0
130687,1,1,0,0,0,0,0,0,0,0,0,0
130687,2,1,0,0,0,0,0,0,0,0,0,0
130687,3,1,0,0,0,0,5,0,0,0,15,0
130687,4,1,0,0,0,0,0,0,0,0,0,5
130687,5,1,0,26,0,0,0,0,0,0,0,0
130688,1,1,0,0,0,0,0,0,0,0,0,0
130689,1,1,0,0,0,0,0,0,0,0,0,28
130690,1,1,0,0,0,0,0,0,0,0,0,0
130691,1,1,0,0,0,36,14,13,0,9,5,5
130692,1,1,12,0,0,0,0,0,0,0,0,0
130693,1,1,0,15,0,20,0,20,0,8,26,31
130693,2,1,0,0,0,0,0,0,0,0,0,3
130694,1,1,0,0,0,0,0,0,0,0,0,0
130695,1,1,0,0,0,0,0,0,0,0,0,0
130695,2,1,0,0,0,0,0,0,0,0,0,0
130696,1,1,0,0,0,0,0,0,0,0,0,0
130697,1,1,0,0,0,0,0,0,0,0,0,0
130697,2,1,0,0,0,0,0,0,0,0,0,0
130698,1,1,0,0,0,0,0,0,0,0,0,0
130698,2,1,0,0,0,0,0,0,0,0,0,0
130698,3,1,0,0,0,0,0,0,0,0,0,0
130699,1,1,21,21,21,21,21,21,21,21,21,21
130699,2,1,0,0,0,0,0,0,0,0,0,0
130700,0,1,0,0,0,0,0,0,0,0,0,0
130700,1,1,0,0,0,0,0,0,0,11,0,0
130701,1,1,0,29,11,10,13,0,0,10,0,0
130702,1,1,0,0,0,0,0,0,0,27,0,0
130702,2,1,0,0,0,0,0,0,0,0,0,0
130703,1,1,0,0,0,0,0,0,0,0,0,0
130703,2,1,15,0,10,0,14,12,0,0,0,0
130703,3,1,9,0,10,0,15,11,0,0,11,5
130703,4,1,0,0,0,0,0,0,0,7,0,0
130704,0,1,0,0,0,0,0,0,0,0,0,0
130704,1,1,0,0,0,0,0,0,0,0,0,0
130705,0,1,0,0,15,0,0,0,0,0,0,0
130705,1,1,0,0,0,24,23,0,0,0,0,0
130706,1,1,12,0,0,0,0,0,0,0,0,0
130707,1,1,0,0,0,0,0,0,0,0,0,0
130708,1,1,0,28,0,0,0,0,0,0,18,34
130708,2,1,0,0,0,0,0,0,0,0,0,0
130709,1,1,5,0,0,0,0,0,0,0,0,0
130710,0,1,0,0,0,0,0,0,0,0,0,0
130710,1,1,11,7,0,0,0,12,0,21,15,0
130711,1,1,0,6,0,0,0,0,0,0,0,0
130712,1,1,0,0,0,0,0,0,0,0,0,0
130712,2,1,0,0,0,0,0,0,0,0,0,0
130713,1,1,0,0,0,0,0,0,0,0,0,0
130714,1,1,0,0,0,0,0,0,21,0,0,0
130714,2,1,5,0,0,0,0,0,0,0,0,0
130715,1,1,12,12,12,12,12,12,12,12,12,12
130715,2,1,0,15,0,11,0,0,0,0,0,0
130716,1,1,0,0,0,0,0,0,0,0,0,0
130716,2,1,0,0,0,0,0,0,0,0,0,0
130717,1,1,8,8,8,8,8,8,8,8,8,8
130718,1,1,26,28,16,35,14,7,25,9,22,39
130718,2,1,0,0,0,0,0,0,0,10,0,0
130719,1,1,21,21,21,21,21,21,21,21,21,21
130719,2,1,0,0,0,0,0,0,19,0,0,16
130719,3,1,10,14,16,14,4,25,17,25,12,16
130719,4,1,0,0,0,0,0,0,0,0,0,0
130719,5,1,0,13,0,0,0,0,26,0,0,0
130720,1,1,35,0,0,0,0,0,0,0,0,0
130721,1,1,15,0,13,17,0,0,32,21,23,40
130722,1,1,19,19,19,19,19,19,19,19,19,19
130723,1,1,0,0,0,0,0,0,0,0,0,0
130724,1,1,0,23,0,0,0,0,0,0,0,0
130724,2,1,0,0,0,0,0,0,0,0,0,0
130725,1,1,10,0,0,0,0,0,0,0,0,0
130726,1,1,0,0,6,0,0,0,16,0,0,0
130727,1,1,0,0,0,0,0,0,0,0,0,0
130727,2,1,0,0,0,0,0,23,0,0,0,0
130727,3,1,0,0,0,0,0,0,0,0,0,0
130728,1,1,20,0,23,0,0,11,10,0,0,0
130729,1,1,22,22,22,22,22,22,22,22,22,22
130730,0,1,7,15,6,16,23,28,21,10,20,25
130730,1,1,0,0,0,0,0,0,0,0,0,22
130730,2,1,4,9,17,13,0,27,10,13,3,4
130731,1,1,7,7,7,7,7,7,7,7,7,7
130731,2,1,0,12,0,0,0,0,0,12,0,0
130732,1,1,0,0,0,0,0,0,0,0,0,0
130733,1,1,0,0,0,0,0,0,0,0,0,0
130733,2,1,0,0,0,0,0,0,0,0,0,0
130734,1,1,0,0,0,0,0,0,0,0,0,0
130734,2,1,0,0,0,0,0,0,0,0,0,0
130734,3,1,0,0,0,0,0,0,0,0,0,0
130735,0,1,18,18,18,18,18,18,18,18,18,18
130735,1,1,0,8,0,0,10,0,0,7,0,0
130736,1,1,0,0,0,0,0,0,0,0,0,0
130737,1,1,0,0,0,0,0,0,0,0,0,0
130737,2,1,0,0,0,0,0,0,0,0,0,0
130738,1,1,0,0,0,0,0,0,0,0,0,0
130738,2,1,0,0,0,0,0,0,0,0,0,0
130739,1,1,0,0,0,0,0,0,0,0,0,0
130740,1,1,0,0,0,0,0,0,0,0,0,0
130740,2,1,0,0,26,0,0,0,0,0,0,0
130740,3,1,0,0,0,0,0,0,0,0,0,0
130741,0,1,0,0,0,0,0,0,0,0,0,0
130741,1,1,0,0,0,0,0,0,0,0,0,0
130742,1,1,0,0,0,0,0,0,0,0,0,0
130742,2,1,0,0,0,0,0,0,0,0,16,0
130743,1,1,0,0,0,0,25,0,0,0,0,0
130744,1,1,0,0,23,21,22,14,23,0,0,23
130745,1,1,34,34,34,34,34,34,34,34,34,34
130745,2,1,0,0,0,0,0,0,0,0,0,0
130746,1,1,0,0,0,0,19,25,0,0,0,0