ST_CASE,VEH_NO,PER_NO,P1,P2,P3,P4,P5,P6,P7,P8,P9,P10
131046,1,1,0,0,0,0,0,18,0,0,0,0
131046,2,1,0,0,0,0,0,0,0,0,0,0
131047,1,1,0,0,0,0,0,0,0,0,0,0
131048,1,1,0,0,0,0,0,0,0,0,0,0
131049,1,1,16,22,30,21,15,0,16,21,15,20
131049,2,1,0,0,0,0,0,0,0,0,0,0
131050,1,1,0,0,14,0,0,0,8,0,0,9
131051,1,1,0,18,0,0,7,0,0,0,0,0
131052,1,1,0,0,0,0,0,0,0,0,0,0
131052,2,1,0,0,0,0,0,0,0,0,0,0
131053,1,1,30,19,15,19,6,31,12,19,7,3
131054,0,1,0,0,0,0,0,0,0,0,0,0
131054,1,1,0,0,0,0,0,0,0,0,0,0
131055,1,1,9,9,9,9,9,9,9,9,9,9
131056,1,1,16,16,16,16,16,16,16,16,16,16
131057,0,1,0,0,0,0,0,0,0,0,0,0
131057,1,1,0,0,0,23,0,0,0,0,0,0
131058,1,1,13,13,13,13,13,13,13,13,13,13
131059,1,1,0,0,0,0,0,0,0,0,0,0
131060,1,1,0,0,0,0,0,0,0,0,0,0
131060,2,1,0,0,13,0,8,0,29,9,0,0
131060,3,1,0,0,0,0,0,0,0,0,0,0
131061,1,1,0,0,0,0,0,0,0,0,0,0
131061,2,1,0,0,0,0,0,0,0,0,0,0
131062,1,1,0,0,0,7,0,0,9,0,13,0
131063,1,1,0,0,0,0,0,12,0,0,0,0
131063,2,1,0,0,0,0,0,0,0,0,0,0
131064,1,1,0,0,0,0,0,9,0,0,25,0
131065,1,1,0,0,0,0,0,0,0,0,0,0
131065,2,1,0,0,0,0,0,0,0,0,0,0
131066,1,1,0,0,37,0,0,0,0,0,0,0
131067,0,1,14,14,14,14,14,14,14,14,14,14
131067,1,1,0,0,0,0,0,0,0,0,0,0
131068,1,1,0,0,0,0,0,0,0,0,0,0
131069,1,1,0,0,0,0,0,0,0,0,0,0
131070,0,1,0,32,0,7,0,0,3,0,0,16
131070,1,1,9,10,0,0,0,0,0,0,0,0
131071,0,1,0,0,0,0,13,0,0,0,0,12
131071,1,1,0,0,0,0,0,0,0,0,0,0
131072,1,1,0,0,0,0,0,0,0,0,0,0
131072,2,1,0,0,0,0,0,0,0,0,0,0
131072,3,1,0,0,0,0,0,0,0,0,0,0
131073,1,1,0,0,0,0,0,0,0,0,0,0
131073,2,1,0,0,0,0,0,0,0,0,0,0
131074,0,1,0,0,0,0,0,0,0,0,0,0
131074,1,1,0,0,0,0,0,0,0,0,0,0
131075,0,1,0,3,0,0,17,0,0,0,0,0
131075,1,1,0,0,0,0,0,0,0,0,0,0
131076,1,1,0,0,0,0,0,0,0,0,0,0
131078,1,1,7,7,7,7,7,7,7,7,7,7
131079,1,1,0,0,0,0,0,0,0,0,0,0
131079,2,1,0,0,0,0,0,0,0,0,0,0
131079,3,1,0,0,0,0,0,0,0,0,0,0
131080,1,1,0,19,0,0,0,0,21,0,0,27
131081,1,1,0,0,0,0,0,0,0,0,0,0
131081,2,1,0,0,0,0,0,0,0,0,0,0
131082,1,1,0,0,0,0,0,0,0,0,0,0
131082,2,1,0,0,0,0,0,0,0,0,0,0
131083,0,1,0,8,0,0,0,0,0,0,0,0
131083,1,1,33,0,0,0,0,0,0,0,0,0
131084,1,1,0,0,0,0,0,0,0,0,0,0
131085,0,1,0,0,0,0,0,0,0,0,0,0
131085,0,2,0,0,0,0,0,0,0,0,0,0
131085,1,1,0,0,0,0,0,0,0,0,0,0
131086,1,1,3,3,3,3,3,3,3,3,3,3
131087,1,1,0,0,0,0,0,0,0,0,0,0
131088,1,1,0,0,0,20,0,0,0,23,0,22
131089,1,1,0,0,0,0,0,0,0,0,0,0
131090,1,1,0,0,0,0,0,0,0,0,0,0
131091,1,1,0,0,0,0,0,0,0,0,0,0
131091,2,1,12,0,0,0,0,0,0,0,15,0
131091,3,1,17,0,0,0,6,0,0,0,14,0
131092,1,1,0,0,0,0,0,0,0,0,0,0
131093,1,1,0,0,7,0,11,0,11,0,0,0
131094,0,1,0,0,0,0,0,0,0,0,0,0
131094,1,1,0,0,0,0,0,0,0,0,0,0
131095,1,1,0,0,0,0,0,0,0,0,0,0
131095,2,1,0,0,0,0,0,0,0,0,0,0
131096,0,1,1,6,19,33,0,15,6,0,0,14
131096,1,1,0,0,0,0,0,0,0,0,0,0
131097,0,1,0,0,0,0,0,0,0,0,0,0
131097,1,1,3,7,0,0,0,0,0,0,19,0
131098,0,1,12,0,0,0,9,0,10,0,0,4
131098,1,1,0,2,0,9,0,0,28,0,3,18
131099,1,1,0,0,0,0,0,0,0,0,0,0
131099,2,1,0,0,0,0,0,0,0,0,0,0
131100,1,1,0,0,0,0,0,0,0,0,0,0
131100,2,1,0,0,0,0,0,0,0,0,0,0
131101,0,1,43,0,21,15,0,33,0,0,13,15
131101,1,1,0,0,0,0,0,0,0,0,0,0
131102,0,1,0,0,0,0,0,0,8,0,22,14
131102,1,1,0,0,0,0,0,0,0,0,0,0
131103,1,1,0,0,0,0,0,0,0,0,0,0
131103,2,1,17,17,17,17,17,17,17,17,17,17
131104,0,1,13,13,13,13,13,13,13,13,13,13
131104,0,2,6,24,0,0,11,26,22,22,0,0
131104,1,1,0,0,0,0,26,0,0,0,8,0
131105,2,1,0,0,15,0,0,0,5,0,0,0
131106,1,1,0,0,0,0,0,0,0,0,0,0
131107,1,1,34,25,17,10,29,10,0,31,41,16
131108,1,1,0,0,0,0,0,0,0,0,0,0
131109,0,1,11,12,0,23,0,21,0,34,12,0
131109,1,1,0,0,0,0,0,0,0,0,0,0
131110,1,1,14,0,17,24,20,0,0,12,5,10
131111,1,1,0,0,0,0,0,0,0,0,0,0
131112,1,1,0,0,0,0,0,0,0,0,0,0
131112,2,1,0,0,0,0,0,0,0,12,0,0
131113,1,1,0,0,23,0,21,0,0,0,0,0
131114,0,1,0,0,0,0,0,0,0,0,0,0
131114,1,1,0,19,0,0,0,0,0,26,0,0
131115,1,1,0,0,0,0,0,0,0,0,0,0
131116,1,1,0,0,0,0,21,0,0,0,0,0
131117,1,1,0,0,0,0,0,0,0,0,0,0
131117,2,1,0,0,0,0,0,0,0,0,0,0
131118,0,1,20,20,20,20,20,20,20,20,20,20
131118,1,1,0,0,0,0,0,0,0,0,0,0
131119,1,1,0,0,0,12,0,26,0,0,0,0
131119,2,1,0,0,0,0,0,0,0,0,0,0
131120,1,1,0,0,22,6,0,0,33,24,0,0
131120,2,1,0,0,0,0,0,0,0,0,0,0
131121,1,1,0,0,21,0,0,0,0,0,0,0
131121,2,1,0,0,0,0,0,0,0,18,0,0
131122,0,1,0,28,0,0,14,22,0,0,0,0
131122,1,1,0,0,0,0,0,0,0,0,0,0
131123,1,1,0,0,0,0,0,0,0,0,0,0
131123,2,1,0,0,0,0,0,0,0,0,0,0
131123,3,1,0,0,0,0,0,0,0,0,0,0
131124,1,1,23,23,23,23,23,23,23,23,23,23
131125,1,1,0,0,0,0,0,32,0,0,0,0
131125,2,1,0,0,0,0,0,0,0,0,0,0
131126,0,1,0,0,24,0,17,7,0,0,22,0
131126,1,1,0,23,0,12,5,0,0,0,0,0
131127,0,1,40,0,18,0,0,0,16,0,11,0
131127,1,1,12,12,12,12,12,12,12,12,12,12
131127,2,1,0,0,0,0,16,0,24,0,22,0
131128,0,1,0,0,0,0,0,0,0,0,0,0
131128,1,1,0,0,0,0,0,0,0,0,0,0
131129,1,1,22,22,22,22,22,22,22,22,22,22
131130,1,1,0,0,0,0,0,0,0,0,0,0
131130,2,1,0,0,0,0,0,0,0,0,0,0
131131,1,1,13,17,0,0,0,0,0,0,0,9
131132,1,1,4,4,4,4,4,4,4,4,4,4
131132,2,1,0,0,0,0,0,0,0,0,0,0
131133,1,1,14,14,14,14,14,14,14,14,14,14
131134,0,1,25,25,25,25,25,25,25,25,25,25
131134,1,1,0,0,0,0,0,0,0,0,0,13
131135,1,1,0,0,0,0,0,0,0,0,0,0
131136,0,1,0,0,0,0,0,0,0,0,0,0
131136,1,1,0,12,0,0,0,0,0,0,26,0
131137,1,1,0,0,0,0,0,0,0,0,0,0
131137,2,1,4,4,4,4,4,4,4,4,4,4
131138,1,1,0,0,0,0,0,0,0,0,0,0
131138,2,1,0,0,0,0,0,0,0,0,0,0
131139,0,1,0,0,0,0,3,0,0,0,0,0
131139,1,1,0,0,0,0,0,0,0,0,0,0
131140,1,1,7,7,7,7,7,7,7,7,7,7
131141,1,1,0,0,0,0,0,0,0,0,0,0
131141,2,1,0,0,0,0,0,0,0,0,0,0
131142,1,1,14,14,14,14,14,14,14,14,14,14
131143,1,1,0,0,0,0,0,0,0,0,0,0
131143,2,1,0,0,0,0,0,0,0,0,0,0
131144,1,1,0,0,0,0,0,0,0,0,0,0
131145,1,1,0,0,0,0,0,0,0,0,0,0
131147,1,1,0,0,0,0,0,0,0,0,0,0
131147,2,1,0,0,0,0,0,0,0,0,0,0
131148,1,1,0,0,0,0,0,0,0,0,0,0
131148,2,1,0,0,0,0,0,0,0,0,0,0
131149,0,1,0,0,16,23,0,0,0,0,0,0
131149,1,1,0,0,0,0,0,0,0,0,0,0
131150,1,1,0,0,0,0,0,0,0,0,0,0
131150,2,1,0,0,0,0,0,0,0,0,0,0
131151,1,1,0,0,0,0,0,0,0,0,0,0
131151,2,1,0,0,0,0,0,0,0,0,0,0
131152,1,1,0,0,0,0,0,0,0,0,0,0
131152,2,1,0,0,0,0,0,0,0,0,0,0
131153,1,1,8,8,8,8,8,8,8,8,8,8
131153,2,1,0,0,0,0,0,0,0,0,0,0
131154,1,1,0,0,0,0,0,0,0,0,0,0
131155,0,1,0,0,0,0,0,0,0,0,0,0
131155,1,1,0,0,0,0,0,0,0,0,0,0
131156,0,1,0,0,0,0,0,0,0,0,0,0
131156,1,1,15,15,15,15,15,15,15,15,15,15
131157,1,1,0,0,0,0,0,0,0,0,0,0
131158,0,1,37,37,37,37,37,37,37,37,37,37
131158,1,1,0,0,0,0,0,0,0,0,0,0
131159,1,1,0,0,0,0,0,0,0,0,0,0
131160,1,1,8,23,12,7,7,15,10,4,10,7
131161,1,1,0,0,0,0,0,0,0,0,0,0
131161,2,1,0,0,0,0,0,0,0,0,0,0
131162,1,1,0,0,0,0,0,0,0,0,0,0
131162,2,1,0,0,0,0,0,0,0,0,0,0
131163,1,1,0,0,0,0,0,0,0,0,0,0
131163,2,1,0,0,0,0,0,0,0,0,0,0
131163,3,1,0,0,0,0,0,0,0,0,0,0
131164,1,1,0,0,0,0,0,0,0,0,0,10
131165,1,1,0,0,0,0,18,0,0,0,0,0
131165,2,1,0,0,0,0,14,0,0,0,0,0
131165,3,1,0,0,0,0,0,0,0,0,0,0
131166,1,1,8,8,8,8,8,8,8,8,8,8
131167,1,1,0,0,0,0,0,0,0,0,0,0
131167,2,1,0,0,0,0,0,0,0,0,0,0
131168,1,1,15,15,15,15,15,15,15,15,15,15
131168,2,1,0,0,0,0,0,0,0,0,0,0
131169,0,1,12,0,18,10,0,0,0,0,0,18
131169,1,1,0,0,0,0,0,0,0,0,0,0
131170,1,1,0,0,0,0,0,0,0,0,20,0
131171,1,1,0,0,0,0,0,0,9,0,0,0
131171,2,1,0,0,0,0,0,0,0,0,0,0
131172,1,1,12,12,12,12,12,12,12,12,12,12
131172,2,1,0,0,16,0,0,0,0,0,16,0
131173,1,1,0,0,0,0,32,0,0,16,16,0
131174,0,1,0,0,25,0,0,0,0,0,0,0
131174,1,1,0,0,0,0,0,0,0,0,0,0
131175,1,1,0,0,0,0,0,0,0,0,0,0
131176,1,1,11,29,0,16,7,10,11,9,0,0
131176,2,1,0,0,0,0,0,0,0,0,0,0
131176,3,1,0,4,0,0,11,0,0,0,14,0
131176,4,1,0,18,0,27,0,0,19,0,0,0
131177,0,1,39,39,39,39,39,39,39,39,39,39
131177,1,1,0,0,0,0,0,0,0,0,0,0
131178,1,1,0,0,0,0,0,0,0,0,0,0
131178,2,1,0,0,0,0,0,0,0,0,0,0
131179,1,1,0,0,0,0,0,0,0,0,22,0
131180,1,1,15,15,15,15,15,15,15,15,15,15
131181,0,1,32,0,28,0,27,35,0,0,10,0
131181,1,1,0,0,0,0,0,0,0,0,0,0
131182,1,1,16,16,16,16,16,16,16,16,16,16
131183,1,1,0,20,0,20,0,28,17,21,0,24
131184,1,1,0,0,0,0,0,0,0,0,0,0
131184,2,1,0,0,0,0,0,0,0,0,0,0
131185,1,1,15,15,15,15,15,15,15,15,15,15
131186,1,1,0,0,0,0,0,36,0,0,0,0
131187,0,1,0,0,0,0,0,0,0,0,0,0
131187,1,1,0,0,0,0,0,0,0,0,0,0
131188,0,1,0,0,0,0,0,0,0,0,0,0
131188,1,1,0,0,0,0,0,0,0,0,0,7
131189,1,1,0,0,0,0,0,0,0,0,0,0
131189,2,1,0,0,0,0,0,0,0,0,0,0
131190,1,1,0,0,0,0,0,0,0,0,0,0
131191,0,1,24,24,24,24,24,24,24,24,24,24
131191,1,1,0,0,0,0,0,19,0,23,0,0
131192,1,1,0,0,0,0,0,0,0,0,0,0
131193,0,1,21,21,21,21,21,21,21,21,21,21
131193,1,1,0,0,0,0,18,0,0,0,0,0
131194,1,1,0,13,0,0,0,0,13,22,0,24
131195,1,1,0,0,0,0,0,0,0,0,0,0
131195,2,1,0,0,0,0,0,0,0,0,0,0
131196,0,1,0,0,0,0,0,0,0,0,0,0
131196,1,1,0,0,0,0,0,0,0,0,0,0
131197,1,1,0,0,0,0,0,0,0,0,0,0
131198,1,1,0,0,18,0,24,0,0,0,0,0
131199,1,1,0,29,0,0,0,0,0,0,0,0
131199,2,1,0,0,0,0,0,0,0,0,0,0
131200,0,1,0,8,0,21,24,13,0,14,0,41
131200,1,1,0,0,0,0,0,0,0,0,0,0
131201,1,1,0,0,0,0,0,0,0,0,0,0
131201,2,1,0,0,0,0,0,0,0,0,0,0
131202,1,1,0,0,0,0,0,0,0,0,0,0
131203,1,1,7,7,7,7,7,7,7,7,7,7
131204,1,1,18,20,0,0,13,0,0,0,0,0
131204,2,1,0,0,0,0,0,0,0,0,0,0
131204,3,1,0,0,0,0,0,0,0,0,0,21
131205,0,1,26,26,26,26,26,26,26,26,26,26
131205,1,1,0,0,0,0,0,0,0,0,0,0
131206,0,1,8,8,8,8,8,8,8,8,8,8
131206,1,1,0,0,0,0,0,0,0,0,7,0
131207,1,1,13,13,13,13,13,13,13,13,13,13
131208,1,1,0,0,0,0,0,0,0,0,0,0
131209,1,1,0,0,0,0,0,0,0,0,0,0
131210,1,1,3,3,3,3,3,3,3,3,3,3
131211,0,1,26,27,9,16,15,8,10,18,12,20
131211,1,1,8,19,9,19,8,7,13,7,18,8
131212,1,1,21,6,0,0,0,17,0,0,23,0
131212,2,1,0,0,0,0,0,0,0,0,0,0
131212,3,1,0,0,0,0,0,0,0,0,0,0
131213,1,1,0,0,0,0,0,0,26,0,0,0
131214,1,1,0,0,0,0,0,0,0,0,0,0
131215,1,1,0,0,0,0,0,0,9,0,0,0
131216,1,1,6,18,35,34,36,14,23,14,16,30
131217,1,1,0,0,0,0,0,0,0,0,0,0
131217,2,1,0,0,16,0,0,0,0,0,0,0
131218,1,1,0,0,0,0,0,0,0,0,0,0
131218,2,1,0,0,0,23,0,0,0,0,0,0
131219,1,1,0,0,0,0,0,0,0,0,0,0
131219,2,1,0,0,0,0,0,0,0,0,0,0
131220,1,1,0,0,0,0,0,0,0,0,0,0
131220,2,1,0,0,0,0,0,0,0,0,0,0
131221,1,1,0,0,0,0,15,0,0,0,0,0
131222,1,1,0,0,0,0,17,0,0,0,0,0
131223,1,1,0,0,0,0,0,0,0,0,0,0
131223,2,1,0,0,0,0,0,0,0,0,0,0
131224,1,1,0,0,0,0,0,0,0,0,0,0
131225,1,1,0,0,0,0,0,0,0,0,0,0
131225,2,1,0,0,0,0,0,0,0,0,0,0
131226,1,1,0,0,0,0,0,0,0,0,0,0
131226,2,1,0,0,0,0,0,0,0,0,0,0
131227,1,1,17,17,17,17,17,17,17,17,17,17
131228,1,1,0,0,0,0,0,0,0,0,0,0
131228,2,1,0,14,0,0,0,0,0,0,0,0
131229,1,1,0,0,0,0,20,0,0,0,0,0
131230,1,1,0,0,0,0,0,0,0,0,0,0
131231,0,1,25,25,25,25,25,25,25,25,25,25
131231,1,1,0,7,0,15,22,0,0,13,14,13
131232,1,1,27,27,27,27,27,27,27,27,27,27
131232,2,1,0,0,0,0,0,0,0,0,0,0
131233,1,1,0,0,0,0,0,0,0,0,0,0
131233,2,1,0,0,0,0,0,0,0,0,0,0
131234,1,1,20,20,20,20,20,20,20,20,20,20
131235,1,1,14,14,14,14,14,14,14,14,14,14
131236,0,1,0,0,17,0,0,0,0,0,10,21
131236,1,1,25,25,25,25,25,25,25,25,25,25
131237,1,1,0,0,0,0,0,28,14,0,0,18
131238,1,1,0,21,0,0,0,0,0,0,0,0
131238,2,1,0,0,0,4,0,0,0,0,0,0
131239,0,1,14,12,0,0,7,23,0,0,0,0
131239,1,1,0,0,0,0,0,0,0,0,0,0
131240,1,1,0,0,0,0,0,0,0,0,0,0
131241,0,1,19,19,19,19,19,19,19,19,19,19
131241,1,1,0,0,0,0,0,0,0,0,0,0
131242,1,1,13,6,0,0,0,0,0,0,15,0
131242,2,1,0,0,0,0,0,0,0,0,0,0
131243,2,1,0,0,0,0,0,0,0,0,0,0
131244,1,1,0,0,0,0,0,0,0,0,0,0
131244,2,1,0,0,0,0,0,0,0,0,0,0
131245,1,1,0,0,0,0,0,0,0,0,0,0
131245,2,1,0,0,0,0,0,0,0,0,0,0
131246,0,1,24,24,24,24,24,24,24,24,24,24
131246,1,1,0,0,0,0,0,0,24,0,0,0
131247,1,1,0,0,0,0,0,0,0,0,0,0
131247,2,1,17,0,0,0,0,0,41,0,0,0
131248,1,1,0,28,0,0,0,0,0,0,0,0
131248,2,1,0,0,0,0,0,0,0,0,0,0
131248,3,1,0,0,0,0,0,0,0,0,0,0
131249,1,1,0,0,0,0,0,0,0,0,0,0
131250,1,1,0,0,0,0,0,0,0,0,0,26
131250,2,1,0,12,0,11,20,0,0,0,0,0
131251,1,1,0,0,0,0,0,0,0,0,0,0
131251,2,1,0,0,0,0,0,0,0,0,0,0
131252,1,1,17,21,13,0,14,0,0,0,12,8
131252,2,1,0,0,0,0,0,0,0,0,0,0
131253,1,1,0,0,26,0,0,0,22,0,23,0
131254,1,1,0,17,12,12,0,6,11,29,0,25
131255,1,1,26,6,0,0,11,0,19,12,6,0
131256,1,1,0,0,0,0,0,0,0,0,0,0
131256,2,1,0,0,0,0,0,0,0,0,0,0
131257,1,1,0,0,0,0,0,0,0,0,0,0
131258,1,1,27,0,29,12,36,9,14,9,16,20
131259,1,1,0,0,0,0,0,0,0,0,0,0
131260,1,1,0,0,0,0,0,0,0,0,0,0
131261,1,1,0,0,0,0,0,0,0,0,0,0
131261,2,1,0,0,0,0,0,0,0,16,0,17
131262,1,1,18,18,18,18,18,18,18,18,18,18
131263,1,1,0,0,0,0,0,0,0,0,0,0
131263,2,1,0,0,0,0,0,0,0,0,0,0
131263,3,1,26,0,0,0,0,0,0,0,21,0
131264,1,1,0,0,0,0,0,0,0,0,0,0
131264,3,1,0,0,0,0,0,0,12,0,0,0
131265,1,1,14,14,14,14,14,14,14,14,14,14
131266,1,1,0,0,0,0,0,0,0,0,0,0
131266,2,1,0,0,0,0,0,0,0,0,0,0
131267,0,1,0,0,0,0,0,0,0,0,0,0
131267,1,1,0,0,0,0,0,0,0,0,0,0
131268,1,1,0,0,0,0,0,0,0,0,0,0
131268,2,1,0,0,0,0,0,0,0,0,0,0
131269,0,1,26,26,26,26,26,26,26,26,26,26
131269,1,1,0,0,0,0,0,0,0,0,0,0
131270,1,1,0,0,0,0,0,0,0,0,0,0
131270,2,1,26,26,26,26,26,26,26,26,26,26
131271,1,1,0,0,31,0,0,0,17,0,0,9
131271,2,1,0,0,0,0,0,0,0,0,0,0
131272,1,1,0,0,0,0,0,0,0,0,0,0
131273,1,1,16,16,16,16,16,16,16,16,16,16
131274,1,1,0,0,0,0,0,0,0,0,0,0
131274,2,1,0,0,13,0,0,0,0,0,0,0
131275,1,1,7,7,7,7,7,7,7,7,7,7
131276,1,1,13,13,13,13,13,13,13,13,13,13
131277,1,1,12,27,24,35,0,25,0,4,16,0
131278,1,1,0,0,0,0,0,0,0,0,0,0
131278,2,1,0,0,0,0,0,0,0,0,0,0
131279,1,1,0,0,0,0,0,0,0,0,0,0
131280,1,1,0,2,0,0,0,0,5,20,0,0
131281,1,1,0,0,0,0,0,0,0,0,0,0
131281,2,1,0,0,0,0,0,0,0,0,0,0
131282,1,1,0,0,0,0,0,0,0,0,0,0
131282,2,1,0,0,0,0,0,0,0,0,0,0
131283,1,1,0,0,0,0,0,0,0,0,0,0
131284,0,1,0,0,0,0,0,0,0,0,0,0
131284,1,1,0,0,0,0,0,0,0,0,0,0
131285,1,1,0,0,20,0,0,0,14,30,0,0
131286,0,1,0,0,0,0,0,0,0,0,0,0
131286,1,1,0,0,0,0,0,15,0,19,0,0
131287,1,1,0,0,0,0,0,0,0,0,0,0
131287,2,1,0,12,4,0,0,0,0,0,0,0
131288,0,1,0,0,0,0,0,0,0,0,0,0
131288,1,1,0,0,0,5,0,0,0,0,0,0
131289,1,1,0,0,0,0,0,0,0,0,0,0
131290,1,1,20,20,20,20,20,20,20,20,20,20
131290,2,1,0,0,0,0,0,0,0,0,0,0
131291,1,1,0,0,0,0,0,0,0,0,0,0
131292,1,1,15,15,15,15,15,15,15,15,15,15
131293,1,1,0,0,0,0,0,0,0,0,0,0
131293,2,1,0,0,0,0,0,0,0,0,0,0
131294,1,1,0,0,20,16,0,25,0,0,10,9
131295,1,1,10,11,11,15,20,15,21,0,20,27
131296,1,1,0,0,0,0,0,0,0,0,0,0
131296,2,1,0,0,0,0,0,0,0,0,0,0
131297,1,1,18,17,15,7,12,11,2,22,0,11
131297,2,1,5,0,0,0,0,0,0,9,0,0
131298,1,1,25,25,25,25,25,25,25,25,25,25
131299,0,1,0,0,0,0,0,0,0,0,0,0
131299,1,1,0,0,0,0,0,0,0,0,0,12
131300,1,1,0,0,0,0,0,0,0,0,0,0
131300,2,1,8,0,0,0,24,0,0,0,0,0
131301,1,1,21,21,21,21,21,21,21,21,21,21
131302,1,1,0,0,0,16,0,0,0,0,0,0
131302,2,1,0,0,0,0,0,0,0,0,0,0
131303,1,1,17,21,20,32,0,0,9,15,24,0
131304,0,1,0,0,0,0,0,0,0,0,0,0
131304,1,1,0,0,0,0,0,0,0,0,0,0
131305,1,1,0,0,0,0,0,0,0,0,3,0
131306,1,1,0,0,0,0,0,0,28,0,0,0
131306,2,1,0,0,0,0,0,0,0,0,0,0
131307,1,1,14,14,14,14,14,14,14,14,14,14
131308,1,1,0,0,0,0,0,0,0,0,22,0
131308,2,1,0,0,0,0,0,0,0,0,0,0
131309,1,1,0,0,0,23,0,27,0,0,0,13
131310,0,1,0,0,0,29,0,0,0,30,0,29
131310,1,1,14,18,23,32,13,11,10,20,12,36
131311,1,1,17,17,17,17,17,17,17,17,17,17
131312,1,1,0,0,0,0,0,0,0,0,0,0
131312,2,1,0,0,0,0,0,0,0,0,0,0
131312,3,1,0,0,0,0,0,0,0,0,0,0
131313,1,1,0,0,0,0,0,0,0,0,0,0
131313,2,1,0,0,0,0,0,0,0,0,0,0
131314,1,1,0,0,0,0,0,0,0,0,0,0
131315,0,1,12,12,12,12,12,12,12,12,12,12
131315,1,1,0,13,0,0,0,10,0,0,0,0
131316,0,1,0,0,0,0,0,0,0,0,0,0
131316,1,1,0,16,13,11,40,0,8,0,0,0
131317,1,1,0,0,0,0,0,0,0,0,0,0
131317,2,1,0,0,0,0,0,0,17,0,0,0
131318,1,1,0,32,0,14,0,0,0,0,0,0
131318,2,1,0,0,15,0,0,0,0,0,0,0
131319,1,1,0,0,0,0,0,0,0,0,11,0
131319,2,1,0,0,0,0,0,0,16,0,0,0
131320,1,1,0,0,0,0,0,0,0,0,0,0
131321,0,1,0,0,0,0,15,0,9,0,0,29
131321,1,1,0,0,0,0,0,0,0,0,0,0
131322,1,1,0,0,0,0,0,19,0,0,16,0
131322,2,1,0,2,0,0,0,0,0,0,0,0
131323,1,1,7,0,0,0,0,0,8,0,0,14
131324,1,1,0,0,0,0,0,0,0,0,0,0
131325,1,1,0,0,13,0,7,0,0,0,24,24
131325,2,1,0,0,0,15,23,0,0,0,0,0
131325,3,1,0,0,0,0,0,0,0,32,0,0
131325,4,1,0,0,0,0,0,0,0,0,0,0
131326,1,1,4,4,4,4,4,4,4,4,4,4
131326,2,1,0,0,0,0,0,0,0,0,0,0
131326,3,1,0,0,0,0,0,0,0,0,0,0
131327,0,1,0,0,0,0,0,0,0,0,0,0
131327,1,1,0,35,0,0,0,0,0,0,18,8
131328,0,1,26,26,26,26,26,26,26,26,26,26
131328,1,1,0,0,0,0,0,0,0,2,0,0
131329,1,1,15,15,15,15,15,15,15,15,15,15
131330,1,1,0,0,0,0,0,0,0,0,0,0
131331,1,1,0,0,0,0,0,0,0,0,0,0
131332,1,1,28,28,28,28,28,28,28,28,28,28
131333,1,1,35,35,35,35,35,35,35,35,35,35
131334,1,1,0,0,0,0,0,0,0,0,0,0
131334,2,1,0,0,0,0,0,0,0,0,0,0
131335,1,1,0,0,0,0,0,0,0,0,0,0
131335,2,1,0,0,0,0,0,0,0,0,0,0
131336,1,1,0,0,0,0,0,0,11,0,0,0
131337,1,1,0,0,0,0,0,0,0,0,0,0
131338,1,1,0,0,20,12,0,16,0,0,13,5
131339,1,1,0,0,0,0,0,0,0,0,0,0
131339,2,1,0,0,0,0,0,0,0,0,0,0
131340,1,1,0,0,0,0,0,0,0,0,0,0
131341,1,1,0,0,0,0,0,0,0,0,0,0
131342,1,1,0,0,0,0,0,0,0,0,0,0
131342,2,1,0,0,0,0,0,0,0,0,0,0
131343,1,1,0,0,0,0,0,0,0,0,0,0
131344,0,1,22,22,22,22,22,22,22,22,22,22
131344,1,1,0,0,0,0,18,0,0,0,0,0
131345,1,1,0,0,0,0,0,0,4,0,0,0
131345,2,1,0,0,0,0,0,0,0,10,0,15
131346,1,1,10,10,10,10,10,10,10,10,10,10
131347,1,1,0,0,0,0,0,0,0,0,0,0
131348,1,1,0,0,0,0,0,0,0,0,0,0
131348,2,1,0,0,0,0,0,0,0,0,0,0
131349,0,1,0,0,0,0,0,0,0,0,0,0
131349,1,1,0,0,0,0,0,0,0,0,0,0
131350,0,1,0,0,0,0,28,16,0,43,0,12
131350,1,1,0,24,0,0,0,0,0,0,0,0
131351,1,1,0,0,0,0,0,0,0,0,0,0
131351,2,1,0,0,0,0,0,0,0,0,0,0
131352,1,1,10,0,16,33,13,7,33,27,13,0
131353,0,1,0,0,0,0,0,0,0,0,0,0
131353,1,1,0,0,0,0,0,0,0,0,0,0
131354,0,1,0,0,0,0,0,0,0,0,0,0
131354,1,1,0,0,0,0,0,0,0,0,0,0
131355,1,1,0,0,0,0,0,0,0,0,0,0
131355,2,1,0,0,0,0,0,0,0,0,0,0
131356,1,1,18,18,18,18,18,18,18,18,18,18
131356,2,1,0,17,0,0,0,0,0,0,0,0
131356,3,1,0,0,0,0,0,0,0,0,0,0
131357,1,1,0,0,0,0,0,0,0,0,0,0
131358,1,1,19,19,19,19,19,19,19,19,19,19
131359,1,1,6,6,6,6,6,6,6,6,6,6
131359,2,1,0,22,0,0,0,0,0,0,0,0
131360,1,1,0,0,0,0,0,0,0,0,0,0
131360,2,1,0,17,0,27,0,0,0,23,0,0
131361,1,1,4,10,16,14,0,20,20,6,17,8
131362,0,1,0,0,21,10,27,13,10,0,0,0
131362,1,1,0,0,18,0,0,0,0,0,0,0
131363,1,1,0,0,0,0,0,0,0,0,0,0