ST_CASE,VEH_NO,PER_NO,P1,P2,P3,P4,P5,P6,P7,P8,P9,P10
170236,1,1,4,4,4,4,4,4,4,4,4,4
170237,1,1,0,0,0,0,0,0,0,0,0,0
170237,2,1,0,0,0,0,0,0,0,0,0,0
170238,0,1,0,38,15,7,0,0,25,0,16,33
170238,1,1,0,0,0,0,0,0,27,0,0,0
170239,1,1,0,0,0,0,0,0,0,0,0,0
170240,1,1,0,0,0,0,0,0,0,0,0,0
170241,1,1,0,0,0,0,0,0,0,0,0,0
170241,2,1,0,0,0,0,0,0,0,0,0,0
170242,0,1,16,0,0,29,0,13,14,17,11,0
170242,1,1,0,0,0,0,0,0,0,0,0,0
170243,1,1,0,0,0,0,0,0,0,0,0,0
170244,1,1,0,0,0,0,0,0,0,0,0,0
170244,2,1,0,0,0,0,0,0,0,0,0,0
170244,3,1,0,0,0,0,0,0,0,0,0,0
170245,1,1,0,0,0,0,0,0,0,0,0,0
170245,2,1,0,0,0,0,0,0,0,0,0,0
170246,0,1,25,25,25,25,25,25,25,25,25,25
170246,1,1,0,0,0,0,0,0,0,0,0,0
170247,1,1,0,0,0,0,0,0,0,0,0,0
170248,1,1,0,0,0,0,0,0,0,0,0,0
170249,1,1,0,0,0,0,0,0,0,0,0,0
170250,1,1,0,0,0,0,0,0,0,0,0,0
170250,2,1,0,0,0,0,0,0,0,0,0,0
170251,1,1,4,4,4,4,4,4,4,4,4,4
170253,1,1,0,0,0,0,0,0,0,0,0,0
170254,1,1,0,0,0,0,0,0,0,0,0,0
170254,2,1,0,0,0,0,0,0,0,0,0,6
170255,1,1,15,15,15,15,15,15,15,15,15,15
170256,1,1,0,0,0,0,0,0,0,0,0,0
170257,1,1,18,18,18,18,18,18,18,18,18,18
170259,1,1,0,0,0,0,0,0,0,0,0,0
170259,2,1,0,0,0,0,0,0,0,0,0,0
170260,0,1,3,3,3,3,3,3,3,3,3,3
170260,0,2,0,29,0,0,22,5,28,16,32,9
170260,1,1,5,5,5,5,5,5,5,5,5,5
170261,1,1,27,27,27,27,27,27,27,27,27,27
170262,1,1,0,0,0,0,0,0,0,0,0,0
170263,1,1,0,0,0,0,0,0,0,0,0,0
170264,0,1,0,0,0,0,0,0,0,0,0,0
170264,1,1,0,0,0,0,0,0,0,0,0,0
170265,1,1,22,22,22,22,22,22,22,22,22,22
170266,1,1,2,2,2,2,2,2,2,2,2,2
170266,2,1,4,4,4,4,4,4,4,4,4,4
170267,1,1,3,3,3,3,3,3,3,3,3,3
170268,1,1,0,0,0,0,0,0,0,37,0,0
170269,1,1,0,0,0,0,0,0,0,0,0,0
170269,2,1,0,0,0,0,0,0,0,0,0,0
170270,1,1,0,0,0,0,0,0,0,0,0,0
170270,2,1,0,0,0,0,0,0,0,0,0,0
170270,3,1,0,0,0,0,0,0,0,0,0,0
170270,4,1,0,0,0,0,0,0,0,0,0,0
170271,1,1,0,0,0,0,0,0,0,0,0,0
170271,2,1,0,0,8,0,0,0,0,0,0,0
170271,3,1,0,0,0,0,0,0,0,0,11,0
170272,1,1,0,0,0,0,0,0,0,0,0,0
170272,2,1,0,0,0,0,11,0,0,0,0,23
170273,1,1,0,0,0,0,0,18,0,0,0,0
170274,1,1,0,0,4,0,6,0,0,0,0,24
170275,1,1,17,17,17,17,17,17,17,17,17,17
170277,1,1,0,0,0,0,0,0,0,0,0,0
170278,1,1,9,9,9,9,9,9,9,9,9,9
170278,2,1,29,0,0,0,0,0,0,0,0,0
170279,1,1,0,0,0,0,0,0,0,0,0,0
170279,2,1,0,0,0,0,0,0,0,0,0,0
170280,1,1,0,0,0,0,0,0,0,0,0,0
170280,2,1,13,13,13,13,13,13,13,13,13,13
170281,0,1,13,13,13,13,13,13,13,13,13,13
170281,1,1,2,2,2,2,2,2,2,2,2,2
170282,1,1,0,0,0,0,0,0,0,0,0,0
170282,2,1,0,0,0,0,0,0,0,0,0,0
170283,1,1,0,0,0,0,0,0,0,0,0,0
170283,2,1,0,0,0,0,0,0,0,0,0,0
170284,1,1,0,0,0,0,0,0,0,0,0,0
170285,1,1,31,31,31,31,31,31,31,31,31,31
170286,1,1,20,20,20,20,20,20,20,20,20,20
170286,2,1,0,0,0,0,0,0,0,0,0,0
170287,1,1,15,15,15,15,15,15,15,15,15,15
170288,1,1,0,0,0,0,0,0,0,0,0,0
170288,2,1,17,17,17,17,17,17,17,17,17,17
170289,0,1,22,22,22,22,22,22,22,22,22,22
170289,1,1,9,13,23,0,16,22,13,20,5,22
170292,1,1,0,0,0,0,0,0,0,0,0,0
170293,1,1,0,0,0,0,0,0,0,0,0,0
170294,1,1,0,0,0,0,0,0,0,0,0,0
170295,1,1,18,18,18,18,18,18,18,18,18,18
170295,2,1,0,0,0,0,0,0,0,0,0,0
170296,0,1,27,27,27,27,27,27,27,27,27,27
170296,1,1,16,29,16,9,7,10,4,11,18,41
170297,1,1,5,5,5,5,5,5,5,5,5,5
170297,2,1,0,0,0,0,0,0,0,0,0,0
170298,1,1,22,22,22,22,22,22,22,22,22,22
170298,2,1,0,0,0,0,0,0,0,0,0,0
170299,1,1,12,12,12,12,12,12,12,12,12,12
170300,1,1,13,13,13,13,13,13,13,13,13,13
170301,1,1,0,0,0,0,0,0,0,0,0,0
170302,1,1,0,0,26,0,0,0,0,0,0,0
170302,2,1,0,0,0,0,0,0,0,0,0,0
170303,0,1,0,0,0,0,0,0,0,0,0,0
170303,1,1,0,0,0,0,0,0,0,0,0,0
170304,1,1,0,0,0,0,0,0,0,0,0,0
170304,2,1,0,0,0,0,0,0,0,0,0,0
170305,1,1,9,9,9,9,9,9,9,9,9,9
170305,2,1,0,7,0,0,0,22,0,0,0,0
170307,1,1,0,0,0,0,0,0,0,0,0,0
170307,2,1,0,0,0,0,0,0,0,0,0,0
170308,1,1,0,0,0,0,0,0,0,0,0,0
170308,2,1,0,0,0,0,0,0,0,0,0,0
170309,1,1,7,7,7,7,7,7,7,7,7,7
170310,1,1,0,0,0,0,0,0,0,0,0,0
170310,2,1,0,0,0,0,0,0,0,0,0,0
170311,0,1,0,0,0,0,0,0,0,0,0,0
170311,1,1,0,0,0,0,0,0,0,0,0,0
170313,1,1,0,0,0,0,0,0,0,0,0,0
170313,2,1,0,0,0,0,0,0,0,0,0,0
170314,1,1,29,29,29,29,29,29,29,29,29,29
170315,1,1,0,0,0,0,0,0,0,0,0,0
170315,2,1,0,0,0,0,0,0,0,0,0,0
170315,3,1,0,0,0,0,0,10,0,0,0,0
170316,1,1,0,0,0,0,0,0,0,0,0,0
170316,2,1,0,0,0,0,0,0,0,0,0,0
170317,1,1,0,0,0,0,0,0,0,0,0,0
170317,2,1,0,0,0,0,0,0,0,0,0,0
170318,1,1,13,13,13,13,13,13,13,13,13,13
170321,1,1,18,18,18,18,18,18,18,18,18,18
170322,1,1,0,0,0,0,0,0,0,0,0,0
170322,2,1,0,0,0,0,0,0,0,0,0,0
170322,3,1,0,0,0,0,0,0,0,0,0,0
170323,1,1,0,0,0,0,0,0,0,0,0,0
170324,1,1,0,0,0,0,0,0,0,0,0,0
170325,0,1,28,28,28,28,28,28,28,28,28,28
170325,1,1,0,0,0,0,0,0,0,0,0,0
170326,1,1,0,0,0,0,0,0,0,0,0,0
170326,2,1,0,0,0,0,0,0,0,0,0,0
170326,3,1,0,0,10,30,0,0,0,6,0,0
170327,1,1,0,0,0,0,0,0,0,0,0,0
170327,2,1,0,0,0,0,4,0,0,0,0,0
170328,1,1,17,17,17,17,17,17,17,17,17,17
170329,1,1,0,0,0,0,0,0,0,0,0,0
170329,2,1,0,0,0,0,0,0,0,0,0,0
170330,1,1,0,0,0,0,0,0,0,0,0,0
170331,1,1,23,23,23,23,23,23,23,23,23,23
170332,0,1,6,6,6,6,6,6,6,6,6,6
170332,1,1,0,19,0,0,0,0,0,0,0,0
170333,1,1,17,17,17,17,17,17,17,17,17,17
170335,1,1,3,3,3,3,3,3,3,3,3,3
170336,0,1,0,0,0,0,0,0,0,0,0,0
170336,1,1,0,0,0,0,0,0,0,0,0,0
170337,1,1,11,0,24,0,0,0,0,0,0,0
170338,0,1,11,11,11,11,11,11,11,11,11,11
170338,1,1,32,0,0,12,4,18,0,13,0,0
170339,1,1,0,0,0,0,0,0,0,0,0,0
170340,1,1,0,0,0,0,0,0,0,0,0,0
170340,2,1,0,0,0,0,0,0,0,0,0,0
170341,1,1,0,0,0,0,0,0,0,0,0,0
170341,2,1,0,0,0,0,0,0,0,0,0,0
170342,0,1,0,0,0,0,0,0,0,0,0,0
170342,1,1,0,0,0,0,0,0,0,0,0,0
170343,1,1,19,19,19,19,19,19,19,19,19,19
170343,2,1,0,0,0,0,0,0,0,0,0,0
170344,0,1,0,0,0,0,0,0,0,0,0,0
170344,1,1,0,0,0,0,0,0,5,0,0,0
170345,1,1,0,0,0,19,0,24,0,15,0,0
170346,1,1,22,12,13,6,25,14,19,11,0,15
170346,2,1,0,0,0,0,0,0,0,0,0,0
170346,3,1,0,17,0,0,0,0,0,0,0,0
170346,4,1,0,0,0,0,0,0,0,0,0,0
170347,0,1,0,0,0,0,0,0,0,0,0,0
170347,1,1,0,0,0,0,0,0,0,0,0,0
170348,1,1,0,0,0,0,0,0,0,0,0,0
170348,2,1,0,0,0,0,0,0,0,0,0,0
170348,3,1,0,0,0,0,0,0,0,0,0,0
170349,0,1,0,0,0,0,0,0,0,0,0,0
170349,1,1,0,0,0,0,0,0,0,0,0,0
170350,1,1,0,0,0,0,0,0,0,0,0,0
170350,2,1,0,0,0,0,0,0,0,0,0,0
170350,3,1,0,0,0,0,0,0,0,0,0,0
170351,1,1,16,0,6,9,10,25,0,11,29,0
170351,2,1,42,0,0,0,0,5,0,13,16,10
170352,0,1,25,25,25,25,25,25,25,25,25,25
170352,1,1,0,6,0,0,0,0,0,7,0,8
170353,1,1,0,0,0,0,0,0,0,0,0,0
170353,2,1,0,0,0,0,0,0,0,0,0,0
170354,0,1,0,0,0,0,0,0,0,0,0,0
170354,1,1,0,0,0,0,0,0,0,0,0,0
170355,1,1,20,20,20,20,20,20,20,20,20,20
170356,1,1,0,0,0,0,0,0,0,0,0,0
170356,2,1,0,0,0,0,0,0,0,0,0,0
170356,3,1,0,0,0,0,0,0,0,0,0,27
170357,1,1,0,0,0,0,0,8,0,0,0,0
170358,1,1,0,0,9,12,0,0,6,0,20,0
170359,1,1,0,12,0,12,18,25,5,23,13,0
170359,2,1,0,0,0,0,0,0,17,0,0,11
170360,0,1,0,0,0,0,0,0,0,0,0,0
170360,1,1,0,0,0,0,0,0,0,0,0,17
170361,1,1,10,10,10,10,10,10,10,10,10,10
170362,1,1,0,0,0,0,0,0,0,0,0,0
170362,2,1,0,0,0,0,0,0,0,0,0,0
170364,1,1,0,0,0,0,0,0,0,0,0,0
170364,2,1,0,0,0,0,0,0,11,0,0,0
170365,0,1,0,0,0,0,0,0,0,0,0,0
170365,1,1,6,0,0,22,0,0,0,0,0,0
170366,1,1,0,0,0,14,0,0,0,0,0,0
170366,2,1,0,0,0,0,0,0,0,0,0,0
170367,1,1,6,6,6,6,6,6,6,6,6,6
170368,0,1,0,22,0,0,0,0,0,27,0,13
170368,1,1,0,0,0,0,0,0,0,0,0,0
170369,1,1,0,0,0,0,0,0,0,0,0,0
170369,2,1,0,0,0,0,0,0,20,0,0,0
170369,3,1,0,0,0,0,0,0,0,0,0,0
170370,1,1,0,0,0,0,0,0,0,0,0,0
170370,2,1,0,0,0,0,0,0,0,0,0,0
170370,3,1,0,0,0,0,0,0,0,0,0,0
170371,1,1,0,0,0,0,0,0,0,0,0,0
170372,0,1,0,6,0,0,0,10,0,20,0,23
170372,1,1,3,10,17,6,11,25,4,0,9,17
170373,1,1,13,3,13,5,17,34,0,0,0,10
170374,1,1,0,0,0,0,0,0,0,0,0,0
170375,1,1,22,22,22,22,22,22,22,22,22,22
170376,1,1,0,0,12,0,0,0,16,11,0,0
170377,1,1,15,0,0,12,0,0,0,0,0,0
170378,1,1,6,6,6,6,6,6,6,6,6,6
170379,0,1,19,0,0,0,0,0,0,0,0,0
170379,1,1,0,0,0,0,0,0,0,0,0,0
170380,1,1,12,12,12,12,12,12,12,12,12,12
170381,1,1,0,5,0,0,0,0,0,0,0,0
170381,2,1,0,0,0,0,0,0,0,0,0,0
170382,0,1,0,0,0,0,0,0,0,0,0,0
170382,1,1,0,0,0,0,0,0,0,0,0,0
170382,4,1,0,0,0,0,0,0,0,0,16,0
170383,1,1,0,0,0,0,0,0,0,0,0,0
170383,2,1,0,7,0,0,0,0,0,0,0,0
170383,3,1,0,0,0,0,0,0,0,0,0,0
170383,4,1,0,0,0,0,0,0,0,0,0,0
170384,1,1,19,19,19,19,19,19,19,19,19,19
170384,2,1,0,0,0,0,0,0,0,0,0,0
170385,0,1,0,0,0,11,0,0,0,0,21,0
170385,1,1,22,22,22,22,22,22,22,22,22,22
170386,1,1,0,0,0,0,0,0,0,0,0,0
170386,2,1,0,0,0,0,0,0,0,0,0,0
170387,1,1,0,0,0,0,0,0,0,0,0,0
170387,2,1,0,0,0,8,13,0,0,0,0,0
170388,1,1,0,0,0,0,0,0,0,0,0,0
170388,2,1,0,0,0,0,0,0,0,0,0,0
170389,1,1,7,7,7,7,7,7,7,7,7,7
170389,2,1,0,0,0,0,0,0,0,0,0,0
170390,0,1,7,7,7,7,7,7,7,7,7,7
170390,1,1,0,0,0,0,0,0,0,0,0,0
170391,1,1,9,9,9,9,9,9,9,9,9,9
170392,1,1,0,10,0,0,0,0,10,14,0,0
170393,1,1,0,0,0,0,0,0,0,15,0,0
170393,2,1,0,0,0,0,0,0,0,0,0,0
170394,1,1,0,0,0,0,0,0,0,0,0,0
170395,1,1,0,0,0,0,0,0,0,0,0,0
170395,2,1,0,0,0,0,0,8,0,0,0,7
170396,1,1,0,0,0,0,0,0,0,0,0,0
170397,0,1,0,0,0,0,0,0,0,0,0,0
170397,1,1,11,22,0,15,14,14,7,13,0,0
170398,1,1,0,0,0,0,0,0,0,0,0,0
170398,2,1,24,0,0,14,0,0,0,0,0,0
170399,1,1,0,0,17,0,0,0,0,0,0,0
170399,2,1,0,0,0,0,0,0,0,0,0,0
170399,3,1,0,0,0,0,0,0,0,0,0,0
170400,1,1,0,0,0,0,0,0,0,0,0,0
170401,1,1,0,0,0,0,0,0,0,0,0,0
170402,0,1,0,0,0,0,0,0,0,0,0,0
170402,1,1,0,0,0,0,0,0,0,0,0,0
170403,1,1,18,18,18,18,18,18,18,18,18,18
170403,2,1,0,0,0,0,0,0,0,0,0,0
170404,1,1,13,13,13,13,13,13,13,13,13,13
170405,1,1,23,23,23,23,23,23,23,23,23,23
170406,1,1,22,22,22,22,22,22,22,22,22,22
170408,1,1,0,0,0,0,0,0,0,0,44,0
170408,2,1,17,17,17,17,17,17,17,17,17,17
170409,1,1,0,0,0,10,0,0,0,0,0,6
170409,2,1,0,0,0,0,0,0,0,0,0,0
170410,1,1,0,0,0,0,0,0,0,0,0,0
170410,2,1,0,0,0,0,0,0,0,0,0,0
170411,0,1,0,0,0,0,0,0,0,0,0,0
170411,1,1,0,0,0,0,0,0,0,0,0,0
170411,2,1,0,0,0,0,0,0,0,0,0,0
170412,1,1,0,0,0,0,0,0,0,11,0,0
170412,2,1,2,0,9,0,0,0,8,6,0,0
170413,1,1,0,0,0,0,0,0,0,0,0,0
170414,1,1,0,0,0,0,0,0,0,0,0,0
170414,2,1,0,0,0,0,0,0,0,0,0,0
170414,3,1,0,0,0,0,0,0,0,0,0,0
170415,1,1,0,0,0,0,0,0,0,0,0,0
170416,1,1,2,2,2,2,2,2,2,2,2,2
170417,1,1,16,16,16,16,16,16,16,16,16,16
170418,1,1,34,34,34,34,34,34,34,34,34,34
170419,1,1,0,0,0,0,0,0,0,0,0,0
170420,1,1,23,23,23,23,23,23,23,23,23,23
170421,1,1,0,0,0,0,0,0,0,0,0,0
170422,1,1,0,0,0,0,0,0,0,0,0,0
170422,2,1,0,0,0,0,0,0,0,0,0,0
170423,1,1,12,12,12,12,12,12,12,12,12,12
170424,1,1,0,0,0,0,0,0,0,0,0,0
170424,2,1,14,14,14,14,14,14,14,14,14,14
170425,1,1,0,0,0,0,0,0,0,0,0,0
170425,2,1,0,0,0,0,0,0,0,0,0,0
170426,1,1,0,0,0,0,0,0,0,0,0,0
170427,0,1,11,11,11,11,11,11,11,11,11,11
170427,1,1,8,8,8,8,8,8,8,8,8,8
170428,1,1,0,0,0,0,0,0,0,0,0,0
170429,0,1,0,0,0,0,0,0,0,0,0,0
170429,1,1,0,0,0,0,0,0,0,0,0,0
170430,0,1,0,0,0,0,0,0,0,0,0,0
170430,0,2,0,0,0,0,0,0,0,0,0,0
170430,1,1,0,0,0,0,0,0,0,0,0,0
170431,1,1,20,20,20,20,20,20,20,20,20,20
170432,1,1,0,0,0,0,0,0,0,0,0,0
170433,1,1,0,0,0,0,0,0,0,0,0,0
170434,1,1,19,19,19,19,19,19,19,19,19,19
170434,2,1,0,8,0,0,0,0,0,0,0,0
170435,1,1,0,0,0,0,0,0,0,0,0,0
170436,0,1,0,0,0,0,0,0,0,0,0,0
170436,1,1,0,0,0,0,0,0,0,0,0,0
170437,1,1,0,0,0,0,0,0,0,0,0,0
170437,2,1,0,0,0,0,0,0,0,0,0,0
170438,1,1,0,0,0,0,0,0,0,0,0,0
170438,2,1,0,0,0,22,0,0,0,0,24,0
170438,3,1,0,0,0,0,0,0,0,0,0,0
170438,4,1,20,0,0,0,0,0,0,17,0,0
170439,1,1,0,0,0,0,13,0,0,0,0,0
170439,2,1,0,8,0,0,0,0,0,30,10,0
170439,3,1,0,0,0,0,0,0,0,0,0,0
170440,1,1,0,0,0,0,0,0,0,0,0,0
170440,2,1,0,0,0,0,0,0,0,0,0,0
170440,3,1,0,8,0,0,0,0,0,0,0,0
170441,1,1,0,0,0,0,0,0,0,0,0,0
170441,2,1,0,0,0,0,0,0,0,0,0,0
170442,1,1,0,0,0,0,0,0,0,0,0,0
170442,2,1,0,0,0,0,0,0,0,0,0,0
170443,1,1,0,0,0,0,0,0,0,0,0,0
170444,1,1,19,19,19,19,19,19,19,19,19,19
170445,1,1,13,13,13,13,13,13,13,13,13,13
170446,1,1,0,0,0,0,0,0,0,0,0,0
170447,1,1,5,5,5,5,5,5,5,5,5,5
170447,2,1,0,0,0,0,0,0,0,0,0,0
170448,1,1,15,15,15,15,15,15,15,15,15,15
170449,1,1,0,0,0,0,0,0,0,0,0,0
170450,1,1,20,20,20,20,20,20,20,20,20,20
170450,2,1,13,0,0,13,13,0,0,9,10,5
170451,1,1,3,3,3,3,3,3,3,3,3,3
170452,1,1,26,26,26,26,26,26,26,26,26,26
170453,1,1,0,0,0,0,0,0,0,0,0,0
170453,2,1,0,0,0,0,0,0,0,0,0,0
170454,0,1,15,15,15,15,15,15,15,15,15,15
170454,1,1,24,12,0,12,8,4,15,5,28,22
170455,0,1,10,10,10,10,10,10,10,10,10,10
170455,1,1,0,0,0,29,0,0,0,34,0,0
170456,1,1,0,0,0,0,0,0,0,0,0,0
170457,0,1,15,0,11,0,16,0,38,0,0,0
170457,1,1,0,0,7,0,0,31,0,17,0,0
170459,1,1,0,0,0,0,0,0,0,0,0,0
170459,2,1,0,0,0,0,0,0,0,0,0,0
170460,0,1,0,0,0,0,0,0,0,0,0,0
170460,0,2,0,0,0,0,0,0,0,0,0,0
170460,1,1,0,0,0,0,0,0,0,0,0,0
170461,1,1,23,23,23,23,23,23,23,23,23,23
170461,2,1,0,0,0,37,0,24,0,20,0,9
170461,3,1,0,0,0,0,0,23,0,0,0,0
170461,4,1,6,0,0,0,24,22,0,0,0,0
170462,1,1,0,0,17,0,0,0,0,0,0,0
170462,2,1,0,0,0,0,0,0,0,0,0,0
170463,1,1,0,0,0,0,0,0,0,0,0,0
170464,1,1,8,0,0,0,0,0,0,0,0,0
170464,2,1,0,0,0,0,0,13,0,0,0,0
170464,3,1,0,0,0,0,0,0,0,0,0,0
170464,4,1,0,0,0,0,0,0,0,0,0,0
170465,1,1,0,0,0,0,0,0,0,0,0,0
170466,0,1,0,0,0,0,0,0,0,0,0,0
170466,1,1,0,0,0,0,0,0,0,0,0,0
170467,1,1,0,0,0,0,0,0,0,0,0,0
170467,2,1,0,0,0,0,0,0,0,0,0,0
170468,1,1,0,0,0,0,0,0,0,0,0,0
170468,2,1,0,0,0,0,0,0,0,0,0,0
170468,3,1,0,0,11,0,0,0,0,0,0,0
170468,4,1,25,0,0,0,0,0,0,0,0,24
170468,5,1,0,0,0,0,0,0,0,21,27,10
170469,1,1,19,19,19,19,19,19,19,19,19,19
170470,1,1,6,6,6,6,6,6,6,6,6,6
170471,1,1,0,0,0,0,0,0,8,0,0,0
170471,2,1,0,0,0,0,0,0,0,0,0,0
170471,3,1,0,0,23,0,0,0,0,0,0,0
170472,1,1,0,0,0,0,0,29,0,0,0,13
170473,1,1,0,0,0,0,0,0,0,0,0,0
170474,1,1,0,0,0,0,0,0,0,0,0,0
170474,2,1,0,0,0,0,0,0,0,0,0,0
170475,1,1,0,0,0,0,0,0,0,0,0,0
170475,2,1,0,0,0,0,0,0,0,0,0,0
170475,3,1,0,0,0,0,0,0,0,0,0,0
170476,1,1,10,10,10,10,10,10,10,10,10,10
170477,1,1,0,0,0,0,0,0,0,0,0,0
170478,1,1,0,32,0,22,4,0,0,16,12,0
170478,2,1,0,0,0,0,0,0,0,0,0,0
170479,1,1,14,14,14,14,14,14,14,14,14,14
170480,1,1,29,29,29,29,29,29,29,29,29,29
170481,1,1,0,0,0,0,0,0,0,0,0,0
170481,2,1,0,0,0,0,0,0,0,0,0,0
170481,3,1,0,0,0,0,0,0,0,0,0,0
170482,1,1,0,0,0,0,0,0,0,0,0,0
170482,2,1,0,0,0,0,0,0,0,0,0,0
170483,0,1,0,0,0,0,0,0,0,0,0,0
170483,1,1,0,0,0,0,0,0,17,0,0,0
170484,1,1,0,0,0,0,0,0,0,0,0,0
170484,2,1,0,0,0,0,0,0,0,0,0,0
170485,1,1,0,0,0,0,0,0,0,0,0,0
170485,2,1,0,0,0,0,0,0,0,0,0,0
170485,3,1,0,0,0,0,0,0,11,0,0,0
170485,4,1,0,0,11,0,0,0,0,0,0,0
170485,5,1,0,0,0,0,0,0,11,0,0,0
170486,1,1,0,0,0,0,0,0,0,32,0,4
170486,2,1,9,0,0,0,0,0,0,0,0,0
170487,1,1,0,0,0,0,0,0,0,0,0,0
170487,2,1,0,18,0,0,0,0,0,0,0,0
170488,1,1,0,0,0,0,0,0,0,0,0,0
170490,1,1,14,12,22,31,6,16,15,17,25,9
170490,2,1,0,0,0,0,0,0,0,0,0,0
170491,1,1,0,0,0,0,0,0,0,0,0,0
170492,1,1,0,0,0,0,0,0,0,0,0,0
170492,2,1,0,0,0,0,0,17,0,0,0,0
170492,3,1,0,0,12,0,0,14,0,0,0,0
170493,1,1,18,18,18,18,18,18,18,18,18,18
170494,0,1,0,0,0,0,0,0,0,0,0,0
170494,1,1,0,0,0,0,0,0,0,0,0,0
170494,2,1,0,0,0,0,0,0,0,0,0,0
170495,1,1,8,8,8,8,8,8,8,8,8,8
170495,2,1,0,0,0,0,0,0,0,0,0,0
170496,1,1,0,0,0,0,0,0,0,0,0,0
170496,2,1,0,0,0,0,0,0,0,0,0,0
170497,0,1,0,0,0,0,0,0,21,0,19,20
170497,1,1,0,0,0,0,4,14,0,8,24,0
170498,1,1,22,22,22,22,22,22,22,22,22,22
170498,2,1,0,0,0,0,0,0,0,0,0,0
170499,1,1,0,0,0,0,0,0,0,0,0,0
170499,2,1,0,0,0,0,0,0,0,0,0,0
170500,1,1,12,12,12,12,12,12,12,12,12,12
170501,1,1,0,0,0,0,0,0,0,0,0,0
170502,1,1,36,36,36,36,36,36,36,36,36,36
170503,1,1,17,17,17,17,17,17,17,17,17,17
170504,1,1,0,0,0,0,0,0,0,0,0,0
170505,1,1,17,17,17,17,17,17,17,17,17,17
170506,1,1,16,16,16,16,16,16,16,16,16,16
170507,1,1,0,0,0,0,0,0,0,0,0,0
170507,2,1,0,0,0,0,0,0,0,0,0,0
170507,3,1,0,0,0,0,0,0,0,0,0,0
170509,1,1,15,15,15,15,15,15,15,15,15,15
170509,2,1,0,0,22,0,15,0,15,0,0,0
170509,3,1,0,0,0,0,0,0,0,0,0,0
170510,1,1,0,0,0,0,3,0,0,0,0,0
170510,2,1,0,0,0,0,0,0,0,0,0,0
170510,3,1,0,0,0,0,0,0,0,0,0,0
170511,0,1,0,0,0,0,0,0,0,0,0,0
170511,1,1,0,0,0,0,0,0,0,0,0,0
170512,1,1,0,0,0,0,0,0,0,0,0,0
170513,1,1,0,0,0,0,13,0,0,0,0,0
170513,2,1,0,0,0,0,0,0,0,0,0,0
170514,0,1,0,0,0,0,0,0,0,0,0,0
170514,1,1,0,0,0,0,0,0,0,0,0,0
170515,1,1,18,18,18,18,18,18,18,18,18,18
170516,1,1,0,0,7,16,0,0,0,21,0,0
170516,2,1,0,0,0,0,0,0,0,0,0,0
170517,1,1,0,0,0,0,0,0,0,0,0,0
170518,1,1,0,0,0,0,0,0,0,29,0,0
170518,2,1,0,0,0,0,4,0,0,0,0,0
170519,1,1,0,0,0,0,0,0,0,0,0,0
170520,1,1,0,0,0,0,0,0,0,0,0,0
170520,2,1,0,0,0,0,0,0,0,0,0,0
170521,1,1,0,0,0,0,0,0,0,0,0,0
170522,1,1,0,0,0,0,0,0,0,0,0,0
170522,2,1,5,24,0,0,8,0,15,9,0,0
170522,3,1,0,0,0,0,0,0,0,0,0,0
170523,0,1,0,0,0,0,0,0,0,30,0,0
170523,1,1,0,0,0,0,0,0,0,0,0,0
170524,1,1,0,0,13,0,0,0,0,0,0,0
170524,2,1,0,0,0,0,0,0,0,0,16,0
170525,0,1,29,29,29,29,29,29,29,29,29,29
170525,1,1,0,0,0,0,18,0,0,0,0,0
170526,1,1,11,11,11,11,11,11,11,11,11,11
170527,1,1,0,0,0,0,0,0,0,0,0,0
170527,2,1,0,0,0,0,0,0,0,0,0,0
170528,1,1,16,16,16,16,16,16,16,16,16,16
170528,2,1,0,0,15,0,0,0,8,0,0,0
170529,0,1,0,0,0,0,0,0,0,0,0,0
170529,1,1,0,0,0,0,0,0,0,0,0,0
170530,1,1,0,0,0,0,0,0,0,0,0,0
170530,2,1,0,0,0,0,0,0,0,0,0,0
170531,1,1,16,16,16,16,16,16,16,16,16,16
170531,2,1,0,0,0,0,0,0,0,0,0,0
170532,0,1,0,0,0,0,0,0,0,0,0,0
170532,1,1,0,0,0,0,0,0,0,0,0,0
170532,2,1,0,0,0,0,0,0,0,0,0,0
170533,1,1,0,0,0,0,0,0,0,0,0,0
170533,2,1,0,0,0,0,0,0,0,0,0,0
170534,0,1,0,0,0,0,0,0,0,0,0,0
170534,1,1,0,0,0,0,0,0,0,0,0,0
170535,1,1,0,0,0,0,0,0,0,0,0,0
170535,2,1,0,0,15,24,0,6,12,21,17,0
170536,1,1,0,0,0,0,0,0,0,0,0,0
170536,2,1,0,0,0,0,14,25,0,0,0,15
170537,1,1,18,18,18,18,18,18,18,18,18,18
170537,2,1,0,0,0,0,0,0,0,0,0,0
170537,3,1,0,0,0,0,0,0,0,0,8,0
170538,1,2,0,38,0,0,0,0,0,20,0,11
170539,1,1,0,0,0,0,13,0,9,0,0,0
170540,1,1,29,29,29,29,29,29,29,29,29,29
170541,0,1,15,15,15,15,15,15,15,15,15,15
170541,1,1,0,0,22,0,0,0,0,0,0,0
170542,1,1,0,0,0,0,0,0,0,0,0,0
170542,2,1,0,0,0,0,0,0,0,0,0,0
170543,1,1,0,0,0,0,0,0,0,0,0,10
170543,2,1,0,0,0,0,0,0,0,0,0,0
170544,1,1,0,0,0,0,0,0,0,0,0,0