ST_CASE,VEH_NO,PER_NO,P1,P2,P3,P4,P5,P6,P7,P8,P9,P10
170545,1,1,0,0,0,0,0,0,0,0,0,0
170545,2,1,0,0,0,0,0,0,0,0,0,0
170545,3,1,0,0,0,0,0,0,0,0,0,0
170545,4,1,0,0,0,0,0,0,0,0,0,0
170545,5,1,0,0,0,0,0,0,0,0,0,0
170546,1,1,29,29,29,29,29,29,29,29,29,29
170547,1,1,0,0,0,0,0,0,0,0,0,0
170547,2,1,0,0,0,0,0,0,0,0,0,0
170548,1,1,0,0,0,0,0,0,0,0,0,0
170548,2,1,0,0,0,0,0,0,0,0,0,0
170549,1,1,0,0,0,0,0,0,0,0,0,0
170549,2,1,0,0,0,0,0,0,0,0,0,0
170549,3,1,0,0,0,0,0,0,0,0,0,0
170549,4,1,0,0,0,0,0,0,0,0,0,0
170549,5,1,0,0,0,0,0,0,0,0,0,0
170549,6,1,0,0,0,0,0,0,0,0,0,0
170550,1,1,0,0,0,0,0,0,0,0,0,0
170551,1,1,17,17,17,17,17,17,17,17,17,17
170552,1,1,0,0,0,0,0,0,0,0,0,0
170552,2,1,0,0,0,0,0,0,0,0,0,0
170552,3,1,0,0,0,0,0,0,0,0,0,0
170553,1,1,0,0,0,0,0,0,0,0,0,0
170553,2,1,0,0,0,0,0,0,0,0,0,0
170553,3,1,0,0,0,0,0,0,0,0,0,0
170553,4,1,0,0,0,0,0,0,0,0,0,0
170554,1,1,0,0,0,0,0,0,0,0,0,0
170554,2,1,0,0,0,0,0,0,0,0,0,0
170555,1,1,0,16,0,0,0,0,0,0,0,0
170556,1,1,0,0,0,0,0,0,0,0,0,0
170556,2,1,0,0,0,0,0,0,0,0,0,0
170557,1,1,0,0,0,0,0,0,0,0,24,0
170557,2,1,0,0,0,0,0,0,0,0,0,0
170558,1,1,0,0,0,0,0,0,16,0,0,0
170559,1,1,11,11,11,11,11,11,11,11,11,11
170559,2,1,16,6,0,18,19,22,21,19,35,20
170560,1,1,0,0,0,0,0,0,0,0,0,0
170560,2,1,11,11,11,11,11,11,11,11,11,11
170561,1,1,0,0,0,0,0,0,0,0,0,0
170561,2,1,0,0,0,0,0,0,0,0,0,0
170561,3,1,9,0,13,0,0,23,0,0,0,0
170562,1,1,15,15,15,15,15,15,15,15,15,15
170562,2,1,0,7,0,0,0,0,0,0,20,0
170565,1,1,0,0,0,0,0,0,0,0,0,0
170565,2,1,0,0,0,0,0,0,0,0,0,0
170565,3,1,0,0,0,0,0,0,0,0,0,0
170566,1,1,24,0,0,0,0,0,17,0,8,12
170567,1,1,0,0,0,0,0,0,0,0,0,0
170568,1,1,0,0,0,0,0,0,0,0,0,0
170569,0,1,24,24,24,24,24,24,24,24,24,24
170569,1,1,0,0,0,0,0,0,0,0,0,0
170570,1,1,22,22,22,22,22,22,22,22,22,22
170570,2,1,0,0,0,0,0,0,0,0,0,0
170571,1,1,6,6,6,6,6,6,6,6,6,6
170571,2,1,0,0,0,0,0,0,0,0,0,0
170572,1,1,14,14,14,14,14,14,14,14,14,14
170572,2,1,0,24,0,13,0,0,0,0,0,0
170573,0,1,0,0,0,0,0,0,0,0,0,0
170573,0,2,19,0,0,0,0,33,0,0,0,0
170573,1,1,11,11,11,11,11,11,11,11,11,11
170574,1,1,0,0,0,0,0,0,0,0,0,0
170574,2,1,0,0,0,0,0,0,0,0,0,0
170574,3,1,0,0,0,0,0,0,0,0,0,0
170575,0,1,34,34,34,34,34,34,34,34,34,34
170575,1,1,14,14,14,14,14,14,14,14,14,14
170576,1,1,17,17,17,17,17,17,17,17,17,17
170577,0,1,14,14,14,14,14,14,14,14,14,14
170577,1,1,0,15,0,14,20,0,0,13,21,0
170578,0,1,0,0,0,0,0,0,0,0,0,0
170578,1,1,0,19,9,0,0,0,21,0,0,0
170579,1,1,16,16,16,16,16,16,16,16,16,16
170579,2,1,0,0,0,0,0,0,0,0,0,0
170582,1,1,0,0,0,0,0,0,0,0,0,0
170582,2,1,0,0,0,0,0,0,0,0,0,0
170583,1,1,0,0,0,0,0,0,0,0,0,0
170583,2,1,0,0,0,0,0,0,0,0,0,0
170584,0,1,0,0,0,0,0,0,0,0,0,0
170584,1,1,0,0,0,0,0,0,0,0,0,0
170585,1,1,0,0,0,0,0,0,0,0,0,0
170585,2,1,0,0,0,0,0,0,0,0,0,0
170586,1,1,0,0,0,0,0,0,0,0,0,0
170587,1,1,25,25,25,25,25,25,25,25,25,25
170588,1,1,0,0,0,0,0,0,0,0,0,0
170589,1,1,0,11,0,0,0,0,0,0,0,0
170590,1,1,0,0,0,0,0,0,0,0,0,0
170590,2,1,0,0,0,0,0,0,0,0,0,0
170590,3,1,0,0,0,0,0,0,0,0,0,0
170590,4,1,0,0,0,0,0,0,0,0,0,0
170590,5,1,0,0,0,0,0,0,0,0,0,0
170590,6,1,0,0,0,0,0,0,0,0,0,0
170591,1,1,0,0,0,0,0,0,0,0,0,0
170592,1,1,0,0,0,0,0,0,0,0,0,0
170593,1,1,0,0,0,0,0,0,0,0,0,0
170593,2,1,0,0,0,0,0,0,0,0,0,0
170594,1,1,3,3,3,3,3,3,3,3,3,3
170594,2,1,9,0,0,0,0,8,0,5,0,22
170595,1,1,0,0,0,0,0,0,0,0,0,0
170596,1,1,0,0,0,0,0,0,0,0,0,0
170596,2,1,0,0,0,0,0,0,0,0,0,0
170597,1,1,0,0,0,0,0,0,0,0,0,0
170597,2,1,0,0,0,0,0,0,0,0,0,0
170597,3,1,0,0,0,0,0,0,0,0,0,0
170598,1,1,0,0,0,0,0,0,0,0,0,0
170598,2,1,0,0,0,0,0,0,0,0,0,0
170599,1,1,20,20,20,20,20,20,20,20,20,20
170600,1,1,0,0,0,0,0,0,0,0,0,0
170600,2,1,0,0,0,0,0,0,0,0,0,0
170601,1,1,11,0,24,0,26,0,0,0,21,0
170602,1,1,0,0,0,0,0,0,0,0,0,0
170602,2,1,0,0,0,0,0,0,0,0,0,0
170603,1,1,0,0,0,0,0,0,0,0,0,0
170603,2,1,0,0,0,0,0,0,8,0,0,0
170605,1,1,0,0,0,0,0,0,0,0,0,0
170605,2,1,0,0,0,0,0,0,0,0,0,0
170606,0,1,0,0,0,0,0,0,0,0,0,0
170606,1,1,0,0,0,0,0,0,0,0,0,0
170607,1,1,2,2,2,2,2,2,2,2,2,2
170607,2,1,0,0,0,0,5,0,0,0,0,0
170609,1,1,0,0,0,0,0,0,0,0,10,0
170609,2,1,0,0,0,13,0,0,0,0,0,0
170610,1,1,23,23,23,23,23,23,23,23,23,23
170611,1,1,0,0,0,0,0,0,0,0,0,0
170612,1,1,19,19,19,19,19,19,19,19,19,19
170613,1,1,0,0,0,0,0,0,0,0,0,0
170613,2,1,2,0,0,0,0,0,0,0,0,0
170614,1,1,0,0,0,0,0,0,0,0,0,0
170614,2,1,0,0,0,0,0,0,0,0,0,0
170615,0,1,0,0,0,0,0,0,0,0,0,0
170615,1,1,0,0,0,0,0,0,0,0,0,0
170616,1,1,0,0,0,0,29,0,33,0,0,26
170616,2,1,0,0,0,0,0,0,0,0,0,0
170617,1,1,4,4,4,4,4,4,4,4,4,4
170617,2,1,0,48,5,0,0,18,14,13,0,4
170618,1,1,0,0,0,0,0,0,0,0,0,0
170618,2,1,0,0,0,0,0,0,0,0,0,0
170619,1,1,11,11,11,11,11,11,11,11,11,11
170620,1,1,0,0,0,0,0,0,0,0,0,0
170620,2,1,6,6,6,6,6,6,6,6,6,6
170621,1,1,0,0,0,0,0,0,0,0,0,0
170621,2,1,0,0,0,0,0,11,0,0,0,0
170623,0,1,21,21,21,21,21,21,21,21,21,21
170623,1,1,0,29,2,5,24,23,0,0,2,8
170624,1,1,0,0,0,0,0,0,0,0,0,0
170625,1,1,18,18,18,18,18,18,18,18,18,18
170626,1,1,0,0,0,0,0,0,0,0,0,0
170626,2,1,0,0,0,24,0,0,0,10,0,0
170627,1,1,0,0,0,20,0,0,0,0,0,0
170627,2,1,0,0,0,0,0,0,0,0,0,0
170628,1,1,22,22,22,22,22,22,22,22,22,22
170629,1,1,0,0,0,0,0,0,0,0,0,0
170629,2,1,0,0,17,20,0,0,0,0,0,0
170630,1,1,18,18,18,18,18,18,18,18,18,18
170630,2,1,0,0,0,0,0,0,0,0,0,0
170632,1,1,0,0,0,0,0,0,0,0,0,0
170632,2,1,7,0,0,0,0,0,0,0,0,0
170633,1,1,12,12,12,12,12,12,12,12,12,12
170633,2,1,0,0,0,0,0,0,0,0,0,0
170633,3,1,0,0,0,0,0,0,0,0,0,0
170633,4,1,0,0,0,0,0,0,0,0,0,0
170634,1,1,0,0,0,0,0,0,0,0,0,0
170634,2,1,0,0,0,10,0,0,0,23,0,0
170635,1,1,0,0,0,0,0,0,0,0,0,0
170636,1,1,0,0,0,0,0,0,0,0,0,0
170636,2,1,0,0,0,0,0,0,0,0,0,0
170637,1,1,0,0,0,0,0,0,0,0,0,0
170637,2,1,0,0,0,0,0,0,0,0,15,0
170638,1,1,0,0,0,0,0,0,0,0,0,0
170638,2,1,11,6,0,0,5,30,0,0,10,0
170638,3,1,0,0,0,0,0,0,0,17,0,0
170638,4,1,18,0,0,0,0,0,0,0,0,0
170639,1,1,0,0,0,0,0,0,0,0,0,0
170639,2,1,0,0,0,0,0,0,0,0,9,0
170640,1,1,0,0,0,0,0,0,0,0,0,0
170640,2,1,0,0,0,0,0,0,0,0,0,0
170641,1,1,0,0,0,0,0,0,0,0,0,0
170641,2,1,0,0,0,0,0,0,0,0,0,0
170641,3,1,0,0,0,0,0,0,0,0,0,0
170641,4,1,0,0,0,0,0,0,0,0,0,0
170642,1,1,5,5,5,5,5,5,5,5,5,5
170642,2,1,2,2,2,2,2,2,2,2,2,2
170643,1,1,0,0,0,0,0,0,0,0,0,0
170643,2,1,0,0,0,0,0,0,0,0,0,0
170644,1,1,22,22,22,22,22,22,22,22,22,22
170644,2,1,0,0,0,0,0,0,0,0,0,0
170645,1,1,16,16,16,16,16,16,16,16,16,16
170645,2,1,0,0,0,0,4,0,0,0,0,0
170646,1,1,0,0,0,0,0,0,0,0,0,0
170646,2,1,0,0,0,0,0,0,0,0,0,0
170647,0,1,0,0,0,0,0,0,0,0,0,0
170647,1,1,0,0,0,0,0,0,0,0,0,0
170648,0,1,31,19,0,0,0,0,0,26,0,0
170648,1,1,0,0,0,0,0,0,0,0,0,0
170649,1,1,0,0,0,0,0,0,0,0,0,0
170649,2,1,0,0,0,0,0,0,0,0,0,0
170650,1,1,0,0,0,0,0,0,0,0,0,0
170650,2,1,0,0,0,0,0,0,0,0,0,0
170650,3,1,0,0,0,0,0,0,0,0,0,0
170650,4,1,0,0,0,0,0,0,0,0,0,0
170650,5,1,0,0,0,0,22,0,0,0,0,0
170651,0,1,0,0,0,0,0,0,0,0,0,0
170651,1,1,0,0,9,0,0,0,0,11,0,0
170652,1,1,0,0,0,0,0,0,0,0,0,0
170652,2,1,0,0,0,0,0,0,0,0,0,0
170652,3,1,0,0,0,0,0,0,0,0,0,0
170652,4,1,0,10,0,0,0,0,0,0,0,0
170653,1,1,0,0,0,0,0,0,0,0,0,0
170653,2,1,0,0,0,0,0,0,0,0,0,0
170654,1,1,0,0,0,2,15,0,0,0,13,0
170655,0,1,21,21,21,21,21,21,21,21,21,21
170655,1,1,0,0,0,0,0,0,0,0,0,0
170657,0,1,2,0,0,0,0,16,0,0,0,0
170657,1,1,0,13,14,18,6,23,0,10,0,6
170658,1,1,0,0,0,0,0,0,0,0,0,0
170659,1,1,32,32,32,32,32,32,32,32,32,32
170659,2,1,0,0,0,0,0,0,0,0,0,0
170660,1,1,0,0,0,0,0,0,0,0,0,0
170660,2,1,0,0,0,0,0,0,0,0,0,0
170661,0,1,0,0,0,0,0,0,0,0,0,0
170661,1,1,8,8,8,8,8,8,8,8,8,8
170662,1,1,0,0,0,0,0,6,20,0,0,0
170663,1,1,0,0,0,0,0,0,0,0,0,0
170664,1,1,23,23,23,23,23,23,23,23,23,23
170665,1,1,30,30,30,30,30,30,30,30,30,30
170667,1,1,0,0,0,0,16,0,7,0,0,0
170667,2,1,0,0,0,0,0,0,0,0,0,0
170668,1,1,24,24,24,24,24,24,24,24,24,24
170668,2,1,0,0,0,0,0,0,0,0,0,0
170669,1,1,0,0,0,0,0,0,0,0,0,0
170669,2,1,0,0,0,0,0,0,0,0,0,0
170669,3,1,0,0,0,0,0,0,0,0,0,14
170670,1,1,0,0,0,0,0,0,0,0,0,0
170670,2,1,0,0,12,0,0,0,0,0,0,0
170671,1,1,6,18,15,19,16,22,25,21,22,4
170671,2,1,0,0,0,0,0,0,0,0,0,0
170672,1,1,0,0,0,0,0,0,0,0,0,0
170672,2,1,0,0,0,0,0,0,0,0,0,0
170673,1,1,0,22,0,7,20,0,28,0,10,0
170673,2,1,0,0,0,0,0,0,0,0,0,0
170674,1,1,16,0,0,25,0,0,0,25,33,13
170674,2,1,0,0,0,20,19,0,0,0,0,16
170675,0,1,0,0,14,29,12,20,0,10,20,21
170675,1,1,0,0,0,6,3,0,0,0,8,10
170676,1,1,0,0,0,0,0,0,0,0,0,0
170676,2,1,0,0,0,0,0,0,0,0,0,0
170677,0,1,0,0,0,23,0,0,0,0,0,0
170677,1,1,0,0,0,0,0,0,0,0,0,0
170678,1,1,0,0,0,0,0,0,0,0,0,0
170678,2,1,0,0,0,0,0,0,0,0,0,0
170679,1,1,0,0,0,0,0,0,0,0,0,0
170680,1,1,0,0,0,0,0,0,0,0,0,0
170680,2,1,0,0,0,0,0,0,0,0,0,5
170681,1,1,0,0,0,0,0,0,0,0,0,0
170682,0,1,23,23,23,23,23,23,23,23,23,23
170682,1,1,0,0,0,0,0,0,0,0,0,0
170683,1,1,0,0,0,0,0,0,0,0,0,0
170684,1,1,18,7,0,12,20,0,0,0,15,7
170684,2,1,0,0,0,0,17,0,0,5,0,0
170685,1,1,0,0,0,0,0,0,0,0,0,0
170686,1,1,0,0,0,0,0,0,0,0,0,0
170686,2,1,1,1,1,1,1,1,1,1,1,1
170687,0,1,15,15,15,15,15,15,15,15,15,15
170687,1,1,0,0,0,18,0,0,0,0,16,10
170688,1,1,23,23,23,23,23,23,23,23,23,23
170689,1,1,0,0,0,0,0,0,0,15,0,0
170689,2,1,8,8,8,8,8,8,8,8,8,8
170690,1,1,0,0,0,0,0,0,0,0,0,0
170691,1,1,2,2,2,2,2,2,2,2,2,2
170692,1,1,0,0,0,0,0,0,0,0,0,0
170693,1,1,0,0,0,0,5,10,0,17,0,8
170693,2,1,0,0,0,0,0,0,0,0,0,0
170694,1,1,16,16,16,16,16,16,16,16,16,16
170695,1,1,0,0,0,0,0,0,0,0,0,0
170695,2,1,0,0,0,0,0,0,0,0,0,0
170696,1,1,0,0,0,0,0,0,0,0,0,0
170697,1,1,0,0,0,0,0,0,0,0,0,0
170698,1,1,16,0,21,0,0,0,14,0,0,0
170698,2,1,0,0,0,0,0,0,0,0,0,0
170699,1,1,20,20,20,20,20,20,20,20,20,20
170699,2,1,0,0,0,0,4,0,0,0,0,0
170700,1,1,21,21,21,21,21,21,21,21,21,21
170701,1,1,0,7,9,0,0,0,0,14,0,0
170701,2,1,0,0,0,0,0,0,0,0,0,0
170702,1,1,15,15,15,15,15,15,15,15,15,15
170702,2,1,0,0,0,0,0,0,0,0,0,0
170704,1,1,0,0,0,0,0,0,0,0,0,0
170705,1,1,0,0,0,0,0,0,0,0,0,0
170705,2,1,0,0,14,0,0,0,0,0,0,0
170706,0,1,2,2,2,2,2,2,2,2,2,2
170706,1,1,0,0,0,0,0,0,0,0,0,0
170707,1,1,26,26,26,26,26,26,26,26,26,26
170707,2,1,0,0,0,0,0,0,0,0,0,0
170707,3,1,0,0,0,0,0,0,0,0,0,0
170708,1,1,27,27,27,27,27,27,27,27,27,27
170709,1,1,29,29,29,29,29,29,29,29,29,29
170710,1,1,0,7,0,0,22,0,0,0,0,0
170711,1,1,0,0,0,0,0,0,0,0,0,0
170711,2,1,0,0,0,0,0,0,0,0,0,0
170712,1,1,0,0,0,0,0,0,0,0,0,0
170713,1,1,11,11,11,11,11,11,11,11,11,11
170714,1,1,0,0,0,0,0,0,0,0,0,0
170715,1,1,0,0,0,0,0,0,0,0,0,0
170718,1,1,6,6,6,6,6,6,6,6,6,6
170719,1,1,20,20,20,20,20,20,20,20,20,20
170720,1,1,0,0,0,0,0,0,0,0,0,0
170720,2,1,0,0,0,0,0,0,0,0,0,0
170720,3,1,0,0,0,0,0,0,0,0,0,0
170720,4,1,0,0,0,0,0,0,0,0,0,0
170721,1,1,8,17,19,11,0,0,7,25,15,12
170721,2,1,0,0,0,0,0,0,0,0,0,0
170722,0,1,0,0,0,0,0,0,0,0,0,0
170722,1,1,0,0,0,0,0,0,0,0,0,0
170723,1,1,0,0,0,0,0,0,0,0,0,0
170723,2,1,0,0,0,0,7,0,0,0,0,0
170724,0,1,0,0,0,0,0,0,0,0,0,0
170724,1,1,0,0,0,0,0,0,0,0,0,0
170725,1,1,0,0,0,0,0,0,0,0,0,0
170726,1,1,0,0,0,0,0,0,0,0,0,0
170726,2,1,19,0,0,0,0,0,0,34,0,0
170727,1,1,0,0,0,0,0,0,0,0,0,0
170727,2,1,0,0,0,0,0,0,0,0,0,0
170728,1,1,0,0,0,0,0,0,0,0,0,0
170729,0,1,0,0,0,0,0,0,0,0,0,0
170729,1,1,20,0,0,0,0,0,13,0,0,0
170730,1,1,0,0,0,0,0,0,3,0,10,6
170731,1,1,14,14,14,14,14,14,14,14,14,14
170731,2,1,0,0,0,0,0,0,0,0,0,0
170733,0,1,0,4,42,0,30,10,0,17,21,10
170733,1,1,0,10,19,16,0,0,7,0,6,6
170734,1,1,0,15,0,0,0,0,0,0,0,0
170735,1,1,0,0,0,19,28,0,14,2,0,18
170736,0,1,0,0,0,0,0,0,0,0,0,0
170736,1,1,0,0,0,0,9,0,0,0,0,0
170737,1,1,0,0,0,0,0,0,0,0,0,0
170737,2,1,16,16,16,16,16,16,16,16,16,16
170738,0,1,0,0,0,0,0,0,0,0,0,0
170738,1,1,0,0,0,0,0,0,0,0,0,0
170739,1,1,0,0,0,0,0,0,0,0,0,0
170740,1,1,0,0,0,0,0,0,0,0,0,0
170740,2,1,0,0,0,0,0,0,0,0,0,0
170741,1,1,14,14,14,14,14,14,14,14,14,14
170742,1,1,0,0,0,0,0,0,0,0,0,0
170742,2,1,0,0,0,0,0,0,0,0,0,0
170743,1,1,0,0,0,0,0,0,0,0,0,0
170744,1,1,17,17,17,17,17,17,17,17,17,17
170745,0,1,0,0,0,0,0,0,0,0,0,0
170745,1,1,0,10,0,0,0,0,0,0,0,0
170746,1,1,0,0,0,0,0,0,0,0,0,0
170746,2,1,0,0,0,0,0,0,0,0,0,0
170747,0,1,9,9,9,9,9,9,9,9,9,9
170747,1,1,0,0,0,0,0,0,0,0,0,0
170748,1,1,0,0,0,0,0,0,0,0,0,0
170748,2,1,0,0,0,0,0,0,0,0,0,0
170750,1,1,14,14,14,14,14,14,14,14,14,14
170751,1,1,0,0,0,0,0,0,0,0,0,0
170751,2,1,0,0,0,0,0,0,0,0,0,0
170752,1,1,0,0,0,0,0,0,0,0,0,0
170752,2,1,0,0,0,0,0,0,0,0,0,0
170753,1,1,0,0,0,0,0,0,0,0,0,0
170753,2,1,0,0,0,0,0,0,0,0,0,0
170754,1,1,0,0,0,0,0,0,0,0,0,10
170754,2,1,0,0,0,0,0,0,0,0,0,0
170755,1,1,0,0,0,0,0,0,0,0,0,0
170755,2,1,2,2,2,2,2,2,2,2,2,2
170756,1,1,17,17,17,17,17,17,17,17,17,17
170756,2,1,2,2,2,2,2,2,2,2,2,2
170757,0,1,0,0,0,0,0,0,0,0,0,11
170757,1,1,0,0,0,0,0,0,0,0,0,0
170759,1,1,13,0,0,0,0,0,0,0,0,0
170759,2,1,0,0,0,0,0,0,0,0,0,0
170760,1,1,0,0,0,0,0,0,0,0,0,0
170760,2,1,0,0,0,0,0,0,0,0,0,0
170761,1,1,0,0,0,0,0,0,0,0,0,0
170762,1,1,0,0,0,0,0,0,0,0,0,0
170762,2,1,0,0,0,0,0,0,0,0,0,0
170763,1,1,0,0,0,0,0,0,0,0,0,0
170764,1,1,0,0,0,0,0,0,0,0,0,0
170765,1,1,0,0,0,0,0,0,0,0,0,0
170766,1,1,10,10,10,10,10,10,10,10,10,10
170766,2,1,0,0,0,0,0,0,0,0,0,0
170767,1,1,0,0,0,0,0,0,0,0,0,0
170767,2,1,0,0,0,0,0,0,0,0,0,0
170768,1,1,0,0,0,0,0,0,0,0,0,0
170768,2,1,0,23,0,0,0,0,0,0,0,0
170769,1,1,0,0,0,0,0,0,0,0,0,0
170769,2,1,0,0,0,0,0,0,0,0,0,0
170770,1,1,0,0,0,0,0,0,0,0,0,0
170770,2,1,0,0,0,0,0,0,0,0,0,0
170771,1,1,9,9,9,9,9,9,9,9,9,9
170771,2,1,0,0,0,0,0,0,0,0,0,0
170772,1,1,0,0,0,0,0,0,0,0,0,0
170772,2,1,0,0,0,0,0,0,0,0,0,0
170773,1,1,0,0,13,0,0,0,0,0,0,0
170773,2,1,0,0,0,0,0,0,0,0,0,0
170774,1,1,0,0,0,0,0,0,0,0,0,0
170777,0,1,0,0,0,0,0,0,0,0,0,0
170777,1,1,0,0,0,0,0,0,0,0,0,0
170778,1,1,0,0,0,0,0,0,0,0,0,0
170778,2,1,0,0,0,0,0,0,0,0,0,0
170779,0,1,0,0,0,0,0,0,0,0,0,0
170779,1,1,0,0,0,0,0,0,0,0,0,0
170780,1,1,0,0,0,0,0,0,0,0,0,0
170781,1,1,0,0,0,0,0,0,0,0,0,0
170781,2,1,0,0,0,0,0,0,28,15,0,0
170781,3,1,0,0,0,15,0,0,8,0,0,0
170781,4,1,0,0,0,0,0,0,0,0,0,0
170782,1,1,0,0,0,0,0,0,0,0,0,0
170782,2,1,0,0,0,0,0,0,0,0,0,0
170782,3,1,0,0,0,0,0,0,0,0,0,0
170784,1,1,0,0,0,0,0,0,0,0,0,0
170784,2,1,0,0,0,0,0,0,0,0,0,0
170785,1,1,0,0,0,0,0,0,12,0,0,0
170785,2,1,0,0,0,0,0,0,0,0,0,0
170787,1,1,0,0,0,0,0,0,0,0,0,0
170787,2,1,0,0,0,0,0,0,0,0,0,0
170788,0,1,0,0,0,16,0,11,0,0,0,0
170788,1,1,0,0,0,0,0,0,0,0,0,0
170789,1,1,0,0,0,0,0,0,0,0,0,0
170789,2,1,0,0,0,0,0,0,0,0,0,0
170789,3,1,0,3,0,0,0,0,0,0,0,0
170791,1,1,17,17,17,17,17,17,17,17,17,17
170792,0,1,0,0,0,0,0,0,0,0,0,0
170792,1,1,0,0,0,0,0,0,0,0,0,0
170793,1,1,0,0,0,0,0,0,0,0,0,0
170794,1,1,0,0,0,0,0,0,0,0,0,0
170795,1,1,0,0,0,0,0,0,0,0,0,0
170795,2,1,0,0,0,0,0,0,0,0,0,0
170796,1,1,0,0,0,0,0,0,0,0,0,0
170796,2,1,0,0,0,0,0,0,0,17,6,30
170797,1,1,0,0,0,0,0,0,0,0,0,0
170797,2,1,0,0,0,0,0,0,0,0,0,0
170798,1,1,0,0,0,0,0,0,0,0,0,0
170798,2,1,0,0,0,0,0,0,0,0,0,0
170800,0,1,21,21,21,21,21,21,21,21,21,21
170800,1,1,22,0,0,0,0,0,7,0,0,0
170801,1,1,13,13,10,12,13,3,13,21,17,13
170802,1,1,16,16,16,16,16,16,16,16,16,16
170802,2,1,0,0,0,0,0,0,0,0,0,0
170803,1,1,19,19,19,19,19,19,19,19,19,19
170803,2,1,0,0,0,0,0,0,0,19,0,0
170804,1,1,0,0,0,0,0,0,0,0,0,0
170804,2,1,0,12,23,21,0,0,0,0,0,0
170805,1,1,17,17,17,17,17,17,17,17,17,17
170806,0,1,0,0,0,0,0,0,0,0,0,0
170806,1,1,0,12,3,0,0,0,0,13,19,15
170807,1,1,10,10,10,10,10,10,10,10,10,10
170807,2,1,0,0,0,0,0,0,0,0,18,0
170808,1,1,23,23,23,23,23,23,23,23,23,23
170808,2,1,0,0,0,0,0,0,0,0,0,0
170809,1,1,0,0,0,0,0,0,0,0,0,0
170809,2,1,0,0,0,0,0,0,0,0,0,0
170810,0,1,44,0,0,0,22,0,0,0,51,0
170810,1,1,7,0,0,15,0,0,0,0,0,0
170811,0,1,20,20,20,20,20,20,20,20,20,20
170811,1,1,0,0,0,0,0,0,0,0,0,0
170812,1,1,15,15,15,15,15,15,15,15,15,15
170813,1,1,25,25,25,25,25,25,25,25,25,25
170813,2,1,13,0,0,0,0,0,0,0,0,0
170814,1,1,0,0,0,0,0,0,0,0,0,0
170814,2,1,0,0,0,0,0,0,0,0,0,0
170815,1,1,0,0,0,0,0,0,0,0,0,0
170815,2,1,0,0,0,0,0,0,0,0,0,0
170816,0,1,0,0,0,0,0,0,0,0,0,0
170816,1,1,0,0,0,0,0,0,0,0,0,0
170817,1,1,27,27,27,27,27,27,27,27,27,27
170817,2,1,0,0,0,0,21,0,0,0,0,0
170818,0,1,0,0,0,0,0,0,0,0,0,0
170818,1,1,0,0,0,0,0,0,0,0,0,0
170819,0,1,9,9,9,9,9,9,9,9,9,9
170819,1,1,0,0,0,0,0,0,0,0,0,0
170821,0,1,0,0,0,0,0,0,0,0,0,0
170821,1,1,0,0,0,0,0,0,0,0,0,0
170822,1,1,0,0,0,0,0,0,0,0,0,0
170822,2,1,0,0,0,0,0,0,0,0,0,0
170823,1,1,14,14,14,14,14,14,14,14,14,14
170824,1,1,0,0,0,0,0,0,0,0,0,0
170825,1,1,0,0,0,0,0,0,0,0,0,0
170825,2,1,0,0,0,0,0,0,0,0,0,0
170826,1,1,17,17,17,17,17,17,17,17,17,17
170827,1,1,0,0,0,0,0,0,0,0,0,0
170828,1,1,0,0,0,0,0,0,0,0,0,0
170829,1,1,0,0,0,0,0,11,0,0,0,15
170830,0,1,0,0,0,0,0,0,0,0,0,0
170830,1,1,0,0,0,0,0,0,0,0,0,0
170831,1,1,0,0,0,0,0,0,0,0,0,0
170832,1,1,0,0,0,0,0,0,0,0,0,0
170832,2,1,0,0,0,0,0,0,0,0,0,0
170834,1,1,0,0,0,0,0,0,0,0,10,18
170834,2,1,0,0,0,0,0,0,0,0,0,0
170835,1,1,12,12,12,12,12,12,12,12,12,12
170836,0,1,0,0,0,0,0,0,0,0,0,0
170836,1,1,0,9,14,0,7,0,13,25,0,0
170837,1,1,0,0,0,0,0,0,0,0,0,0
170838,0,1,23,0,0,0,0,0,0,0,0,0
170838,1,1,0,0,0,0,0,0,0,0,0,0
170839,1,1,1,1,1,1,1,1,1,1,1,1
170839,2,1,0,0,0,0,0,0,0,0,0,0
170840,1,1,0,0,0,7,30,0,0,0,0,0
170840,2,1,0,0,0,0,0,0,0,0,0,0
170841,1,1,0,0,0,0,0,0,0,0,0,0
170842,1,1,0,28,24,17,8,0,5,0,6,12
170843,1,1,0,0,0,18,0,0,0,0,0,0
170843,2,1,0,0,0,0,0,0,0,0,0,0
170844,1,1,15,15,15,15,15,15,15,15,15,15
170844,2,1,0,0,0,0,0,0,0,0,0,0
170845,1,1,12,12,12,12,12,12,12,12,12,12
170846,1,1,0,0,18,0,0,0,0,14,0,0
170846,2,1,13,28,12,0,34,14,0,0,0,0
170847,1,1,0,0,0,0,0,0,0,0,0,0
170848,1,1,0,0,0,0,0,0,32,0,0,0
170849,1,1,6,6,6,6,6,6,6,6,6,6
170850,1,1,12,12,12,12,12,12,12,12,12,12
170851,1,1,0,0,0,0,0,0,0,0,0,0
170851,2,1,0,0,0,25,0,0,0,0,0,0
170852,1,1,0,0,0,0,0,0,0,0,0,0
170852,2,1,0,0,0,0,0,0,0,0,0,0
170852,3,1,0,0,0,0,0,0,0,0,0,0
170853,0,1,0,0,0,0,0,0,0,0,0,0
170853,1,1,0,0,0,0,0,0,0,0,0,0