ST_CASE,VEH_NO,PER_NO,P1,P2,P3,P4,P5,P6,P7,P8,P9,P10
170853,2,1,0,0,0,36,0,0,0,0,0,0
170854,1,1,0,0,0,0,0,0,0,0,0,0
170854,2,1,0,0,0,0,0,0,0,0,0,0
170856,1,1,20,20,20,20,20,20,20,20,20,20
170857,1,1,0,0,0,0,0,0,0,0,0,0
170857,2,1,0,0,0,0,0,0,0,0,0,0
170857,3,1,0,0,0,0,0,0,0,0,0,0
170858,0,1,0,0,0,0,0,0,0,0,0,0
170858,1,1,3,3,3,3,3,3,3,3,3,3
170859,1,1,1,1,1,1,1,1,1,1,1,1
170859,2,1,0,16,0,0,0,0,0,0,0,0
170860,1,1,0,0,0,0,0,0,0,0,0,0
170860,2,1,0,0,0,0,0,0,0,0,0,0
170860,3,1,0,0,0,0,0,4,0,0,0,0
170861,0,1,21,21,21,21,21,21,21,21,21,21
170861,1,1,0,7,0,0,0,0,0,0,0,0
170862,1,1,24,6,0,18,27,0,0,12,0,29
170862,2,1,0,0,0,0,0,0,0,0,0,0
170863,1,1,10,0,0,0,0,0,0,0,0,0
170863,2,1,34,28,11,17,10,24,12,10,8,7
170865,1,1,0,0,0,0,0,0,0,0,0,0
170865,2,1,9,9,9,9,9,9,9,9,9,9
170866,1,1,31,31,31,31,31,31,31,31,31,31
170867,1,1,0,0,0,0,0,0,0,0,0,0
170868,1,1,11,11,11,11,11,11,11,11,11,11
170870,1,1,0,0,0,0,0,0,0,0,0,0
170870,2,1,0,0,0,11,13,0,0,0,0,0
170870,3,1,0,0,11,0,16,0,0,0,0,0
170871,0,1,0,0,0,0,0,0,0,0,0,0
170871,1,1,0,0,0,0,0,0,0,0,0,0
170872,0,1,0,0,0,0,0,0,0,0,0,0
170872,1,1,0,0,0,0,0,0,0,0,0,0
170873,1,1,0,0,0,0,0,0,0,0,0,0
170873,2,1,0,0,0,0,0,0,0,0,0,0
170874,1,1,0,0,0,0,0,0,0,0,0,0
170874,2,1,0,0,0,0,0,0,0,0,0,0
170875,1,1,0,0,0,0,0,0,0,0,0,0
170876,0,1,19,19,19,19,19,19,19,19,19,19
170876,1,1,0,0,0,0,0,0,0,0,0,0
170877,1,1,0,0,0,0,0,0,0,0,0,0
170878,1,1,7,0,14,0,0,10,41,11,17,0
170879,1,1,0,0,0,0,23,0,7,15,0,0
170880,1,1,0,0,0,0,0,0,0,0,0,0
170881,1,1,0,0,0,0,0,0,0,0,0,0
170883,0,1,0,0,0,0,0,0,0,0,0,0
170883,1,1,0,0,0,0,0,0,0,0,0,0
170884,1,1,0,0,0,0,0,0,0,0,0,0
170884,2,1,0,0,0,0,0,0,0,0,5,0
170885,1,1,0,0,0,0,0,0,0,0,0,0
170885,2,1,0,0,0,0,0,0,0,0,0,0
170886,1,1,0,0,0,0,0,0,0,0,0,0
170886,2,1,0,0,0,0,0,0,0,0,0,0
170887,1,1,18,18,18,18,18,18,18,18,18,18
170888,1,1,0,0,0,0,0,0,0,0,0,0
170888,2,1,0,0,0,7,0,0,0,0,0,0
170889,1,1,0,0,0,0,0,0,0,0,0,0
170889,2,1,0,0,0,0,0,0,0,0,0,0
170889,3,1,0,0,0,0,0,0,0,0,0,0
170890,1,1,0,0,0,0,0,0,0,0,0,0
170890,2,1,0,15,15,0,0,0,0,0,0,0
170890,3,1,0,0,0,0,0,0,0,0,0,0
170890,4,1,0,0,0,0,0,0,0,0,18,12
170890,5,1,0,0,0,0,0,0,0,0,0,0
170890,6,1,0,0,0,0,0,0,0,0,0,8
170891,1,1,0,0,0,0,0,0,0,0,0,0
170891,2,1,0,0,0,0,0,0,0,0,0,0
170892,1,1,12,12,12,12,12,12,12,12,12,12
170894,1,1,15,15,15,15,15,15,15,15,15,15
170894,2,1,0,0,0,0,0,0,0,0,0,0
170895,0,1,13,13,13,13,13,13,13,13,13,13
170895,1,1,0,0,0,0,0,0,0,0,0,0
170896,1,1,0,0,0,0,0,0,0,0,0,0
170896,2,1,0,0,0,0,0,0,0,0,0,0
170897,1,1,25,25,25,25,25,25,25,25,25,25
170898,0,1,0,0,0,0,0,0,0,0,0,0
170898,1,1,0,0,0,0,0,0,0,0,0,0
170899,1,1,10,10,10,10,10,10,10,10,10,10
170900,1,1,0,0,0,0,0,0,0,0,0,0
170900,2,1,0,0,0,0,0,0,0,0,0,0
170901,1,1,0,0,0,0,0,0,0,0,0,0
170901,2,1,9,9,9,9,9,9,9,9,9,9
170902,1,1,0,0,0,0,0,0,0,0,0,0
170903,1,1,0,0,0,0,0,0,0,0,0,0
170903,2,1,0,0,0,0,0,0,0,0,0,0
170904,1,1,13,13,13,13,13,13,13,13,13,13
170905,1,1,21,21,21,21,21,21,21,21,21,21
170906,1,1,0,0,0,0,0,0,0,0,0,0
170906,2,1,0,0,0,0,0,0,0,0,0,0
170906,3,1,0,0,0,0,0,0,0,0,0,0
170907,0,1,21,21,21,21,21,21,21,21,21,21
170907,1,1,0,0,0,0,0,0,0,0,0,0
170908,1,1,0,0,0,0,0,0,0,0,0,0
170909,1,1,16,16,16,16,16,16,16,16,16,16
170910,1,1,0,0,0,0,13,0,0,0,0,16
170910,2,1,0,0,0,0,0,0,0,0,0,0
170911,1,1,0,0,0,0,0,0,0,0,0,0
170912,1,1,0,0,0,0,0,0,0,0,0,0
170913,1,1,0,0,0,0,0,0,0,0,0,0
170914,1,1,0,0,0,0,0,0,0,0,0,0
170915,0,1,0,0,0,0,0,0,0,0,0,0
170915,1,1,0,0,0,0,0,0,0,0,0,0
170916,1,1,0,0,16,0,0,0,0,0,0,0
170916,2,1,0,0,0,16,0,0,0,10,21,0
170917,1,1,19,19,19,19,19,19,19,19,19,19
170917,2,1,0,0,25,0,0,0,0,0,0,0
170918,0,1,0,0,0,0,0,0,0,0,0,0
170918,1,1,0,0,0,0,0,0,0,0,0,0
170919,1,1,0,0,0,24,0,0,0,0,0,0
170919,2,1,0,8,0,0,0,0,0,0,0,0
170920,1,1,3,3,3,3,3,3,3,3,3,3
170921,0,1,0,0,0,0,0,0,0,0,0,0
170921,1,1,0,0,0,0,0,0,0,0,0,0
170922,0,1,18,18,18,18,18,18,18,18,18,18
170922,1,1,0,0,0,0,0,0,0,0,0,0
170923,0,1,42,0,0,0,0,0,0,15,20,0
170923,1,1,0,0,0,0,0,23,0,0,0,0
170924,1,1,0,0,0,0,0,0,0,0,0,0
170925,0,1,42,42,42,42,42,42,42,42,42,42
170925,1,1,0,0,0,0,0,0,0,0,0,0
170926,1,1,22,22,22,22,22,22,22,22,22,22
170927,1,1,0,0,0,0,0,0,0,0,0,0
170928,1,1,0,0,0,0,0,0,0,0,0,0
170929,1,1,17,17,17,17,17,17,17,17,17,17
170930,1,1,0,0,16,20,15,13,0,0,15,0
170931,0,1,0,0,0,0,0,0,0,0,0,0
170931,1,1,0,0,0,0,0,0,0,0,0,0
170932,1,1,25,25,25,25,25,25,25,25,25,25
170933,0,1,0,0,0,0,0,0,0,0,0,0
170933,1,1,0,0,0,0,0,32,0,0,0,0
170934,0,1,0,0,0,24,0,13,10,0,0,0
170934,1,1,0,0,0,0,0,0,0,11,0,0
170935,1,1,0,0,0,0,0,0,0,0,0,0
170936,1,1,0,0,0,0,0,0,0,0,0,0
170937,1,1,0,29,0,0,0,0,0,0,0,0
170938,1,1,0,0,0,0,0,14,0,20,0,0
170938,2,1,0,0,0,0,0,0,0,0,0,0
170939,1,1,4,4,4,4,4,4,4,4,4,4
170942,1,1,18,18,18,18,18,18,18,18,18,18
170942,2,1,0,0,0,0,0,0,0,0,0,0
170943,0,1,18,18,18,18,18,18,18,18,18,18
170943,1,1,0,0,4,0,8,20,0,26,0,13
170944,0,1,0,0,0,0,0,0,0,0,0,0
170944,0,2,0,0,20,0,0,0,0,0,17,20
170944,1,1,0,0,0,0,0,0,0,0,0,0
170945,1,1,0,0,0,0,0,0,0,0,0,0
170946,0,1,8,8,8,8,8,8,8,8,8,8
170946,1,1,2,0,0,0,0,0,0,0,0,0
170946,2,1,0,0,0,0,0,26,0,0,0,0
170946,3,1,0,28,0,0,0,0,0,0,0,0
170947,0,1,0,0,0,0,0,0,0,0,0,0
170947,1,1,0,0,0,0,0,0,0,0,0,0
170948,1,1,0,0,0,0,0,0,0,0,0,0
170948,2,1,0,0,0,0,0,0,0,0,0,0
170948,3,1,0,0,0,0,0,0,0,0,0,0
170949,1,1,0,0,0,0,18,0,0,0,0,0
170949,2,1,0,0,0,0,0,0,0,0,0,0
170950,1,1,24,24,24,24,24,24,24,24,24,24
170951,1,1,16,0,0,0,0,0,0,0,0,0
170951,2,1,0,0,0,0,0,0,0,0,0,0
170952,0,1,0,0,0,0,0,0,0,0,0,0
170952,1,1,0,0,0,0,0,0,0,0,0,0
170953,1,1,0,0,0,0,0,0,0,0,0,0
170953,2,1,0,0,0,0,0,0,0,0,0,0
170954,0,1,0,0,0,0,0,0,0,0,0,0
170954,1,1,0,0,0,0,0,0,0,0,0,0
170955,0,1,13,13,13,13,13,13,13,13,13,13
170955,1,1,0,0,0,0,0,0,0,0,0,0
170955,2,1,0,13,0,28,0,0,18,0,0,15
170955,3,1,0,0,0,0,0,0,0,0,0,0
170956,1,1,0,0,0,0,0,0,0,0,0,0
170956,2,1,0,0,0,0,0,0,0,0,0,0
170957,1,1,4,4,4,4,4,4,4,4,4,4
170957,2,1,0,0,0,0,0,0,0,0,0,0
170958,0,1,26,26,26,26,26,26,26,26,26,26
170958,1,1,0,0,0,0,0,0,0,0,0,0
170959,1,1,0,0,0,10,0,0,9,16,14,0
170959,2,1,0,0,0,0,0,0,0,0,0,0
170959,3,1,0,0,0,0,0,0,0,0,11,0
170960,1,1,18,18,18,18,18,18,18,18,18,18
170961,1,1,0,0,0,0,0,0,0,0,0,0
170961,2,1,0,0,0,0,0,0,0,0,0,0
170964,1,1,34,34,34,34,34,34,34,34,34,34
170965,1,1,0,0,0,0,0,0,0,0,0,0
170965,2,1,0,0,0,0,0,0,0,0,0,0
170966,1,1,16,16,16,16,16,16,16,16,16,16
170968,0,1,30,30,30,30,30,30,30,30,30,30
170968,1,1,0,0,0,0,0,16,0,0,0,12
170969,1,1,0,0,0,0,0,0,0,0,0,0
170969,2,1,0,0,0,0,0,0,0,0,0,0
170970,0,1,0,0,0,0,0,0,0,0,0,0
170970,1,1,5,5,5,5,5,5,5,5,5,5
170971,1,1,0,0,0,0,0,0,0,0,0,0
170971,2,1,0,0,0,0,0,0,0,0,0,0
170971,3,1,0,0,0,0,0,0,0,0,0,0
170972,1,1,4,4,4,4,4,4,4,4,4,4
170972,2,1,0,0,0,0,0,0,0,0,0,0
170973,0,1,0,62,13,12,0,30,0,0,0,0
170973,0,2,22,0,6,0,0,25,0,1,13,0
170973,1,1,0,0,0,0,0,4,0,0,9,0
170974,1,1,0,0,0,0,0,0,30,0,0,0
170975,1,1,23,23,23,23,23,23,23,23,23,23
170975,2,1,0,0,0,0,0,0,0,0,0,0
170976,1,1,15,15,15,15,15,15,15,15,15,15
170976,2,1,0,0,0,0,0,0,0,0,0,0
170977,1,1,0,0,0,0,0,0,0,0,0,0
170977,2,1,0,0,0,0,0,0,0,0,0,0
170978,0,1,25,25,25,25,25,25,25,25,25,25
170978,1,1,0,0,0,0,0,0,0,0,0,0
170979,1,1,2,2,2,2,2,2,2,2,2,2
170981,1,1,0,0,0,0,0,0,0,0,0,0
170981,2,1,0,0,0,0,0,0,0,0,0,0
170981,3,1,0,0,0,0,0,0,0,0,19,0
170982,1,1,33,6,15,20,10,25,17,6,0,17
170982,2,1,0,0,0,0,0,0,0,0,0,0
170982,3,1,0,0,0,0,0,0,0,0,0,0
170983,1,1,27,27,27,27,27,27,27,27,27,27
170983,2,1,0,0,0,0,0,0,0,0,0,0
170984,1,1,3,3,3,3,3,3,3,3,3,3
170985,1,1,0,0,0,0,0,0,0,0,0,0
170985,2,1,0,0,0,0,0,0,0,0,0,0
170986,1,1,12,12,12,12,12,12,12,12,12,12
170986,2,1,0,0,0,0,0,0,0,0,0,0
170987,1,1,0,0,0,0,0,0,0,0,0,0
170987,2,1,0,0,0,0,0,0,0,0,0,0
170988,0,1,0,0,0,0,0,0,0,0,0,0
170988,1,1,0,0,0,0,0,0,0,0,0,0
170989,1,1,0,0,0,0,0,0,0,0,0,0
170989,2,1,0,0,0,0,0,0,0,0,0,0
170990,1,1,11,11,11,11,11,11,11,11,11,11
170990,3,1,40,20,0,11,33,0,26,0,22,19
170991,1,1,9,9,9,9,9,9,9,9,9,9
170991,2,1,0,0,0,0,0,0,0,0,0,0
170992,1,1,0,0,0,0,0,0,0,0,0,0
170992,2,1,0,0,0,0,0,0,0,0,0,0
170993,1,1,0,0,3,13,15,0,4,12,12,0
170994,1,1,0,0,0,0,0,0,0,0,0,0
170995,1,1,0,0,0,0,0,0,0,0,0,0
170997,1,1,11,11,11,11,11,11,11,11,11,11
170998,1,1,31,31,31,31,31,31,31,31,31,31
170998,2,1,0,0,0,0,0,0,0,0,12,0
170999,1,1,11,11,11,11,11,11,11,11,11,11
171000,1,1,0,0,0,0,0,0,0,0,0,0
171000,2,1,0,0,0,0,0,0,0,0,0,0
171002,1,1,0,0,0,0,0,0,0,0,0,0
171003,0,1,0,0,0,0,0,0,0,0,0,0
171003,1,1,0,0,0,0,0,0,0,0,0,0
171004,1,1,0,0,0,0,0,0,0,0,0,0
171005,1,2,6,0,0,0,0,0,11,0,0,0
171006,1,1,8,8,8,8,8,8,8,8,8,8
171007,1,1,0,0,0,0,0,0,0,0,0,0
171008,1,1,0,0,0,0,0,0,0,0,0,0
171009,1,1,0,0,0,0,0,0,0,0,0,0
171009,2,1,0,0,0,0,0,15,0,0,0,0
171010,1,1,0,0,0,0,0,0,0,0,0,0
171010,2,1,0,0,0,0,0,0,0,0,0,0
171011,1,1,15,15,15,15,15,15,15,15,15,15
171011,2,1,5,5,5,5,5,5,5,5,5,5
171012,1,1,0,0,0,0,0,0,0,0,0,0
171013,1,1,0,0,0,0,0,0,0,0,0,0
171014,1,1,0,0,0,0,0,0,0,0,0,0
171014,2,1,2,2,2,2,2,2,2,2,2,2
171015,1,1,0,0,0,0,0,0,0,0,0,0
171015,2,1,0,0,0,0,0,0,0,0,0,0
171015,3,1,0,0,0,0,0,0,0,0,0,0
171015,4,1,22,0,0,0,0,0,0,0,0,15
171016,1,1,18,18,18,18,18,18,18,18,18,18
171016,2,1,0,0,0,0,0,0,0,0,0,0
171017,1,1,0,0,0,0,0,0,0,0,0,0
171017,2,1,0,0,0,0,0,0,0,0,0,0
171018,1,1,0,0,0,0,0,0,0,0,0,0
171018,2,1,0,0,0,0,0,0,0,0,0,0
171019,1,1,0,0,0,0,0,0,0,0,0,0
171020,1,1,20,20,20,20,20,20,20,20,20,20
171020,2,1,0,0,0,0,0,0,0,0,0,0
171021,1,1,0,0,0,0,0,0,0,0,0,0
171021,2,1,15,0,0,0,0,0,0,0,0,0
171022,1,1,0,0,0,0,0,0,0,0,0,0
171022,2,1,0,0,0,0,0,0,0,0,0,0
171023,0,1,12,12,12,12,12,12,12,12,12,12
171023,1,1,0,0,0,0,0,0,0,0,0,0
171024,1,1,0,0,0,0,0,0,0,0,0,0
171024,2,1,0,0,0,0,0,0,0,0,0,0
171025,0,1,0,0,0,0,0,0,0,0,0,0
171025,1,1,0,0,0,0,0,0,0,0,0,0
171026,1,1,0,0,0,0,0,0,0,0,0,0
171026,2,1,0,0,0,0,0,0,0,0,0,0
171027,1,1,10,10,10,10,10,10,10,10,10,10
171028,0,1,19,19,19,19,19,19,19,19,19,19
171028,1,1,0,0,0,0,0,0,0,0,0,0
171029,1,1,0,0,0,0,0,0,0,0,0,0
171030,1,1,0,0,0,0,0,0,0,0,0,0
171030,2,1,0,0,0,0,0,0,0,0,0,0
171031,0,1,16,16,16,16,16,16,16,16,16,16
171031,1,1,0,5,0,0,0,0,0,31,0,0
171032,1,1,14,14,14,14,14,14,14,14,14,14
171033,0,1,5,5,5,5,5,5,5,5,5,5
171033,1,1,0,0,0,0,0,0,0,0,0,0
171034,1,1,0,0,0,0,0,0,0,0,0,0
171034,2,1,0,0,15,0,0,0,0,0,0,0
171034,3,1,0,0,7,0,0,0,0,10,15,0
171036,0,1,0,0,0,0,0,0,0,0,0,0
171036,1,1,0,0,0,0,0,0,0,0,0,0
171037,1,1,0,0,0,0,0,0,0,0,0,0
171037,2,1,0,0,0,0,0,0,0,0,20,0
171038,0,1,0,0,0,0,29,20,0,0,0,13
171038,1,1,0,0,0,0,0,0,0,0,0,0
171039,1,1,22,22,22,22,22,22,22,22,22,22
171039,2,1,0,10,18,56,0,0,0,0,0,14
171040,1,1,0,0,0,0,0,0,0,0,0,0
171040,2,1,14,17,0,34,0,0,20,0,0,28
171041,1,1,9,9,9,9,9,9,9,9,9,9
171042,1,1,0,0,0,0,0,0,0,0,0,0
171042,2,1,0,0,0,0,0,0,0,0,0,0
171043,1,1,0,0,0,0,0,0,0,0,0,0
171043,2,1,0,0,0,0,0,0,0,0,0,9
171044,1,1,16,16,16,16,16,16,16,16,16,16
171044,2,1,0,0,0,0,14,0,6,0,0,9
171045,0,1,0,0,0,0,0,0,0,0,0,0
171045,1,1,0,0,0,0,0,0,0,0,0,0
171046,1,1,0,0,0,0,0,0,0,0,0,0
171046,2,1,0,0,0,0,0,0,0,0,0,0
171047,1,1,7,0,0,13,21,0,0,16,0,0
171047,2,1,0,19,8,19,0,0,0,8,0,13
171048,1,1,0,0,0,0,0,0,0,0,0,0
171049,1,1,0,0,0,0,0,0,0,0,0,0
171049,2,1,0,0,0,0,0,0,0,0,0,0
171050,1,1,0,0,12,0,0,0,0,0,0,0
171051,1,1,24,24,24,24,24,24,24,24,24,24
171052,1,1,0,13,23,0,26,0,0,0,0,10
171053,0,1,0,0,0,0,0,0,0,0,0,0
171053,1,1,0,0,0,0,0,0,11,0,0,0
171054,1,1,15,15,15,15,15,15,15,15,15,15
171054,2,1,0,0,0,0,0,0,0,0,0,0
171054,3,1,0,0,0,0,0,0,0,0,0,0
171055,1,1,0,0,0,0,0,0,0,0,0,0
171055,2,1,0,0,0,0,0,0,0,0,0,0
171055,3,1,0,0,0,0,0,0,0,0,0,0
171055,4,1,0,0,0,0,0,0,0,0,0,0
171056,0,1,2,2,2,2,2,2,2,2,2,2
171056,1,1,20,20,20,20,20,20,20,20,20,20
171057,1,1,0,0,0,0,0,0,0,0,0,0
171058,1,1,1,1,1,1,1,1,1,1,1,1
171058,2,1,0,0,0,21,6,0,0,0,0,0
171059,1,1,0,24,0,0,0,0,0,0,0,0
171060,1,1,0,0,0,0,0,0,0,0,0,0
171060,2,1,0,0,0,0,0,0,0,0,0,0
171060,3,1,0,0,0,0,0,0,0,0,0,0
171061,1,1,0,0,0,0,0,0,0,0,0,0
171061,2,1,0,0,0,0,0,0,0,12,0,0
171062,1,1,6,13,7,11,8,19,22,15,13,5
171062,2,1,2,2,2,2,2,2,2,2,2,2
171063,1,1,0,0,0,0,0,0,0,0,0,0
171064,0,1,0,0,0,0,0,0,0,0,0,0
171064,1,1,0,0,0,0,0,0,0,0,0,0
171065,1,2,21,21,21,21,21,21,21,21,21,21
171066,0,1,3,13,29,4,18,25,7,13,3,18
171066,1,1,0,0,0,0,0,0,0,19,0,20
171067,1,1,0,0,0,0,0,0,0,0,0,0
171067,2,1,0,0,0,0,0,0,0,0,0,0
180001,1,1,24,0,0,0,0,0,0,0,18,0
180002,1,1,0,0,0,0,0,0,0,0,0,0
180003,1,1,27,27,27,27,27,27,27,27,27,27
180004,0,1,26,0,0,53,0,3,0,0,0,35
180004,1,1,0,0,0,0,0,0,0,0,0,0
180005,1,1,0,0,0,0,0,0,0,0,0,0
180005,2,1,0,0,0,0,0,0,0,0,0,0
180005,3,1,0,0,0,0,0,0,0,0,0,0
180006,1,1,0,0,0,0,0,0,0,0,0,0
180007,1,1,0,24,3,0,0,0,0,0,0,0
180007,2,1,0,0,0,0,0,0,0,0,0,0
180007,3,1,0,0,0,0,0,0,0,0,0,0
180008,1,1,0,0,0,0,0,0,0,0,0,0
180009,0,1,0,0,5,21,0,0,0,8,0,0
180009,1,1,0,0,0,0,0,0,0,0,0,0
180010,1,1,0,0,0,0,0,0,0,0,0,0
180011,0,1,0,18,0,19,0,15,0,28,19,12
180011,1,1,7,8,3,18,24,12,12,14,11,15
180012,0,1,0,0,0,0,0,0,0,0,0,0
180012,0,2,0,0,0,0,0,0,0,0,0,0
180012,1,1,0,0,0,0,0,0,0,0,0,0
180013,1,1,0,0,0,0,0,0,0,0,0,0
180013,2,1,0,0,0,0,0,0,0,0,0,0
180014,0,1,25,11,0,0,14,0,0,17,18,0
180014,1,1,9,9,9,9,9,9,9,9,9,9
180015,1,1,0,0,17,0,0,0,0,0,0,0
180018,1,1,0,0,0,0,0,0,0,0,0,0
180018,2,1,0,0,0,0,0,0,0,0,0,0
180019,1,1,0,0,0,0,0,0,0,0,0,0
180020,1,1,20,20,20,20,20,20,20,20,20,20
180021,1,1,0,0,0,0,0,0,0,0,0,0
180022,1,1,15,0,0,19,0,0,11,0,0,0
180022,2,1,0,0,0,0,0,0,0,10,0,0
180023,1,1,0,26,0,0,0,0,0,0,0,21
180024,1,1,0,0,0,0,0,0,0,0,0,0
180024,2,1,0,0,0,0,0,0,0,0,0,0
180025,1,1,0,0,0,0,0,0,0,0,0,0
180026,1,1,0,0,0,0,7,0,9,14,30,19
180026,2,1,0,0,0,0,0,0,0,0,0,0
180026,3,1,0,0,0,0,0,0,0,0,0,0
180026,4,1,0,0,0,0,0,0,0,0,0,0
180027,1,1,8,8,8,8,8,8,8,8,8,8
180027,2,1,0,0,0,0,0,0,0,0,0,0
180028,1,1,0,0,0,12,0,0,0,0,7,0
180029,1,1,0,0,0,0,0,0,0,0,0,0
180029,2,1,0,0,0,0,0,0,0,0,0,0
180030,1,1,0,0,0,0,0,0,0,0,0,0
180030,2,1,0,0,0,0,0,0,0,0,0,0
180031,1,1,17,17,17,17,17,17,17,17,17,17
180032,0,1,0,0,0,0,0,0,0,0,0,0
180032,1,1,0,0,0,0,0,28,11,6,0,8
180033,1,1,21,21,21,21,21,21,21,21,21,21
180034,0,1,0,0,0,0,0,0,0,0,0,0
180034,1,1,0,0,0,0,0,0,0,0,0,0
180035,0,1,0,0,16,22,0,0,0,0,8,0
180035,0,2,0,0,0,0,0,0,0,0,38,15
180035,1,1,0,0,0,0,0,0,0,0,0,0
180036,1,1,0,14,27,0,15,13,29,36,10,32
180037,1,1,20,20,20,20,20,20,20,20,20,20
180037,2,1,0,0,0,0,0,0,0,0,0,0
180039,1,1,0,0,0,0,0,0,0,0,0,0
180039,2,1,0,0,0,0,0,0,0,0,0,0
180040,1,1,0,0,0,0,0,0,0,0,0,0
180040,2,1,0,0,0,0,0,0,0,0,0,0
180041,0,1,35,35,35,35,35,35,35,35,35,35
180041,1,1,35,35,35,35,35,35,35,35,35,35
180042,1,1,0,0,0,0,0,0,0,0,0,0
180043,1,1,17,0,0,0,0,0,0,0,22,18
180044,1,1,29,0,0,0,0,0,0,0,0,0
180044,2,1,0,0,0,0,0,0,0,0,0,0
180045,1,1,0,0,0,0,0,0,0,0,0,0
180046,1,1,0,0,0,0,0,0,0,0,0,0
180046,2,1,0,0,0,0,0,0,0,0,0,0
180047,1,1,17,17,17,17,17,17,17,17,17,17
180048,1,1,0,0,0,0,0,0,13,17,6,0
180048,2,1,0,0,0,0,0,0,0,0,0,0
180048,3,1,0,0,0,0,0,0,0,0,0,0
180048,4,1,0,0,0,0,0,0,0,0,0,0
180049,1,1,0,0,0,0,0,0,0,0,0,0
180050,1,1,0,0,0,0,0,0,0,0,0,0
180050,2,1,0,0,0,0,0,0,0,0,0,0
180050,3,1,0,0,0,0,7,0,0,0,0,0
180050,4,1,0,0,0,0,0,0,0,0,0,0
180051,0,1,34,34,34,34,34,34,34,34,34,34
180051,1,1,0,0,0,0,0,0,0,0,0,0
180052,1,1,16,17,32,0,0,22,0,0,0,28
180053,1,1,0,0,0,0,0,0,0,0,0,0
180053,2,1,0,0,0,0,0,0,0,0,0,0
180054,1,1,4,4,4,4,4,4,4,4,4,4
180055,1,1,15,15,15,15,15,15,15,15,15,15
180056,0,1,0,0,0,0,0,0,0,0,0,0
180056,1,1,49,49,49,49,49,49,49,49,49,49
180057,1,1,0,15,4,0,15,0,18,0,0,25
180058,1,1,0,0,0,0,0,0,0,0,0,0
180059,1,1,0,0,0,0,0,0,0,0,0,0
180059,2,1,0,0,0,0,0,0,0,0,0,0
180060,1,1,0,0,0,0,0,0,0,0,0,0
180060,2,1,0,0,0,0,0,0,0,0,0,0
180060,3,1,0,0,0,0,0,0,0,0,0,0
180061,1,1,35,35,35,35,35,35,35,35,35,35
180062,1,1,29,29,29,29,29,29,29,29,29,29
180063,1,1,0,0,0,17,0,0,0,0,0,0
180063,2,1,0,0,0,0,0,0,0,0,0,0
180063,3,1,0,0,0,0,15,0,0,0,0,0
180064,1,1,0,0,0,0,0,0,0,0,0,0
180064,2,1,0,0,0,0,0,0,0,0,0,0
180065,0,1,0,0,33,0,0,0,0,0,12,0
180065,1,1,0,0,0,0,0,0,0,0,0,0
180066,1,1,0,0,0,0,0,0,0,0,0,0
180066,2,1,0,26,24,0,0,0,0,0,0,0
180067,1,1,0,0,0,0,0,10,0,0,0,18
180067,2,1,0,0,0,0,0,0,0,0,0,0
180068,0,1,25,0,0,13,0,0,0,34,32,14
180068,1,1,0,0,0,0,0,0,0,0,0,0
180069,1,1,0,0,0,0,0,0,0,0,0,14
180070,1,1,0,0,18,9,0,7,21,12,19,0
180071,1,1,0,0,0,0,0,0,0,0,25,0
180072,1,1,16,16,16,16,16,16,16,16,16,16
180072,2,1,0,0,0,0,0,0,0,0,0,0
180073,1,1,0,0,0,0,0,0,0,0,0,0
180074,1,1,0,0,18,0,0,0,0,0,0,0
180075,1,1,0,0,0,0,0,0,0,0,0,0
180075,2,1,0,0,0,0,0,0,0,0,0,0
180075,3,1,0,0,0,0,0,0,0,0,0,0
180076,1,1,0,0,0,0,0,0,0,0,0,0
180076,2,1,0,0,0,0,0,0,0,0,0,0
180077,1,1,0,0,0,16,0,0,0,0,0,0
180077,2,1,0,0,0,0,0,0,0,0,0,0
180077,3,1,16,16,16,16,16,16,16,16,16,16
180078,1,1,10,10,10,10,10,10,10,10,10,10
180079,1,1,0,0,0,0,0,0,0,0,0,0
180079,2,1,0,0,0,0,0,0,0,0,0,0
180080,1,1,10,15,30,9,0,22,0,0,8,0
180081,1,1,0,0,0,0,0,0,0,0,0,0
180081,2,1,0,0,0,0,0,0,0,0,0,0
180082,1,1,0,24,21,0,0,0,26,0,0,0
180083,0,1,13,0,17,25,0,0,0,0,24,12
180083,1,1,0,0,0,0,0,0,28,0,43,24
180084,1,1,0,0,0,0,0,0,0,0,0,0
180085,1,1,15,15,15,15,15,15,15,15,15,15
180086,1,1,0,0,0,0,0,0,0,0,0,0
180087,1,1,0,0,0,0,0,0,0,0,0,0
180087,2,1,0,0,0,0,0,0,0,0,0,0
180088,1,1,0,27,0,12,26,32,0,15,0,0
180089,1,1,0,0,0,0,22,0,8,0,0,0
180090,1,1,0,0,0,0,0,0,0,0,0,0
180090,2,1,0,0,0,0,0,0,0,0,0,0
180091,0,1,35,35,35,35,35,35,35,35,35,35
180091,1,1,0,0,0,0,0,0,0,0,0,0
180092,1,1,0,0,0,0,0,0,0,0,0,0
180093,1,1,0,0,0,0,0,0,0,14,0,0
180094,1,1,17,17,17,17,17,17,17,17,17,17
180094,2,1,0,0,0,0,0,0,0,0,0,0
180095,0,1,25,25,25,25,25,25,25,25,25,25