ST_CASE,VEH_NO,PER_NO,P1,P2,P3,P4,P5,P6,P7,P8,P9,P10
180095,1,1,0,0,0,0,0,0,0,0,0,0
180096,0,1,0,0,0,0,0,0,0,0,0,0
180096,0,2,0,0,0,0,0,0,0,0,15,28
180096,0,3,0,0,0,0,0,0,26,0,0,0
180096,0,4,0,0,0,0,0,0,0,0,26,0
180096,1,1,11,11,11,11,11,11,11,11,11,11
180097,1,1,12,12,12,12,12,12,12,12,12,12
180098,1,1,0,0,0,0,0,0,0,0,0,0
180098,2,1,0,0,0,0,0,0,8,0,0,0
180099,1,1,7,7,7,7,7,7,7,7,7,7
180100,1,1,0,0,0,0,0,0,0,0,0,0
180101,1,1,20,30,0,16,27,0,0,29,12,0
180102,1,1,0,0,0,0,0,0,0,0,0,0
180103,1,1,0,0,0,0,0,0,0,0,0,0
180103,2,1,0,0,0,0,0,0,0,0,0,0
180104,1,1,0,0,0,0,0,0,0,0,0,9
180104,2,1,0,0,0,0,0,0,0,0,0,0
180105,1,1,0,0,0,0,0,34,7,0,0,0
180106,1,1,0,5,0,0,0,0,0,0,0,0
180106,2,1,0,0,0,0,0,12,0,0,0,0
180107,1,1,0,0,0,0,0,0,0,0,0,0
180109,0,1,19,0,0,0,7,0,0,0,21,43
180109,1,1,0,0,0,0,0,0,0,0,0,0
180110,1,1,0,0,0,0,0,0,0,0,0,0
180111,1,1,0,0,30,25,0,25,10,0,9,0
180112,1,1,13,13,13,13,13,13,13,13,13,13
180112,2,1,0,0,0,0,0,19,0,0,0,0
180112,3,1,0,0,0,0,0,0,0,0,0,0
180113,1,1,13,10,35,0,0,0,10,8,0,9
180114,0,1,0,25,13,0,0,10,0,0,17,12
180114,1,1,0,0,0,0,0,0,0,0,0,0
180115,1,1,0,0,0,0,0,0,0,0,0,0
180116,1,1,0,13,0,0,14,11,21,0,11,0
180117,1,1,0,0,0,0,0,0,0,0,0,0
180118,1,1,21,21,21,21,21,21,21,21,21,21
180119,1,1,0,0,0,0,0,0,0,13,0,0
180119,2,1,0,0,0,0,0,0,0,0,0,0
180120,1,1,0,0,0,0,0,0,0,0,0,0
180120,2,1,0,0,0,0,0,0,0,0,0,0
180121,0,1,0,0,36,0,8,0,0,0,0,0
180121,1,1,0,0,0,11,0,0,0,0,0,0
180122,1,1,0,0,21,0,0,0,0,26,0,0
180123,0,1,21,13,8,0,0,0,0,0,20,0
180123,1,1,21,30,0,0,0,38,0,21,16,0
180124,1,1,0,0,0,0,0,0,0,0,0,0
180125,1,1,0,0,0,0,0,0,0,0,0,0
180125,2,1,0,0,0,0,0,0,0,0,0,0
180126,1,1,12,12,12,12,12,12,12,12,12,12
180127,1,1,21,21,21,21,21,21,21,21,21,21
180128,0,1,0,0,0,0,0,0,0,0,0,0
180128,1,1,0,0,0,0,0,0,0,0,0,0
180129,1,1,0,0,0,0,0,0,0,0,0,0
180129,2,1,0,0,0,0,0,0,0,0,0,0
180130,1,1,0,0,0,0,0,0,0,0,0,0
180130,2,1,0,0,0,0,0,0,0,0,0,0
180131,0,1,20,30,0,0,16,0,0,51,21,0
180131,1,1,0,0,0,0,0,0,0,0,0,0
180131,2,1,5,7,0,7,22,19,0,7,0,4
180132,1,1,0,0,0,0,0,0,0,0,0,0
180132,2,1,8,14,12,5,10,16,0,0,0,0
180133,1,1,22,22,22,22,22,22,22,22,22,22
180134,1,1,0,0,0,0,0,0,0,0,0,0
180134,2,1,19,0,0,0,0,0,0,0,0,0
180135,1,1,29,29,29,29,29,29,29,29,29,29
180135,2,1,11,17,0,0,8,0,0,24,10,19
180136,1,1,0,0,0,0,0,0,0,0,0,0
180136,2,1,0,0,0,0,0,0,0,0,0,0
180137,1,1,0,0,0,0,0,0,0,0,0,0
180137,2,1,0,0,0,0,0,0,0,0,0,0
180138,1,1,0,0,0,0,0,0,0,0,0,22
180139,1,1,0,0,0,0,0,0,0,0,0,0
180140,1,1,0,0,0,0,0,0,0,0,0,0
180140,2,1,0,0,10,0,0,0,13,0,3,0
180141,1,1,0,0,0,0,0,0,0,0,0,0
180141,2,1,0,0,0,0,0,0,0,14,0,0
180142,1,1,0,0,18,0,0,0,0,0,0,0
180143,1,1,0,0,0,0,0,0,0,0,0,0
180144,1,1,13,13,13,13,13,13,13,13,13,13
180145,0,1,36,36,36,36,36,36,36,36,36,36
180145,1,1,0,0,0,0,0,0,0,0,0,0
180146,1,1,15,15,15,15,15,15,15,15,15,15
180146,2,1,11,19,32,0,0,22,0,17,23,0
180147,1,1,0,26,0,15,25,7,0,0,9,12
180148,0,1,0,0,0,0,0,0,0,0,0,0
180148,1,1,0,0,0,0,0,0,0,0,0,0
180149,0,1,32,32,0,31,0,22,0,33,15,39
180149,1,1,6,6,6,6,6,6,6,6,6,6
180150,1,1,0,0,0,0,0,0,0,0,0,0
180150,2,1,0,0,0,0,0,0,26,0,0,0
180151,1,1,0,0,0,0,16,0,0,25,0,0
180152,1,1,0,0,0,0,0,0,0,0,0,0
180153,1,1,0,0,0,0,0,0,0,0,0,0
180153,2,1,0,0,0,0,0,0,0,0,0,0
180154,1,1,0,0,0,0,0,0,0,0,0,0
180154,2,1,0,0,0,0,0,0,0,0,0,0
180155,1,1,0,0,0,0,0,0,0,0,0,0
180155,2,1,0,0,0,0,0,0,0,0,0,0
180156,1,1,0,0,0,0,0,0,0,0,0,0
180157,1,1,0,0,0,0,0,0,0,0,0,0
180157,2,1,0,0,0,0,0,0,0,0,0,0
180158,1,1,0,0,0,0,0,31,0,0,0,0
180159,1,1,0,0,0,0,0,0,0,0,0,0
180159,2,1,0,0,0,0,0,0,0,0,0,0
180160,1,1,0,0,0,0,0,0,0,0,0,0
180161,1,1,22,22,22,22,22,22,22,22,22,22
180163,1,1,0,0,0,0,0,0,0,0,0,0
180163,2,1,0,0,0,0,0,0,0,0,0,0
180163,3,1,0,0,0,0,0,0,0,0,0,0
180164,1,1,0,0,0,0,0,0,0,0,0,0
180164,2,1,0,0,0,0,0,0,0,0,0,0
180164,3,1,0,0,0,0,0,0,0,0,0,0
180165,1,1,17,17,17,17,17,17,17,17,17,17
180166,1,1,0,0,0,0,0,0,0,0,0,0
180167,1,1,0,0,0,0,0,0,0,0,0,0
180167,2,1,0,0,0,0,0,0,13,19,18,0
180168,1,1,13,0,0,0,0,0,0,0,12,0
180169,1,1,0,0,0,0,0,0,0,0,0,0
180170,1,1,0,0,0,0,0,0,0,25,0,0
180171,1,1,19,19,19,19,19,19,19,19,19,19
180171,2,1,0,0,0,0,0,0,0,0,0,0
180172,1,1,0,0,0,0,0,0,0,0,0,0
180172,2,1,0,0,0,0,0,0,0,0,0,0
180173,1,1,0,0,0,0,0,0,0,0,0,0
180173,2,1,0,0,0,0,0,0,0,0,0,0
180174,0,1,0,0,0,0,16,0,0,0,0,0
180174,1,1,0,0,0,0,0,0,0,0,0,0
180175,1,1,0,0,0,0,0,0,0,0,0,0
180175,2,1,0,0,0,0,0,0,0,0,0,1
180176,1,1,0,0,0,0,0,0,0,0,0,0
180177,1,1,20,20,20,20,20,20,20,20,20,20
180177,2,1,0,0,0,0,0,0,0,21,0,22
180178,1,1,9,28,14,23,19,27,16,10,12,20
180179,0,1,11,0,9,0,26,0,0,19,13,0
180179,1,1,0,0,0,0,0,0,0,0,0,0
180180,1,1,0,0,0,0,0,0,0,0,14,0
180180,2,1,0,0,0,0,0,0,0,0,0,0
180181,1,1,0,0,0,0,0,0,0,0,0,0
180181,2,1,0,0,0,0,0,0,0,0,0,0
180183,1,1,0,0,0,0,0,0,0,0,0,0
180184,1,1,0,0,0,0,0,11,21,0,14,16
180185,1,1,4,15,5,8,12,12,26,6,41,12
180187,1,1,0,0,0,0,0,0,0,0,0,0
180188,1,1,5,5,5,5,5,5,5,5,5,5
180188,2,1,0,19,0,0,29,0,0,15,0,0
180190,1,1,6,0,0,0,0,0,19,0,0,0
180190,2,1,0,0,0,0,0,0,0,0,0,0
180191,1,1,0,0,0,0,0,0,0,0,0,0
180191,2,1,0,0,0,0,0,0,0,0,0,0
180192,1,1,0,0,0,0,0,0,0,0,0,0
180193,1,1,0,0,0,12,0,0,0,0,0,0
180193,2,1,0,0,0,0,0,0,0,0,0,0
180194,1,1,0,0,0,0,0,0,0,0,0,0
180195,1,1,0,0,22,0,8,8,0,0,8,0
180196,1,1,0,0,0,0,0,0,0,0,0,0
180196,2,1,0,0,0,0,0,0,0,0,0,0
180197,1,1,0,0,0,0,0,0,0,0,0,20
180198,1,1,0,0,0,0,0,0,0,0,0,0
180198,2,1,0,0,0,0,0,0,0,0,0,0
180199,1,1,1,1,1,1,1,1,1,1,1,1
180201,1,1,0,0,0,0,0,0,0,0,0,0
180201,2,1,0,0,0,0,0,0,0,0,0,0
180201,3,1,0,0,0,0,0,0,0,0,0,0
180202,0,1,0,0,0,0,0,0,0,0,0,0
180202,1,1,0,12,0,0,0,0,0,13,0,0
180203,1,1,0,0,0,0,0,0,0,0,0,0
180203,2,1,0,0,15,0,13,0,0,0,0,0
180204,1,1,23,28,0,24,0,0,0,0,0,0
180205,1,1,0,0,0,0,0,0,0,0,0,0
180205,2,1,0,0,0,0,0,0,0,0,0,0
180206,1,1,0,0,0,0,0,18,0,0,0,0
180207,1,1,0,0,0,0,0,6,0,0,0,0
180207,2,1,0,0,18,0,0,0,0,0,0,0
180208,1,1,0,0,0,0,0,0,0,0,0,0
180208,2,1,0,0,0,0,0,0,0,0,0,0
180209,1,1,0,0,0,0,0,0,0,0,0,0
180209,2,1,0,0,0,0,0,0,0,0,0,0
180210,1,1,26,26,26,26,26,26,26,26,26,26
180211,1,1,0,0,0,0,0,0,0,0,0,0
180211,2,1,0,0,0,0,0,0,0,0,0,0
180212,1,1,0,0,0,0,0,0,0,0,0,0
180212,2,1,0,0,0,0,0,0,0,0,0,0
180213,1,1,0,0,0,0,0,0,0,0,0,0
180214,1,1,21,0,17,8,25,0,18,26,10,20
180215,1,1,0,0,0,0,0,7,0,0,18,18
180215,2,1,0,0,0,0,0,0,0,0,0,0
180216,1,1,0,0,0,0,0,0,0,0,0,0
180216,2,1,0,0,0,0,0,0,0,0,0,0
180217,1,1,0,0,0,0,0,0,0,0,0,0
180217,2,1,0,0,0,0,0,0,0,0,0,0
180219,1,1,19,0,0,0,0,13,27,35,20,0
180220,1,1,0,0,0,0,0,0,0,0,0,0
180220,2,1,0,0,0,0,0,0,0,0,0,0
180221,1,1,0,0,0,0,0,0,0,0,0,0
180222,1,1,0,0,0,0,0,0,0,0,0,0
180222,2,1,0,0,0,0,0,0,0,0,0,0
180223,1,1,0,0,0,0,0,0,0,0,0,0
180223,2,1,0,0,0,0,0,0,0,0,0,0
180224,1,1,6,6,6,6,6,6,6,6,6,6
180225,1,1,0,0,10,0,0,19,0,0,10,17
180226,1,1,0,0,0,0,0,0,0,0,0,0
180227,1,1,0,0,0,0,0,16,0,0,0,0
180228,1,1,0,0,0,0,0,0,11,0,14,0
180228,2,1,14,14,14,14,14,14,14,14,14,14
180229,1,1,22,6,0,12,0,31,0,0,7,0
180230,1,1,0,0,0,0,0,0,0,0,0,0
180230,2,1,1,1,1,1,1,1,1,1,1,1
180231,1,1,0,0,0,0,0,0,0,0,0,0
180232,1,1,0,0,0,0,0,0,0,0,0,0
180232,2,1,0,0,0,0,0,0,0,0,0,0
180233,1,1,0,0,0,0,0,0,0,0,0,0
180233,2,1,0,0,0,0,0,0,0,0,0,0
180234,1,1,0,0,0,0,0,0,0,0,0,0
180234,2,1,0,0,0,0,0,0,0,0,0,0
180234,3,1,0,0,0,0,0,0,0,0,0,0
180235,1,1,29,29,29,29,29,29,29,29,29,29
180236,1,1,0,0,0,0,0,0,0,0,0,0
180237,1,1,0,0,0,0,0,0,0,0,0,0
180237,2,1,0,0,0,0,0,0,0,0,0,0
180238,0,1,0,0,0,0,0,0,0,0,0,0
180238,1,1,0,0,0,0,0,0,0,0,0,0
180239,1,1,23,23,23,23,23,23,23,23,23,23
180240,1,1,0,18,0,16,0,0,0,38,0,0
180240,2,1,0,26,0,0,0,0,0,0,0,0
180243,1,1,0,0,0,0,0,0,0,0,0,0
180243,2,1,0,0,0,0,0,0,0,0,0,0
180244,1,1,0,0,0,0,0,0,0,0,0,0
180244,2,1,0,0,0,0,0,0,0,0,0,0
180245,1,1,0,0,0,11,0,0,0,20,0,0
180245,2,1,0,0,0,0,0,0,0,0,0,0
180246,0,1,0,0,0,0,0,8,0,0,0,0
180246,1,1,0,0,0,0,0,0,0,0,0,0
180247,0,1,0,0,44,0,0,0,0,0,0,0
180247,1,1,4,4,4,4,4,4,4,4,4,4
180248,1,1,2,2,2,2,2,2,2,2,2,2
180249,1,1,16,16,16,16,16,16,16,16,16,16
180250,1,1,0,0,0,0,0,0,0,0,0,0
180250,2,1,7,0,0,0,11,23,0,0,0,0
180251,1,1,19,0,0,0,0,0,0,20,20,0
180252,1,1,18,18,18,18,18,18,18,18,18,18
180253,1,1,0,0,0,0,0,0,0,0,0,0
180253,2,1,0,0,0,0,0,0,10,0,0,0
180254,1,1,0,0,0,0,0,0,0,0,0,0
180254,2,1,0,0,0,0,0,0,0,0,0,0
180255,1,1,0,0,0,0,0,0,0,0,0,0
180256,1,1,20,20,20,20,20,20,20,20,20,20
180258,1,1,0,0,0,0,0,0,0,0,0,0
180258,2,1,0,0,0,0,0,0,0,0,0,0
180259,1,1,21,0,0,16,34,22,12,18,0,13
180260,1,1,0,0,5,0,0,0,0,0,0,0
180260,2,1,0,0,0,0,0,0,0,0,0,0
180261,1,1,13,0,0,13,19,0,15,0,0,30
180262,1,1,0,0,0,0,0,0,0,19,0,0
180263,1,1,0,0,0,0,0,0,0,0,0,0
180263,2,1,0,0,0,0,0,0,0,0,0,0
180265,1,1,0,6,19,0,0,11,0,0,0,0
180265,2,1,0,0,0,0,0,0,0,0,0,0
180266,1,1,0,0,0,0,0,0,0,0,0,0
180267,1,1,12,8,19,12,26,27,42,20,31,14
180268,1,1,23,14,17,36,30,0,13,34,23,13
180269,1,1,0,4,0,0,0,0,0,0,0,0
180269,2,1,0,0,0,0,0,0,0,0,0,0
180270,1,1,22,23,0,0,13,0,19,18,10,0
180271,0,1,0,0,0,0,0,0,0,0,0,0
180271,1,1,0,0,0,0,13,0,0,0,0,0
180272,1,1,26,0,0,0,22,0,0,0,0,10
180273,1,1,0,0,0,0,0,0,0,0,0,0
180273,2,1,0,0,0,0,0,0,0,0,0,0
180273,3,1,0,0,0,0,0,0,0,0,0,0
180273,4,1,0,0,0,0,0,0,0,0,0,0
180274,1,1,5,0,0,7,15,0,4,8,0,37
180274,2,1,0,0,0,0,0,0,0,0,0,0
180274,3,1,0,0,0,0,0,0,0,0,0,0
180275,1,1,0,0,0,0,0,0,0,0,0,0
180275,2,1,0,0,0,0,0,0,0,0,0,0
180276,0,1,21,0,29,16,22,0,27,0,0,0
180276,0,2,6,0,0,0,0,0,0,0,0,0
180276,1,1,0,0,0,0,0,0,0,0,0,0
180277,1,1,0,0,0,0,0,0,0,0,0,0
180277,2,1,0,0,0,0,0,0,12,0,0,0
180278,1,1,18,11,11,18,5,0,0,0,13,0
180278,2,1,10,0,0,7,5,0,7,0,0,21
180279,1,1,27,27,27,27,27,27,27,27,27,27
180280,1,1,22,22,22,22,22,22,22,22,22,22
180280,2,1,0,0,0,0,0,0,0,0,0,0
180281,1,1,0,0,0,0,0,0,0,0,0,0
180281,2,1,0,0,0,0,10,0,0,0,0,0
180282,1,1,0,0,0,0,0,0,0,0,13,0
180282,2,1,0,0,0,0,0,0,0,0,0,0
180283,0,1,0,12,0,0,9,24,0,20,16,29
180283,1,1,0,0,0,0,0,0,0,0,0,0
180284,1,1,0,0,0,0,0,0,0,0,0,0
180284,2,1,0,0,0,0,0,0,0,0,0,0
180285,1,1,0,0,0,0,0,0,0,0,0,0
180285,2,1,0,0,0,0,0,0,0,0,0,0
180286,1,1,18,18,18,18,18,18,18,18,18,18
180287,1,1,0,0,0,0,0,0,0,0,0,0
180287,2,1,0,0,0,0,0,0,0,0,0,0
180288,1,1,0,0,13,0,0,0,0,12,0,10
180289,0,1,0,0,0,0,0,0,0,0,0,0
180289,1,1,0,0,0,0,0,0,0,0,0,0
180290,1,1,8,0,0,11,0,0,0,0,2,0
180290,2,1,0,0,0,0,0,0,0,0,0,0
180291,1,1,0,0,0,0,0,0,0,0,0,0
180292,1,1,0,0,6,8,13,11,15,0,21,10
180292,2,1,0,0,0,0,0,0,0,0,0,0
180293,1,1,0,0,0,0,0,0,0,0,0,0
180293,2,1,0,0,0,0,0,0,0,0,0,0
180294,1,1,0,0,0,0,0,0,0,0,0,0
180294,2,1,0,0,0,0,0,0,0,0,0,0
180295,1,1,0,0,0,0,0,0,0,17,0,26
180295,2,1,0,12,0,0,0,0,0,0,0,0
180296,1,1,48,48,48,48,48,48,48,48,48,48
180297,1,1,0,0,0,0,0,0,0,0,0,0
180297,2,1,0,0,0,0,0,0,0,0,0,0
180298,1,1,21,0,0,0,0,0,0,0,0,0
180298,2,1,0,0,0,0,0,16,0,0,0,0
180299,1,1,22,22,22,22,22,22,22,22,22,22
180299,2,1,0,0,0,0,0,0,0,0,0,0
180300,1,1,0,0,0,0,0,0,0,0,0,0
180301,0,1,0,0,0,16,0,0,0,10,0,0
180301,1,1,0,15,27,11,17,13,0,0,18,27
180301,2,1,0,0,20,0,18,0,0,0,0,0
180302,1,1,20,0,18,0,0,0,16,11,0,0
180302,2,1,13,13,13,13,13,13,13,13,13,13
180303,1,1,23,23,23,23,23,23,23,23,23,23
180304,1,1,0,0,0,6,0,0,0,0,0,0
180304,2,1,0,0,0,0,0,45,0,0,0,0
180305,1,1,0,0,0,0,0,0,0,0,0,0
180307,1,1,0,0,0,0,0,0,0,0,0,0
180307,2,1,0,0,0,0,0,0,0,0,2,0
180308,1,1,26,26,26,26,26,26,26,26,26,26
180309,1,1,4,20,0,18,0,0,15,22,0,8
180310,1,1,15,0,3,0,8,0,17,0,21,22
180311,1,1,0,0,0,0,0,0,0,0,0,0
180311,2,1,0,0,0,0,0,0,0,0,0,0
180312,1,1,0,0,0,0,0,0,0,0,0,0
180313,1,1,0,0,0,0,0,0,0,0,0,0
180313,2,1,0,0,0,0,0,0,0,0,0,0
180314,1,1,0,0,0,0,0,0,0,0,0,0
180315,1,1,24,24,24,24,24,24,24,24,24,24
180316,1,1,18,18,18,18,18,18,18,18,18,18
180317,0,1,16,16,0,40,11,26,4,43,0,0
180317,1,1,0,0,0,0,0,0,0,0,0,0
180318,1,1,0,0,0,0,0,0,0,0,0,0
180319,1,1,0,0,0,0,0,0,0,0,0,0
180319,2,1,0,0,0,0,0,0,0,0,0,0
180320,1,1,0,0,32,0,6,0,0,4,24,0
180321,1,1,0,0,0,0,0,0,0,0,0,0
180321,2,1,0,0,0,0,0,0,0,0,0,0
180322,1,1,12,12,12,12,12,12,12,12,12,12
180322,2,1,0,0,0,0,0,0,0,0,0,0
180323,1,1,0,0,0,16,0,0,0,0,32,18
180324,1,1,0,0,0,0,0,0,0,0,0,0
180324,2,1,0,0,0,0,0,0,0,0,0,0
180324,3,1,0,0,0,0,0,0,0,0,0,0
180324,4,1,0,0,0,0,0,0,0,0,0,0
180325,1,1,22,25,23,17,16,0,33,13,34,16
180326,1,1,0,0,0,0,0,0,0,0,0,0
180326,2,1,0,0,0,0,0,0,0,0,0,0
180327,1,1,0,0,0,0,0,0,0,0,0,0
180327,2,1,0,0,0,0,0,0,0,0,0,0
180328,1,1,23,0,0,16,19,0,0,15,0,18
180329,1,1,0,0,23,0,10,0,0,0,0,0
180329,2,1,0,0,0,0,0,0,0,0,0,0
180331,1,1,0,0,0,0,0,0,0,0,0,0
180331,2,1,0,0,0,0,0,0,0,0,0,0
180332,1,1,0,0,0,0,0,17,0,0,0,0
180332,2,1,0,0,0,0,0,0,0,0,0,0
180333,1,1,1,1,1,1,1,1,1,1,1,1
180333,2,1,0,0,0,0,0,0,0,0,0,0
180334,1,1,0,0,6,0,0,0,0,0,0,0
180334,2,1,0,0,0,0,0,0,0,0,0,0
180335,1,1,11,11,11,11,11,11,11,11,11,11
180336,1,1,0,0,29,0,21,0,0,0,0,0
180337,1,1,0,0,0,0,0,0,0,0,0,16
180339,1,1,0,0,15,0,0,0,0,20,0,0
180340,1,1,0,0,0,0,0,0,0,0,0,0
180341,1,1,0,0,0,0,0,0,0,13,0,0
180342,1,1,0,0,0,0,0,0,0,0,0,0
180342,2,1,0,0,0,0,0,0,0,0,0,0
180343,0,1,0,12,23,0,0,0,0,26,20,0
180343,0,2,0,0,0,27,0,19,0,0,0,23
180343,1,1,0,18,0,0,0,0,0,0,0,0
180344,1,1,13,13,13,13,13,13,13,13,13,13
180344,2,1,0,1,18,0,0,0,0,0,0,0
180344,3,1,0,0,0,0,0,0,0,0,0,0
180345,1,1,36,0,10,0,0,0,0,0,21,0
180345,2,1,0,0,0,0,0,0,0,0,0,0
180346,1,1,14,14,14,14,14,14,14,14,14,14
180347,1,1,0,0,17,0,0,0,0,0,0,0
180349,1,1,0,0,0,0,0,0,0,0,0,0
180349,2,1,0,0,0,0,0,0,13,0,12,0
180350,0,1,0,0,0,0,0,0,0,0,0,0
180350,1,1,0,0,0,0,0,0,0,0,0,0
180353,1,1,22,22,22,22,22,22,22,22,22,22
180354,2,1,0,0,0,0,0,0,0,0,0,0
180355,1,1,0,0,0,0,0,0,0,0,0,0
180355,2,1,0,15,0,0,0,0,0,0,14,0
180356,1,1,11,8,0,25,15,24,16,0,18,14
180356,2,1,0,0,0,0,0,0,0,0,0,0
180357,1,1,18,18,18,18,18,18,18,18,18,18
180358,0,1,0,0,8,10,0,49,0,19,29,25
180358,0,2,0,0,0,0,16,0,0,11,0,28
180358,0,3,21,0,0,14,0,0,32,26,0,0
180358,1,1,0,21,0,0,0,0,0,0,0,0
180359,1,1,0,0,31,0,0,0,0,0,0,0
180360,1,1,18,18,18,18,18,18,18,18,18,18
180361,1,1,0,0,0,0,0,0,0,0,0,0
180361,2,1,0,0,0,0,0,0,0,0,0,0
180362,1,1,0,0,0,0,0,0,0,0,0,0
180363,1,1,14,19,4,24,17,13,32,54,9,33
180364,1,1,24,24,24,24,24,24,24,24,24,24
180365,1,1,25,25,25,25,25,25,25,25,25,25
180366,1,1,22,22,22,22,22,22,22,22,22,22
180367,1,1,0,0,0,0,0,0,0,0,0,0
180367,2,1,0,0,0,0,0,0,0,0,0,0
180368,1,1,0,5,0,0,0,0,0,0,36,0
180369,1,1,0,0,0,0,0,0,0,0,0,0
180370,1,1,15,15,15,15,15,15,15,15,15,15
180371,1,1,10,0,0,21,0,0,0,0,0,0
180371,2,1,0,0,0,0,0,0,0,0,0,0
180372,1,1,14,0,0,0,0,0,0,0,7,0
180372,2,1,0,0,0,0,0,0,0,0,0,0
180373,1,1,0,0,0,0,0,0,0,0,0,0
180373,2,1,0,0,0,0,0,0,0,0,0,0
180374,1,1,0,0,0,0,0,0,0,0,0,0
180375,1,1,0,0,0,0,0,0,0,0,0,0
180375,2,1,0,0,0,0,0,0,0,0,0,0
180376,1,1,0,0,0,0,0,0,0,0,0,0
180376,2,1,0,0,0,0,0,0,0,0,18,0
180377,1,1,0,0,0,0,0,0,0,0,0,0
180378,1,1,0,0,0,0,0,7,0,0,0,0
180379,1,1,0,0,0,0,0,0,0,0,0,0
180379,2,1,0,0,21,0,0,0,0,0,0,0
180379,3,1,0,0,0,8,0,0,0,0,0,0
180379,4,1,0,0,0,0,0,0,0,0,0,0
180379,5,1,0,0,0,0,0,0,0,0,0,0
180380,1,1,0,0,0,0,0,0,0,0,0,0
180380,2,1,0,0,0,0,0,0,0,27,0,0
180381,1,1,0,0,0,0,0,0,0,0,0,0
180382,1,1,12,12,12,12,12,12,12,12,12,12
180383,1,1,8,8,8,8,8,8,8,8,8,8
180383,2,1,0,15,17,0,0,10,14,15,19,25
180384,1,1,14,14,14,14,14,14,14,14,14,14
180385,1,1,0,0,0,0,0,0,0,0,0,0
180386,1,1,17,29,0,21,0,0,0,11,0,19
180387,1,1,23,23,23,23,23,23,23,23,23,23
180388,1,1,0,0,6,0,15,0,0,0,0,11
180388,2,1,0,0,0,0,0,0,0,0,0,0
180389,1,1,12,12,12,12,12,12,12,12,12,12
180389,2,1,0,0,0,0,0,0,0,0,0,0
180390,0,1,31,0,0,0,0,0,23,0,12,0
180390,1,1,0,0,0,0,0,0,0,0,0,0
180391,1,1,0,0,0,0,0,0,0,16,0,0
180392,1,1,6,6,6,6,6,6,6,6,6,6
180392,2,1,0,0,0,0,0,0,0,0,0,0
180393,1,1,19,0,14,0,0,16,0,0,25,0
180393,2,1,0,0,0,0,0,0,0,0,0,0
180394,1,1,0,0,0,0,0,0,0,0,0,0
180395,1,1,0,29,0,0,0,0,0,20,0,0
180395,2,1,0,5,0,0,0,0,0,17,0,0
180396,0,1,0,0,0,0,0,0,0,0,0,0
180396,1,1,0,0,0,0,0,0,0,0,0,0
180397,0,1,10,34,32,15,13,9,21,21,30,41
180397,1,1,0,0,0,0,0,0,0,0,0,0
180398,1,1,0,0,0,0,0,0,0,0,0,0
180398,2,1,0,0,0,7,0,0,0,0,0,0
180399,1,1,0,0,0,0,0,0,0,0,0,0
180399,2,1,0,0,0,0,0,0,0,0,0,0
180400,1,1,0,0,0,0,0,0,0,0,0,0
180401,1,1,0,0,0,0,0,0,0,0,0,0
180401,2,1,0,0,9,0,0,0,0,0,0,6
180402,0,1,31,13,35,12,0,21,0,19,0,14
180402,1,1,0,0,0,0,0,0,0,0,0,0
180402,2,1,0,0,0,0,0,0,0,0,0,0
180403,1,1,27,27,27,27,27,27,27,27,27,27
180403,2,1,15,0,0,0,0,0,0,0,0,0
180404,1,1,15,15,15,15,15,15,15,15,15,15
180405,1,1,12,20,18,0,0,44,22,20,24,0
180406,1,1,0,0,0,0,0,0,0,0,0,0
180406,2,1,0,0,0,0,0,0,21,0,0,0
180407,1,1,0,0,0,0,0,0,0,0,0,0
180407,2,1,0,0,0,0,0,0,0,0,0,0
180408,1,1,10,10,10,10,10,10,10,10,10,10
180409,1,1,0,0,0,0,0,0,0,0,0,11
180409,2,1,0,6,0,0,0,0,0,8,0,0
180410,1,1,0,0,0,0,0,0,0,0,0,0
180410,2,1,0,0,0,0,0,0,0,0,0,0
180410,3,1,0,0,0,0,0,0,0,0,0,0
180410,4,1,0,0,0,0,0,0,0,0,0,0
180411,1,1,0,0,0,0,25,0,0,0,0,0
180411,2,1,0,0,0,0,0,0,0,0,0,0
180412,0,1,7,25,21,14,0,12,0,0,32,31
180412,1,1,0,0,0,0,0,0,0,0,0,0
180413,1,1,0,0,6,0,0,28,0,20,0,13
180414,1,1,19,19,19,19,19,19,19,19,19,19
180415,1,1,0,0,0,0,0,0,0,0,0,0
180415,2,1,0,0,0,16,0,0,0,0,0,0
180416,1,1,0,0,0,0,0,0,0,0,0,0
180416,2,1,0,26,13,15,23,0,0,0,6,0
180417,1,1,0,0,0,0,0,0,0,0,0,0
180417,2,1,0,0,0,0,0,0,0,0,0,0
180418,1,1,0,0,0,8,0,0,0,0,0,9
180418,2,1,0,0,0,0,0,0,0,0,0,0
180418,3,1,0,0,0,0,0,0,0,0,0,0
180420,1,1,0,0,0,0,0,0,11,0,0,0
180420,2,1,0,0,0,0,0,0,0,24,0,0
180420,3,1,0,0,0,0,0,0,0,0,0,0
180421,1,1,0,0,0,0,0,0,0,0,0,0
180421,2,1,0,2,0,0,0,0,20,0,0,0
180422,1,1,0,0,0,0,0,0,0,0,0,0
180423,1,1,0,0,0,0,0,0,0,0,0,0
180423,2,1,0,0,0,0,0,0,0,0,0,0
180424,1,1,7,7,7,7,7,7,7,7,7,7
180425,1,1,30,30,30,30,30,30,30,30,30,30