ST_CASE,VEH_NO,PER_NO,P1,P2,P3,P4,P5,P6,P7,P8,P9,P10
180426,1,1,18,18,18,18,18,18,18,18,18,18
180426,2,1,0,0,0,0,0,0,0,0,0,0
180427,1,1,0,0,4,0,0,0,0,22,0,0
180427,2,1,0,0,0,0,0,0,0,0,0,0
180428,1,1,2,2,2,2,2,2,2,2,2,2
180429,1,1,0,0,0,0,0,0,0,0,0,0
180429,2,1,0,0,0,0,0,0,0,0,0,0
180429,3,1,0,0,0,0,0,0,0,0,0,0
180430,1,1,0,0,0,0,0,0,0,0,0,0
180430,2,1,0,0,0,0,0,0,0,0,0,0
180431,1,1,0,0,0,0,0,0,0,0,0,10
180431,2,1,23,0,0,19,0,13,0,12,0,0
180432,1,1,0,0,0,0,17,14,0,0,0,0
180433,1,1,0,0,0,0,0,0,0,0,0,0
180433,2,1,0,0,0,0,0,0,0,0,0,0
180434,1,1,0,0,0,0,0,0,0,0,0,23
180435,1,1,0,0,0,0,0,0,0,0,0,0
180435,2,1,0,0,0,0,0,0,0,0,0,0
180436,1,1,0,0,0,0,0,0,0,0,0,0
180436,2,1,0,0,0,0,0,0,0,0,0,0
180437,1,1,15,15,15,15,15,15,15,15,15,15
180438,1,1,0,0,0,0,0,0,0,0,0,0
180438,2,1,0,0,0,0,0,0,0,0,0,0
180439,1,1,0,0,0,0,0,0,0,0,0,0
180439,2,1,0,0,0,0,0,0,0,0,0,0
180440,1,1,0,0,0,15,0,0,0,0,0,0
180440,2,1,0,0,0,0,0,0,0,0,0,0
180441,1,1,0,0,0,0,6,0,6,10,0,19
180442,1,1,0,0,0,0,0,15,0,0,0,0
180443,1,1,0,0,32,20,11,17,8,21,8,0
180444,1,1,0,0,0,0,0,0,0,0,0,0
180445,1,1,0,0,0,0,0,0,0,0,0,0
180446,1,1,14,0,0,0,0,0,0,0,0,0
180447,1,1,0,0,0,0,0,0,0,0,0,0
180447,2,1,0,0,0,0,0,0,0,0,0,0
180448,1,1,0,0,0,0,0,0,0,0,0,0
180449,1,1,15,21,13,30,17,27,18,14,30,7
180449,2,1,0,0,0,0,0,0,0,0,0,0
180450,1,1,0,0,0,0,0,0,0,0,0,0
180450,2,1,0,0,0,0,0,0,0,0,0,0
180450,3,1,0,0,0,0,0,0,0,0,0,0
180451,1,1,0,0,0,0,0,0,0,0,0,0
180452,1,1,0,0,0,0,0,0,0,0,0,4
180454,1,1,25,25,25,25,25,25,25,25,25,25
180455,1,1,0,0,0,0,0,0,0,0,0,0
180455,2,1,10,19,0,0,0,0,0,5,0,0
180456,0,1,0,0,0,0,0,0,0,0,0,0
180456,1,1,17,17,17,17,17,17,17,17,17,17
180457,1,1,0,0,0,0,0,0,0,0,0,0
180458,1,1,22,22,22,22,22,22,22,22,22,22
180459,1,1,0,0,0,0,0,0,0,0,0,0
180459,2,1,0,0,0,0,0,0,0,0,0,0
180460,1,1,14,14,14,14,14,14,14,14,14,14
180461,1,1,0,0,0,0,0,0,0,0,0,0
180462,1,1,0,0,0,0,0,17,0,0,0,0
180464,1,1,0,0,0,0,0,0,0,0,0,0
180465,1,1,0,0,0,0,0,0,0,0,0,0
180466,1,1,11,0,14,0,0,0,0,15,0,0
180467,0,1,0,0,0,0,0,0,0,15,22,0
180467,1,1,0,0,0,0,0,0,0,0,0,0
180468,1,1,0,0,0,0,0,0,0,0,0,0
180468,2,1,0,0,0,0,0,0,0,0,0,0
180469,1,1,0,0,0,33,15,0,0,0,0,0
180469,2,1,0,0,0,0,0,0,0,0,0,0
180470,0,1,17,11,18,12,0,0,23,0,20,0
180470,1,1,15,0,0,0,0,0,0,0,0,0
180471,1,1,0,0,0,0,0,0,0,0,0,0
180471,2,1,0,0,0,0,0,0,0,0,0,0
180472,1,1,0,0,12,0,0,0,0,0,0,0
180473,0,1,0,0,0,0,0,0,0,0,0,0
180473,1,1,0,0,0,0,0,0,0,0,0,0
180474,1,1,0,0,0,0,0,0,0,0,0,0
180474,2,1,0,0,0,0,0,0,0,0,0,0
180474,3,1,0,0,0,0,0,0,0,0,0,0
180475,0,1,0,0,0,0,0,0,0,0,0,0
180475,1,1,4,10,3,0,0,10,10,13,11,4
180476,1,1,0,0,0,0,0,0,0,0,0,0
180476,2,1,0,0,0,0,0,0,0,0,0,0
180477,1,1,0,0,0,0,0,0,0,0,0,0
180477,2,1,0,0,0,0,0,0,0,0,0,0
180477,3,1,0,0,0,0,0,0,0,0,0,0
180478,1,1,0,0,0,0,0,0,0,0,21,0
180479,0,1,0,11,0,0,0,0,0,0,0,0
180479,1,1,0,0,0,0,0,0,0,0,0,0
180480,1,1,30,24,0,0,0,0,0,0,0,22
180481,1,1,24,24,24,24,24,24,24,24,24,24
180482,1,1,27,27,27,27,27,27,27,27,27,27
180483,1,1,0,28,0,0,0,0,0,16,0,0
180483,2,1,0,0,0,0,0,0,0,0,0,0
180484,1,1,0,19,25,0,0,0,17,0,0,0
180484,2,1,0,0,0,0,0,0,0,0,0,0
180485,1,1,0,5,0,0,0,0,0,0,0,0
180485,2,1,0,0,0,0,0,0,0,0,0,0
180486,1,1,24,0,15,0,0,13,23,0,29,22
180487,1,1,18,18,18,18,18,18,18,18,18,18
180487,2,1,0,0,0,0,0,21,0,0,0,0
180488,0,1,0,0,0,9,0,13,0,0,0,0
180488,1,1,0,0,0,0,0,0,0,0,0,0
180489,1,1,16,16,16,16,16,16,16,16,16,16
180490,1,1,0,0,0,0,0,0,0,0,0,0
180490,2,1,0,0,0,13,17,0,0,0,10,0
180490,3,1,0,0,0,0,0,0,0,0,0,0
180491,1,1,0,0,0,0,0,0,0,0,0,0
180492,0,1,16,0,18,0,33,0,12,0,0,0
180492,1,1,0,0,0,0,0,0,0,0,0,0
180492,2,1,0,0,0,0,0,0,0,0,0,0
180493,1,1,25,7,0,0,0,0,0,45,17,0
180494,1,1,0,0,0,0,0,0,0,0,0,0
180494,2,1,0,0,0,0,0,0,0,0,0,0
180494,3,1,0,0,0,0,0,0,0,6,0,0
180495,1,1,0,0,0,0,0,0,0,0,0,0
180495,2,1,0,0,0,0,0,0,0,0,0,0
180496,1,1,0,0,0,0,0,16,0,0,0,0
180497,1,1,0,0,0,0,0,0,0,0,0,0
180497,2,1,0,0,0,0,0,0,0,0,0,0
180497,3,1,0,0,0,0,0,0,0,0,0,0
180498,1,1,17,28,0,0,24,0,17,35,0,15
180498,2,1,0,0,0,0,0,0,0,0,0,0
180499,1,1,0,0,0,0,0,0,0,0,0,0
180500,1,1,0,0,0,0,0,0,0,0,0,0
180501,1,1,0,0,0,0,0,0,0,0,0,0
180501,2,1,0,0,0,0,0,0,0,0,0,0
180501,3,1,0,0,0,0,0,0,0,0,0,0
180502,1,1,9,9,9,9,9,9,9,9,9,9
180503,1,1,0,0,0,0,0,0,0,0,0,0
180503,2,1,0,0,0,0,0,0,0,0,0,0
180504,1,1,0,0,0,0,0,13,0,0,0,0
180504,2,1,0,0,0,0,0,0,0,0,0,0
180505,1,1,21,15,15,19,32,23,7,9,18,8
180506,1,1,0,0,0,0,0,0,0,0,0,0
180508,1,1,0,0,0,0,23,10,16,7,0,12
180508,2,1,0,0,0,0,0,0,0,0,0,0
180508,3,1,0,0,0,0,0,0,0,0,0,0
180508,4,1,0,0,0,0,0,0,0,0,0,0
180508,5,1,0,0,0,0,0,0,0,0,0,0
180508,6,1,0,0,0,0,0,0,0,0,0,0
180509,1,1,0,0,0,0,0,0,0,0,0,0
180510,1,1,0,0,0,0,0,0,0,0,0,0
180510,2,1,0,0,0,22,0,0,0,0,15,0
180510,3,1,0,0,0,0,0,0,0,0,0,11
180510,4,1,0,26,0,0,0,0,0,7,14,0
180511,1,1,20,8,14,23,16,12,20,26,9,9
180512,1,1,0,0,0,0,0,20,0,0,12,0
180512,2,1,0,0,0,0,0,0,0,0,0,0
180513,1,1,0,0,0,0,0,0,0,0,0,0
180513,2,1,0,0,0,0,0,0,0,0,0,0
180514,1,1,10,11,15,0,0,20,0,19,0,0
180514,2,1,0,0,0,0,0,0,0,0,0,0
180515,1,1,0,0,0,0,0,0,0,0,0,0
180516,1,1,0,0,0,0,0,0,0,0,0,0
180517,1,1,0,0,0,0,0,0,0,0,17,0
180517,2,1,0,0,0,0,0,0,0,0,0,0
180517,3,1,0,0,0,0,0,0,0,0,17,0
180518,1,1,10,10,10,10,10,10,10,10,10,10
180518,2,1,16,16,16,16,16,16,16,16,16,16
180519,1,1,0,0,0,0,0,0,0,0,0,0
180519,2,1,0,0,0,0,0,0,0,0,0,0
180520,1,1,0,0,0,0,0,0,0,0,0,0
180521,0,1,0,0,29,0,0,0,0,0,0,0
180521,1,1,0,0,0,0,0,11,0,0,0,0
180522,1,1,0,0,0,0,0,0,0,0,0,0
180522,2,1,0,0,0,0,0,0,0,0,0,0
180523,1,1,0,0,0,0,22,0,0,17,0,0
180523,2,1,0,0,0,0,0,0,0,0,0,0
180524,1,1,0,24,32,0,16,0,24,23,18,16
180525,1,1,0,0,0,0,0,0,0,0,0,0
180525,2,1,0,0,0,0,10,16,0,15,0,21
180526,1,1,20,20,20,20,20,20,20,20,20,20
180527,1,1,0,0,0,0,0,0,0,0,0,0
180527,2,1,0,0,0,2,0,5,28,0,5,0
180528,1,1,0,0,0,0,0,0,0,0,0,0
180529,1,1,0,0,0,0,0,0,0,0,0,0
180530,1,1,0,0,0,0,0,0,0,0,0,0
180531,0,1,19,0,0,0,0,0,0,0,0,0
180531,1,1,0,0,0,0,0,0,0,0,0,0
180533,1,1,0,17,3,0,30,0,0,0,12,0
180533,2,1,0,0,0,0,0,0,0,0,0,0
180534,0,1,0,0,0,19,0,30,3,0,25,26
180534,1,1,0,0,0,0,0,0,0,0,0,0
180535,1,1,0,0,33,0,0,0,0,0,0,0
180536,1,1,15,15,15,15,15,15,15,15,15,15
180537,1,1,0,0,0,0,0,31,0,0,13,0
180537,2,1,0,0,0,0,0,0,0,0,0,0
180538,1,1,0,0,0,0,0,0,0,0,0,0
180538,2,1,0,0,0,0,0,0,0,0,0,0
180538,3,1,0,0,0,0,0,0,0,0,0,0
180539,1,1,0,0,0,0,0,0,0,0,0,0
180539,2,1,0,0,0,0,16,5,0,0,0,0
180540,1,1,0,0,0,0,0,0,0,0,0,0
180541,1,1,0,0,0,0,0,0,0,0,0,0
180542,1,1,0,0,0,0,0,0,0,0,0,0
180542,2,1,0,0,0,0,0,0,0,0,0,0
180543,1,1,0,0,0,0,0,0,0,0,0,0
180543,2,1,0,0,0,0,0,0,0,0,0,0
180544,1,1,17,0,0,0,0,0,0,0,0,0
180544,2,1,0,0,0,0,0,0,0,0,0,0
180545,0,1,0,0,28,0,0,23,23,0,3,43
180545,1,1,0,1,0,0,14,0,0,7,4,10
180546,1,1,22,22,22,22,22,22,22,22,22,22
180546,2,1,22,22,22,22,22,22,22,22,22,22
180547,1,1,0,0,0,0,0,0,0,0,0,0
180548,0,1,10,46,2,25,26,17,14,17,8,14
180548,1,1,0,0,0,0,0,0,0,0,0,0
180549,1,1,0,0,0,0,0,0,0,0,0,0
180549,2,1,0,0,0,0,0,0,0,0,0,0
180550,1,1,0,0,0,0,0,0,10,0,21,14
180551,1,1,13,12,7,31,26,8,23,0,19,10
180551,2,1,11,24,0,0,0,0,0,0,0,0
180552,1,1,28,0,0,18,16,0,0,5,32,32
180553,1,1,17,0,10,0,0,0,0,0,0,0
180553,2,1,0,0,0,0,0,0,0,0,0,0
180554,1,1,0,0,0,0,0,18,0,20,0,0
180554,2,1,0,0,0,0,0,0,0,11,0,0
180555,1,1,0,0,0,0,0,0,0,0,0,0
180556,1,1,0,0,0,0,0,0,0,0,0,0
180556,2,1,0,0,0,0,0,0,0,0,0,0
180557,1,1,0,4,0,0,0,0,9,29,5,0
180558,0,1,0,0,21,0,0,0,18,25,0,17
180558,1,1,0,0,0,0,0,0,0,0,0,0
180558,2,1,0,15,0,0,0,0,0,0,0,17
180559,1,1,0,0,0,0,0,0,0,0,0,0
180559,2,1,0,0,0,0,0,0,0,0,0,0
180560,1,1,0,0,0,15,25,0,0,13,0,13
180561,1,1,0,0,0,0,0,0,0,0,0,0
180561,2,1,0,0,0,0,0,0,0,0,0,0
180562,1,1,17,0,0,31,0,0,0,18,0,0
180563,0,1,0,0,0,0,0,0,0,0,0,0
180563,1,1,0,0,0,0,0,0,0,0,0,0
180564,1,1,0,0,0,0,0,0,0,0,0,0
180564,2,1,0,0,0,0,12,0,0,0,0,0
180564,3,1,0,0,0,0,0,0,0,0,0,0
180565,1,1,16,0,11,20,0,20,0,0,0,0
180565,2,1,8,0,0,8,0,0,7,0,8,0
180566,1,1,0,0,19,0,0,0,0,0,0,0
180566,2,1,0,0,0,0,0,0,0,0,0,0
180567,1,1,0,0,0,0,0,0,0,0,0,0
180567,2,1,0,0,0,0,0,0,0,0,0,0
180568,0,1,19,0,18,0,0,37,0,24,14,0
180568,1,1,0,0,0,0,0,0,0,0,0,0
180569,1,1,14,22,13,5,0,32,31,20,39,31
180570,1,1,0,0,0,19,0,0,0,30,0,23
180570,2,1,0,0,0,0,0,0,0,0,0,0
180571,1,1,0,0,0,0,0,0,0,0,0,0
180571,2,1,0,0,0,0,7,0,0,0,0,0
180572,0,1,0,0,0,25,0,0,0,0,0,0
180572,1,1,0,0,0,0,0,0,0,0,0,0
180573,1,1,0,0,0,0,0,0,0,0,0,0
180573,2,1,0,0,0,0,0,0,0,0,0,0
180574,1,1,0,0,0,0,0,0,0,0,0,0
180574,2,1,0,0,0,0,0,0,0,0,0,0
180575,1,1,0,0,0,0,0,0,0,0,0,0
180575,2,1,0,0,0,0,0,0,0,0,0,0
180575,3,1,0,0,0,0,0,0,0,0,0,0
180576,0,1,18,0,0,0,15,0,0,0,0,27
180576,1,1,0,25,0,0,0,0,0,0,0,0
180577,1,1,0,0,0,0,0,0,0,0,0,0
180577,2,1,0,0,0,0,0,0,0,0,0,0
180578,1,1,0,0,0,17,0,0,0,0,15,0
180579,0,1,0,0,21,0,0,0,0,0,0,0
180579,1,1,0,0,0,0,0,0,0,0,0,0
180580,1,1,0,0,0,0,0,0,0,0,0,0
180580,2,1,0,0,0,0,0,0,0,0,0,0
180581,0,1,33,20,17,0,0,0,0,17,25,12
180581,1,1,0,8,17,5,0,0,0,0,8,0
180582,1,1,0,19,0,0,0,0,8,0,0,0
180583,1,1,10,0,0,0,0,0,0,0,0,0
180583,2,1,0,0,0,0,0,0,0,0,0,0
180584,1,1,25,25,25,25,25,25,25,25,25,25
180584,2,1,0,0,0,13,0,0,0,10,24,0
180585,1,1,0,0,0,0,0,0,0,0,0,0
180585,2,1,0,0,0,0,0,0,12,0,0,0
180586,1,1,21,0,0,14,0,0,0,0,0,0
180586,2,1,0,0,0,0,0,0,0,0,0,0
180587,1,1,25,25,25,25,25,25,25,25,25,25
180588,1,1,0,0,0,0,0,0,0,0,0,3
180589,1,1,0,0,0,0,0,0,0,0,0,0
180589,2,1,0,0,0,0,0,0,0,0,0,0
180590,0,1,0,0,0,0,0,0,0,0,0,0
180590,1,1,0,0,0,0,0,0,0,0,0,0
180591,1,1,0,0,0,20,17,0,0,0,0,0
180591,2,1,0,0,0,0,0,0,0,0,0,0
180592,0,1,18,0,0,27,0,9,20,0,0,0
180592,1,1,0,16,0,13,0,0,0,34,0,0
180593,1,1,0,20,7,38,10,0,0,0,0,0
180594,1,1,0,0,0,0,0,0,21,23,13,0
180595,1,1,21,0,0,13,0,0,0,0,0,0
180596,0,1,0,0,0,0,0,0,0,0,0,0
180596,1,1,0,0,0,0,0,0,0,0,0,0
180597,1,1,0,0,0,0,0,0,0,0,0,0
180597,2,1,0,0,0,0,0,0,0,0,0,0
180598,1,1,0,0,0,0,0,0,0,0,0,0
180598,2,1,0,0,0,0,0,0,0,0,0,0
180599,1,1,0,0,0,0,0,0,0,0,0,0
180599,2,1,0,0,0,0,0,0,0,0,0,0
180600,0,1,0,21,0,0,8,15,3,0,0,0
180600,1,1,0,0,0,0,4,0,0,0,0,0
180601,1,1,0,0,0,18,0,0,0,0,0,0
180601,2,1,0,29,0,13,0,0,0,0,0,21
180602,1,1,0,0,13,0,20,0,0,0,0,0
180602,2,1,0,0,0,0,0,0,0,0,0,0
180602,3,1,0,0,0,0,0,0,0,0,0,0
180603,1,1,8,0,0,0,0,0,11,0,0,0
180604,1,1,0,0,0,0,0,0,0,0,0,0
180605,1,1,27,27,27,27,27,27,27,27,27,27
180606,1,1,0,10,0,0,7,14,0,0,0,0
180607,0,1,0,0,0,0,0,0,0,0,0,0
180607,1,1,0,8,0,0,0,0,10,0,0,20
180608,0,1,0,0,0,0,0,0,0,0,0,0
180608,1,1,0,0,0,0,0,0,0,0,0,0
180608,2,1,12,15,0,4,4,18,0,0,0,7
180609,1,1,7,0,28,0,0,14,0,0,0,9
180609,2,1,0,0,0,0,0,0,0,0,0,0
180609,3,1,0,0,0,0,11,27,0,0,0,0
180610,1,1,0,0,0,0,0,0,0,0,0,0
180610,2,1,0,26,0,0,0,0,0,12,0,0
180610,3,1,0,0,0,0,0,0,0,0,0,0
180610,4,1,27,0,0,0,0,19,0,0,19,0
180610,5,1,0,0,0,0,0,4,0,0,0,0
180611,1,1,0,0,0,0,0,0,0,0,0,0
180611,2,1,0,0,0,0,0,0,0,0,0,0
180612,0,1,0,0,0,0,0,0,0,0,0,0
180612,1,1,0,0,0,0,0,0,0,0,0,0
180613,1,1,0,0,0,0,0,0,0,0,0,0
180613,2,1,0,0,0,0,0,0,0,0,0,0
180614,0,1,0,0,0,0,0,0,0,0,0,11
180614,1,1,17,17,17,17,17,17,17,17,17,17
180615,1,1,5,18,0,19,13,0,0,0,15,26
180616,0,1,23,22,34,0,21,25,14,12,0,0
180616,0,2,18,0,0,0,18,17,0,12,0,0
180616,0,3,0,0,34,0,26,0,20,28,16,0
180616,1,1,0,0,0,0,0,0,0,0,0,0
180617,1,1,0,2,0,0,0,22,22,0,7,6
180617,2,1,11,11,11,11,11,11,11,11,11,11
180618,1,1,0,0,0,0,0,0,0,0,0,0
180618,2,1,0,0,0,0,0,0,0,0,0,0
180619,0,1,0,0,0,7,0,0,22,29,0,0
180619,1,1,0,0,7,0,0,0,0,0,0,23
180620,1,1,0,0,0,17,0,0,0,0,0,0
180620,2,1,0,0,0,0,0,0,0,0,0,0
180621,1,1,0,9,0,25,0,0,0,0,22,0
180621,2,1,0,0,0,0,0,0,0,0,0,0
180622,1,1,0,0,0,29,18,0,0,8,0,0
180622,2,1,10,0,0,0,27,0,0,9,0,0
180623,1,1,0,0,0,0,0,0,0,0,0,0
180623,2,1,0,0,0,0,0,0,0,0,0,0
180624,1,1,0,0,0,0,0,0,0,0,0,0
180624,2,1,0,0,0,0,0,0,0,0,0,0
180624,3,1,0,0,0,0,0,0,0,0,0,0
180625,1,1,0,0,0,0,0,0,0,0,0,0
180626,1,1,0,0,0,0,0,0,0,0,0,0
180626,2,1,0,0,0,0,0,0,0,0,0,0
180627,1,1,9,9,9,9,9,9,9,9,9,9
180627,2,1,15,0,9,0,0,14,0,21,19,0
180628,0,1,0,29,0,0,31,3,0,18,29,0
180628,1,1,15,7,10,27,15,0,0,6,0,25
180629,0,1,0,0,0,0,0,0,0,0,0,0
180629,1,1,0,7,0,0,0,0,0,0,0,0
180630,1,1,2,2,2,2,2,2,2,2,2,2
180630,2,1,0,0,0,0,3,0,0,0,0,0
180631,1,1,8,0,0,0,13,0,0,0,0,16
180632,1,1,0,17,0,0,0,0,0,0,0,0
180633,1,1,0,0,0,0,0,0,0,0,0,0
180633,2,1,0,14,9,17,15,20,0,0,20,3
180634,1,1,0,0,0,0,0,0,0,0,0,7
180634,2,1,0,13,0,0,0,0,0,0,0,0
180635,1,1,0,0,0,0,0,0,0,0,0,0
180635,2,1,0,21,0,0,0,0,0,0,0,0
180636,1,1,0,0,0,0,0,0,0,0,0,0
180636,2,1,0,0,0,0,0,0,0,0,0,0
180637,0,1,0,0,0,0,0,0,0,0,0,0
180637,1,1,0,0,0,0,0,0,0,0,9,0
180638,1,1,20,27,22,21,16,21,23,32,25,4
180639,1,1,13,13,13,13,13,13,13,13,13,13
180641,1,1,0,0,0,0,0,0,0,0,0,0
180641,2,1,0,0,0,0,0,0,16,0,16,0
180642,0,1,24,0,0,0,0,0,0,0,0,0
180642,1,1,0,0,0,0,0,0,0,0,0,0
180643,1,1,0,0,0,0,0,0,0,0,0,0
180643,2,1,0,0,0,0,0,0,0,0,0,0
180644,1,1,0,0,14,0,0,14,2,17,0,0
180645,1,1,0,0,0,0,0,0,0,0,0,0
180645,2,1,0,0,0,0,0,0,0,0,0,0
180645,3,1,0,0,0,0,0,0,0,0,0,0
180645,4,1,0,0,0,0,0,0,0,0,0,0
180646,1,1,12,0,0,0,0,23,13,0,11,27
180647,1,1,23,23,23,23,23,23,23,23,23,23
180647,2,1,0,0,0,0,0,0,0,0,0,19
180648,1,1,19,0,40,0,0,0,0,0,0,4
180649,1,1,0,0,0,0,0,0,0,0,0,0
180649,2,1,22,0,0,2,0,0,0,0,0,0
180651,1,1,0,0,0,0,0,0,0,0,0,0
180651,2,1,0,0,0,0,7,0,0,22,0,0
180652,0,1,0,0,0,0,0,0,0,0,0,0
180652,1,1,0,0,0,0,0,0,0,0,0,0
180653,1,1,0,22,40,11,5,29,26,0,12,0
180654,1,1,0,0,0,0,0,0,0,0,0,0
180654,2,1,0,0,0,0,0,0,0,0,0,0
180654,3,1,9,0,0,0,0,0,0,0,0,0
180655,1,1,0,0,0,0,0,0,0,0,0,0
180655,2,1,0,0,0,0,0,0,0,0,6,0
180656,1,1,0,0,0,0,0,0,0,0,0,0
180658,1,1,36,36,36,36,36,36,36,36,36,36
180658,2,1,0,0,0,0,0,0,0,0,0,0
180659,1,1,0,0,0,0,0,0,0,0,0,0
180659,2,1,0,0,0,0,0,0,0,0,0,0
180660,0,1,0,0,0,0,0,0,19,0,27,0
180660,1,1,0,0,0,0,0,0,0,0,0,0
180661,1,1,14,0,14,0,12,27,0,0,0,0
180662,1,1,0,0,0,0,0,0,0,0,0,0
180662,2,1,0,0,0,14,0,0,0,0,0,0
180663,1,1,0,7,0,0,0,20,25,0,0,0
180663,2,1,0,0,0,0,0,0,0,0,0,0
180664,1,1,0,0,0,0,0,0,0,0,0,0
180664,2,1,0,0,0,0,0,0,0,0,0,0
180666,1,1,0,0,0,21,0,0,0,16,0,0
180666,2,1,0,0,0,0,0,0,0,0,0,0
180667,1,1,0,0,0,0,0,0,0,0,10,0
180669,1,1,0,0,0,0,0,0,0,0,0,0
180670,1,1,0,0,0,0,0,0,0,0,0,0
180671,1,1,0,0,0,0,0,0,0,0,0,0
180672,1,1,0,14,0,20,14,18,11,15,0,7
180672,2,1,11,0,0,0,0,0,0,0,0,0
180673,1,1,21,21,21,21,21,21,21,21,21,21
180674,1,1,0,0,0,0,0,0,0,0,0,0
180674,2,1,0,0,0,0,0,0,0,0,0,0
180675,1,1,0,0,0,0,0,0,0,0,0,0
180675,2,1,0,0,0,0,0,0,0,0,0,0
180675,3,1,19,0,0,0,0,0,0,0,0,0
180675,4,1,0,0,0,0,0,0,0,0,0,18
180675,5,1,0,0,0,0,15,0,0,0,0,0
180676,1,1,26,2,10,7,5,15,22,0,14,27
180677,1,1,21,9,15,8,12,37,23,20,7,23
180678,1,1,19,19,19,19,19,19,19,19,19,19
180678,2,1,10,10,10,10,10,10,10,10,10,10
180679,1,1,0,0,0,0,0,0,0,0,0,0
180679,2,1,0,0,0,0,0,0,0,0,0,0
180679,3,1,0,0,0,0,0,0,0,0,0,0
180680,1,1,17,8,16,18,4,9,21,0,9,15
180681,0,1,0,0,0,0,0,0,0,0,0,0
180681,1,1,3,3,3,3,3,3,3,3,3,3
180682,1,1,0,0,0,0,0,0,0,0,0,0
180682,2,1,0,0,0,0,0,0,0,0,0,0
180683,1,1,19,19,19,19,19,19,19,19,19,19
180684,1,1,26,26,26,26,26,26,26,26,26,26
180684,2,1,0,0,0,0,0,0,0,0,0,0
180685,1,1,0,0,0,0,0,0,0,0,0,0
180686,1,1,0,0,0,0,0,0,0,0,0,0
180686,2,1,0,0,0,0,0,0,0,0,0,0
180687,1,1,0,0,0,0,0,0,0,23,0,0
180688,1,1,0,0,0,0,0,0,0,0,0,0
180689,0,1,0,0,0,0,0,0,0,0,0,0
180689,1,1,0,0,0,0,0,0,0,0,0,0
180690,1,1,0,0,0,0,0,0,0,0,0,0
180690,3,1,0,0,0,0,0,0,0,0,0,0
180691,1,1,0,0,0,0,0,0,0,0,0,0
180692,1,1,0,0,0,0,0,0,0,0,0,0
180692,2,1,0,0,0,0,0,0,0,15,0,0
180693,1,1,0,0,0,0,0,0,0,0,0,0
180693,2,1,0,0,0,0,0,0,0,0,0,0
180694,1,1,0,9,8,26,21,16,11,14,9,30
180696,1,1,2,2,2,2,2,2,2,2,2,2
180697,1,1,19,19,19,19,19,19,19,19,19,19
180698,1,1,0,0,0,0,0,0,0,0,0,0
180699,1,1,14,14,14,14,14,14,14,14,14,14
180700,1,1,0,0,0,0,0,0,0,0,0,0
180701,1,1,0,0,0,0,0,0,0,0,0,0
180701,2,1,0,0,0,0,0,0,0,0,0,0
180702,1,1,0,0,0,0,0,0,0,0,0,0
180702,2,1,0,0,0,0,0,0,0,0,0,0
180703,1,1,12,12,12,12,12,12,12,12,12,12
180704,1,1,0,0,0,0,19,23,0,0,0,12
180705,1,1,0,0,0,0,0,0,0,0,0,0
180706,0,1,0,0,0,0,0,0,0,0,0,0
180706,1,1,0,0,0,0,0,0,0,0,0,0
180707,1,1,0,0,0,0,0,0,0,0,0,0
180708,1,1,0,0,0,0,0,0,0,0,0,0
180708,2,1,0,0,0,0,0,0,0,0,0,0
180709,1,1,22,14,19,14,16,16,8,12,0,22
180710,1,1,0,0,0,0,0,0,0,0,0,0
180711,0,1,0,0,0,0,0,0,0,0,0,0
180711,1,1,0,0,0,0,0,0,0,0,0,0
180712,1,1,0,0,0,0,0,0,0,0,0,0
180713,1,1,0,0,0,10,0,20,0,0,19,15
180713,2,1,0,0,7,0,0,14,0,0,0,0
180714,1,1,0,0,0,0,0,0,0,0,0,0
180714,2,1,0,0,0,0,0,0,0,0,0,0
180715,1,1,0,0,0,9,0,0,0,0,0,10
180716,1,1,0,0,0,0,0,0,0,0,0,0
180716,2,1,0,0,0,0,0,0,0,0,7,0
180717,0,1,0,0,0,0,0,0,0,17,0,0
180717,1,1,0,0,0,0,0,0,0,0,0,0
180718,1,1,0,0,10,0,0,0,38,0,0,0
180719,0,1,0,0,0,0,0,0,0,0,0,0
180719,1,1,0,0,0,0,0,0,0,0,0,0
180720,0,1,0,32,0,19,8,9,0,0,16,0
180720,1,1,0,6,0,0,0,0,4,9,8,0
180721,1,1,0,0,0,0,0,0,0,0,0,0
180722,1,1,0,0,0,0,0,0,0,0,0,0
180722,2,1,0,0,0,0,0,0,0,0,0,0
180723,1,1,0,0,0,0,0,0,0,0,0,0
180723,2,1,0,0,0,0,0,0,0,0,0,0
180723,3,1,0,0,0,0,0,0,0,0,30,0
180723,4,1,0,0,0,0,8,0,0,0,0,0
180723,5,1,0,0,0,0,0,0,0,0,0,0
180723,6,1,0,0,0,0,0,0,0,0,0,0
180723,7,1,0,0,0,0,0,0,0,0,0,0
180724,0,1,0,0,19,0,0,0,0,0,0,0
180724,1,1,0,0,0,0,0,0,0,0,0,0
180725,1,1,0,0,0,0,0,0,0,0,12,23
180726,1,1,4,8,5,17,15,13,14,16,40,20
180726,2,1,0,0,0,0,0,0,0,0,0,0
180727,1,1,0,0,0,0,0,7,0,0,21,0
180727,2,1,0,0,0,0,0,0,0,0,0,0
180728,1,1,0,0,0,0,0,0,22,0,0,0
180728,2,1,4,0,0,0,0,0,0,0,0,0
180728,3,1,0,0,0,0,0,0,0,5,0,0
180728,4,1,0,0,0,0,0,0,0,8,0,0
180729,0,1,0,0,0,0,0,0,0,0,0,0
180729,1,1,0,1,0,0,0,0,0,0,0,0
180730,0,1,18,0,0,34,17,0,0,0,0,0