ST_CASE,VEH_NO,PER_NO,P1,P2,P3,P4,P5,P6,P7,P8,P9,P10
220605,1,1,0,0,0,0,0,0,0,0,0,0
220606,1,1,0,0,0,0,0,0,0,0,0,0
220607,1,1,11,11,11,11,11,11,11,11,11,11
220608,1,1,13,13,13,13,13,13,13,13,13,13
220609,1,1,0,0,0,0,0,0,0,0,0,0
220609,2,1,22,22,22,22,22,22,22,22,22,22
220610,0,1,0,0,0,0,0,0,0,0,0,0
220610,1,1,0,0,0,0,0,0,0,0,0,0
220611,1,1,0,0,0,0,0,0,0,0,0,0
220612,1,1,24,24,24,24,24,24,24,24,24,24
220612,2,1,1,1,1,1,1,1,1,1,1,1
220613,1,1,0,0,0,0,0,0,0,0,0,0
220613,2,1,0,0,34,0,0,0,0,0,12,0
220614,1,1,0,0,0,0,0,0,0,0,0,0
220614,2,1,0,0,0,0,0,0,0,0,0,0
220615,1,1,0,0,0,0,0,8,0,0,0,0
220616,0,1,26,21,0,20,21,8,31,16,8,0
220616,1,1,0,0,0,0,0,0,0,0,0,0
220617,1,1,0,0,0,0,0,0,0,0,0,0
220617,2,1,0,0,0,0,0,0,0,0,0,0
220618,1,1,0,0,13,0,0,0,0,6,0,0
220618,2,1,0,0,0,0,0,0,0,0,0,0
220619,1,1,0,0,0,0,0,0,0,0,0,0
220619,2,1,0,0,0,0,0,0,0,0,0,0
220620,1,1,0,0,0,0,0,0,0,0,14,0
220621,1,1,0,0,0,0,0,0,0,0,0,0
220621,2,1,0,0,0,0,0,0,0,0,0,0
220622,1,1,0,0,0,0,0,0,0,0,0,0
220622,2,1,0,0,0,0,0,0,0,0,0,0
220623,1,1,0,0,0,0,0,0,0,0,0,0
220623,2,1,0,0,0,0,0,0,0,0,0,0
220624,0,1,11,14,13,27,13,0,38,0,0,19
220624,1,1,0,8,0,0,0,0,0,0,0,0
220625,1,1,0,0,0,0,0,0,0,0,0,0
220626,0,1,0,0,0,0,23,0,0,0,0,0
220626,1,1,25,0,0,0,0,0,0,0,0,0
220627,1,1,0,0,0,0,0,0,0,0,0,0
220627,2,1,0,0,0,0,0,0,0,0,0,0
220628,1,1,10,10,10,10,10,10,10,10,10,10
220629,0,1,0,0,0,0,0,0,0,0,0,0
220629,0,2,0,0,0,0,0,21,0,0,0,0
220629,1,1,0,0,0,0,0,0,0,0,0,0
220630,1,1,0,0,2,0,0,21,0,0,0,0
220630,2,1,0,7,0,0,0,0,0,0,0,0
220631,1,1,0,0,0,0,0,20,0,0,0,0
220632,1,1,0,0,0,0,0,0,0,0,0,0
220632,2,1,0,0,0,8,0,0,0,0,0,0
220633,0,1,0,7,0,0,0,0,0,0,0,0
220633,1,1,0,7,8,0,0,0,0,0,0,0
220634,1,1,0,0,0,0,0,0,0,0,0,0
220635,1,1,0,26,0,33,0,15,0,0,14,0
220635,2,1,13,13,13,13,13,13,13,13,13,13
220636,1,1,0,10,0,0,0,0,0,0,0,0
220636,2,1,0,0,0,0,18,0,0,15,0,0
220637,1,1,0,0,0,0,0,14,0,0,0,0
220637,2,1,23,0,28,0,0,14,0,0,0,0
220638,1,1,0,0,0,0,0,0,0,0,0,0
220638,2,1,0,0,0,0,0,0,0,0,0,0
220639,0,1,0,0,0,5,10,0,0,33,31,0
220639,1,1,24,24,24,24,24,24,24,24,24,24
220639,2,1,0,0,0,0,0,0,0,0,0,0
220640,1,1,0,0,0,0,0,0,0,0,0,0
220640,2,1,0,0,0,0,0,0,0,0,0,0
220641,1,1,0,0,0,0,0,0,0,0,0,0
220641,2,1,0,0,0,0,0,0,0,0,0,0
220642,1,1,0,0,0,0,0,0,0,0,0,0
220643,0,1,0,21,12,16,0,12,35,21,0,11
220643,2,1,0,0,0,0,0,0,0,0,0,0
220644,1,1,0,0,0,0,0,0,0,0,0,0
220645,1,1,0,0,0,0,0,0,0,0,0,0
220646,1,1,0,0,0,0,0,0,0,0,0,0
220646,2,1,0,0,0,0,0,0,0,0,0,0
220647,1,1,0,0,0,0,0,0,0,0,0,0
220647,2,1,8,8,8,8,8,8,8,8,8,8
220648,1,1,21,21,21,21,21,21,21,21,21,21
220649,1,1,21,21,21,21,21,21,21,21,21,21
220650,1,1,0,0,0,0,0,0,0,0,0,0
220650,2,1,0,0,0,0,0,0,0,0,30,0
220651,1,1,28,28,28,28,28,28,28,28,28,28
220652,1,1,0,0,0,0,0,0,0,0,0,0
220653,1,1,0,0,12,0,0,0,0,13,14,0
220653,2,1,0,0,0,0,0,0,0,0,0,0
220654,1,1,0,0,0,0,0,0,0,0,0,0
220654,2,1,0,0,0,0,0,0,0,0,0,0
220655,1,1,0,0,0,0,22,19,0,0,0,10
220656,1,1,0,0,0,0,0,0,0,0,0,0
220656,2,1,0,0,0,0,0,0,0,0,0,0
220657,1,1,0,0,0,0,0,0,0,0,0,0
220658,1,1,0,0,0,0,0,0,0,0,0,0
220659,1,1,0,0,0,0,0,0,0,0,0,0
220660,1,1,6,15,0,23,0,10,0,0,0,0
220661,1,1,11,11,11,11,11,11,11,11,11,11
220661,2,1,0,0,0,0,0,0,0,0,0,0
220662,1,1,0,0,0,0,0,0,0,0,0,0
220663,1,1,16,16,16,16,16,16,16,16,16,16
220664,1,1,0,0,0,0,0,0,0,0,0,0
220664,2,1,0,0,0,0,0,0,0,0,0,0
220665,1,1,0,0,0,0,0,0,0,0,0,0
220665,2,1,0,0,12,0,0,0,0,0,0,0
220665,3,1,0,0,0,0,0,0,0,0,0,0
220666,1,1,0,0,0,0,0,0,0,0,0,0
220666,2,1,0,0,0,0,0,0,0,0,0,0
220667,1,1,0,0,0,8,17,17,0,0,0,0
220667,2,1,0,0,0,0,0,0,0,0,0,0
220667,3,1,0,0,0,0,0,0,0,0,0,0
220668,0,1,24,24,24,24,24,24,24,24,24,24
220668,1,1,0,0,0,0,0,0,0,0,0,0
220669,1,1,0,0,0,0,0,0,0,0,0,0
220669,2,1,0,0,0,0,0,0,0,0,0,0
220670,1,1,10,0,0,0,18,0,0,19,0,26
220670,2,1,0,0,0,0,0,0,0,0,0,0
220670,3,1,0,0,0,0,0,0,22,0,0,0
220671,1,1,0,0,0,0,0,0,0,0,0,0
220671,2,1,0,0,0,0,0,0,0,0,0,0
220672,1,1,0,0,0,0,0,0,0,0,0,0
220672,2,1,0,0,0,0,0,0,0,0,0,0
220673,1,1,8,26,14,0,0,0,0,0,0,0
220673,2,1,0,0,0,22,0,0,0,0,0,0
220674,1,1,19,19,19,19,19,19,19,19,19,19
220675,0,1,12,12,12,12,12,12,12,12,12,12
220675,1,1,0,13,0,7,10,0,9,7,5,12
220676,0,1,17,17,17,17,17,17,17,17,17,17
220676,1,1,13,0,0,0,0,0,0,0,0,16
220677,1,1,13,13,13,13,13,13,13,13,13,13
220678,1,1,18,18,18,18,18,18,18,18,18,18
220679,0,1,0,0,0,0,0,0,0,0,0,0
220679,1,1,0,0,0,0,0,0,14,0,0,0
220680,1,1,11,11,11,11,11,11,11,11,11,11
220681,0,1,17,17,17,17,17,17,17,17,17,17
220681,1,1,0,0,0,0,0,0,0,0,0,0
220682,1,1,0,0,0,0,0,0,0,0,0,0
220682,2,1,0,0,0,0,0,0,0,0,0,0
220683,1,1,26,26,26,26,26,26,26,26,26,26
220683,2,1,0,5,0,0,0,0,20,0,18,19
220684,1,1,14,14,14,14,14,14,14,14,14,14
220685,1,1,0,0,0,0,0,0,0,0,0,0
220685,2,1,0,0,0,0,0,0,0,0,6,0
220686,0,1,1,1,1,1,1,1,1,1,1,1
220686,1,1,0,0,14,9,4,0,0,6,6,12
220687,0,1,16,16,16,16,16,16,16,16,16,16
220687,1,1,0,0,0,0,0,0,16,13,0,0
220688,1,1,21,21,21,21,21,21,21,21,21,21
220688,2,1,0,0,0,0,0,0,0,0,0,7
220689,0,1,0,0,0,0,0,0,0,0,0,0
220689,1,1,0,5,3,0,5,14,17,19,8,10
220690,1,1,14,14,14,14,14,14,14,14,14,14
220690,2,1,0,17,0,0,0,0,0,23,0,0
220691,1,1,0,0,0,0,0,0,0,0,0,0
220692,1,1,18,18,18,18,18,18,18,18,18,18
220692,2,1,0,0,0,0,0,0,0,0,0,0
220693,1,1,7,0,0,0,0,12,0,21,0,0
220693,2,1,0,0,0,0,0,15,0,0,0,0
220694,1,1,22,22,22,22,22,22,22,22,22,22
220694,2,1,0,0,0,0,0,0,0,0,0,0
220695,1,1,0,0,0,0,0,0,0,0,0,0
220695,2,1,0,0,0,0,0,0,0,0,0,0
220696,1,1,11,11,11,11,11,11,11,11,11,11
220696,2,1,0,0,0,0,0,0,0,0,0,0
220697,1,1,0,0,0,18,0,0,36,0,0,18
220698,1,1,18,18,18,18,18,18,18,18,18,18
220699,0,1,17,46,0,0,0,0,0,20,14,0
220699,1,1,0,0,0,0,0,0,0,0,0,0
220700,0,1,21,21,21,21,21,21,21,21,21,21
220700,1,1,0,0,0,0,0,0,0,0,0,0
220701,1,1,0,0,0,0,0,0,0,0,0,0
220702,1,1,5,5,5,5,5,5,5,5,5,5
220703,1,1,0,0,0,0,0,0,0,0,25,0
220704,1,1,5,5,5,5,5,5,5,5,5,5
220705,1,1,13,13,13,13,13,13,13,13,13,13
220706,1,1,0,0,0,0,0,0,0,0,0,0
220707,1,1,0,0,0,0,0,0,0,0,0,0
220707,2,1,0,0,0,0,0,0,0,0,0,0
220708,1,1,4,4,4,4,4,4,4,4,4,4
220709,1,1,0,0,0,0,0,0,0,0,0,0
220709,2,1,0,0,0,0,0,0,0,0,0,0
220710,0,1,35,19,0,0,21,0,5,0,0,16
220710,1,1,12,9,27,0,0,32,0,0,0,5
220711,1,1,0,0,0,0,0,0,0,0,0,7
220712,1,1,0,0,0,0,0,0,0,0,0,0
220712,2,1,0,0,0,0,0,0,0,0,0,0
220713,0,1,25,7,45,0,0,10,0,0,0,17
220713,1,1,15,0,0,0,0,0,0,0,0,0
220714,1,1,0,0,18,0,0,0,15,32,0,0
220715,1,1,0,0,0,0,0,0,0,0,0,0
220716,1,1,0,14,0,0,20,0,0,0,0,0
220716,2,1,0,0,0,0,0,0,0,0,0,0
220717,1,1,0,0,0,0,0,0,0,0,0,0
220717,2,1,0,0,0,0,0,0,0,0,0,0
220718,1,1,13,13,13,13,13,13,13,13,13,13
230001,0,1,19,19,19,19,19,19,19,19,19,19
230001,1,1,19,19,19,19,19,19,19,19,19,19
230002,1,1,22,22,22,22,22,22,22,22,22,22
230004,1,1,0,0,0,0,0,0,0,0,0,0
230005,1,1,25,25,25,25,25,25,25,25,25,25
230005,2,1,0,0,0,0,0,0,0,0,0,0
230006,0,1,0,0,0,0,0,0,0,0,0,0
230006,0,2,10,0,0,0,0,0,0,0,0,0
230006,1,1,0,0,0,0,0,0,0,0,0,0
230007,1,1,13,13,13,13,13,13,13,13,13,13
230009,1,1,18,9,3,8,24,15,14,7,0,4
230010,1,1,1,1,1,1,1,1,1,1,1,1
230011,1,1,0,0,0,0,0,0,0,0,0,0
230012,1,1,18,18,18,18,18,18,18,18,18,18
230013,1,1,0,0,0,0,0,0,0,0,0,0
230013,2,1,0,0,0,0,0,0,0,0,0,0
230014,1,1,0,0,0,0,0,0,0,0,0,0
230015,0,1,0,0,0,0,0,0,0,0,0,0
230015,1,1,0,0,0,0,0,0,0,0,0,0
230016,1,1,0,0,0,0,0,0,0,0,0,0
230016,2,1,0,0,0,0,0,0,0,0,0,0
230017,1,1,21,21,21,21,21,21,21,21,21,21
230018,0,1,14,14,14,14,14,14,14,14,14,14
230018,1,1,8,8,8,8,8,8,8,8,8,8
230019,1,1,0,0,0,0,0,0,0,0,0,0
230019,2,1,0,8,0,0,0,0,7,0,0,0
230020,1,1,0,0,0,0,0,0,0,0,0,0
230021,1,1,0,0,13,0,0,0,0,0,0,0
230022,1,1,25,25,25,25,25,25,25,25,25,25
230023,1,1,0,0,0,0,0,0,0,0,0,0
230023,2,1,0,0,0,0,0,0,0,0,0,0
230023,3,1,0,0,0,0,0,0,0,0,0,0
230024,1,1,0,0,0,0,0,0,0,0,0,0
230025,1,1,9,9,9,9,9,9,9,9,9,9
230025,2,1,0,0,0,0,0,0,0,0,0,0
230025,3,1,0,0,0,13,17,0,16,0,0,0
230025,4,1,0,0,0,0,13,0,0,0,0,0
230025,5,1,0,0,0,13,0,0,19,0,0,0
230026,1,1,0,0,0,0,0,0,0,0,0,0
230027,1,1,0,0,0,0,0,0,0,0,0,0
230027,2,1,0,0,0,0,0,0,0,0,0,0
230028,1,1,0,0,0,0,0,0,0,0,0,0
230029,1,1,5,5,5,5,5,5,5,5,5,5
230030,0,1,5,5,5,5,5,5,5,5,5,5
230030,1,1,0,0,0,0,0,0,0,0,0,0
230031,1,1,13,13,13,13,13,13,13,13,13,13
230032,1,1,11,11,11,11,11,11,11,11,11,11
230033,1,1,0,0,0,0,0,0,0,0,0,0
230033,2,1,0,0,0,0,0,0,0,0,0,0
230034,1,1,18,18,18,18,18,18,18,18,18,18
230035,1,1,15,15,15,15,15,15,15,15,15,15
230035,2,1,0,0,0,0,0,5,0,0,0,0
230036,1,1,24,24,24,24,24,24,24,24,24,24
230037,1,1,0,0,0,0,0,0,0,0,0,0
230038,1,1,0,0,0,0,0,0,0,0,0,0
230038,2,1,0,0,0,0,0,0,0,0,0,0
230039,1,1,0,0,0,0,0,0,0,0,0,0
230040,1,1,0,0,0,0,0,0,0,0,0,0
230040,2,1,0,0,12,0,0,0,0,0,0,0
230041,1,1,23,23,23,23,23,23,23,23,23,23
230042,1,1,0,0,0,0,0,0,0,0,0,0
230042,2,1,0,0,0,0,0,0,0,0,0,0
230043,1,1,25,25,25,25,25,25,25,25,25,25
230044,1,1,19,0,0,12,0,0,0,0,0,0
230045,1,1,0,0,0,0,0,0,0,0,0,0
230045,2,1,0,0,0,0,32,0,0,0,0,0
230046,1,1,13,13,13,13,13,13,13,13,13,13
230047,1,1,0,28,0,0,0,0,0,0,11,25
230048,0,1,0,0,0,0,0,0,0,0,0,0
230048,1,1,0,0,0,0,0,0,0,0,0,0
230049,1,1,0,0,0,0,0,0,0,0,0,0
230051,1,1,14,14,14,14,14,14,14,14,14,14
230052,1,1,0,0,0,0,0,0,0,0,0,0
230052,2,1,0,0,0,0,0,0,0,0,0,0
230053,1,1,0,0,0,0,0,0,0,0,0,0
230053,2,1,0,0,0,0,0,0,0,0,0,0
230053,3,1,0,0,0,0,0,0,0,0,0,0
230054,1,1,0,0,0,0,0,0,0,0,0,0
230054,2,1,0,15,0,0,0,0,0,0,0,0
230055,1,1,10,10,10,10,10,10,10,10,10,10
230055,2,1,0,0,0,0,0,0,0,7,0,0
230056,1,1,28,28,28,28,28,28,28,28,28,28
230056,2,1,20,18,5,0,0,0,0,0,0,0
230057,1,1,0,0,0,0,0,0,0,0,0,0
230057,2,1,0,7,0,0,0,0,0,0,0,0
230058,1,1,13,0,0,9,0,21,0,0,27,0
230059,1,1,21,21,0,29,0,0,0,17,25,0
230059,2,1,0,0,0,0,0,0,0,0,0,0
230060,1,1,0,0,0,0,0,0,0,0,0,0
230060,2,1,0,0,0,0,0,0,0,0,0,0
230060,3,1,0,0,0,0,0,0,0,0,0,0
230061,1,1,20,20,20,20,20,20,20,20,20,20
230062,1,1,0,0,0,0,0,0,0,0,0,0
230063,1,1,7,7,7,7,7,7,7,7,7,7
230064,1,1,0,0,0,0,0,0,0,0,0,0
230065,0,1,0,0,0,0,0,0,0,0,0,0
230065,1,1,21,0,0,0,0,0,0,0,14,6
230066,1,1,15,15,15,15,15,15,15,15,15,15
230067,1,1,0,0,0,0,0,0,0,0,0,0
230067,2,1,0,0,0,0,0,0,0,5,0,19
230068,1,1,0,0,0,0,0,0,0,0,0,0
230069,1,1,0,0,0,0,0,0,0,0,0,0
230069,2,1,0,0,0,0,0,0,0,0,0,0
230070,0,1,24,0,0,0,16,0,0,0,32,0
230070,1,1,0,21,10,0,0,0,0,0,0,0
230071,1,1,34,12,4,0,0,0,0,34,0,0
230072,1,1,16,16,16,16,16,16,16,16,16,16
230073,1,1,0,15,0,0,0,26,0,0,0,0
230073,2,1,0,0,0,0,0,0,0,0,0,0
230074,1,1,9,9,9,9,9,9,9,9,9,9
230075,1,1,0,0,0,0,15,25,0,0,0,0
230076,1,1,0,0,0,0,0,0,0,0,0,0
230077,1,1,0,0,0,0,0,0,0,0,0,0
230078,1,1,13,13,13,13,13,13,13,13,13,13
230079,0,1,0,0,0,0,0,0,0,0,0,0
230079,1,1,0,0,0,0,28,0,0,6,4,0
230080,1,1,6,14,0,33,0,17,13,5,22,0
230081,1,1,12,12,12,12,12,12,12,12,12,12
230082,1,1,0,11,13,7,13,26,8,17,16,9
230083,1,1,0,0,0,0,0,0,0,0,0,0
230083,2,1,0,0,0,0,0,5,7,0,7,0
230084,1,1,29,6,11,0,0,0,21,16,0,0
230085,1,1,0,0,0,12,0,0,0,0,9,0
230085,2,1,0,0,0,0,0,0,0,0,0,0
230085,3,1,0,0,3,0,0,0,0,0,0,0
230086,1,1,0,0,0,0,0,0,0,0,0,0
230086,2,1,0,0,0,0,0,0,0,0,0,0
230087,1,1,0,0,0,0,0,0,0,0,0,0
230087,2,1,0,0,0,0,0,0,0,0,0,0
230088,1,1,0,0,0,0,0,0,0,0,0,0
230088,2,1,0,0,0,0,0,0,0,0,0,0
230089,1,1,29,29,29,29,29,29,29,29,29,29
230090,1,1,0,0,0,0,0,0,0,0,0,0
230091,1,1,0,0,0,0,0,0,0,0,0,0
230091,2,1,0,0,0,0,0,0,0,0,0,0
230092,1,1,0,0,0,0,0,0,0,4,20,0
230093,1,1,32,32,32,32,32,32,32,32,32,32
230093,2,1,0,18,8,0,15,19,0,21,0,16
230094,1,1,26,26,26,26,26,26,26,26,26,26
230095,1,1,0,0,0,0,0,0,0,0,0,0
230096,1,1,13,13,13,13,13,13,13,13,13,13
230097,1,1,27,27,27,27,27,27,27,27,27,27
230098,1,1,0,12,0,0,0,0,0,0,21,0
230098,2,1,0,0,0,0,0,0,0,0,5,0
230099,1,1,0,0,0,0,0,0,0,0,0,0
230099,2,1,0,0,0,0,0,0,0,0,0,0
230100,1,1,0,0,0,0,0,0,0,0,0,0
230101,1,1,19,19,19,19,19,19,19,19,19,19
230102,0,1,9,9,9,9,9,9,9,9,9,9
230102,1,1,0,0,0,17,0,0,0,0,0,0
230103,1,1,12,12,12,12,12,12,12,12,12,12
230104,0,1,0,0,0,0,0,0,0,0,0,0
230104,1,1,0,0,0,0,0,0,0,0,0,0
230105,1,1,0,0,0,0,0,0,0,0,0,0
230105,2,1,0,0,0,0,0,0,0,0,0,0
230106,1,1,16,16,16,16,16,16,16,16,16,16
230107,1,1,19,9,4,7,17,24,23,28,10,9
230108,0,1,0,0,0,0,0,0,0,0,0,0
230108,1,1,0,0,0,0,0,0,0,0,0,0
230109,1,1,29,29,29,29,29,29,29,29,29,29
230110,0,1,0,0,0,0,0,0,0,0,0,0
230110,1,1,0,0,0,0,0,0,0,0,0,0
230111,1,1,22,22,22,22,22,22,22,22,22,22
230112,1,1,0,0,0,0,0,12,0,0,0,0
230113,0,1,0,0,0,0,0,11,0,15,0,2
230113,1,1,0,0,0,0,0,0,0,0,0,0
230114,1,1,10,10,10,10,10,10,10,10,10,10
230115,0,1,7,0,0,0,0,19,0,0,0,0
230115,1,1,1,1,1,1,1,1,1,1,1,1
230116,1,1,0,0,0,0,0,0,0,0,0,0
230116,2,1,0,0,0,0,0,0,0,0,0,0
230117,1,1,19,19,19,19,19,19,19,19,19,19
230117,2,4,0,0,0,0,0,0,0,0,0,0
230118,1,1,0,0,0,0,0,0,0,0,0,0
230118,2,1,0,0,0,0,0,0,0,0,0,0
230118,3,1,0,0,0,0,0,8,0,0,0,0
230119,1,1,13,20,27,19,14,7,8,10,16,27
230120,1,1,0,0,0,0,0,0,0,10,0,0
230120,2,1,0,0,0,0,10,0,0,21,0,0
230121,1,1,5,5,5,5,5,5,5,5,5,5
230122,1,1,24,24,24,24,24,24,24,24,24,24
230123,1,1,0,0,0,0,0,0,0,0,0,0
230124,0,1,1,1,1,1,1,1,1,1,1,1
230124,1,1,15,10,8,12,20,27,20,20,19,0
230125,1,1,17,17,17,17,17,17,17,17,17,17
230126,1,1,27,27,27,27,27,27,27,27,27,27
230127,0,1,0,0,0,0,0,0,0,0,0,0
230127,1,1,0,0,0,0,0,0,0,0,0,0
230128,1,1,16,0,17,18,5,11,9,17,12,2
230128,2,1,10,10,10,10,10,10,10,10,10,10
230129,1,1,0,0,0,0,0,0,28,0,10,25
230130,1,1,0,0,0,0,0,0,0,0,0,0
230131,1,1,0,0,0,0,0,0,0,0,0,0
230131,2,1,0,0,0,6,0,0,0,0,0,0
230132,1,1,4,0,0,0,0,0,0,0,0,0
230132,2,1,0,0,0,0,0,0,0,0,0,0
230133,1,1,0,0,0,0,0,0,0,0,0,0
230133,2,1,0,0,0,0,0,0,0,0,0,0
230134,1,1,0,26,26,0,0,0,12,0,8,0
230135,1,1,0,0,0,0,0,0,0,0,0,0
230135,2,1,0,0,0,0,0,0,14,0,0,0
230136,0,1,0,0,0,30,0,0,0,0,14,10
230136,1,1,0,0,0,0,0,1,0,8,0,0
230137,1,1,0,0,0,0,0,0,0,0,0,0
230138,0,1,0,0,0,0,0,0,0,0,0,0
230138,1,1,17,38,0,0,30,18,13,6,0,26
230139,1,1,0,0,0,0,0,0,15,0,0,0
230140,1,1,0,0,0,0,0,0,0,0,0,0
230140,2,1,0,0,0,0,0,0,0,0,0,0
230141,1,1,28,0,0,22,14,33,27,19,16,19
230142,1,1,0,0,0,0,0,0,0,0,0,0
230143,1,1,36,0,17,0,14,19,16,0,0,0
230144,1,1,0,0,0,0,0,0,0,0,0,0
230144,2,1,0,0,0,0,0,0,0,0,0,0
230145,0,1,0,0,0,0,0,0,0,0,0,0
230145,1,1,0,28,0,0,25,0,0,0,0,0
230146,1,1,0,0,0,0,0,0,0,0,0,0
230146,2,1,0,0,0,0,11,6,0,0,0,14
230147,1,1,0,0,0,0,0,0,0,0,0,0
230148,1,1,12,0,0,0,0,2,0,0,0,0
230149,0,1,0,0,0,0,0,0,0,0,0,0
230149,1,1,0,8,0,0,0,0,0,10,0,0
230150,1,1,16,16,16,16,16,16,16,16,16,16
230151,1,1,0,0,0,0,0,0,0,0,0,0
230151,2,1,0,0,0,19,0,0,17,0,0,0
230152,1,1,32,32,32,32,32,32,32,32,32,32
230153,1,1,0,0,0,0,0,0,0,0,0,0
240001,1,1,11,11,11,11,11,11,11,11,11,11
240001,2,1,0,0,0,0,0,0,0,0,0,0
240002,0,1,0,0,0,0,0,0,0,15,0,0
240002,1,1,0,0,12,21,34,0,0,0,0,15
240003,0,1,0,0,0,0,0,0,0,0,0,0
240003,1,1,0,0,0,0,0,0,0,0,0,0
240004,1,1,0,0,22,6,0,0,0,0,17,0
240004,2,1,0,0,0,0,0,0,0,0,0,0
240004,3,1,0,0,0,0,0,0,0,0,0,0
240005,1,1,14,14,14,14,14,14,14,14,14,14
240006,0,1,0,0,0,0,0,0,0,0,0,0
240006,1,1,7,0,0,0,0,0,0,0,0,0
240007,1,1,22,22,22,22,22,22,22,22,22,22
240007,2,1,0,0,0,0,0,0,0,0,0,0
240007,3,1,0,16,0,0,0,4,0,0,0,0
240008,0,1,0,0,0,0,0,0,0,0,0,0
240008,1,1,0,0,0,0,0,0,0,0,0,0
240009,1,1,0,0,0,0,0,0,0,0,0,0
240009,2,1,0,4,0,0,0,0,0,0,6,0
240010,1,1,11,11,11,11,11,11,11,11,11,11
240011,0,1,0,0,0,0,0,0,0,0,0,0
240011,1,1,0,0,0,0,0,0,0,0,0,0
240012,1,1,0,0,0,0,0,0,0,0,0,0
240012,2,1,0,0,0,0,0,0,0,0,0,0
240013,1,1,0,0,0,0,0,0,0,0,0,0
240013,2,1,0,0,0,0,0,0,0,0,0,0
240014,1,1,0,0,0,0,0,0,0,0,0,0
240015,0,1,25,25,25,25,25,25,25,25,25,25
240015,1,1,0,3,0,0,0,0,0,0,33,0
240016,1,1,0,0,0,0,0,0,0,0,0,0
240017,1,1,26,26,26,26,26,26,26,26,26,26
240017,2,1,0,26,0,0,0,0,0,0,19,0
240018,1,1,0,0,0,0,0,0,0,0,0,0
240018,2,1,0,0,0,0,0,0,0,0,0,0
240019,1,1,10,10,10,10,10,10,10,10,10,10
240020,1,1,0,0,15,0,0,3,0,0,13,7
240021,1,1,0,0,0,0,0,0,0,0,0,0
240022,1,1,0,15,0,0,0,0,0,0,0,0
240022,2,1,0,0,0,0,0,0,0,0,0,0
240023,1,1,0,0,0,0,0,14,0,0,0,0
240024,1,1,0,0,0,0,0,0,0,0,0,0
240025,1,1,0,0,0,0,0,0,0,0,0,0
240025,2,1,0,0,0,0,0,0,0,0,0,0
240026,1,1,0,0,0,0,0,0,0,0,0,0
240027,1,1,0,0,0,0,0,0,0,0,0,0
240028,1,1,9,9,9,9,9,9,9,9,9,9
240028,2,1,0,0,0,0,0,0,0,0,0,0
240029,1,1,28,28,28,28,28,28,28,28,28,28
240030,1,1,0,16,9,0,0,0,0,8,8,2
240030,2,1,0,0,0,0,0,0,0,0,0,0
240031,0,1,26,26,26,26,26,26,26,26,26,26
240031,1,1,0,0,0,0,0,24,0,0,0,0
240032,1,1,23,23,23,23,23,23,23,23,23,23
240032,2,1,0,0,0,0,0,0,0,0,0,0
240033,1,1,0,0,0,0,0,0,0,0,0,0
240033,2,1,0,0,0,0,0,0,0,0,0,0
240033,3,1,0,0,0,0,0,0,0,0,0,0
240034,1,1,19,19,19,19,19,19,19,19,19,19
240035,0,1,16,27,44,38,16,36,27,0,18,24
240035,1,1,15,0,0,0,0,0,0,0,0,0
240036,0,1,0,0,0,0,0,0,0,0,0,0
240036,1,1,0,0,0,0,0,0,0,0,0,0
240037,1,1,0,0,0,0,0,0,0,0,0,0
240038,1,1,15,15,15,15,15,15,15,15,15,15
240039,0,1,31,31,31,31,31,31,31,31,31,31
240039,1,1,0,0,0,0,0,15,0,0,0,0
240040,1,1,0,0,0,0,0,0,0,0,0,0
240040,2,1,0,0,0,0,0,0,0,16,0,0
240041,1,1,19,19,19,19,19,19,19,19,19,19
240042,1,1,0,0,0,0,0,0,0,0,0,0
240042,2,1,0,0,0,0,0,0,0,0,0,0
240043,1,1,0,0,0,0,0,0,0,0,0,0
240044,1,1,0,0,0,0,0,0,0,0,0,0
240044,2,1,0,0,0,0,0,0,0,0,0,0
240044,3,1,0,0,0,0,0,0,0,0,0,0
240044,4,1,0,0,0,0,0,0,0,0,0,0
240044,5,1,0,0,0,0,0,0,0,0,0,0
240044,6,1,23,0,0,0,0,0,0,0,0,0
240044,7,1,0,0,0,0,0,0,0,25,0,0
240044,8,1,0,0,0,0,0,0,0,0,0,0
240044,9,1,0,0,0,0,0,0,0,0,0,0
240045,1,1,0,0,0,0,0,0,0,0,0,0
240046,1,1,0,0,0,0,0,0,0,0,25,0
240046,2,1,0,14,8,0,0,0,0,0,0,0
240046,3,1,0,0,0,0,0,0,0,0,0,0
240046,4,1,0,0,0,0,17,0,0,0,0,0
240047,1,1,0,0,0,0,0,0,0,0,0,0
240048,1,1,34,12,0,0,0,0,25,0,15,0
240049,1,1,13,13,13,13,13,13,13,13,13,13
240049,2,1,0,0,0,0,0,0,0,0,0,0
240050,0,1,0,0,0,0,0,0,0,0,0,0