ST_CASE,VEH_NO,PER_NO,P1,P2,P3,P4,P5,P6,P7,P8,P9,P10
240339,0,1,17,0,0,10,0,0,0,0,0,0
240339,1,1,0,0,0,0,0,0,0,0,0,0
240340,1,1,0,0,0,0,0,0,0,0,0,0
240340,2,1,0,0,0,0,0,0,0,0,0,0
240341,1,1,20,20,20,20,20,20,20,20,20,20
240342,1,1,0,0,0,0,0,0,0,0,0,0
240343,0,1,0,0,0,0,0,0,0,0,0,0
240343,1,1,0,0,18,0,0,0,0,0,0,0
240345,0,1,0,0,0,0,0,0,0,0,0,0
240345,1,1,0,0,0,0,0,0,0,0,0,0
240346,1,1,0,0,0,0,0,0,0,0,0,0
240347,1,1,37,37,37,37,37,37,37,37,37,37
240347,2,1,0,0,21,0,12,0,0,3,0,0
240348,0,1,0,0,0,0,23,0,0,16,20,8
240348,1,1,0,0,0,0,0,0,0,0,0,0
240349,1,1,0,0,0,0,0,0,0,0,0,0
240349,2,1,0,0,0,0,0,0,0,0,0,0
240350,1,1,12,12,12,12,12,12,12,12,12,12
240351,1,1,0,0,0,0,0,0,0,0,0,0
240352,0,1,19,19,19,19,19,19,19,19,19,19
240352,1,1,28,0,0,0,0,0,0,0,0,0
240353,0,1,0,0,0,0,0,0,0,0,0,0
240353,1,1,30,15,15,14,0,0,14,21,25,5
240354,1,1,22,22,22,22,22,22,22,22,22,22
240356,1,1,22,22,22,22,22,22,22,22,22,22
240356,2,1,0,0,0,0,0,0,0,0,0,4
240357,0,1,0,0,0,0,0,0,0,0,0,0
240357,1,1,0,0,0,10,0,0,0,0,0,0
240358,0,1,21,21,21,21,21,21,21,21,21,21
240358,1,1,0,0,0,7,11,0,0,0,0,0
240359,1,1,5,5,5,5,5,5,5,5,5,5
240360,1,1,0,0,0,0,0,0,0,0,0,0
240361,1,1,0,0,0,0,0,0,0,0,0,0
240361,2,1,0,0,0,0,0,0,0,0,0,0
240362,1,1,11,11,11,11,11,11,11,11,11,11
240363,1,1,25,0,0,0,0,0,14,0,0,0
240363,2,1,0,0,10,0,0,0,0,0,0,0
240364,1,1,0,0,0,0,0,0,0,0,0,0
240365,1,1,0,0,0,0,0,0,0,0,0,0
240365,2,1,0,0,0,0,0,0,0,0,0,0
240366,1,1,13,13,13,13,13,13,13,13,13,13
240366,2,1,0,0,0,0,0,0,0,0,9,0
240366,3,1,12,12,12,12,12,12,12,12,12,12
240367,1,1,0,0,0,0,0,0,0,0,0,0
240368,1,1,16,0,0,0,0,0,16,19,0,0
240369,1,1,0,7,0,0,0,0,0,0,7,0
240369,2,1,0,0,0,0,0,0,0,0,0,0
240370,1,1,0,0,0,14,0,0,0,0,0,0
240370,2,1,0,33,0,0,0,0,0,0,0,0
240371,1,1,0,0,0,0,0,0,0,0,0,0
240371,2,1,0,0,0,0,0,0,0,0,0,0
240372,0,1,11,11,11,11,11,11,11,11,11,11
240372,1,1,0,0,0,0,0,0,0,0,0,0
240373,1,1,14,14,14,14,14,14,14,14,14,14
240374,1,1,0,0,0,0,0,0,0,0,0,0
240374,2,1,8,8,8,8,8,8,8,8,8,8
240375,1,1,0,0,0,0,0,0,0,0,0,0
240375,2,1,0,0,0,0,0,0,0,0,0,0
240375,3,1,0,0,0,0,0,0,0,0,0,0
240376,0,1,0,0,0,0,0,0,0,0,0,0
240376,1,1,11,14,12,15,0,20,15,7,0,7
240377,1,1,0,0,0,0,0,0,0,0,0,0
240377,2,1,0,0,0,0,0,0,0,0,0,0
240378,1,1,0,0,0,0,0,0,0,0,0,0
240378,2,1,0,0,0,0,0,0,0,0,0,0
240379,0,1,0,0,0,0,0,0,0,0,0,0
240379,1,1,0,0,0,0,0,0,0,0,0,0
240380,1,1,0,0,0,0,0,0,0,0,0,0
240380,2,1,0,0,0,15,0,0,0,0,0,0
240381,1,1,0,0,0,0,0,0,0,0,0,0
240381,2,1,9,9,9,9,9,9,9,9,9,9
240381,3,1,0,0,0,0,0,12,0,0,0,0
240382,1,1,0,0,0,0,0,0,0,0,0,0
240382,2,1,0,0,0,17,0,0,0,0,0,0
240382,3,1,0,0,6,0,0,0,0,0,0,0
240383,1,1,23,20,14,12,9,11,14,28,14,11
240384,1,1,0,0,0,0,0,0,0,0,0,0
240384,2,1,0,0,0,0,0,0,0,0,0,0
240384,3,1,0,0,0,0,0,0,0,0,0,0
240384,4,1,0,0,0,0,0,0,0,0,0,0
240385,1,1,0,0,0,0,0,0,0,0,0,0
240385,2,1,0,0,0,0,0,0,0,0,0,0
240386,1,1,0,0,0,0,0,12,0,0,0,0
240386,2,1,0,0,0,0,0,0,0,0,0,0
240387,0,1,0,0,0,0,0,0,0,0,0,0
240387,1,1,0,0,0,8,0,0,0,0,0,0
240388,1,1,0,0,0,0,0,0,0,0,0,0
240388,2,1,0,0,0,0,0,0,0,0,0,0
240389,1,1,0,0,0,0,0,0,0,0,0,0
240390,1,1,0,16,0,0,0,0,0,0,0,0
240390,2,1,0,0,0,0,0,30,0,0,0,0
240391,1,1,2,2,2,2,2,2,2,2,2,2
240392,1,1,0,16,27,8,26,7,5,14,0,0
240393,0,1,14,0,0,0,0,0,0,0,0,28
240393,1,1,0,0,0,0,0,0,0,0,0,0
240394,0,1,0,0,0,0,0,0,0,0,0,0
240394,1,1,0,0,0,0,0,0,0,0,0,0
240395,1,1,0,0,18,0,0,0,0,0,0,0
240395,2,1,0,0,0,0,0,0,0,0,0,0
240396,1,1,0,0,12,0,0,0,0,0,0,0
240396,2,1,0,0,0,0,0,0,0,0,0,0
240397,0,1,5,5,5,5,5,5,5,5,5,5
240397,1,1,0,0,0,0,0,7,0,0,0,0
240398,1,1,0,0,0,0,0,0,0,0,0,0
240398,2,1,0,0,0,0,0,0,11,0,0,0
240398,3,1,0,0,0,0,0,0,0,0,16,0
240399,1,1,0,0,0,0,0,0,0,0,0,0
240400,0,1,0,0,0,0,0,0,0,0,0,0
240400,1,1,0,0,0,0,0,0,0,19,0,0
240402,1,1,13,0,0,0,0,17,0,0,0,0
240402,2,1,0,0,0,0,0,0,0,0,0,0
240403,1,1,0,0,0,0,0,0,0,0,0,0
240403,2,1,0,8,0,0,0,0,0,0,0,0
240403,3,1,0,0,0,0,0,0,0,0,0,17
240403,4,1,0,0,0,0,6,0,0,0,0,0
240404,1,1,18,18,18,18,18,18,18,18,18,18
240405,0,1,0,0,0,0,0,0,0,0,0,0
240405,1,1,0,0,0,0,0,0,0,0,0,0
240405,2,1,0,0,0,0,0,0,0,0,0,0
240406,0,1,11,11,11,11,11,11,11,11,11,11
240406,1,1,0,0,0,0,0,0,0,0,0,0
240407,1,1,31,31,31,31,31,31,31,31,31,31
240408,1,1,0,0,0,0,0,0,0,0,0,0
240410,1,1,0,0,0,0,0,0,28,0,0,0
240411,1,1,0,0,0,0,0,0,0,0,0,0
240411,2,1,0,0,0,0,0,0,0,0,8,0
240412,0,1,29,29,29,29,29,29,29,29,29,29
240412,1,1,0,0,0,0,0,0,0,0,0,0
240413,1,1,0,0,0,0,0,0,0,0,0,0
240413,2,1,0,0,0,0,0,0,0,0,0,0
240414,0,1,16,16,16,16,16,16,16,16,16,16
240414,1,1,0,0,0,0,0,0,0,0,0,0
240415,0,1,0,0,0,0,0,0,0,0,0,0
240415,0,2,14,0,0,0,0,0,0,0,0,28
240415,1,1,0,0,0,0,0,0,0,0,0,0
240416,1,1,0,0,0,0,0,0,0,0,0,0
240416,2,1,0,0,14,0,0,0,0,0,0,0
240417,0,1,15,15,15,15,15,15,15,15,15,15
240417,1,1,0,0,0,0,0,0,0,0,0,0
240418,1,1,11,11,11,11,11,11,11,11,11,11
240419,1,1,0,0,0,0,0,0,0,0,0,0
240420,1,1,0,0,0,0,0,0,0,0,0,0
240420,2,1,0,0,0,0,0,0,0,0,0,0
240420,3,1,0,0,0,0,0,0,0,0,0,0
240421,1,1,20,20,20,20,20,20,20,20,20,20
240422,0,1,0,0,0,0,0,0,0,0,0,0
240422,1,1,0,0,0,0,0,0,0,10,0,0
240423,1,1,0,0,0,0,0,0,0,0,0,0
240423,2,1,0,0,0,0,0,0,0,0,0,0
240424,0,1,21,21,21,21,21,21,21,21,21,21
240424,1,1,0,0,0,0,0,0,0,0,0,0
240425,0,1,2,2,2,2,2,2,2,2,2,2
240425,1,1,0,0,0,0,0,0,0,0,0,0
240426,1,1,17,0,0,0,0,0,0,0,0,0
240426,2,1,12,12,12,12,12,12,12,12,12,12
240426,3,1,25,18,0,0,0,0,0,0,0,0
240427,1,1,0,0,0,0,0,0,0,0,0,0
240427,2,1,0,0,0,0,0,0,0,0,0,0
240428,1,1,21,21,21,21,21,21,21,21,21,21
240428,2,1,0,0,3,0,0,0,0,0,0,0
240429,1,1,0,0,0,0,0,0,0,0,0,0
240429,2,1,0,0,0,0,0,0,0,0,0,0
240430,0,1,0,0,0,0,0,0,0,0,0,0
240430,1,1,0,0,0,0,0,0,0,0,0,0
240431,0,1,0,0,0,0,0,0,0,0,0,0
240431,1,1,0,0,0,0,0,0,0,0,0,0
240432,1,1,5,5,5,5,5,5,5,5,5,5
240433,0,1,0,0,0,0,0,0,0,0,0,0
240433,0,2,0,0,0,0,0,0,0,0,8,0
240433,0,3,0,0,0,0,0,0,0,0,0,0
240433,1,1,0,6,8,0,0,0,16,0,0,0
240433,2,1,0,0,0,0,0,0,0,0,0,0
240434,1,1,26,18,12,33,17,25,19,8,22,25
240435,1,1,19,0,0,37,32,0,14,19,34,22
240436,0,1,0,0,0,0,0,0,0,0,0,0
240436,1,1,0,0,0,0,0,0,0,0,0,0
240437,0,1,0,0,0,0,0,0,0,0,0,0
240437,1,1,0,16,0,0,0,0,0,0,7,0
240438,1,1,25,25,25,25,25,25,25,25,25,25
240439,1,1,0,0,0,0,0,0,0,5,0,0
240439,2,1,0,0,0,0,0,23,0,0,0,0
240440,1,1,0,0,0,0,0,0,0,0,0,0
240441,1,1,0,0,0,0,0,0,0,0,0,0
240441,2,1,0,0,0,0,0,0,0,0,0,0
240442,1,1,21,21,21,21,21,21,21,21,21,21
240443,1,1,0,0,0,0,0,0,0,0,0,0
240444,1,1,5,6,0,0,0,0,0,0,0,0
240444,2,1,18,18,18,18,18,18,18,18,18,18
240445,1,1,14,14,14,14,14,14,14,14,14,14
240446,1,1,7,7,7,7,7,7,7,7,7,7
240446,2,1,0,9,0,0,12,0,0,0,0,0
240446,3,1,0,0,0,0,0,0,0,0,0,0
240447,1,1,0,0,0,0,0,0,0,0,0,0
240448,1,1,0,0,0,0,0,0,0,0,0,0
240448,2,1,0,0,0,0,0,0,0,0,0,0
240449,1,1,27,27,27,27,27,27,27,27,27,27
240449,2,1,7,0,0,0,0,2,0,0,0,0
240450,1,1,17,0,0,0,0,0,0,0,0,0
240450,2,1,0,0,0,0,0,0,0,0,0,0
240450,3,1,0,0,0,0,0,0,0,0,0,10
240451,1,1,0,0,0,0,0,0,0,0,0,0
240453,0,1,0,0,0,0,0,0,0,0,0,0
240453,1,1,0,0,0,0,0,0,0,0,0,0
240453,2,1,0,0,0,0,0,0,0,0,0,0
240454,1,1,3,3,3,3,3,3,3,3,3,3
240454,2,1,0,0,0,0,0,0,0,0,0,0
240455,0,1,0,0,0,0,0,0,0,0,0,0
240455,0,2,26,0,0,0,22,0,0,0,0,0
240455,1,1,0,15,0,0,0,0,0,0,0,0
240456,1,1,18,18,18,18,18,18,18,18,18,18
240456,2,1,8,8,8,8,8,8,8,8,8,8
240457,0,1,0,0,0,0,0,0,0,0,0,0
240457,1,1,0,0,0,0,0,0,0,0,0,0
240458,0,1,33,33,33,33,33,33,33,33,33,33
240458,1,1,0,0,0,0,0,0,0,0,0,0
240459,1,1,0,0,0,0,0,0,0,0,0,0
240459,2,1,0,0,0,0,0,0,0,0,0,0
240460,0,1,0,0,0,0,0,0,0,0,0,0
240460,1,1,0,0,0,0,0,0,0,0,0,0
240461,1,1,0,0,0,0,0,0,0,0,0,0
240461,2,1,0,0,0,0,0,0,0,0,0,0
240461,3,1,0,0,0,0,0,0,0,0,0,0
240461,4,1,0,0,0,0,0,0,0,0,0,0
240461,5,1,0,0,0,0,0,0,0,0,0,0
240462,1,1,0,0,0,0,0,0,0,0,0,0
240463,1,1,0,18,0,0,8,0,0,0,0,0
240463,2,1,0,0,0,0,0,0,0,0,0,0
240464,1,1,0,0,0,0,0,0,0,0,0,0
240464,2,1,0,0,0,0,0,0,0,0,0,0
240465,1,1,0,0,0,0,7,22,0,0,21,0
240466,1,1,0,0,0,0,0,0,0,0,0,0
240466,2,1,0,0,0,0,0,0,0,0,0,0
240466,3,1,0,0,0,0,0,0,0,0,0,0
240467,0,1,0,0,0,0,0,0,0,0,0,0
240467,1,1,10,28,20,9,0,5,26,17,23,19
240468,1,1,0,0,0,0,0,0,0,0,0,0
240468,2,1,0,0,0,0,0,0,0,0,0,0
240469,1,1,0,0,14,0,34,0,0,0,0,0
240470,1,1,0,0,0,0,0,0,0,0,0,0
240470,2,1,0,0,0,0,0,0,0,0,0,0
240471,1,1,20,17,27,10,17,15,10,8,26,7
240471,2,1,0,0,0,0,0,0,0,0,0,0
240471,3,1,16,0,0,0,0,0,0,0,0,24
240472,0,1,0,0,0,0,0,0,0,0,0,0
240472,0,2,0,0,0,16,0,0,0,0,0,0
240472,1,1,0,0,16,0,0,0,0,0,0,0
240473,1,1,0,0,0,0,0,0,0,0,25,0
240473,2,1,0,0,0,0,0,0,0,0,0,0
240474,1,1,0,0,0,0,0,0,0,0,0,0
240475,1,1,0,0,0,0,0,0,0,0,0,0
240476,1,1,0,0,0,0,0,0,0,0,0,0
240476,2,1,0,0,0,0,0,0,0,0,0,0
240477,0,1,0,0,0,0,0,0,0,0,0,0
240477,1,1,23,12,26,12,23,25,19,6,19,6
240478,1,1,0,0,0,0,0,17,0,0,0,13
240479,0,1,0,0,0,0,0,0,0,0,0,0
240479,1,1,0,0,0,0,0,0,0,0,0,11
240480,1,1,0,0,0,0,0,0,0,0,0,0
240481,1,1,12,12,12,12,12,12,12,12,12,12
240481,2,1,0,0,0,0,0,0,0,0,0,9
240482,1,1,0,0,0,0,0,0,0,0,0,0
240482,2,1,0,0,0,0,0,0,0,0,0,0
240483,1,1,16,16,16,16,16,16,16,16,16,16
240484,1,1,0,0,20,0,21,21,23,0,12,0
240485,1,1,0,0,0,0,0,0,0,0,0,0
240486,0,1,0,0,0,0,0,0,0,0,0,0
240486,1,1,0,0,24,0,14,0,3,0,0,0
240487,1,1,0,0,0,0,0,0,0,0,0,0
240487,2,1,0,0,0,0,0,0,0,0,0,0
240487,3,1,0,0,0,0,0,0,0,0,0,0
240488,0,1,0,0,0,0,0,0,0,0,0,0
240488,1,1,0,0,0,0,0,0,0,0,0,0
240488,2,1,0,0,0,0,0,0,0,0,0,0
240489,1,1,17,10,18,11,30,16,12,0,16,8
240490,1,1,0,0,0,16,0,0,0,0,0,0
240491,1,1,0,0,0,0,0,0,0,0,0,0
240491,2,1,0,0,0,0,0,0,0,0,0,0
240492,1,1,0,0,0,0,0,0,0,0,0,0
240492,2,1,0,0,0,0,0,0,0,0,0,0
240492,3,1,0,9,0,0,0,0,0,0,17,18
240492,4,1,0,0,0,0,0,0,0,0,0,0
240493,1,1,25,28,18,0,5,7,0,22,22,0
240494,0,1,0,30,6,0,13,10,16,27,10,33
240494,1,1,18,7,9,13,0,0,0,0,0,2
240495,1,1,0,0,0,10,0,0,0,0,0,6
240495,2,1,0,0,0,0,0,0,0,10,0,0
240496,1,1,3,3,3,3,3,3,3,3,3,3
240496,2,1,16,19,0,0,27,0,0,0,6,14
240497,0,1,0,0,8,0,16,0,0,20,0,17
240497,1,1,0,0,0,9,15,15,16,5,0,19
240498,1,1,16,16,16,16,16,16,16,16,16,16
250001,1,1,5,7,0,0,5,3,11,8,5,0
250001,2,1,0,18,0,0,24,0,0,0,20,0
250002,1,1,0,0,0,0,0,0,0,0,0,0
250002,2,1,0,0,0,0,0,0,0,0,0,0
250003,0,1,0,0,0,0,0,0,0,0,0,0
250003,1,1,0,28,0,9,0,0,0,0,0,0
250004,1,1,22,22,22,22,22,22,22,22,22,22
250005,1,1,16,16,16,16,16,16,16,16,16,16
250006,1,1,0,15,15,8,0,0,0,11,16,29
250007,0,1,0,0,0,0,0,0,0,0,0,0
250007,1,1,0,0,0,0,0,0,0,0,0,0
250008,1,1,0,0,0,0,0,0,0,0,0,0
250009,1,1,0,0,0,0,0,0,0,0,0,0
250009,2,1,0,0,0,0,0,0,0,0,0,0
250011,1,1,0,0,0,0,0,0,0,0,0,0
250012,1,1,0,0,0,0,0,0,0,0,0,0
250013,1,1,0,0,0,0,0,32,0,0,9,0
250014,1,1,0,0,0,0,0,0,0,0,0,0
250015,1,1,16,16,16,16,16,16,16,16,16,16
250016,1,1,25,25,25,25,25,25,25,25,25,25
250017,0,1,0,0,0,0,0,0,0,0,0,0
250017,1,1,7,7,7,7,7,7,7,7,7,7
250018,1,1,0,0,0,0,0,0,0,0,0,0
250019,1,1,0,0,0,0,0,0,0,0,0,0
250019,2,1,0,0,0,0,0,0,0,0,0,0
250019,3,1,0,0,0,0,0,0,0,0,0,0
250020,1,1,0,0,0,0,0,0,0,19,0,0
250020,2,1,0,0,0,0,0,0,0,0,0,0
250022,1,1,0,0,0,0,0,0,0,0,0,0
250022,2,1,0,0,0,0,0,0,0,0,0,0
250023,1,1,0,0,0,0,9,0,0,0,0,0
250024,1,1,19,19,19,19,19,19,19,19,19,19
250025,1,1,7,0,0,0,0,0,0,0,0,0
250025,2,1,0,0,0,0,28,0,0,0,15,0
250026,1,1,0,0,0,0,0,0,0,0,0,0
250026,2,1,17,0,0,0,0,0,0,0,0,0
250028,1,1,23,23,23,23,23,23,23,23,23,23
250029,1,1,0,0,0,0,0,0,0,0,0,0
250029,2,1,0,0,0,0,0,0,0,0,0,0
250029,3,1,0,0,0,0,0,0,0,0,0,0
250030,1,1,0,0,0,0,0,0,0,0,0,0
250031,1,1,0,0,0,0,0,0,0,0,0,0
250032,1,1,0,0,0,0,0,0,0,0,0,0
250033,0,1,0,0,0,0,0,0,0,0,0,0
250033,1,1,0,0,0,7,8,12,6,0,20,0
250034,1,1,0,0,0,0,0,0,0,0,0,0
250035,0,1,0,0,0,0,0,0,0,0,0,0
250035,1,1,0,0,0,0,0,0,0,0,0,0
250036,0,1,0,0,0,0,0,0,0,0,0,0
250036,1,1,0,0,0,3,0,0,0,0,0,0
250037,0,1,0,0,0,0,0,0,0,0,0,0
250037,1,1,0,3,0,0,0,0,0,0,0,0
250038,1,1,0,0,0,0,0,0,0,0,0,0
250038,2,1,14,12,0,0,0,0,0,14,16,0
250041,1,1,0,0,0,0,0,0,13,0,0,0
250041,2,1,0,0,8,0,34,0,0,0,0,0
250042,1,1,0,0,0,23,0,0,0,0,0,16
250043,1,1,8,0,20,12,0,0,0,0,0,16
250044,1,1,17,17,17,17,17,17,17,17,17,17
250045,0,1,17,17,17,17,17,17,17,17,17,17
250045,1,1,0,6,0,14,0,0,0,0,0,0
250046,1,1,16,16,16,16,16,16,16,16,16,16
250047,0,1,0,0,0,0,0,0,0,0,0,0
250047,1,1,0,0,0,0,0,0,19,17,0,0
250048,1,1,17,17,17,17,17,17,17,17,17,17
250049,1,1,19,0,14,0,0,18,17,0,0,0
250050,1,1,17,0,0,13,0,0,0,0,0,7
250050,2,1,2,2,2,2,2,2,2,2,2,2
250051,1,1,0,0,0,0,0,0,0,0,0,0
250052,1,1,16,16,16,16,16,16,16,16,16,16
250053,1,1,16,16,18,22,7,20,12,12,10,19
250054,1,1,0,21,0,0,0,0,0,0,0,0
250054,2,1,3,3,3,3,3,3,3,3,3,3
250056,0,1,0,0,0,0,0,0,0,0,0,0
250056,1,1,0,0,10,16,0,0,17,0,0,0
250057,0,1,0,19,0,23,0,31,21,0,0,0
250057,1,1,8,26,9,13,18,20,4,10,13,24
250058,0,1,0,0,0,0,0,0,0,0,0,0
250058,0,2,0,0,0,0,0,0,34,0,0,0
250058,1,1,0,0,0,0,0,13,0,0,0,10
250059,1,1,16,16,16,16,16,16,16,16,16,16
250060,0,1,0,0,0,0,0,0,0,0,0,0
250060,1,1,0,20,0,0,0,17,0,21,0,19
250061,1,1,25,25,25,25,25,25,25,25,25,25
250062,1,1,0,0,0,0,0,0,0,0,0,0
250062,2,1,0,0,0,0,0,0,0,0,0,0
250062,3,1,0,0,17,0,9,0,0,0,0,13
250062,4,1,15,0,0,0,0,0,0,18,8,0
250063,1,1,11,25,0,0,0,0,0,0,0,19
250063,2,1,0,0,0,0,0,0,0,0,0,0
250063,3,1,0,0,0,0,0,0,0,0,0,0
250064,0,1,0,0,0,0,0,0,0,0,0,0
250064,1,1,0,0,0,0,0,0,0,0,0,0
250065,1,1,0,0,0,0,0,0,0,0,0,0
250066,1,1,0,0,0,0,0,0,0,0,0,0
250067,0,1,0,0,0,0,0,0,0,0,0,0
250067,1,1,0,0,0,0,0,18,13,0,0,0
250068,1,1,0,19,10,10,0,0,0,4,0,0
250069,1,1,1,1,1,1,1,1,1,1,1,1
250070,1,1,0,0,0,0,0,0,0,0,0,0
250071,1,1,0,0,0,0,0,0,0,0,0,0
250072,1,1,16,16,16,16,16,16,16,16,16,16
250072,2,1,0,0,0,0,0,0,13,0,0,0
250074,1,1,0,0,0,0,0,0,0,0,0,0
250074,2,1,0,0,0,0,0,0,0,0,0,0
250075,1,1,0,0,14,0,0,0,0,35,0,5
250076,1,1,0,0,0,0,0,0,0,0,0,0
250076,2,1,10,0,0,0,0,4,0,0,6,0
250077,1,1,0,0,0,0,0,0,0,0,0,0
250077,2,1,0,0,0,0,0,0,0,0,0,0
250077,3,1,0,0,12,0,23,0,0,0,0,0
250078,1,1,0,0,0,0,0,0,0,0,0,0
250078,2,1,23,0,0,0,0,0,0,0,0,0
250078,3,1,14,0,0,14,12,0,0,0,0,0
250079,1,1,0,0,0,0,0,10,0,17,0,13
250080,1,1,0,0,0,0,0,0,0,0,0,0
250081,1,1,0,0,0,0,0,0,0,0,0,0
250081,2,1,0,0,0,5,7,11,0,0,0,0
250082,1,1,19,19,19,19,19,19,19,19,19,19
250083,1,1,0,0,0,0,0,0,0,0,0,0
250084,1,1,0,0,0,0,0,0,0,0,0,0
250085,1,1,4,4,4,4,4,4,4,4,4,4
250086,0,1,0,0,0,0,0,0,0,0,0,0
250086,1,1,0,0,0,0,0,0,0,0,0,0
250087,0,1,0,0,0,0,0,0,0,0,0,0
250087,1,1,0,17,7,0,18,0,17,23,24,0
250088,0,1,0,0,0,0,0,0,0,0,0,0
250088,1,1,16,16,16,16,16,16,16,16,16,16
250089,1,1,0,0,0,0,0,0,0,0,0,0
250089,2,1,0,0,0,0,0,0,0,0,0,0
250090,1,1,14,14,14,14,14,14,14,14,14,14
250091,1,1,24,24,24,24,24,24,24,24,24,24
250091,2,1,9,5,0,14,4,10,9,0,6,8
250091,3,1,0,0,0,17,11,0,0,16,0,0
250092,0,1,0,0,0,0,0,0,0,0,0,0
250092,1,1,7,0,0,0,0,0,0,0,0,0
250093,1,1,19,19,19,19,19,19,19,19,19,19
250094,1,1,0,17,0,0,0,7,0,0,0,0
250095,1,1,0,0,0,0,0,0,0,0,0,0
250097,1,1,0,0,0,0,0,0,0,0,0,0
250097,2,1,0,0,0,14,0,35,0,0,0,0
250098,1,1,20,20,20,20,20,20,20,20,20,20
250099,0,1,0,0,0,0,0,0,0,0,0,0
250099,1,1,0,66,0,0,0,0,0,0,0,0
250100,1,1,0,0,0,0,0,0,0,0,0,0
250100,2,1,0,0,0,0,0,0,0,0,0,0
250101,1,1,28,28,28,28,28,28,28,28,28,28
250102,1,1,0,0,0,0,0,0,0,0,0,0
250102,2,1,20,20,20,20,20,20,20,20,20,20
250103,1,1,0,0,0,0,0,0,0,0,0,0
250103,2,1,0,0,0,0,0,0,23,0,0,0
250104,1,1,0,0,0,0,0,0,0,0,0,0
250104,2,1,0,0,0,0,0,0,0,0,0,0
250105,0,1,0,0,0,0,0,0,0,0,0,0
250105,1,1,0,0,0,0,0,13,0,8,0,0
250106,0,1,11,11,11,11,11,11,11,11,11,11
250106,1,1,0,3,4,0,0,21,21,0,0,18
250107,0,1,10,10,10,10,10,10,10,10,10,10
250107,1,1,0,16,0,32,0,0,0,0,0,0
250108,0,1,0,0,0,0,0,0,0,0,0,0
250108,1,1,0,0,0,0,0,0,0,0,0,0
250109,0,1,0,0,0,0,0,0,0,0,0,0
250109,1,1,0,0,0,0,29,0,0,0,0,0
250110,1,1,0,0,0,0,0,0,0,0,0,0
250111,1,1,18,18,2,0,0,0,30,0,0,0
250111,2,1,10,0,0,0,12,0,0,8,0,0
250112,1,1,0,0,0,0,0,0,0,0,0,0
250113,1,1,0,0,0,0,0,0,0,0,0,15
250113,2,1,0,0,0,0,0,0,0,0,0,0
250114,1,1,38,38,38,38,38,38,38,38,38,38
250115,1,1,0,0,0,0,23,0,0,0,0,0
250116,1,1,18,20,0,0,0,0,0,15,0,0
250116,2,1,0,0,0,0,0,0,0,0,17,0
250117,0,1,0,0,0,0,0,0,0,0,0,0
250117,1,1,0,0,0,0,13,24,0,0,0,0
250118,0,1,0,0,0,0,0,0,0,0,0,0
250118,1,1,0,0,0,0,0,19,0,0,0,0
250119,1,1,31,31,31,31,31,31,31,31,31,31
250120,1,1,0,0,0,0,0,0,0,0,0,0
250120,2,1,0,0,0,0,0,0,0,0,0,0
250121,1,1,6,19,27,7,5,10,10,18,17,8
250121,2,1,0,0,0,0,0,0,0,0,0,0
250122,1,1,0,0,0,0,22,0,0,0,0,18
250123,1,1,0,0,0,0,0,0,0,0,0,0
250124,1,1,0,0,0,0,0,0,0,0,0,0
250124,2,1,0,0,0,0,0,0,10,0,0,0
250125,1,1,24,24,24,24,24,24,24,24,24,24
250125,2,1,9,14,0,7,0,0,5,0,11,0
250125,3,1,0,5,0,11,0,19,0,0,0,0
250126,1,1,6,0,0,0,0,9,0,0,0,0
250126,2,1,0,0,0,0,0,0,0,0,0,0
250128,0,1,0,0,13,0,0,0,12,22,18,0
250128,1,1,6,0,18,25,0,9,0,16,0,4
250129,1,1,39,39,39,39,39,39,39,39,39,39
250130,1,1,0,0,0,0,0,0,0,0,0,0
250130,2,1,0,13,0,0,0,0,0,0,0,0
250131,1,1,0,0,0,0,0,0,0,0,0,0
250131,2,1,0,0,8,0,0,0,0,0,0,0
250132,1,1,0,0,0,0,0,0,0,0,0,0
250132,2,1,0,0,0,0,0,0,0,5,0,0
250133,1,1,0,0,0,0,0,9,0,0,0,0
250134,1,1,0,18,0,0,0,0,0,0,0,0
250134,2,1,0,0,0,0,0,0,0,0,0,0
250135,1,1,11,11,11,11,11,11,11,11,11,11
250136,1,1,0,0,0,0,0,0,0,0,0,0
250136,2,1,0,0,0,0,0,0,0,0,0,0
250138,1,1,0,0,0,0,0,0,0,0,0,0
250139,1,1,15,15,15,15,15,15,15,15,15,15
250140,1,1,0,0,0,0,0,0,0,0,0,0
250140,2,1,0,0,0,0,0,0,0,0,0,0
250140,3,1,0,0,0,0,0,0,0,0,0,0
250140,4,1,0,36,0,0,0,0,0,0,0,0
250141,1,1,0,0,0,0,0,0,0,0,0,0
250142,1,1,23,23,23,23,23,23,23,23,23,23
250143,1,1,0,0,21,0,0,8,21,0,0,18
250143,2,1,0,0,0,0,0,0,0,0,0,0
250143,3,1,13,29,0,23,21,0,0,32,0,14
250144,1,1,10,1,0,10,19,29,8,18,0,6
250144,2,1,0,0,24,18,13,0,0,0,0,0
250146,1,1,0,0,0,0,0,0,0,0,0,0
250146,2,1,7,0,0,0,16,20,20,12,0,22
250147,1,1,5,18,13,13,27,0,23,31,35,7