ST_CASE,VEH_NO,PER_NO,P1,P2,P3,P4,P5,P6,P7,P8,P9,P10
250148,1,1,17,17,17,23,0,22,20,6,8,20
250149,1,1,5,5,5,5,5,5,5,5,5,5
250150,1,1,0,0,0,0,0,0,0,0,0,0
250150,2,1,0,0,0,0,0,0,0,0,0,0
250151,1,1,16,16,16,16,16,16,16,16,16,16
250152,1,1,0,0,0,0,0,0,0,0,0,0
250152,2,1,0,0,0,0,0,0,0,0,0,0
250153,1,1,10,10,10,10,10,10,10,10,10,10
250154,1,1,21,21,21,21,21,21,21,21,21,21
250154,2,1,6,6,6,6,6,6,6,6,6,6
250155,0,1,0,0,0,0,0,0,0,0,0,0
250155,1,1,0,0,0,0,0,0,0,0,0,0
250156,1,1,15,15,15,15,15,15,15,15,15,15
250157,1,1,11,0,0,17,0,0,19,0,0,30
250157,2,1,0,0,0,0,0,0,0,0,0,0
250158,1,1,0,0,0,0,0,0,0,0,0,0
250158,2,1,0,0,0,0,0,0,0,0,0,0
250159,1,1,14,12,14,14,35,22,36,38,26,23
250161,1,1,0,0,0,0,0,0,0,0,0,0
250162,0,1,11,11,11,11,11,11,11,11,11,11
250162,1,1,11,4,9,17,17,30,12,7,9,29
250163,1,1,8,8,8,8,8,8,8,8,8,8
250163,2,1,0,0,0,0,1,0,0,0,16,0
250164,1,1,7,7,7,7,7,7,7,7,7,7
250165,1,1,0,0,0,0,0,0,0,0,0,0
250166,1,1,16,16,16,16,16,16,16,16,16,16
250167,1,1,0,0,0,0,0,0,0,0,0,0
250168,1,1,10,10,10,10,10,10,10,10,10,10
250169,1,1,26,0,30,0,0,0,0,0,36,0
250170,0,1,0,0,0,0,0,0,0,0,0,0
250170,0,2,21,0,9,31,0,12,0,4,0,21
250170,1,1,5,0,12,19,0,11,0,0,0,29
250171,1,1,10,10,10,10,10,10,10,10,10,10
250171,2,1,0,0,0,0,0,0,0,0,0,0
250171,3,1,0,0,0,0,0,0,0,0,0,0
250171,4,1,0,0,0,0,0,0,0,0,0,0
250172,1,1,0,0,0,0,0,0,0,0,0,0
250172,2,1,0,0,0,0,0,0,0,0,0,0
250173,1,1,0,0,0,26,0,0,12,0,0,0
250174,1,1,0,0,0,0,0,0,0,0,0,0
250174,2,1,0,0,0,0,0,0,0,0,0,0
250175,1,1,0,0,0,0,0,0,0,0,0,0
250175,2,1,21,0,0,0,0,0,0,22,24,0
250176,1,1,0,0,0,28,0,0,0,0,0,0
250176,2,1,0,0,0,0,3,0,0,21,0,0
250176,4,1,0,0,0,0,0,0,0,13,0,0
250177,1,1,0,0,0,0,0,0,0,0,0,0
250178,0,1,0,0,0,0,0,0,0,0,0,0
250178,1,1,0,0,0,0,0,0,0,39,0,0
250179,1,1,12,12,12,12,12,12,12,12,12,12
250180,1,1,0,0,0,0,0,0,0,0,0,0
250180,2,1,0,0,0,0,0,0,0,0,0,0
250181,0,1,0,0,0,0,0,0,0,0,0,0
250181,1,1,0,0,0,0,0,0,0,0,0,0
250182,1,1,0,0,0,0,0,0,0,0,0,0
250182,2,1,0,0,15,0,0,0,0,0,0,16
250183,1,1,22,22,22,22,22,22,22,22,22,22
250185,1,1,34,34,34,34,34,34,34,34,34,34
250185,2,1,0,9,0,0,0,0,0,0,0,10
250185,3,1,0,0,21,0,0,0,0,5,0,0
250185,4,1,0,0,0,0,0,18,0,0,10,0
250186,0,1,19,30,13,0,0,33,0,0,0,0
250186,1,1,13,10,0,0,21,10,10,0,18,4
250187,1,1,0,0,0,0,0,0,0,12,0,0
250187,2,1,0,0,0,0,0,0,0,0,0,0
250188,1,1,25,25,25,25,25,25,25,25,25,25
250189,1,1,0,0,0,0,0,0,0,0,0,0
250189,2,1,0,0,0,0,0,0,0,0,0,0
250190,1,1,0,0,0,0,0,0,0,0,0,0
250190,2,1,0,0,0,0,0,0,0,0,0,0
250191,1,1,0,0,0,0,0,0,0,0,0,0
250191,2,1,0,0,0,0,0,12,0,0,0,0
250192,1,1,0,0,0,0,0,0,0,0,0,0
250192,2,1,9,0,0,0,0,0,0,0,0,0
250193,1,1,0,0,0,0,0,0,0,0,0,0
250193,2,1,0,10,0,0,0,0,0,0,0,0
250194,1,1,0,0,0,0,0,0,0,0,0,0
250195,0,1,0,0,0,0,0,0,0,0,0,0
250195,1,1,0,0,0,0,0,0,0,0,0,0
250196,1,1,0,0,0,0,0,0,0,0,0,0
250196,2,1,0,0,0,0,0,0,10,0,0,0
250197,1,1,0,0,0,0,5,17,0,0,0,21
250198,1,1,12,11,0,0,14,0,14,43,0,13
250199,1,1,0,0,0,0,0,0,0,0,0,0
250200,1,1,0,0,0,0,0,0,0,0,0,0
250201,1,1,0,0,0,0,0,0,0,0,0,0
250202,2,1,28,6,18,18,24,29,27,11,32,13
250203,0,1,0,0,0,0,0,0,0,0,0,0
250203,1,1,0,0,0,0,0,0,0,0,11,0
250204,1,1,0,0,0,0,0,0,0,0,0,0
250205,1,1,0,0,0,0,0,0,0,0,0,0
250206,1,1,17,17,17,17,17,17,17,17,17,17
250207,1,1,14,14,14,14,14,14,14,14,14,14
250208,0,1,8,8,8,8,8,8,8,8,8,8
250208,1,1,0,0,26,0,0,0,6,0,0,0
250209,1,1,0,13,19,14,15,15,19,24,13,13
250210,1,1,7,0,6,0,0,24,16,0,11,0
250211,0,1,10,10,10,10,10,10,10,10,10,10
250211,1,1,0,0,15,0,16,11,0,0,0,0
250212,1,1,13,13,13,13,13,13,13,13,13,13
250213,1,1,15,15,15,15,15,15,15,15,15,15
250213,2,1,24,0,0,14,0,4,0,0,0,0
250214,1,1,8,10,13,10,16,10,27,22,8,8
250214,2,1,0,0,0,0,0,0,0,0,0,0
250215,1,1,0,0,0,0,0,0,0,0,0,0
250215,2,1,0,0,0,0,0,0,0,5,0,0
250216,1,1,4,4,4,4,4,4,4,4,4,4
250216,2,1,0,15,0,0,0,0,0,0,5,11
250217,0,1,0,0,0,0,0,0,0,0,0,0
250217,1,1,0,0,0,0,0,0,0,0,0,0
250218,0,1,0,0,0,0,0,0,0,0,0,0
250218,0,2,0,0,0,0,0,0,0,0,0,0
250218,1,1,0,0,0,23,0,0,0,0,0,0
250219,1,1,17,17,17,17,17,17,17,17,17,17
250221,1,1,23,23,23,23,23,23,23,23,23,23
250222,0,1,0,0,0,0,0,0,0,0,0,0
250222,1,1,0,0,0,0,14,0,0,0,0,0
250223,1,1,0,19,0,0,16,0,14,0,14,0
250223,2,1,0,0,0,0,0,0,0,0,0,0
250224,1,1,11,0,0,8,0,0,0,0,0,8
250224,2,1,0,7,12,0,0,0,0,16,0,11
250225,1,1,0,0,0,0,0,0,0,0,0,0
250226,1,1,16,16,16,16,16,16,16,16,16,16
250226,2,1,0,0,0,0,0,0,0,0,0,0
250227,1,1,17,10,0,3,0,0,7,26,25,25
250228,1,1,0,0,0,0,0,0,0,0,0,0
250229,1,1,0,0,0,0,0,0,0,0,0,0
250230,1,1,28,11,0,28,12,10,7,0,11,0
250231,1,1,0,0,0,0,0,0,0,0,0,0
250232,0,1,0,0,0,0,0,0,0,0,0,0
250232,1,1,0,0,0,0,0,0,0,0,0,0
250233,1,1,0,0,0,0,0,0,0,0,0,0
250233,2,1,0,0,0,0,0,0,0,0,0,0
250234,1,1,27,27,27,27,27,27,27,27,27,27
250234,2,1,0,0,0,0,0,0,10,26,13,0
250235,1,1,28,5,9,14,18,7,10,8,5,8
250236,0,1,0,0,0,0,0,0,0,0,0,0
250236,1,1,0,0,0,0,0,0,0,0,0,0
250237,1,1,7,19,0,0,10,14,0,0,17,0
250238,1,1,0,6,0,13,0,0,0,0,0,0
250238,2,1,0,0,0,0,0,0,0,0,0,0
250239,1,1,0,0,0,0,0,0,0,0,0,0
250240,1,1,18,18,18,18,18,18,18,18,18,18
250241,1,1,30,0,19,0,16,15,7,20,28,21
250242,1,1,18,21,11,15,15,20,6,15,10,12
250243,1,1,0,0,0,0,0,0,0,0,0,0
250244,1,1,0,0,0,0,0,0,0,0,0,0
250245,1,1,0,0,0,0,0,0,0,0,0,0
250245,2,1,0,0,0,0,0,0,0,0,0,0
250246,1,1,7,7,7,7,7,7,7,7,7,7
250246,2,1,0,0,0,0,0,0,0,0,0,0
250246,3,1,0,0,0,0,0,0,0,15,0,20
250246,4,1,0,0,0,0,0,0,0,0,0,0
250247,1,1,10,10,10,10,10,10,10,10,10,10
250248,1,1,0,0,0,0,0,0,0,0,0,0
250249,1,1,14,14,14,14,14,14,14,14,14,14
250250,1,1,0,0,0,0,0,0,0,0,0,0
250250,2,1,0,0,6,0,17,28,0,0,0,30
250251,1,1,29,0,0,22,25,0,0,15,0,0
250251,2,1,0,0,0,0,0,0,0,0,0,0
250252,0,1,23,23,23,23,23,23,23,23,23,23
250252,1,1,26,0,11,0,12,0,0,6,19,0
250253,1,1,0,0,0,0,0,0,0,0,0,0
250254,1,1,0,0,0,0,3,0,0,9,7,0
250254,2,1,0,0,0,0,0,0,0,0,0,0
250255,1,1,12,21,0,0,0,0,26,0,0,0
250255,2,1,12,0,7,11,7,0,0,20,0,0
250256,0,1,0,0,0,0,0,0,0,0,0,0
250256,1,1,0,6,18,0,0,0,0,0,0,0
250257,1,1,0,0,0,0,0,0,0,0,0,0
250258,0,1,0,0,0,0,0,0,0,0,0,0
250258,0,2,12,0,28,0,17,0,0,0,0,0
250258,1,1,0,0,0,12,0,0,0,0,16,0
250259,1,1,4,11,7,13,3,1,8,1,14,5
250260,1,1,0,0,0,0,0,0,0,0,0,0
250261,1,1,0,0,0,0,0,0,0,0,0,0
250262,1,1,21,21,21,21,21,21,21,21,21,21
250263,0,1,29,29,29,29,29,29,29,29,29,29
250263,1,1,0,0,0,0,0,0,0,0,0,0
250264,0,1,0,19,0,46,31,0,0,0,19,29
250264,1,1,0,0,0,0,0,0,0,13,0,0
250265,1,1,9,9,9,9,9,9,9,9,9,9
250266,1,1,0,0,18,0,0,0,55,0,0,0
250267,1,1,0,0,0,0,0,0,0,0,0,0
250267,2,1,0,0,0,22,0,0,25,0,0,3
250268,0,1,0,0,0,0,0,0,0,0,0,0
250268,1,1,0,0,0,0,0,0,0,0,0,0
250269,1,1,10,10,10,10,10,10,10,10,10,10
250269,2,1,0,0,0,0,0,0,0,0,0,0
250270,0,1,0,0,0,0,0,0,0,0,0,0
250270,1,1,0,0,0,0,0,0,0,0,0,0
250271,0,1,30,32,0,14,0,28,0,31,19,0
250271,1,1,0,0,0,0,0,0,0,0,0,0
250272,1,1,21,21,21,21,21,21,21,21,21,21
250272,2,1,0,6,17,0,0,0,0,0,0,0
250273,1,1,0,0,0,0,0,0,0,0,0,0
250274,1,1,20,20,20,20,20,20,20,20,20,20
250275,0,1,0,0,0,0,0,0,0,0,0,0
250275,1,1,0,0,10,0,0,14,0,0,0,0
250276,1,1,22,22,22,22,22,22,22,22,22,22
250276,2,1,0,0,0,0,0,0,0,19,0,0
250276,3,1,0,0,0,0,0,0,0,0,0,6
250277,1,1,0,0,0,0,0,0,0,0,0,0
250277,2,1,8,11,28,35,13,7,18,12,11,13
250278,0,1,0,0,0,0,0,0,0,0,0,0
250278,1,1,12,4,0,3,5,17,7,0,7,0
250279,1,1,0,0,0,0,0,0,0,0,0,0
250279,2,1,0,13,0,0,0,18,19,0,0,20
250280,1,1,0,0,0,0,0,0,0,0,0,0
250281,1,1,0,0,0,0,0,0,0,0,0,0
250281,2,1,0,0,5,0,0,0,0,43,0,22
250281,3,1,0,0,14,0,0,0,0,0,0,0
250281,4,1,0,0,33,0,18,0,0,25,0,0
250282,1,1,0,7,0,0,0,4,12,0,0,0
250282,2,1,0,0,0,0,0,19,0,0,13,0
250283,0,1,0,0,0,0,0,0,0,0,0,0
250283,1,1,0,0,0,0,0,0,0,0,0,0
250284,1,1,15,8,12,20,27,14,17,10,6,8
250284,2,1,0,0,0,0,0,0,10,0,0,15
250285,1,1,8,8,8,8,8,8,8,8,8,8
250286,1,1,0,0,0,0,0,0,0,0,0,0
250286,2,1,9,0,0,0,0,0,0,0,0,0
250287,1,1,23,23,23,23,23,23,23,23,23,23
250288,1,1,18,0,0,0,13,0,0,0,0,0
250289,0,1,16,16,16,16,16,16,16,16,16,16
250289,1,1,0,0,20,0,0,0,0,0,0,0
250290,1,1,22,16,16,26,5,13,10,3,13,19
250290,2,1,0,0,0,0,0,0,0,0,0,0
250291,1,1,0,0,0,0,0,0,0,0,0,0
250291,2,1,0,0,0,0,0,0,0,8,0,0
250292,0,1,10,10,10,10,10,10,10,10,10,10
250292,1,1,0,9,0,11,0,0,0,0,0,0
250293,1,1,20,20,20,20,20,20,20,20,20,20
250294,1,1,8,8,8,8,8,8,8,8,8,8
250295,0,1,0,0,0,0,0,0,0,0,0,0
250295,1,1,7,0,0,0,0,13,0,0,0,0
250296,1,1,0,0,0,0,0,0,0,0,0,0
250297,1,1,0,0,0,17,0,0,0,0,0,0
250297,2,1,0,0,8,0,0,0,0,0,0,0
250298,0,1,0,0,0,0,0,0,0,0,0,0
250298,1,1,20,10,7,17,6,18,14,3,14,10
250299,0,1,0,0,0,0,0,0,5,0,0,0
250299,1,1,0,0,0,0,0,0,0,0,0,0
250300,1,1,0,0,0,0,0,0,0,0,0,0
250300,2,1,20,20,20,20,20,20,20,20,20,20
250301,1,1,20,20,20,20,20,20,20,20,20,20
250301,2,1,0,0,0,0,0,0,0,0,0,0
250302,1,1,0,0,13,0,0,0,17,0,29,23
250303,1,1,8,8,8,8,8,8,8,8,8,8
250304,1,1,23,23,23,23,23,23,23,23,23,23
250305,1,1,20,20,20,20,20,20,20,20,20,20
250305,2,1,0,0,7,0,0,0,0,0,0,0
250306,0,1,0,0,0,0,0,0,0,0,0,0
250306,1,1,0,0,5,0,0,0,0,10,0,16
250307,0,1,17,17,17,17,17,17,17,17,17,17
250307,1,1,0,0,0,0,0,0,0,0,0,0
250308,0,1,0,0,0,0,0,0,0,0,0,0
250308,1,1,0,0,0,0,0,0,0,0,0,0
250308,3,1,0,0,0,0,0,20,0,0,0,0
250309,1,1,0,0,0,0,0,18,0,14,13,0
250309,2,1,0,0,0,0,0,0,0,0,0,0
250310,1,1,30,30,30,30,30,30,30,30,30,30
250311,1,1,0,0,0,0,0,0,0,0,0,0
250311,2,1,0,0,0,0,0,0,0,0,0,0
250312,1,1,0,0,0,0,0,0,0,0,0,0
250312,2,1,0,0,0,0,0,0,0,0,0,12
250312,3,1,0,18,21,7,19,0,0,0,0,0
250312,4,1,0,0,13,0,0,0,0,8,0,0
250313,0,1,0,0,0,0,0,0,0,0,0,0
250313,0,2,0,0,0,0,0,0,0,0,0,0
250313,0,3,0,19,0,0,10,17,0,0,20,0
250313,0,4,0,0,0,9,0,0,0,0,0,0
250313,0,5,0,10,0,0,47,0,3,0,29,15
250313,0,6,17,0,28,42,0,0,0,0,0,0
250313,0,7,32,0,0,28,22,0,23,0,0,0
250313,0,8,0,0,0,25,22,18,27,0,0,9
250313,1,1,0,0,0,0,21,0,6,15,0,0
250313,2,1,0,0,0,0,20,0,0,0,4,0
250313,3,1,0,0,0,0,0,0,43,0,8,0
250314,1,1,0,0,0,0,0,0,0,0,0,0
250315,1,1,3,0,0,0,2,15,0,0,0,12
250316,0,1,0,0,0,0,9,0,0,0,8,39
250316,1,1,0,0,0,16,0,0,0,0,0,0
250317,1,1,0,35,0,10,0,0,0,0,9,0
250317,2,1,0,0,0,0,0,0,0,0,0,0
250318,1,1,20,20,20,20,20,20,20,20,20,20
250318,2,1,0,0,0,0,0,0,0,0,0,16
250319,0,1,0,0,31,13,30,0,21,0,24,0
250319,0,2,31,27,20,33,0,0,0,23,18,36
250319,1,1,0,0,11,14,17,0,0,32,0,0
250319,2,1,17,7,0,14,0,8,0,16,22,12
250320,1,1,0,0,0,0,0,0,0,0,0,0
250320,2,1,0,0,17,0,0,0,0,0,0,0
250321,0,1,0,0,0,0,0,0,0,0,0,0
250321,0,2,0,0,0,0,0,0,0,0,0,0
250321,1,1,0,0,0,0,0,0,0,0,0,22
250321,2,1,0,0,0,0,0,0,0,0,10,0
250321,3,1,0,0,0,0,0,0,0,19,11,0
250321,4,1,0,0,0,0,0,0,0,0,0,0
250322,0,1,0,0,0,0,0,33,0,0,0,0
250322,1,1,0,5,0,0,0,16,0,0,0,0
250323,1,1,0,0,0,0,0,0,0,0,0,0
250324,1,1,21,21,21,21,21,21,21,21,21,21
250325,0,1,0,0,0,0,0,0,0,0,0,0
250325,1,1,0,0,0,0,16,0,0,0,0,0
250326,0,1,0,0,0,0,0,0,0,0,0,0
250326,1,1,0,0,0,0,0,0,0,0,0,0
250327,0,1,0,0,0,0,0,0,0,0,0,0
250327,1,1,0,0,0,0,4,0,0,0,7,0
250328,0,1,0,0,0,0,0,0,0,0,0,0
250328,1,1,0,0,0,0,0,0,0,0,9,0
250329,1,1,0,0,21,0,0,0,0,0,0,16
250330,0,1,0,8,0,0,0,0,0,0,0,0
250330,0,2,0,0,0,0,0,0,0,0,0,0
250330,1,1,0,0,0,0,0,0,0,14,0,0
250331,1,1,0,0,0,0,0,0,0,0,0,0
250332,1,1,0,0,0,0,0,0,0,0,0,0
250332,2,1,0,0,0,0,0,0,0,0,0,0
250333,0,1,0,0,0,0,0,0,0,0,0,0
250333,1,1,33,33,12,17,37,19,0,13,6,12
250335,0,1,0,0,0,0,0,0,0,0,0,0
250335,1,1,0,0,0,0,0,0,0,0,15,0
250336,3,1,0,0,13,0,0,0,0,0,0,0
250337,1,1,19,7,30,9,20,14,17,7,13,16
250337,2,1,0,0,0,0,0,0,0,0,0,0
250338,0,1,0,0,0,0,0,0,0,0,0,0
250338,1,1,0,0,0,0,9,0,0,0,0,0
250339,0,1,0,0,0,0,0,0,0,0,0,0
250339,1,1,0,0,20,0,25,0,0,0,28,0
250340,1,1,0,0,0,0,0,0,0,0,0,0
250341,1,1,13,13,13,13,13,13,13,13,13,13
250342,1,1,36,36,36,36,36,36,36,36,36,36
250342,2,1,0,0,9,0,0,0,10,0,0,0
250343,0,1,0,7,0,0,6,12,0,0,0,19
250343,1,1,0,0,4,0,0,0,0,15,0,0
250344,1,1,0,0,0,0,0,0,0,0,0,0
250344,2,1,13,27,0,0,0,0,0,0,13,0
250345,0,1,0,0,0,0,0,0,0,0,0,0
250345,1,1,0,0,6,8,0,0,0,25,0,0
250346,1,1,0,0,0,0,0,0,0,0,0,0
250347,0,1,0,0,0,0,0,0,0,0,0,0
250347,1,1,6,16,6,0,14,41,15,19,0,15
250348,0,1,0,0,0,24,0,0,0,0,0,0
250348,1,1,25,0,0,28,0,0,0,0,7,0
250349,0,1,0,0,0,0,0,0,0,0,0,0
250349,0,2,21,0,0,0,0,0,0,0,0,0
250349,1,1,0,0,0,0,0,0,0,0,0,0
250350,0,1,0,0,0,0,0,0,0,0,0,0
250350,1,1,17,0,15,18,6,12,0,13,22,0
250352,1,1,0,0,0,0,0,0,0,0,0,0
250352,2,1,0,0,0,0,0,0,0,0,0,0
250353,0,1,40,40,40,40,40,40,40,40,40,40
250353,1,1,0,0,8,0,0,0,0,0,0,0
250354,1,1,8,8,8,8,8,8,8,8,8,8
250356,0,1,0,0,0,0,0,0,0,0,0,0
250356,1,1,0,0,0,0,0,0,0,0,0,0
250357,1,1,0,0,0,0,0,0,0,6,20,0
250357,2,1,0,0,15,0,0,0,0,19,0,10
250358,0,1,18,13,16,33,34,13,0,34,17,19
250358,1,1,0,0,0,0,21,0,0,0,0,0
250359,1,1,0,0,0,0,0,0,0,0,0,0
250359,2,1,0,0,0,0,0,0,0,0,0,0
250360,0,1,32,0,20,0,29,0,8,17,20,0
250360,1,1,0,0,0,0,0,0,18,0,0,0
250361,1,1,0,0,0,0,0,19,0,0,12,0
250362,0,1,0,15,0,0,0,0,0,0,0,3
250362,1,1,0,0,0,6,0,0,0,20,0,0
250363,1,1,0,0,0,0,26,0,0,0,0,10
250363,2,1,0,0,0,0,23,6,5,0,7,3
250364,0,1,0,0,0,0,0,0,0,0,0,0
250364,1,1,0,0,0,0,0,0,0,0,0,0
250365,0,1,5,5,5,5,5,5,5,5,5,5
250365,1,1,0,0,0,0,0,0,0,28,0,0
250366,1,1,0,0,0,0,0,0,0,0,0,0
250367,1,1,0,0,0,0,0,0,0,0,0,0
250368,1,1,25,0,3,16,0,6,20,13,0,4
250369,1,1,0,0,0,0,0,0,0,0,0,0
250370,1,1,28,32,26,25,9,13,25,21,9,36
250370,2,1,0,0,0,0,0,0,0,0,0,0
250371,1,1,10,10,10,10,10,10,10,10,10,10
250372,0,1,21,0,0,0,0,0,0,0,34,0
250372,1,1,0,0,0,0,0,0,0,0,0,0
250373,1,1,0,0,0,0,0,0,0,0,0,0
250373,2,1,0,11,0,16,0,0,0,33,0,8
260001,0,1,0,0,0,0,0,6,0,44,0,0
260001,1,1,0,0,0,0,0,0,0,0,0,0
260002,1,1,14,14,14,14,14,14,14,14,14,14
260003,1,1,3,3,3,3,3,3,3,3,3,3
260004,0,1,0,0,0,0,0,0,0,0,0,0
260004,1,1,0,0,0,0,0,0,0,0,0,0
260005,0,1,36,36,36,36,36,36,36,36,36,36
260005,1,1,0,0,0,0,0,0,0,0,0,0
260006,1,1,14,0,0,25,0,0,0,0,23,0
260006,2,1,0,16,12,15,24,7,15,17,0,8
260007,0,1,0,0,0,0,0,0,7,0,0,14
260007,1,1,0,0,0,0,0,0,0,0,0,0
260008,1,1,0,0,21,0,0,0,0,0,0,0
260008,2,1,0,0,0,22,0,0,0,0,0,0
260009,1,1,0,0,0,19,0,0,0,0,0,0
260009,2,1,14,0,0,0,0,0,0,0,0,0
260010,1,1,0,0,0,0,0,0,0,0,0,0
260011,1,1,0,0,0,0,0,0,0,0,0,0
260011,2,1,0,0,16,0,0,0,0,0,0,0
260011,3,1,0,0,0,0,0,0,0,0,0,0
260012,1,1,0,0,0,0,0,0,0,0,0,0
260012,2,1,0,0,0,0,0,18,0,0,0,0
260012,3,1,0,0,0,0,0,0,0,0,0,0
260012,4,1,0,0,0,0,0,0,0,0,0,0
260012,5,1,0,0,0,0,0,0,0,0,0,7
260013,0,1,38,41,15,32,23,18,16,14,12,8
260013,1,1,0,0,0,0,0,0,0,0,0,0
260014,1,1,0,0,0,0,0,0,0,0,0,0
260014,2,1,0,0,0,0,0,0,0,0,0,0
260015,1,1,5,5,5,5,5,5,5,5,5,5
260015,2,1,0,0,0,0,0,0,0,0,0,0
260016,0,1,0,0,0,0,0,0,0,0,0,0
260016,1,1,0,0,0,0,0,0,0,0,0,0
260017,0,1,0,0,0,0,0,0,0,0,0,0
260017,1,1,0,0,0,0,0,0,0,0,0,0
260017,2,1,0,0,0,0,0,0,0,0,0,0
260017,3,1,0,0,0,0,0,0,0,0,0,0
260017,4,1,0,0,0,0,0,0,0,0,0,0
260017,5,1,0,0,0,0,0,0,0,0,0,0
260018,1,1,0,0,0,0,0,0,0,0,0,0
260018,2,1,0,0,0,0,0,0,0,0,0,0
260019,1,1,0,0,0,0,0,0,0,0,0,0
260019,2,1,0,0,0,0,0,0,0,0,0,0
260020,1,1,7,7,7,7,7,7,7,7,7,7
260021,0,1,0,0,0,0,0,0,0,0,0,33
260021,1,1,0,0,0,0,0,0,0,0,0,0
260022,1,1,0,0,0,0,0,0,0,0,0,0
260022,2,1,12,0,0,0,0,0,16,0,0,0
260022,3,1,0,0,0,0,0,0,0,0,0,0
260023,0,1,15,0,11,16,7,25,0,15,0,15
260023,1,1,0,0,0,0,0,0,0,0,0,0
260024,1,1,0,0,0,0,0,0,0,0,0,14
260025,1,1,0,0,0,0,0,0,0,0,0,0
260025,2,1,0,0,0,0,0,0,0,0,0,0
260026,1,1,0,0,0,0,0,0,0,0,0,0
260026,2,1,0,0,0,0,0,0,0,0,0,0
260027,1,1,0,0,0,0,0,0,0,0,0,0
260028,1,1,0,0,0,0,0,0,0,0,0,0
260028,2,1,0,0,0,0,0,0,0,0,0,0
260029,1,1,14,14,14,14,14,14,14,14,14,14
260030,1,1,0,0,0,0,0,0,10,17,0,0
260031,1,1,24,24,24,24,24,24,24,24,24,24
260031,2,1,0,0,0,0,0,0,0,0,0,0
260032,1,1,0,0,0,0,0,0,0,0,15,0
260033,0,1,0,0,0,9,0,0,0,0,27,0
260033,1,1,0,0,0,0,0,0,0,0,0,0
260034,1,1,0,0,0,0,0,0,0,0,0,0
260034,2,1,0,0,0,0,0,0,0,0,0,11
260034,3,1,0,0,0,0,0,0,0,0,0,0
260035,1,1,2,2,2,2,2,2,2,2,2,2
260035,2,1,0,0,0,0,0,0,0,10,0,0
260036,1,1,0,0,0,28,0,0,0,0,0,0
260036,2,1,0,0,0,0,0,0,0,0,0,0
260037,1,1,0,0,0,0,0,0,0,0,0,0
260037,2,1,0,0,0,0,0,29,0,0,0,0
260038,1,1,13,13,13,13,13,13,13,13,13,13
260038,2,1,0,0,0,0,0,0,0,0,0,0
260039,0,1,0,0,0,0,0,0,0,0,0,0
260039,1,1,0,0,0,0,0,0,0,0,0,0
260040,1,1,0,0,0,0,0,0,0,0,0,0
260040,2,1,0,0,0,0,0,0,0,0,0,0
260041,1,1,0,0,0,0,0,0,0,0,0,0
260041,2,1,0,0,0,0,0,0,0,0,0,0
260042,1,1,0,0,0,0,0,0,0,0,0,0
260042,2,1,0,0,5,0,0,0,0,8,0,0
260043,0,1,0,0,0,0,0,0,0,0,0,0
260043,1,1,0,0,0,0,0,0,0,0,0,0
260044,0,1,0,0,0,0,0,0,0,0,0,0
260044,1,1,0,0,0,0,0,0,0,0,0,0
260045,1,1,13,0,0,0,0,0,0,0,0,0
260046,1,1,23,17,12,12,21,12,10,16,2,33
260047,1,1,0,0,0,0,0,0,0,0,0,0
260048,1,1,0,0,0,0,0,0,0,0,0,0
260048,2,1,0,0,0,0,0,0,0,0,0,0
260049,1,1,0,0,0,0,0,0,0,0,0,0
260050,1,1,0,0,0,0,0,0,0,0,0,0
260050,2,1,0,0,0,0,0,0,0,0,0,0
260051,1,1,0,0,0,6,0,0,0,0,0,0
260052,1,1,0,0,0,0,0,0,0,0,0,0
260052,2,1,0,0,0,0,0,0,14,0,0,0
260053,1,1,25,9,0,23,25,3,0,13,21,9
260053,2,1,0,0,0,0,0,0,0,0,0,0
260054,1,1,24,24,24,24,24,24,24,24,24,24
260055,1,1,33,33,33,33,33,33,33,33,33,33
260056,1,1,0,0,0,0,0,0,0,0,0,0
260057,1,1,16,21,8,6,9,0,8,15,11,12
260058,1,1,21,21,21,21,21,21,21,21,21,21
260059,1,1,0,0,0,0,0,0,0,0,0,0
260059,2,1,0,0,0,0,0,0,0,0,0,0
260060,1,1,0,0,0,0,0,0,0,0,0,0
260060,2,1,0,0,0,0,0,0,0,0,0,0
260060,3,1,0,0,0,0,0,0,0,0,0,0
260061,1,1,0,0,0,0,0,0,0,0,0,0
260061,2,1,0,0,0,0,0,0,0,0,0,0
260062,1,1,0,0,0,0,0,0,0,0,0,0
260063,1,1,0,0,0,0,0,0,0,0,0,0
260063,2,1,0,0,0,0,0,0,0,0,0,0
260064,1,1,0,0,0,0,0,0,0,0,0,0
260064,2,1,0,0,0,0,0,0,0,0,0,0
260064,3,1,0,0,0,0,0,0,0,0,0,0
260065,1,1,0,0,0,0,0,0,0,0,0,0
260066,1,1,0,0,0,0,0,0,0,0,0,0
260066,2,1,0,0,0,0,0,0,0,15,0,0
260067,1,1,19,16,16,0,14,27,23,23,33,19
260068,1,1,0,0,0,0,0,0,0,0,0,0
260069,1,1,0,0,0,0,0,0,0,0,0,0
260070,1,1,15,31,23,0,30,8,27,9,5,37
260070,2,1,0,0,0,0,0,0,0,0,0,0