ST_CASE,VEH_NO,PER_NO,P1,P2,P3,P4,P5,P6,P7,P8,P9,P10
260071,1,1,0,0,0,0,0,0,0,0,0,0
260071,2,1,0,0,0,0,0,0,0,0,0,0
260072,1,1,0,0,0,0,0,0,0,0,0,0
260072,2,1,0,0,0,0,0,0,0,0,0,0
260073,1,1,0,0,0,0,0,0,0,0,0,0
260073,2,1,0,0,0,0,0,0,0,0,0,0
260074,1,1,27,27,27,27,27,27,27,27,27,27
260074,2,1,0,0,0,0,0,0,0,0,0,0
260075,1,1,0,0,0,0,0,0,0,0,0,0
260076,0,1,32,32,32,32,32,32,32,32,32,32
260076,1,1,0,0,0,0,0,0,0,0,0,0
260077,1,1,14,14,14,14,14,14,14,14,14,14
260079,1,1,0,0,0,0,0,0,0,0,0,0
260080,1,1,0,0,0,0,0,0,0,0,0,0
260081,1,1,0,0,0,0,0,0,0,8,0,0
260081,2,1,11,0,0,0,0,0,0,0,0,0
260082,0,1,35,0,7,41,7,9,41,27,23,35
260082,1,1,8,8,8,8,8,8,8,8,8,8
260083,1,1,0,0,0,0,0,0,0,0,0,0
260083,2,1,0,0,0,0,0,0,0,10,0,20
260084,1,1,0,0,0,0,0,0,0,0,0,0
260084,2,1,0,0,0,0,0,0,0,0,0,0
260085,0,1,0,0,0,0,0,0,0,0,0,0
260085,1,1,0,0,0,0,0,0,0,0,0,0
260086,1,1,0,0,0,0,0,0,0,0,0,0
260086,2,1,0,0,0,0,0,0,0,0,0,0
260086,3,1,0,0,0,23,0,0,0,0,0,0
260087,1,1,0,0,0,0,0,0,0,0,0,0
260088,1,1,0,0,0,0,0,0,0,0,0,0
260089,0,1,0,0,13,22,0,35,0,0,0,0
260089,1,1,2,0,16,0,0,0,0,13,0,18
260090,1,1,16,0,0,0,0,0,0,0,0,0
260090,2,1,0,0,0,0,0,0,0,0,0,0
260091,1,1,0,0,0,0,0,0,0,0,0,0
260091,2,1,0,0,0,0,0,0,0,0,0,0
260092,1,1,0,0,0,0,0,0,0,0,0,0
260092,2,1,4,0,0,0,0,0,0,0,0,0
260093,1,1,16,16,16,16,16,16,16,16,16,16
260094,1,1,0,0,0,0,0,0,0,0,0,0
260095,1,1,0,0,0,0,0,0,0,0,0,0
260095,2,1,0,0,0,0,0,0,0,0,0,0
260096,0,1,21,21,21,21,21,21,21,21,21,21
260096,1,1,0,0,0,0,0,0,0,0,0,0
260097,1,1,0,11,0,0,0,0,0,0,0,0
260097,2,1,0,0,0,0,0,0,0,0,0,0
260098,0,1,0,0,0,0,0,0,0,0,0,0
260098,1,1,0,0,0,0,0,0,0,0,0,0
260099,1,1,0,0,0,0,0,0,0,0,0,0
260100,1,1,0,0,0,0,0,0,0,0,0,0
260102,1,1,30,0,9,19,0,22,0,0,0,18
260103,0,1,0,0,0,9,0,0,0,0,0,0
260103,1,1,0,0,0,0,0,0,0,0,0,0
260104,0,1,0,0,0,12,0,0,0,16,0,0
260104,1,1,14,16,0,16,17,28,14,19,0,0
260105,1,1,0,0,0,0,0,0,0,0,0,0
260105,2,1,0,0,0,0,0,0,0,0,0,0
260106,1,1,0,0,0,0,0,0,0,0,0,0
260107,1,1,0,0,0,0,0,0,0,0,0,0
260108,1,1,23,23,23,23,23,23,23,23,23,23
260109,1,1,0,0,0,0,0,0,0,0,0,0
260109,2,1,0,0,0,0,0,0,0,0,0,0
260109,3,1,0,0,0,0,0,0,0,0,0,0
260109,4,1,0,0,0,0,0,0,0,0,0,0
260109,5,1,0,0,16,0,0,0,0,0,0,0
260109,6,1,0,0,0,0,0,0,0,0,0,0
260109,7,1,6,0,0,0,0,0,0,0,0,0
260111,1,1,0,0,0,0,0,0,0,0,0,0
260111,2,1,0,0,0,0,0,0,0,0,0,0
260112,0,1,0,0,0,0,0,0,0,0,0,0
260112,1,1,0,0,0,0,0,0,0,0,0,0
260113,1,1,0,0,0,0,0,0,0,0,0,0
260113,2,1,0,0,0,0,0,0,0,0,0,0
260114,1,1,30,30,30,30,30,30,30,30,30,30
260114,2,1,0,0,0,0,0,11,32,0,0,0
260114,3,1,9,24,15,22,0,8,0,11,13,0
260115,1,1,9,0,0,0,0,10,0,20,0,0
260116,0,1,20,8,25,2,7,0,20,33,12,0
260116,1,1,0,0,0,0,0,0,0,0,0,0
260116,2,1,0,0,0,0,0,0,0,0,0,0
260117,0,1,0,28,0,0,0,0,0,25,0,0
260117,1,1,0,0,0,0,0,0,0,0,0,0
260117,2,1,5,0,0,0,0,0,0,0,0,4
260118,0,1,0,0,30,0,0,0,0,0,0,0
260118,0,2,0,0,0,0,0,11,0,0,0,0
260118,1,1,0,0,0,0,0,0,0,0,0,0
260119,1,1,0,0,0,0,0,0,0,0,0,0
260119,2,1,0,0,0,5,0,0,29,0,0,21
260121,1,1,0,0,0,0,0,0,0,0,0,0
260122,1,1,0,0,0,0,0,0,0,0,0,0
260122,2,1,0,0,0,0,0,0,0,0,0,0
260123,1,1,0,0,0,0,0,0,0,0,0,0
260123,2,1,0,0,0,0,0,0,0,0,0,0
260123,3,1,3,0,0,12,0,0,0,0,0,0
260124,1,1,0,0,0,0,0,0,0,0,0,0
260124,2,1,0,0,0,0,0,0,0,0,0,0
260125,1,1,0,0,0,0,0,0,0,0,0,0
260126,0,1,0,0,0,0,0,0,0,0,0,0
260126,1,1,0,0,0,0,0,0,0,0,0,0
260127,1,1,0,0,0,0,0,0,0,0,0,0
260128,1,1,0,0,0,0,0,0,0,0,0,0
260129,0,1,0,13,0,0,0,0,0,0,17,0
260129,1,1,0,0,0,0,0,0,0,0,0,0
260130,1,1,0,0,0,0,0,0,0,0,0,0
260131,1,1,0,0,0,0,0,0,0,0,0,0
260131,2,1,0,0,0,0,0,0,0,0,0,0
260132,1,1,9,9,4,22,11,9,3,12,4,10
260132,2,1,0,0,0,0,0,0,0,0,0,0
260133,1,1,10,10,10,10,10,10,10,10,10,10
260133,2,1,0,0,0,0,0,0,0,0,0,0
260134,1,1,0,0,0,0,0,0,0,0,0,0
260135,1,1,30,30,30,30,30,30,30,30,30,30
260136,0,1,15,0,0,0,0,0,0,0,0,0
260136,0,2,15,0,0,0,0,0,0,0,0,22
260136,2,1,8,8,8,8,8,8,8,8,8,8
260136,3,1,0,0,0,0,0,0,0,0,0,0
260137,1,1,0,0,27,0,0,0,0,0,0,0
260138,1,1,0,0,0,0,0,0,0,0,0,0
260138,2,1,0,0,20,0,0,0,0,0,0,0
260139,1,1,28,28,28,28,28,28,28,28,28,28
260139,2,1,0,0,0,0,0,19,0,0,0,0
260139,3,1,10,0,0,11,0,0,0,0,0,0
260140,1,1,0,0,0,0,0,0,0,0,0,0
260140,2,1,0,0,0,0,0,0,0,0,0,0
260141,0,1,17,0,9,17,23,26,0,5,9,18
260141,1,1,0,0,0,0,25,0,0,0,0,0
260142,1,1,0,0,0,0,0,0,0,0,0,0
260142,2,1,0,0,0,0,0,0,0,0,0,0
260143,1,1,5,5,5,5,5,5,5,5,5,5
260143,2,1,0,0,0,0,0,0,0,0,0,0
260144,0,1,26,0,19,20,0,0,21,27,3,0
260144,1,1,0,0,0,0,0,0,0,0,0,0
260145,1,1,31,31,31,31,31,31,31,31,31,31
260146,1,1,0,0,0,0,0,0,0,0,0,0
260146,2,1,0,0,0,0,0,0,0,0,0,0
260147,1,1,0,0,0,0,0,0,0,0,0,0
260148,1,1,0,0,0,0,0,0,0,0,0,16
260149,1,1,0,0,12,0,0,0,1,0,0,6
260149,2,1,0,0,0,0,0,0,12,0,0,0
260149,3,1,0,0,0,0,0,0,0,0,0,0
260150,0,1,15,15,15,15,15,15,15,15,15,15
260150,1,1,0,24,0,17,0,0,0,8,13,16
260151,1,1,0,0,0,0,0,0,0,0,0,0
260151,2,1,0,0,0,14,0,0,0,0,0,0
260152,1,1,17,17,17,17,17,17,17,17,17,17
260153,1,1,3,3,3,3,3,3,3,3,3,3
260154,1,1,0,0,0,0,0,0,0,0,0,0
260154,2,1,0,0,0,0,0,0,0,0,0,0
260155,0,1,10,10,10,10,10,10,10,10,10,10
260155,1,1,0,0,0,0,0,0,0,17,0,0
260156,1,1,0,0,12,0,0,0,0,0,0,0
260156,2,1,0,0,0,0,0,0,29,0,0,0
260157,1,1,0,0,0,0,0,0,0,0,0,0
260157,2,1,0,0,0,0,0,0,0,0,0,0
260159,1,1,0,0,0,0,0,0,0,0,0,0
260160,1,1,0,0,0,0,0,0,0,0,0,0
260160,2,1,7,2,7,0,14,10,5,0,5,0
260160,3,1,0,0,0,0,0,0,0,0,0,0
260160,4,1,0,0,0,0,0,0,0,0,0,0
260161,1,1,8,8,8,8,8,8,8,8,8,8
260162,1,1,22,15,12,29,40,14,38,25,14,16
260163,1,1,17,9,21,10,14,16,8,27,13,43
260163,2,1,0,0,0,0,0,0,0,0,0,0
260164,1,1,0,0,0,0,0,0,0,0,0,27
260165,1,1,0,0,0,0,0,0,0,0,0,0
260166,1,1,0,0,0,0,0,0,0,0,0,0
260167,1,1,0,0,0,0,0,0,0,0,0,0
260167,2,1,0,0,0,0,0,0,0,0,0,0
260168,1,1,19,19,19,19,19,19,19,19,19,19
260169,1,1,0,0,0,0,0,0,0,0,26,0
260169,2,1,0,0,0,0,0,0,0,0,0,0
260170,1,1,0,0,0,0,0,21,0,0,0,0
260171,1,1,0,3,0,0,0,0,0,0,0,0
260171,2,1,0,0,0,0,0,0,0,0,0,0
260172,1,1,0,0,0,0,0,0,0,0,0,0
260172,2,1,0,0,0,0,0,0,0,0,0,0
260173,1,1,0,0,0,0,0,0,0,0,0,0
260174,1,1,17,0,0,0,18,0,0,0,0,0
260174,2,1,0,0,0,0,0,0,0,0,0,0
260175,1,1,0,12,0,0,0,0,0,0,0,0
260175,2,1,0,0,0,0,0,16,0,0,0,0
260176,1,1,0,0,0,0,0,0,0,0,0,0
260176,2,1,0,0,0,0,0,0,0,0,0,0
260177,1,1,0,0,0,0,0,0,0,0,0,0
260177,2,1,0,0,0,0,0,0,0,0,0,0
260178,1,1,20,18,22,16,33,25,7,5,8,15
260179,1,1,0,0,0,0,0,0,0,0,0,0
260180,1,1,0,0,0,0,0,0,0,0,0,0
260180,2,1,0,0,0,0,0,21,0,0,0,0
260181,1,1,16,16,16,16,16,16,16,16,16,16
260181,2,1,0,0,0,0,0,0,0,0,16,0
260182,0,1,5,5,5,5,5,5,5,5,5,5
260182,1,1,0,0,0,0,0,0,0,0,0,0
260183,1,1,0,0,0,0,0,0,0,0,0,0
260184,1,1,23,23,23,23,23,23,23,23,23,23
260185,1,1,0,0,0,0,0,0,0,0,0,0
260186,0,1,0,0,0,0,6,0,0,0,0,0
260186,0,2,0,0,0,0,0,0,0,18,0,0
260186,1,1,0,0,0,0,0,0,0,0,0,0
260187,1,1,17,17,17,17,17,17,17,17,17,17
260187,2,1,0,20,0,3,26,0,12,0,0,0
260188,1,1,23,23,23,23,23,23,23,23,23,23
260189,1,1,0,0,0,0,0,0,0,0,0,0
260189,2,1,0,0,0,0,0,0,0,0,0,0
260190,1,1,0,0,0,0,0,0,0,0,0,0
260191,1,1,0,13,7,11,4,26,0,20,20,0
260191,2,1,0,0,0,0,0,0,0,0,0,0
260192,1,1,22,22,22,22,22,22,22,22,22,22
260193,1,1,0,0,0,0,0,0,0,0,0,0
260193,2,1,0,0,0,0,0,0,0,0,0,0
260194,1,1,0,0,0,0,0,0,0,0,0,0
260194,2,1,0,0,0,0,0,0,0,0,0,0
260195,1,1,0,0,0,0,0,0,0,0,0,0
260196,0,1,0,0,37,0,0,0,0,0,0,0
260196,1,1,0,0,0,0,0,0,0,0,0,0
260197,1,1,0,0,0,0,0,0,0,0,0,0
260198,1,1,0,0,0,0,0,0,0,0,0,0
260199,1,1,0,0,0,0,0,0,0,0,0,0
260200,1,1,0,0,0,0,0,0,0,0,0,0
260200,2,1,0,0,0,0,0,0,0,0,0,0
260201,1,1,0,0,0,0,0,0,0,0,0,0
260201,2,1,11,0,0,0,0,0,0,0,0,0
260202,1,1,0,0,0,0,0,0,0,0,0,0
260202,2,1,0,0,0,0,0,0,0,0,0,0
260203,1,1,39,39,39,39,39,39,39,39,39,39
260204,1,1,28,28,28,28,28,28,28,28,28,28
260205,1,1,18,18,18,18,18,18,18,18,18,18
260206,1,1,29,29,29,29,29,29,29,29,29,29
260206,2,1,8,22,10,10,14,11,14,15,16,22
260207,0,1,1,1,1,1,1,1,1,1,1,1
260207,1,1,0,0,0,0,0,0,0,0,0,0
260209,1,1,6,6,6,6,6,6,6,6,6,6
260210,1,1,19,19,19,19,19,19,19,19,19,19
260210,2,1,0,0,0,0,0,0,0,0,0,11
260211,1,1,0,0,0,0,0,0,0,0,0,0
260211,2,1,0,0,0,0,0,0,0,0,0,0
260212,1,1,0,0,0,0,6,0,0,0,0,0
260213,1,1,16,16,16,16,16,16,16,16,16,16
260214,1,1,9,9,9,9,9,9,9,9,9,9
260215,1,1,18,18,18,18,18,18,18,18,18,18
260215,2,1,0,0,0,0,0,0,0,0,0,0
260216,1,1,0,0,0,0,0,0,0,0,0,0
260216,2,1,0,0,0,0,0,0,0,0,0,0
260217,1,1,0,0,0,0,0,0,0,0,0,0
260217,2,1,0,0,0,0,0,0,0,0,0,0
260218,1,1,0,0,0,0,0,0,0,0,0,0
260218,2,1,0,0,0,0,0,0,0,0,0,0
260219,1,1,0,0,0,0,0,0,0,0,0,0
260219,2,1,0,0,0,0,0,0,0,0,0,0
260220,1,1,0,0,0,0,0,0,0,0,0,0
260220,2,1,0,0,0,0,0,0,0,0,0,0
260221,1,1,0,24,0,0,0,0,0,0,0,25
260221,2,1,0,0,0,0,0,0,0,0,0,0
260222,1,1,19,19,19,19,19,19,19,19,19,19
260223,1,1,0,0,0,0,0,0,0,0,0,0
260223,2,1,0,0,0,0,0,0,0,0,0,0
260224,1,1,0,0,0,0,0,0,0,0,0,0
260224,2,1,0,0,0,0,0,0,0,0,0,0
260225,1,1,0,0,0,0,0,0,0,0,0,0
260226,0,1,30,30,30,30,30,30,30,30,30,30
260226,1,1,0,0,0,9,8,23,0,14,0,21
260227,1,1,25,0,0,0,0,48,0,17,0,0
260228,1,1,0,0,0,0,0,0,0,0,0,0
260229,0,1,0,0,0,0,11,0,36,0,9,0
260229,1,1,0,0,0,0,0,0,0,0,0,16
260229,2,1,7,7,7,7,7,7,7,7,7,7
260230,1,1,11,11,11,11,11,11,11,11,11,11
260231,1,1,15,15,15,15,15,15,15,15,15,15
260232,0,1,0,0,0,40,0,0,0,0,0,0
260232,0,2,0,0,0,0,0,0,48,0,0,0
260232,1,1,0,0,0,25,0,0,0,0,0,0
260233,1,1,25,0,0,0,0,0,0,0,0,0
260233,2,1,0,0,0,0,0,0,0,0,0,0
260234,1,1,23,23,23,23,23,23,23,23,23,23
260235,1,1,0,0,0,0,0,0,0,0,0,0
260235,2,1,0,17,0,6,23,12,0,5,0,0
260236,1,1,12,16,27,10,22,22,29,8,18,20
260236,2,1,0,0,0,0,0,0,0,0,0,0
260237,0,1,0,29,13,21,0,37,0,29,16,20
260237,1,1,0,17,0,0,0,0,6,0,0,7
260238,1,1,0,0,0,0,0,0,0,0,0,0
260239,1,1,0,0,0,0,0,0,0,0,0,0
260239,2,1,0,0,0,0,0,0,0,0,0,0
260240,1,1,0,0,0,0,0,0,0,0,0,0
260240,2,1,0,0,0,0,0,0,0,0,0,0
260240,3,1,10,3,0,0,0,0,0,0,0,2
260241,0,1,0,0,0,0,0,0,0,0,0,0
260241,1,1,0,0,0,0,0,0,0,0,0,0
260242,0,1,0,0,10,0,16,0,0,0,30,0
260242,1,1,0,0,0,0,0,0,0,0,0,0
260242,2,1,0,0,0,0,0,0,0,0,0,0
260243,1,1,0,0,0,0,0,0,0,0,0,0
260244,0,1,15,0,0,0,0,0,0,0,2,24
260244,1,1,0,0,0,0,0,9,0,5,0,0
260245,1,1,0,0,0,0,0,0,0,0,0,0
260245,2,1,0,0,0,0,0,0,0,0,0,0
260246,1,1,0,0,0,0,0,0,0,0,0,0
260246,2,1,0,0,0,0,10,0,12,0,0,0
260246,3,1,0,0,0,0,14,0,0,9,0,0
260247,1,1,0,0,0,0,0,0,0,0,0,0
260248,1,1,0,0,0,0,0,0,0,0,0,0
260248,2,1,0,0,0,0,0,0,0,0,0,0
260249,1,1,0,0,0,0,0,0,0,0,0,0
260249,2,1,0,0,0,0,0,0,0,0,0,0
260250,0,1,0,0,18,0,0,0,0,0,0,0
260250,1,1,0,0,0,0,0,0,0,0,0,0
260251,1,1,27,27,27,27,27,27,27,27,27,27
260252,1,1,0,0,0,0,0,0,0,0,0,0
260252,2,1,0,0,0,0,0,0,0,0,0,0
260253,1,1,0,0,0,0,0,0,0,0,0,0
260253,2,1,0,0,0,0,0,0,0,0,0,0
260254,1,1,0,0,0,0,0,0,0,0,0,0
260254,2,1,0,0,0,0,0,0,0,0,0,0
260254,3,1,0,0,0,0,0,0,0,0,0,0
260255,1,1,22,22,22,22,22,22,22,22,22,22
260255,2,1,0,0,0,0,0,0,0,0,0,0
260256,1,1,0,0,0,0,9,0,0,22,0,0
260256,2,1,19,19,19,19,19,19,19,19,19,19
260257,1,1,0,0,0,0,28,6,0,0,0,0
260258,1,1,0,0,0,0,0,0,0,0,0,0
260258,2,1,0,0,0,0,0,0,17,0,0,13
260259,0,1,0,0,0,0,0,0,0,0,0,0
260259,1,1,21,21,21,21,21,21,21,21,21,21
260260,1,1,17,17,17,17,17,17,17,17,17,17
260260,2,1,0,0,0,0,0,0,0,0,0,0
260261,1,1,27,27,27,27,27,27,27,27,27,27
260262,0,1,0,0,0,0,0,0,0,0,0,0
260262,1,1,0,0,0,0,0,0,0,0,0,0
260263,1,1,0,0,0,0,0,0,0,0,0,0
260263,2,1,0,0,0,0,0,0,0,0,0,0
260264,1,1,0,0,0,0,0,0,0,0,0,0
260265,1,1,17,17,17,17,17,17,17,17,17,17
260265,2,1,11,11,11,11,11,11,11,11,11,11
260266,1,1,32,32,32,32,32,32,32,32,32,32
260267,0,1,26,26,26,26,26,26,26,26,26,26
260267,1,1,34,17,0,0,0,0,8,0,0,18
260268,1,1,5,5,5,5,5,5,5,5,5,5
260269,1,1,0,0,0,27,0,0,0,0,28,0
260270,1,1,0,0,17,0,9,0,0,0,0,3
260271,1,1,0,0,0,0,0,0,0,0,0,0
260271,2,1,0,0,14,0,0,0,0,0,0,0
260272,1,1,8,8,8,8,8,8,8,8,8,8
260273,1,1,7,7,7,7,7,7,7,7,7,7
260273,2,1,0,0,0,0,0,0,0,0,0,0
260274,1,1,0,0,0,0,0,0,0,0,0,0
260275,1,1,27,27,27,27,27,27,27,27,27,27
260275,2,1,0,0,0,9,0,0,0,0,0,0
260276,1,1,9,9,9,9,9,9,9,9,9,9
260276,2,1,0,0,0,0,0,0,0,0,0,0
260276,3,1,0,0,0,0,0,0,0,0,0,0
260277,0,1,8,8,8,8,8,8,8,8,8,8
260277,1,1,0,0,0,0,0,0,0,0,0,0
260278,1,1,0,0,0,0,0,0,0,0,0,23
260279,1,1,5,5,5,5,5,5,5,5,5,5
260280,0,1,0,0,0,0,0,0,0,0,0,0
260280,1,1,0,0,0,8,0,0,0,0,0,0
260281,1,1,11,11,11,11,11,11,11,11,11,11
260282,1,1,0,0,0,0,0,0,0,0,0,0
260282,2,1,8,0,0,0,0,0,0,0,0,0
260283,1,1,0,0,0,0,0,0,0,0,0,0
260284,1,1,0,0,0,0,0,0,0,0,0,0
260284,2,1,0,0,0,0,0,0,0,0,0,0
260285,1,1,0,0,0,0,0,0,0,0,0,0
260286,1,1,0,0,0,0,0,0,0,0,0,0
260286,2,1,0,0,0,0,0,0,0,0,0,0
260288,1,1,0,0,0,0,0,0,0,0,0,0
260288,2,1,0,0,0,0,0,0,0,0,0,0
260289,0,1,45,20,35,18,27,13,33,16,22,20
260289,1,1,15,2,8,10,25,6,0,11,13,3
260290,0,1,0,0,0,0,0,0,0,0,0,0
260290,1,1,0,0,0,0,0,0,0,0,0,0
260291,1,1,0,0,0,0,0,0,0,0,0,0
260291,2,1,0,0,0,0,0,0,0,0,0,0
260292,1,1,0,0,0,0,0,0,24,18,0,0
260292,2,1,0,0,0,0,0,0,0,0,0,0
260293,1,1,0,0,0,0,9,0,17,0,19,0
260293,2,1,0,0,0,0,0,0,0,0,0,0
260294,1,1,0,0,0,0,0,0,0,0,0,0
260294,2,1,0,0,0,0,0,0,0,0,37,0
260295,1,1,0,0,0,0,0,0,0,0,0,0
260296,1,1,0,0,0,0,0,0,0,0,0,0
260296,2,1,0,0,0,0,0,0,0,0,0,0
260297,1,1,8,15,11,14,31,10,9,31,11,11
260298,1,1,13,13,13,13,13,13,13,13,13,13
260298,2,1,0,0,0,0,0,0,0,0,0,0
260299,1,1,0,0,0,0,0,0,0,0,0,0
260300,1,1,0,7,0,0,2,0,0,15,25,0
260301,1,1,0,0,0,0,0,0,0,0,0,0
260301,2,1,0,0,0,0,0,0,0,0,0,0
260302,1,1,0,0,0,0,0,0,0,0,0,0
260303,1,1,0,0,0,0,0,0,0,0,0,0
260303,2,1,0,0,0,0,0,0,0,0,0,0
260304,1,1,0,0,0,0,0,0,0,0,0,27
260304,2,1,0,0,0,0,0,0,0,0,0,0
260305,1,1,0,0,0,0,0,0,0,0,0,0
260305,2,1,0,0,0,0,0,0,0,0,0,0
260306,1,1,0,0,20,23,12,0,0,0,0,0
260307,1,1,0,0,0,0,0,0,0,0,0,0
260308,1,1,17,0,0,0,0,0,0,0,0,0
260310,0,1,21,21,21,21,21,21,21,21,21,21
260310,1,1,4,10,9,18,5,0,0,5,0,12
260311,0,1,0,0,0,0,0,0,0,0,0,0
260311,1,1,17,17,17,17,17,17,17,17,17,17
260311,2,1,0,0,0,0,0,0,0,0,0,0
260312,1,1,0,0,0,0,0,0,0,0,0,0
260312,2,1,8,0,0,0,0,0,0,0,0,0
260313,1,1,0,0,0,0,0,0,0,0,0,0
260314,1,1,0,0,8,0,0,14,0,0,0,0
260314,2,1,6,0,0,0,0,0,0,0,0,0
260315,1,1,0,0,0,0,0,0,0,0,0,0
260315,2,1,0,0,0,0,0,0,0,0,0,0
260316,1,1,17,33,20,18,19,22,10,6,21,19
260317,1,1,0,0,0,0,0,0,0,0,0,0
260317,2,1,0,0,0,0,0,0,0,0,0,0
260318,1,1,0,0,0,0,0,0,0,0,0,0
260318,2,1,0,0,0,0,0,0,0,0,0,0
260319,1,1,0,0,0,0,0,0,0,0,0,0
260319,2,1,0,0,11,0,7,0,0,0,0,0
260320,1,1,0,0,0,0,0,0,0,0,0,0
260320,2,1,0,0,0,0,0,0,0,0,0,0
260320,3,1,11,0,0,0,0,0,0,0,12,0
260321,1,1,0,0,0,0,0,0,0,0,0,0
260322,1,1,19,19,19,19,19,19,19,19,19,19
260322,2,1,0,0,0,0,0,0,0,26,0,0
260323,1,1,0,16,14,11,12,26,14,15,17,8
260324,1,1,0,2,0,0,13,14,6,0,0,8
260324,2,1,3,3,3,3,3,3,3,3,3,3
260325,1,1,0,0,0,0,0,0,0,0,0,9
260325,2,1,0,0,0,0,0,0,0,0,0,0
260326,1,1,0,0,0,0,0,0,0,0,0,0
260326,2,1,0,0,0,0,0,0,0,0,0,0
260327,1,1,0,0,0,0,0,0,0,0,0,0
260327,2,1,0,0,3,6,0,0,0,0,0,0
260328,1,1,0,0,0,0,0,0,0,0,0,0
260328,2,1,0,0,13,0,0,0,0,0,0,0
260329,1,1,14,14,14,14,14,14,14,14,14,14
260329,2,1,0,0,0,0,0,0,0,0,0,0
260330,1,1,0,0,0,0,0,0,0,0,0,0
260331,1,1,0,0,0,0,0,0,0,0,0,0
260331,2,1,0,0,0,0,21,0,0,0,0,0
260332,0,1,0,0,23,0,0,0,0,0,0,0
260332,1,1,0,0,0,0,0,0,0,0,0,0
260333,1,1,0,0,0,0,0,0,0,0,0,0
260333,2,1,0,0,0,0,0,0,0,0,0,0
260333,3,1,0,0,0,0,0,0,0,0,0,0
260334,1,1,0,0,0,0,0,0,0,0,0,0
260334,2,1,0,0,0,0,0,0,0,0,0,0
260334,3,1,0,0,15,0,0,0,0,0,0,0
260334,4,1,0,0,0,0,0,0,0,0,0,0
260334,5,1,0,0,0,0,0,0,0,0,0,0
260335,1,1,0,0,0,0,0,0,0,0,0,0
260335,2,1,0,12,0,0,0,0,0,0,0,0
260336,1,1,20,20,20,20,20,20,20,20,20,20
260337,1,1,0,0,0,0,0,0,0,0,0,0
260337,2,1,0,0,0,0,0,0,0,0,17,0
260337,3,1,0,0,0,0,0,0,0,0,0,0
260338,1,1,0,0,0,0,0,0,0,0,0,0
260338,2,1,0,0,0,8,8,0,0,0,0,0
260339,1,1,14,14,14,14,14,14,14,14,14,14
260340,1,1,0,0,0,0,0,0,0,0,0,0
260340,2,1,0,0,0,0,0,0,0,0,0,0
260341,1,1,0,26,0,0,0,0,0,0,0,0
260342,1,1,5,5,5,5,5,5,5,5,5,5
260343,1,1,0,0,0,0,0,0,0,0,0,0
260344,1,1,33,33,33,33,33,33,33,33,33,33
260345,1,1,0,0,0,0,0,0,0,0,0,0
260345,2,1,0,0,0,0,0,0,0,0,0,0
260346,0,1,0,0,0,0,7,0,32,1,0,0
260346,1,1,1,1,1,1,1,1,1,1,1,1
260347,1,1,1,1,1,1,1,1,1,1,1,1
260348,1,1,0,0,0,0,0,0,0,0,0,0
260348,2,1,15,0,0,0,0,0,0,0,0,0
260348,3,1,0,0,0,0,0,0,0,0,0,0
260350,1,1,0,0,0,0,0,0,0,0,0,0
260350,2,1,0,0,0,0,0,0,0,0,0,0
260351,1,1,0,0,0,0,0,0,0,0,0,0
260351,2,1,0,0,0,0,0,0,0,0,0,0
260352,1,1,6,10,15,4,17,16,6,17,11,13
260353,1,1,26,0,0,0,16,0,0,0,25,0
260354,1,1,5,28,18,21,4,16,23,10,20,20
260355,1,1,0,0,0,0,0,0,0,0,0,0
260355,2,1,0,0,0,0,0,0,0,0,0,0
260356,1,1,0,0,0,0,0,0,0,0,0,0
260356,2,1,0,0,0,0,0,0,0,0,0,0
260357,1,1,21,9,15,19,21,15,14,10,11,26
260358,1,1,16,16,16,16,16,16,16,16,16,16
260359,1,1,0,0,0,0,0,0,0,0,0,0
260360,1,1,0,32,0,0,0,0,0,0,39,0
260361,1,1,14,22,19,25,28,2,12,17,0,0
260361,2,1,0,0,0,0,0,0,0,0,0,0
260362,1,1,0,0,0,0,0,0,0,0,0,0
260362,2,1,16,0,0,0,0,0,0,0,0,0
260363,1,1,0,0,0,0,0,0,0,0,0,0
260363,2,1,0,0,0,0,0,0,0,0,0,0
260364,0,1,0,0,0,0,0,0,0,0,0,0
260364,1,1,0,0,0,0,0,0,0,0,0,0
260365,1,1,0,0,0,0,0,0,0,0,0,0
260365,2,1,0,0,21,0,0,0,0,0,0,0
260366,1,1,0,0,0,0,21,0,4,0,0,0
260367,1,1,0,0,0,0,0,0,0,0,0,0
260367,2,1,0,0,0,0,0,0,0,0,0,0
260368,1,1,0,0,0,0,0,0,0,0,0,0
260369,1,1,0,0,0,0,0,0,0,0,10,0
260370,1,1,0,0,0,0,0,0,0,0,0,0
260370,2,1,0,0,0,0,0,0,0,0,0,0
260370,3,1,0,0,0,0,0,0,0,0,0,0
260371,1,1,0,0,0,0,0,0,0,0,0,0
260371,2,1,0,0,0,0,0,0,0,0,0,0
260372,1,1,0,0,0,0,0,0,0,0,0,0
260372,2,1,0,0,0,0,0,0,0,0,0,0
260373,1,1,0,0,0,0,0,0,0,0,0,0
260373,2,1,0,0,0,0,0,0,0,0,0,0
260374,1,1,0,0,0,0,0,0,0,0,0,0
260374,2,1,0,9,0,0,0,0,0,0,0,0
260375,1,1,21,10,9,21,10,5,13,9,7,14
260375,2,1,0,0,0,0,0,0,0,0,0,0
260376,1,1,6,6,6,6,6,6,6,6,6,6
260377,0,1,0,0,0,0,0,0,0,0,0,0
260377,1,1,0,0,0,0,0,0,0,0,0,0