ST_CASE,VEH_NO,PER_NO,P1,P2,P3,P4,P5,P6,P7,P8,P9,P10
280226,1,1,0,0,0,0,0,0,0,0,0,0
280226,2,1,0,0,0,0,0,0,0,0,0,0
280227,1,1,0,0,0,0,0,0,0,0,0,0
280228,1,1,0,0,0,0,0,0,0,0,0,0
280228,2,1,0,0,0,0,0,0,0,0,0,0
280229,1,1,18,15,16,0,19,0,14,0,0,35
280230,1,1,0,0,0,0,0,0,0,0,0,0
280230,2,1,0,0,0,0,0,0,0,0,0,0
280231,0,1,0,0,0,0,0,0,0,0,0,0
280231,1,1,0,0,0,0,0,0,0,0,0,0
280232,1,1,0,0,0,0,0,0,0,0,0,0
280233,1,1,0,0,0,0,0,0,0,0,0,0
280233,2,1,0,0,0,0,0,0,0,0,0,0
280234,1,1,0,0,0,0,0,17,0,0,0,30
280235,1,1,0,0,0,0,0,0,0,0,0,0
280236,1,1,0,0,0,0,0,0,0,0,0,0
280237,1,1,5,5,5,5,5,5,5,5,5,5
280238,1,1,0,0,0,0,0,0,0,0,0,0
280239,1,1,0,0,0,0,0,0,0,0,0,0
280240,1,1,0,0,0,0,0,0,0,0,0,0
280241,1,1,0,0,0,0,0,0,0,0,0,0
280241,2,1,0,0,0,0,0,0,0,0,0,0
280242,1,1,0,0,0,0,0,0,0,0,17,0
280242,2,1,0,0,0,0,0,0,0,3,0,0
280243,1,1,5,5,5,5,5,5,5,5,5,5
280244,1,1,0,0,0,0,10,0,11,0,0,0
280244,2,1,0,0,0,0,0,0,0,0,0,0
280245,1,1,0,0,0,0,0,0,0,0,0,0
280245,2,1,0,0,0,0,0,0,10,0,0,0
280246,1,1,0,0,0,34,0,29,0,13,23,0
280247,1,1,23,23,23,23,23,23,23,23,23,23
280248,1,1,0,0,0,0,0,0,0,0,0,0
280248,2,1,0,0,0,0,0,0,0,0,0,0
280249,1,1,19,19,19,19,19,19,19,19,19,19
280250,1,1,11,11,11,11,11,11,11,11,11,11
280251,1,1,0,0,0,0,0,0,0,0,0,0
280252,1,1,18,18,18,18,18,18,18,18,18,18
280253,1,1,0,0,0,0,0,0,0,0,0,0
280253,2,1,20,0,0,0,0,0,0,16,0,8
280254,1,1,1,1,1,1,1,1,1,1,1,1
280255,1,1,12,12,12,12,12,12,12,12,12,12
280256,1,1,1,1,1,1,1,1,1,1,1,1
280257,1,1,0,0,0,0,0,0,0,0,0,0
280258,1,1,0,0,0,0,0,0,0,0,0,0
280258,2,1,0,0,0,0,0,0,0,0,0,0
280258,3,1,0,0,0,0,0,0,0,0,0,0
280259,1,1,0,0,0,0,0,0,0,0,0,0
280259,2,1,0,0,0,0,0,0,0,0,0,0
280260,1,1,0,0,0,0,0,0,0,0,0,0
280261,1,1,0,0,0,0,0,0,0,0,0,0
280261,2,1,0,0,0,0,0,0,0,0,0,0
280262,1,1,0,0,0,0,0,0,0,0,0,0
280262,2,1,0,32,0,0,0,0,0,0,0,0
280263,0,1,0,0,0,0,0,0,0,0,0,0
280263,1,1,0,0,0,0,0,0,0,0,0,0
280264,1,1,0,12,0,0,0,0,0,0,0,0
280264,2,1,0,0,0,0,0,0,0,0,0,0
280265,1,1,0,0,0,0,0,0,0,0,0,0
280266,0,1,0,0,0,0,0,0,0,0,0,0
280266,1,1,14,0,0,0,0,0,0,18,0,0
280267,1,1,0,0,0,0,0,0,0,0,0,0
280267,2,1,0,0,0,0,0,0,0,0,0,0
280268,1,1,0,0,0,0,0,0,0,0,0,0
280269,1,1,0,0,0,0,0,0,0,0,0,0
280269,2,1,0,0,12,0,0,0,22,13,0,0
280270,1,1,2,2,2,2,2,2,2,2,2,2
280271,1,1,0,0,0,0,0,0,0,0,0,0
280272,1,1,31,31,31,31,31,31,31,31,31,31
280273,1,1,0,0,0,0,0,0,0,15,0,0
280274,1,1,0,0,8,0,0,0,22,0,11,0
280275,1,1,0,0,0,0,0,0,0,0,0,0
280276,1,1,0,0,0,0,0,0,0,0,0,0
280277,1,1,0,0,0,0,0,0,0,0,0,0
280278,1,1,0,0,0,0,0,0,0,0,0,0
280278,2,1,0,0,0,0,0,0,0,0,0,0
280279,1,1,0,0,0,0,0,0,0,0,0,0
280280,1,1,0,0,0,0,0,0,0,0,0,0
280281,1,1,0,0,0,0,0,0,0,0,0,0
280282,1,1,0,0,0,0,0,0,0,0,0,0
280283,1,1,0,0,0,0,0,0,0,0,0,0
280284,1,1,26,26,26,26,26,26,26,26,26,26
280285,1,1,23,23,23,23,23,23,23,23,23,23
280286,1,1,7,7,7,7,7,7,7,7,7,7
280287,1,1,0,0,0,0,0,0,0,0,0,0
280287,2,1,0,0,0,0,0,0,0,0,0,0
280288,1,1,0,0,0,0,0,0,0,0,0,0
280289,1,1,0,0,0,0,0,0,0,0,0,0
280289,2,1,0,0,0,0,0,0,0,0,0,0
280290,1,1,0,0,0,0,0,0,0,0,0,0
280290,2,1,0,0,0,0,0,0,0,0,0,0
280291,1,1,0,0,0,0,0,0,0,0,0,0
280291,2,1,0,0,0,0,0,0,0,0,0,0
280292,1,1,0,0,0,0,13,0,0,0,0,0
280292,2,1,0,0,16,0,0,0,0,0,0,0
280293,1,1,0,0,0,0,28,0,0,0,0,0
280293,2,1,0,0,0,0,0,0,0,0,0,0
280293,3,1,0,0,0,0,0,0,0,0,0,0
280293,4,1,0,0,0,0,0,0,0,0,24,0
280294,0,1,0,0,0,0,0,0,0,0,0,0
280294,1,1,0,0,0,0,0,0,0,0,0,0
280296,1,1,0,0,0,0,0,0,0,0,0,0
280296,2,1,0,0,0,0,0,0,0,0,0,0
280297,1,1,0,0,0,0,0,0,0,0,0,0
280298,0,1,0,0,0,0,0,0,0,0,0,0
280298,0,2,0,0,0,0,0,0,0,0,0,0
280298,1,1,0,0,0,0,0,0,0,0,0,0
280299,1,1,0,0,0,0,0,0,0,0,0,0
280299,2,1,0,0,0,0,0,0,0,0,0,0
280300,1,1,0,0,0,0,0,0,0,0,0,0
280300,2,1,0,0,0,0,0,0,0,0,0,0
280301,1,1,0,0,0,0,0,0,0,0,0,0
280302,1,1,0,0,0,0,0,0,0,0,0,0
280303,1,1,0,0,0,0,0,0,0,0,0,0
280303,2,1,0,0,0,0,0,0,0,0,0,0
280304,1,1,0,0,0,0,0,0,0,0,0,0
280305,1,1,0,0,0,0,17,0,0,0,7,5
280306,1,1,0,0,0,0,0,0,0,0,0,0
280306,2,1,0,0,0,0,0,0,0,25,0,0
280307,1,1,0,0,0,0,0,3,0,0,0,0
280308,1,1,0,0,0,0,0,0,0,0,0,0
280308,2,1,0,13,0,0,0,22,0,0,12,0
280309,1,1,12,12,12,12,12,12,12,12,12,12
280309,2,1,0,0,0,0,0,9,0,22,0,0
280310,0,1,0,0,0,0,0,0,0,0,0,0
280310,1,1,0,0,0,0,0,0,0,0,0,0
280311,1,1,0,0,0,0,0,0,0,0,0,0
280312,1,1,0,0,0,0,0,0,0,0,0,0
280313,1,1,0,0,0,0,0,0,0,0,0,0
280313,2,1,0,16,7,0,0,0,0,0,14,0
280314,1,1,0,0,0,0,0,0,0,0,0,0
280315,1,1,1,1,1,1,1,1,1,1,1,1
280316,0,1,2,2,2,2,2,2,2,2,2,2
280316,1,1,0,0,6,0,10,0,0,0,0,0
280317,1,1,0,0,0,0,0,0,0,0,0,0
280317,2,1,0,0,0,0,0,0,0,0,0,0
280318,1,1,0,0,0,0,0,0,0,0,18,0
280319,1,1,0,0,0,0,0,0,0,0,0,0
280320,1,1,0,0,0,0,0,0,0,0,0,0
280320,2,1,0,0,0,0,0,0,0,0,0,0
280320,3,1,0,0,0,0,0,0,0,0,0,0
280321,1,1,0,0,0,0,0,0,0,0,0,0
280321,2,1,0,0,0,0,0,0,0,0,0,0
280322,1,1,18,18,18,18,18,18,18,18,18,18
280323,1,1,15,0,0,0,0,0,0,0,0,0
280324,1,1,0,0,0,0,0,0,0,0,0,0
280325,1,1,0,0,0,0,0,0,0,0,0,8
280326,0,1,0,0,0,0,0,0,0,0,0,0
280326,1,1,4,0,6,7,0,47,16,17,10,7
280327,1,1,0,0,0,0,0,0,0,0,0,0
280327,2,1,0,0,0,0,0,0,0,0,0,0
280328,1,1,0,0,0,0,0,0,0,0,0,0
280329,1,1,0,0,0,0,0,0,0,0,0,0
280329,2,1,5,0,0,0,0,0,0,0,0,0
280330,1,1,0,0,0,0,0,0,0,0,0,0
280331,1,1,0,1,0,0,0,0,0,0,0,0
280331,2,1,0,0,0,0,0,0,0,0,0,0
280332,0,1,12,17,10,43,37,7,18,21,10,25
280332,1,1,0,0,0,0,0,0,0,0,8,0
280333,1,1,0,12,0,0,0,0,0,0,0,0
280333,2,1,0,0,31,0,0,0,0,0,0,0
280334,1,1,0,0,0,0,0,0,0,0,0,0
280335,1,1,17,24,0,16,0,19,0,0,21,0
280336,1,1,0,0,0,0,0,0,0,0,0,0
280337,1,1,0,0,26,14,22,14,26,12,10,6
280338,1,1,0,0,0,0,0,0,0,0,0,0
280338,2,1,0,0,0,0,0,0,0,0,0,0
280339,1,1,0,0,0,0,0,0,0,0,0,0
280340,0,1,0,0,0,0,23,13,0,0,0,0
280340,1,1,0,9,0,0,0,0,0,0,0,27
280341,1,1,0,0,0,18,16,14,36,0,27,34
280342,1,1,0,0,0,0,0,0,0,0,0,0
280342,2,1,0,0,0,0,0,0,14,0,0,0
280343,1,1,0,0,0,14,0,10,0,0,28,0
280344,1,1,0,0,0,0,0,0,0,0,9,0
280344,2,1,0,0,0,0,0,0,8,0,0,0
280345,1,1,3,0,0,0,0,0,24,22,0,0
280346,1,1,0,0,0,0,9,0,0,0,0,0
280346,2,1,0,0,0,0,0,0,0,4,0,0
280347,1,1,0,0,0,0,0,0,0,0,0,0
280347,2,1,0,0,0,0,0,0,0,0,0,0
280348,1,1,0,0,0,0,0,0,0,0,0,0
280348,2,1,0,0,0,0,0,0,0,0,0,0
280349,1,1,0,0,0,0,0,0,0,0,0,0
280349,2,1,0,0,0,0,0,0,0,0,0,0
280351,1,1,0,0,0,0,0,0,0,0,0,0
280351,2,1,0,0,0,0,0,0,0,0,0,0
280352,1,1,0,0,0,0,0,0,0,0,0,0
280353,1,1,0,0,0,0,0,0,0,0,0,0
280354,1,1,0,0,0,0,0,0,0,0,0,0
280355,1,1,0,0,0,0,0,0,0,0,0,0
280356,1,1,0,0,0,15,0,13,0,0,0,0
280357,1,1,22,22,22,22,22,22,22,22,22,22
280358,1,1,0,0,0,0,0,0,0,0,0,0
280359,1,1,7,11,10,10,13,13,3,23,8,7
280360,1,1,0,0,0,0,0,0,0,0,0,0
280361,1,1,0,0,0,0,0,0,0,0,0,0
280362,1,1,0,0,0,0,0,0,0,0,0,0
280362,2,1,0,0,0,0,0,0,0,0,0,0
280363,1,1,0,0,0,0,0,20,0,0,0,12
280364,1,1,17,17,17,17,17,17,17,17,17,17
280366,1,1,0,0,0,0,0,0,0,0,0,0
280366,2,1,0,0,0,0,0,0,0,0,0,0
280367,0,1,21,20,18,0,33,17,0,0,0,8
280367,1,1,6,0,0,0,0,0,0,0,0,0
280368,1,1,29,29,29,29,29,29,29,29,29,29
280369,1,1,0,0,6,27,10,3,5,0,11,0
280370,1,1,0,0,0,0,0,0,0,0,0,0
280370,2,1,10,0,0,0,0,0,0,0,0,0
280370,3,1,0,0,0,0,0,0,0,0,0,0
280371,1,1,0,0,0,0,0,0,22,25,0,0
280372,0,1,0,0,0,0,0,0,0,0,0,0
280372,1,1,0,0,0,0,0,0,0,0,0,0
280373,0,1,0,0,0,0,0,20,0,0,0,33
280373,1,1,0,0,0,0,0,0,0,0,0,0
280374,0,1,0,0,0,0,0,0,0,0,16,0
280374,1,1,15,0,0,0,0,0,0,0,0,0
280375,1,1,0,0,0,0,0,0,0,0,0,0
280375,2,1,0,0,0,0,0,0,0,0,0,0
280376,1,1,0,0,0,0,0,0,0,0,0,0
280377,0,1,0,0,0,0,0,4,0,0,0,9
280377,0,2,28,0,0,0,29,17,0,0,18,0
280377,1,1,14,0,0,0,0,0,0,0,0,0
280378,1,1,1,1,1,1,1,1,1,1,1,1
280379,1,1,0,0,0,0,0,0,25,15,0,0
280380,1,1,0,0,0,0,0,0,0,0,0,0
280381,1,1,0,0,0,5,0,0,0,0,0,13
280381,2,1,0,0,0,0,12,0,0,0,0,0
280383,1,1,0,0,0,0,0,0,0,0,0,0
280383,2,1,0,0,0,0,0,0,0,0,0,0
280383,3,1,0,0,0,0,0,0,0,0,0,0
280384,1,1,0,0,0,0,0,0,0,0,0,0
280384,2,1,0,0,0,0,0,0,0,0,0,0
280384,3,1,0,0,0,0,0,0,0,0,0,0
280385,1,1,0,0,0,0,0,0,26,0,0,0
280385,2,1,0,0,0,0,0,0,0,0,0,0
280386,0,1,0,0,0,0,14,0,10,0,17,0
280386,1,1,0,0,13,0,0,0,0,0,0,0
280387,1,1,0,0,0,0,0,0,0,0,0,0
280387,2,1,0,0,0,0,0,0,0,0,0,0
280388,0,1,0,0,0,0,20,0,13,0,0,0
280388,0,2,0,0,14,0,0,0,0,0,0,0
280388,1,1,6,23,23,0,0,11,0,16,0,8
280389,1,1,0,0,0,0,0,0,0,0,0,0
280389,2,1,0,0,0,0,0,0,0,0,0,0
280389,3,1,0,11,0,0,0,0,0,0,32,0
280390,1,1,0,0,0,0,0,0,0,0,3,4
280391,0,1,0,0,0,0,0,0,0,0,0,0
280391,1,1,0,0,0,0,0,0,0,0,0,0
280392,1,1,0,0,0,0,0,0,0,0,0,0
280392,2,1,0,0,0,0,0,0,0,0,0,0
280392,3,1,0,0,0,0,0,0,0,0,0,0
280393,1,1,0,0,0,0,0,0,0,0,0,0
280393,2,1,0,0,0,0,0,0,0,0,0,0
280394,1,1,0,13,0,0,0,0,0,0,0,13
280395,1,1,0,0,0,0,0,0,0,0,0,0
280396,1,1,0,0,0,0,0,0,0,0,0,0
280397,1,1,8,8,8,8,8,8,8,8,8,8
280398,1,1,0,0,0,0,0,0,0,0,0,0
280398,2,1,0,0,0,0,0,0,0,0,0,0
280398,3,1,0,0,0,0,0,0,0,0,0,0
280398,4,1,0,0,0,0,0,11,0,0,0,0
280398,5,1,0,0,0,0,15,0,0,0,0,0
280398,6,1,0,0,0,0,0,0,0,0,0,0
280398,7,1,0,0,0,0,0,0,0,0,0,0
280398,8,1,0,0,0,0,0,0,0,0,0,0
280398,9,1,1,0,0,0,0,0,0,0,0,0
280399,1,1,13,13,13,13,13,13,13,13,13,13
280400,1,1,0,0,0,0,0,0,0,0,0,0
280400,2,1,0,0,0,0,0,0,0,0,0,0
280401,1,1,0,0,0,0,0,0,0,0,0,0
280401,2,1,0,0,0,0,0,0,0,0,0,0
280402,1,1,0,0,0,0,0,0,0,0,0,0
280403,0,1,43,0,0,0,14,0,37,0,7,16
280403,1,1,0,0,0,19,0,0,25,17,19,0
280404,1,1,13,0,0,0,0,0,0,0,0,0
280405,1,1,0,0,0,0,0,0,0,0,0,0
280405,2,1,0,0,20,0,0,0,0,0,0,0
280406,1,1,0,37,0,0,0,0,15,0,0,0
280406,2,1,0,0,0,0,24,11,21,12,0,7
280407,0,1,0,0,0,15,0,0,0,18,0,0
280407,1,1,8,0,0,0,20,0,0,0,0,14
280408,1,1,0,0,0,29,11,4,0,0,0,0
280408,2,1,0,0,0,25,2,18,0,0,0,0
280409,0,1,0,0,0,0,0,0,0,0,0,0
280409,1,1,2,3,15,0,8,16,24,20,13,16
280410,1,1,0,0,0,0,0,0,0,0,0,0
280410,2,1,20,0,0,15,0,14,8,0,7,25
280411,0,1,10,10,10,10,10,10,10,10,10,10
280411,1,1,0,0,0,0,0,0,0,0,0,0
280412,1,1,0,0,15,0,0,18,0,0,0,0
280413,1,1,0,0,0,0,0,0,0,0,0,0
280414,1,1,0,0,0,19,0,36,0,0,0,0
280415,1,1,17,17,17,17,17,17,17,17,17,17
280416,1,1,0,0,0,0,0,0,0,0,0,0
280416,2,1,0,0,0,0,0,0,0,0,0,0
280417,1,1,0,0,0,0,0,0,0,0,0,0
280417,2,1,0,0,0,0,0,0,0,0,0,0
280418,1,1,0,0,0,5,0,0,0,0,19,0
280419,1,1,0,0,0,0,0,0,0,0,0,0
280420,1,1,0,0,0,0,0,0,10,0,0,0
280421,1,1,0,0,0,0,0,0,0,0,0,0
280421,2,1,6,0,0,0,0,0,0,0,0,0
280422,1,1,0,0,0,0,0,0,0,0,0,0
280422,2,1,0,0,0,0,0,0,0,0,0,0
280423,0,1,0,0,0,0,0,0,0,0,0,0
280423,1,1,2,2,2,2,2,2,2,2,2,2
280424,1,1,0,0,0,0,0,0,0,0,0,0
280425,1,1,0,0,0,0,0,0,0,0,0,0
280425,2,1,0,0,0,0,0,0,0,0,0,0
280426,0,1,0,0,0,0,0,0,0,0,0,0
280426,1,1,0,0,0,0,0,0,0,0,0,0
280427,1,1,0,0,0,0,0,0,0,0,17,0
280427,2,1,0,19,0,0,0,0,28,0,0,0
280428,1,1,0,0,0,0,0,0,0,0,0,0
280429,1,1,0,0,0,0,0,0,0,0,0,0
280429,2,1,0,0,0,0,0,0,0,0,0,0
280430,0,1,0,0,0,0,0,0,0,0,0,0
280430,1,1,9,9,9,9,9,9,9,9,9,9
280432,1,1,0,0,21,0,0,0,0,0,0,0
280433,1,1,0,0,0,0,0,0,0,0,0,0
280434,1,1,0,0,0,0,0,0,0,0,0,0
280435,1,1,0,0,0,0,0,0,0,0,0,0
280436,1,1,0,0,0,0,0,0,0,0,0,0
280437,1,1,0,0,0,0,0,0,26,20,0,0
280438,1,1,0,0,0,0,0,0,0,0,0,0
280438,2,1,0,0,0,0,0,0,0,0,0,0
280439,1,1,0,15,0,0,0,16,0,0,4,0
280440,1,1,29,29,29,29,29,29,29,29,29,29
280441,0,1,0,0,0,0,0,0,0,0,0,0
280441,1,1,0,0,0,0,0,0,0,0,0,0
280442,1,1,5,5,5,5,5,5,5,5,5,5
280443,1,1,0,0,0,0,0,0,0,0,27,0
280443,2,1,27,0,29,10,15,3,0,0,0,26
280444,1,1,0,0,0,0,0,0,0,0,0,0
280444,2,1,0,0,0,0,0,0,0,0,0,0
280445,1,1,0,0,0,0,0,0,0,0,0,30
280445,2,1,17,17,17,17,17,17,17,17,17,17
280446,1,1,19,0,0,0,0,0,0,0,0,0
280447,1,1,0,0,0,0,0,0,0,0,0,0
280447,2,1,0,0,0,0,0,13,0,0,0,0
280448,1,1,0,0,0,0,0,21,0,0,0,0
280449,1,1,0,0,0,0,0,0,0,0,0,0
280450,1,1,0,0,0,0,0,0,0,0,0,0
280450,2,1,0,0,0,0,0,0,0,0,0,0
280451,1,1,0,0,0,6,0,0,0,0,0,0
280451,2,1,0,0,0,0,0,0,0,0,0,0
280452,1,1,20,20,20,20,20,20,20,20,20,20
280453,1,1,55,0,0,12,0,0,0,10,23,17
280454,1,1,0,0,0,0,0,0,0,0,0,0
280454,2,1,3,0,13,0,0,6,0,0,19,0
280455,1,1,0,0,0,0,0,0,0,0,0,0
280455,2,1,0,0,0,0,0,0,0,0,0,0
280456,1,1,0,0,0,0,0,0,0,0,0,0
280457,1,1,18,21,16,22,0,6,11,15,20,12
280457,2,1,0,15,8,7,0,14,11,0,0,0
280457,3,1,0,0,0,0,0,7,0,0,0,0
280458,1,1,0,0,0,0,0,0,0,0,0,0
280458,2,1,0,0,0,0,0,0,0,0,0,0
280459,1,1,9,9,9,9,9,9,9,9,9,9
280460,1,1,0,0,0,0,0,0,0,0,0,0
280460,2,1,0,0,0,0,0,0,0,0,0,0
280460,3,1,0,0,0,0,0,0,0,0,0,0
280461,1,1,8,8,8,8,8,8,8,8,8,8
280462,1,1,0,0,0,0,0,0,0,0,0,0
280462,2,1,0,0,0,0,0,0,0,0,0,0
280463,1,1,0,0,8,0,0,0,0,0,5,0
280464,0,1,15,0,0,0,0,20,21,0,0,0
280464,1,1,0,14,0,0,4,0,0,8,0,0
280465,1,1,0,0,0,0,0,0,0,0,0,0
280465,2,1,0,0,0,0,0,0,0,0,0,0
280466,1,1,0,0,0,0,0,0,0,0,0,0
280468,1,1,19,0,0,0,0,37,0,0,0,0
280469,1,1,0,0,0,0,0,0,0,0,0,0
280469,2,1,0,0,0,0,0,0,0,0,0,0
280470,1,1,0,0,13,0,0,0,0,0,0,0
280471,1,1,23,23,23,23,23,23,23,23,23,23
280472,1,1,0,0,16,0,0,34,11,0,0,15
280473,1,1,17,0,0,0,0,0,0,0,0,0
280474,1,1,0,0,0,0,0,0,0,0,10,0
280474,2,1,0,0,0,0,0,0,0,0,0,0
280475,1,1,0,0,0,0,0,0,0,0,0,0
280475,2,1,0,0,0,0,0,0,0,0,0,0
280476,1,1,0,0,0,0,0,0,0,0,0,0
280477,1,1,0,0,0,0,0,0,0,0,0,0
280478,1,1,0,0,0,0,0,0,0,0,0,0
280478,2,1,0,0,0,0,28,0,0,0,0,0
280479,0,1,0,0,0,0,0,0,0,0,0,0
280479,1,1,0,0,0,0,0,0,0,0,0,0
280480,1,1,0,0,0,0,0,0,0,0,0,0
280481,1,1,0,0,0,0,0,0,0,0,0,0
280482,1,1,0,0,0,0,0,0,0,0,0,0
280482,2,1,0,0,14,0,0,0,0,10,0,0
280482,3,1,0,0,22,0,0,22,0,0,19,0
280483,1,1,0,0,0,0,0,0,0,0,0,0
280483,2,1,0,0,0,0,0,0,0,0,0,0
280484,1,1,0,0,0,0,0,0,0,9,0,9
280485,1,1,8,8,8,8,8,8,8,8,8,8
280486,1,1,0,0,0,3,0,0,0,0,0,0
280486,2,1,0,0,0,0,0,0,0,0,0,0
280487,1,1,0,0,0,0,0,0,0,0,0,0
280487,2,1,20,0,0,0,0,0,0,0,18,0
280487,3,1,0,0,0,0,0,0,0,0,0,0
280488,1,1,0,0,0,0,0,0,0,0,0,0
280489,1,1,0,0,0,0,0,0,0,0,0,0
280490,1,1,0,0,0,0,0,0,0,0,0,0
280491,1,1,0,0,0,0,0,0,19,0,0,0
280492,1,1,13,13,13,13,13,13,13,13,13,13
280492,2,1,0,0,0,0,0,0,0,0,0,0
280492,3,1,27,0,0,0,0,0,0,0,0,0
280492,4,1,0,0,0,0,11,0,0,0,0,0
280493,1,1,0,19,0,11,0,0,0,0,0,0
280494,1,1,0,0,0,0,0,0,0,0,0,0
280494,2,1,0,0,0,0,0,0,0,0,0,0
280495,1,1,0,0,0,0,0,0,0,0,0,0
280496,1,1,3,3,3,3,3,3,3,3,3,3
280497,1,1,0,0,0,0,0,0,0,0,0,0
280497,2,1,0,0,0,0,0,0,0,0,0,0
280498,1,1,0,0,0,15,0,0,14,31,0,15
280499,1,1,0,0,0,0,0,0,0,0,0,0
280499,2,1,0,0,0,0,0,0,0,0,0,0
280500,1,1,0,0,0,0,13,0,0,0,20,21
280501,1,1,19,19,19,19,19,19,19,19,19,19
280502,0,1,0,0,0,0,22,0,0,0,0,0
280502,1,1,6,0,0,0,0,9,14,0,26,0
280503,1,1,0,0,0,0,0,0,14,0,0,0
280504,1,1,0,0,0,0,0,0,0,0,0,0
280504,2,1,0,0,0,0,0,0,0,0,0,0
280505,1,1,0,0,0,0,0,0,0,0,0,0
280505,2,1,0,0,0,0,0,0,0,0,0,0
280506,1,1,0,0,0,0,0,0,0,0,0,0
280507,1,1,0,0,0,0,0,0,0,0,0,0
280508,1,1,0,0,0,0,0,0,0,0,0,9
280509,1,1,0,0,0,0,0,9,0,0,0,0
280509,2,1,0,0,0,0,0,0,0,0,0,0
280510,1,1,0,0,0,0,0,0,0,0,0,0
280510,2,1,10,10,10,10,10,10,10,10,10,10
280510,3,1,5,0,0,0,0,0,0,0,0,0
280511,0,1,8,8,8,8,8,8,8,8,8,8
280511,1,1,0,0,0,0,0,0,0,0,18,0
280511,2,1,0,0,0,0,0,17,0,0,0,0
280511,3,1,0,0,0,0,0,0,0,0,0,0
280511,4,1,0,0,0,0,0,0,0,0,0,0
280512,0,1,22,22,22,22,22,22,22,22,22,22
280512,1,1,0,0,0,0,0,0,0,0,0,0
280513,1,1,0,0,0,0,0,0,0,0,0,0
280514,1,1,0,0,0,0,0,0,0,0,0,0
280515,1,1,0,0,0,0,0,0,0,0,0,0
280516,1,1,0,0,0,0,0,0,0,0,0,0
280517,1,1,0,0,0,0,0,0,0,0,0,0
280518,1,1,0,0,0,0,0,0,0,0,0,0
280518,2,1,0,10,25,5,0,0,0,0,0,0
280519,1,1,0,0,0,0,0,0,0,0,0,0
280520,1,1,35,35,35,35,35,35,35,35,35,35
280521,1,1,16,16,16,16,16,16,16,16,16,16
280522,0,1,0,0,0,0,0,0,0,0,0,0
280522,1,1,0,0,0,0,0,0,0,14,0,0
280523,1,1,0,0,0,0,0,0,0,0,0,0
280523,2,1,0,0,0,0,0,0,0,0,0,0
280524,1,1,0,0,0,0,0,0,0,0,0,0
280525,1,1,0,0,0,0,0,0,0,0,0,0
280526,1,1,0,0,0,0,0,0,0,0,0,23
280527,1,1,0,0,0,6,0,0,0,0,0,19
280528,1,1,0,0,0,0,0,0,0,0,0,0
280528,2,1,0,0,0,0,0,0,0,0,0,0
280529,1,1,0,0,0,0,8,0,0,0,0,0
280530,1,1,0,0,0,0,0,0,0,0,0,0
280531,0,1,0,0,0,0,0,0,0,0,0,0
280531,1,1,0,0,0,14,0,0,0,13,0,0
280532,1,1,0,0,0,0,0,0,0,6,0,0
280533,1,1,8,8,8,8,8,8,8,8,8,8
280534,1,1,0,0,0,0,0,0,0,0,0,0
280534,2,1,0,0,0,0,1,0,0,0,0,0
280534,3,1,0,0,0,0,16,0,28,13,0,0
280535,1,1,0,0,0,0,0,14,0,0,0,0
280536,1,1,2,2,2,2,2,2,2,2,2,2
280537,0,1,0,0,0,0,0,0,0,0,0,0
280537,1,1,0,0,0,0,0,0,0,0,0,0
280538,1,1,0,0,0,0,0,0,11,0,0,0
280538,2,1,0,0,0,0,0,0,0,0,0,0
280539,1,1,0,0,0,0,0,0,0,0,0,0
280540,1,1,0,0,0,0,0,0,0,0,0,0
280540,2,1,0,0,0,0,0,0,0,0,0,0
280541,1,1,0,0,0,0,0,0,0,0,0,0
280542,1,1,0,0,0,0,0,0,0,0,0,0
280543,1,1,13,13,13,13,13,13,13,13,13,13
280544,1,1,0,0,0,0,0,0,0,0,0,0
280544,2,1,0,0,0,0,0,0,0,0,0,0
280545,1,1,0,0,0,0,0,0,9,0,0,0
280545,2,1,0,0,0,0,0,0,0,0,0,0
280546,1,1,23,0,0,0,0,0,0,0,0,0
280546,2,1,3,3,3,3,3,3,3,3,3,3
280546,3,1,0,0,0,0,0,0,0,0,0,0
280547,1,1,19,19,19,19,19,19,19,19,19,19
280548,1,1,0,0,0,0,0,0,0,0,0,0
280549,0,1,18,22,13,0,0,31,0,16,0,0
280549,1,1,0,0,0,0,0,0,0,0,0,0
280550,1,1,0,0,0,0,0,0,0,0,0,0
280551,1,1,0,0,0,0,0,0,0,0,0,0
280551,2,1,0,0,0,0,0,0,0,0,0,0
280551,3,1,0,0,0,0,0,0,0,0,0,0
280551,4,1,0,0,0,0,0,0,0,0,0,0
280552,1,1,0,0,0,0,14,0,0,0,0,0
280553,1,1,14,14,14,14,14,14,14,14,14,14
280554,1,1,29,0,0,0,15,0,0,0,0,0
280555,1,1,0,0,0,0,0,0,0,0,0,0
280555,2,1,0,27,0,0,9,0,0,31,24,15
280556,1,1,9,11,14,14,0,5,0,20,0,7
280556,2,1,3,3,3,3,3,3,3,3,3,3
280557,1,1,0,0,0,0,0,0,0,0,0,0
280558,1,1,0,0,0,0,20,0,0,0,0,0
280558,2,1,0,0,0,0,0,0,0,0,0,0
280559,1,1,0,0,19,0,0,0,0,0,0,0
280559,2,1,0,0,0,0,0,0,0,0,0,0
280560,1,1,0,0,24,0,0,22,0,0,0,0
280561,1,1,0,0,0,0,0,0,0,0,0,0
280562,1,1,0,0,0,0,0,0,0,0,0,0
280563,1,1,0,0,0,0,0,0,0,8,0,0
280564,1,1,0,0,0,0,0,0,0,0,0,0
280565,1,1,0,0,28,0,0,0,0,0,0,10
280565,2,1,0,0,0,0,0,0,0,0,0,0
280566,1,1,0,0,0,0,0,0,5,0,0,0
280566,2,1,0,0,0,0,0,0,0,0,0,0
280567,1,1,0,0,0,0,0,0,0,0,0,0
280568,1,1,0,0,0,0,0,0,0,0,0,0
280569,1,1,17,17,17,17,17,17,17,17,17,17
280570,1,1,0,0,0,0,0,0,0,0,0,0