ST_CASE,VEH_NO,PER_NO,P1,P2,P3,P4,P5,P6,P7,P8,P9,P10
320278,1,1,0,0,0,0,0,0,0,0,0,0
320279,1,1,16,16,16,16,16,16,16,16,16,16
320280,1,1,0,0,0,0,0,0,0,0,0,0
320280,2,1,0,0,0,0,0,0,0,0,0,0
320281,1,1,0,0,0,0,0,0,11,0,0,0
320281,2,1,0,0,0,0,0,0,0,0,0,0
320281,3,1,0,0,0,0,0,0,0,0,0,0
320282,1,1,0,0,0,0,0,0,0,0,0,0
320282,2,1,0,0,0,0,0,0,0,0,0,0
320283,1,1,0,0,0,0,0,0,0,0,0,0
320284,1,1,17,15,16,11,5,22,12,0,20,18
320285,1,1,0,0,0,0,0,0,26,0,0,0
320286,1,1,8,8,8,8,8,8,8,8,8,8
320287,0,1,31,31,31,31,31,31,31,31,31,31
320287,1,1,4,12,0,0,15,18,0,17,2,15
320288,1,1,6,6,6,6,6,6,6,6,6,6
320288,2,1,0,0,0,0,0,0,0,0,0,0
320289,0,1,12,12,12,12,12,12,12,12,12,12
320289,1,1,14,16,0,0,0,12,11,0,0,0
320290,0,1,0,19,13,0,0,17,22,14,4,0
320290,1,1,0,0,0,0,0,15,14,0,0,0
320291,1,1,0,0,0,0,0,0,0,0,0,0
320292,1,1,0,0,0,0,0,0,0,0,0,0
320293,1,1,0,0,0,0,0,0,0,0,0,0
320293,2,1,0,0,0,9,32,0,0,0,0,0
320293,3,1,0,0,0,0,0,0,0,0,0,0
320294,1,1,0,0,0,0,0,0,0,0,0,0
320294,2,1,0,0,0,0,0,0,0,0,0,0
320295,1,1,0,0,0,0,0,0,0,0,0,0
320295,2,1,9,0,0,0,0,0,0,0,0,0
320295,3,1,0,0,0,0,0,0,0,0,0,0
320296,1,1,0,0,0,0,0,0,0,0,0,0
320297,0,1,20,20,20,20,20,20,20,20,20,20
320297,1,1,15,15,15,15,15,15,15,15,15,15
320298,0,1,0,0,0,0,0,0,0,0,0,0
320298,1,1,0,0,0,0,0,6,0,11,0,0
320299,1,1,3,3,3,3,3,3,3,3,3,3
320299,2,1,0,0,0,0,0,0,0,0,0,0
320300,1,1,16,16,16,16,16,16,16,16,16,16
320301,0,1,0,0,0,0,0,0,0,0,0,0
320301,1,1,0,0,0,0,0,0,0,0,0,0
320302,0,1,28,28,28,28,28,28,28,28,28,28
320302,1,1,16,16,16,16,16,16,16,16,16,16
320303,0,1,0,0,0,0,0,0,0,0,0,0
320303,1,1,0,0,0,0,0,30,0,0,0,0
320304,1,1,16,16,16,16,16,16,16,16,16,16
320305,1,1,0,0,0,0,0,0,0,32,0,0
320305,2,1,0,0,0,0,0,0,0,0,0,0
330001,1,1,0,0,0,0,0,0,0,0,0,0
330002,0,1,22,22,22,22,22,22,22,22,22,22
330002,1,1,0,0,0,0,0,0,0,0,0,0
330003,1,1,0,0,0,0,0,0,0,0,0,0
330004,0,1,0,0,0,0,0,0,0,0,0,0
330004,1,1,0,0,0,0,0,0,0,0,0,0
330005,1,1,32,32,32,32,32,32,32,32,32,32
330006,1,1,0,0,0,0,0,0,0,0,0,0
330006,2,1,12,14,0,0,0,0,0,17,0,0
330007,0,1,13,13,13,13,13,13,13,13,13,13
330007,1,1,12,12,12,12,12,12,12,12,12,12
330008,1,1,0,0,0,0,0,0,0,0,0,0
330009,1,1,0,0,0,0,0,0,0,0,0,0
330010,1,1,0,0,0,0,0,0,0,0,0,0
330010,2,1,0,0,0,0,0,0,0,0,0,0
330011,0,1,0,0,0,0,0,0,0,0,0,0
330011,1,1,0,0,0,0,0,0,0,0,0,0
330012,0,1,0,0,0,0,0,13,26,23,0,0
330012,1,1,0,0,0,0,0,0,0,0,0,0
330013,1,1,15,15,15,15,15,15,15,15,15,15
330014,1,1,10,10,10,10,10,10,10,10,10,10
330015,1,1,27,27,27,27,27,27,27,27,27,27
330015,2,1,0,0,0,0,0,0,0,0,0,0
330016,1,1,10,10,10,10,10,10,10,10,10,10
330017,1,1,0,0,0,0,0,0,0,0,0,0
330018,1,1,0,0,0,0,0,0,0,0,0,0
330019,0,1,0,0,0,0,0,0,0,0,0,0
330019,1,1,0,0,0,0,0,0,0,0,0,0
330020,1,1,21,21,21,21,21,21,21,21,21,21
330021,1,1,0,0,0,0,0,0,0,0,0,0
330022,1,1,0,0,0,0,0,0,0,0,0,0
330023,1,1,0,0,0,0,0,0,0,0,0,0
330024,1,1,0,0,0,0,0,0,0,0,0,0
330025,1,1,0,0,0,0,0,0,0,0,0,0
330026,1,1,0,0,0,0,0,0,0,0,0,0
330026,2,1,0,0,0,0,0,0,0,0,0,0
330027,1,1,15,15,15,15,15,15,15,15,15,15
330028,1,1,12,12,12,12,12,12,12,12,12,12
330029,1,1,0,0,0,0,0,0,0,0,0,0
330029,2,1,3,3,3,3,3,3,3,3,3,3
330029,3,1,0,0,0,10,0,0,0,0,20,0
330030,1,1,12,12,12,12,12,12,12,12,12,12
330031,1,1,0,0,0,0,0,0,0,0,0,0
330031,2,1,0,0,0,0,0,0,0,0,0,0
330032,1,1,23,23,23,23,23,23,23,23,23,23
330033,1,1,0,0,0,0,0,0,0,0,0,0
330033,2,1,0,0,0,0,0,0,0,0,0,0
330034,1,1,15,15,15,15,15,15,15,15,15,15
330035,1,1,0,0,0,0,0,0,0,0,0,0
330035,2,1,0,0,0,0,0,0,0,0,0,0
330036,1,1,24,0,14,0,0,0,0,0,0,19
330037,1,1,24,24,24,24,24,24,24,24,24,24
330038,1,1,8,8,8,8,8,8,8,8,8,8
330039,1,1,0,0,0,0,0,0,0,0,0,0
330040,0,1,3,3,3,3,3,3,3,3,3,3
330040,1,1,0,0,0,0,0,0,0,0,0,0
330041,1,1,0,0,0,0,0,6,0,0,0,0
330042,1,1,27,27,27,27,27,27,27,27,27,27
330042,2,1,0,0,0,0,0,0,0,0,0,0
330043,1,1,23,23,23,23,23,23,23,23,23,23
330044,1,1,0,0,0,0,0,0,0,0,0,0
330045,1,1,0,0,0,0,0,0,0,0,0,0
330045,2,1,8,0,22,0,0,14,0,0,0,18
330046,1,1,0,0,0,0,0,0,0,0,0,0
330047,1,1,0,0,0,0,0,0,0,0,0,0
330047,2,1,0,0,0,0,0,0,0,0,0,0
330048,1,1,0,0,0,0,0,0,0,0,0,0
330048,2,1,0,0,0,0,0,19,0,0,9,17
330048,3,1,17,0,0,0,0,0,0,0,28,0
330049,1,1,0,0,0,0,0,0,0,0,0,0
330050,1,1,0,0,0,0,0,0,0,0,0,0
330050,2,1,0,24,0,0,0,0,0,0,8,0
330051,1,1,0,0,0,0,0,0,0,0,0,0
330051,2,1,0,0,9,0,0,0,0,19,0,0
330052,1,1,1,1,1,1,1,1,1,1,1,1
330052,2,1,0,0,0,0,0,0,0,0,0,0
330053,1,1,19,19,19,19,19,19,19,19,19,19
330054,1,1,0,0,0,0,0,0,0,0,0,0
330055,1,1,0,0,0,0,0,0,0,0,0,0
330056,1,1,0,0,0,0,0,28,0,0,0,14
330056,2,1,11,0,0,5,0,0,13,20,0,0
330057,1,1,0,0,0,0,0,0,0,0,0,0
330057,2,1,0,0,0,0,0,0,0,0,0,0
330058,1,1,1,1,1,1,1,1,1,1,1,1
330059,1,1,0,0,0,0,0,0,0,0,0,0
330060,0,1,0,0,0,0,0,0,0,0,0,0
330060,1,1,0,0,0,0,0,0,0,0,0,0
330061,1,1,5,5,5,5,5,5,5,5,5,5
330061,2,1,0,0,0,0,0,0,0,0,0,0
330062,1,1,0,0,0,0,0,0,0,0,0,0
330063,1,1,0,0,0,0,0,0,0,0,0,0
330064,1,1,17,17,17,17,17,17,17,17,17,17
330064,2,1,0,0,0,0,0,0,0,0,0,0
330065,1,1,0,0,0,0,0,0,0,0,0,0
330066,1,1,16,16,16,16,16,16,16,16,16,16
330067,1,1,0,0,0,0,0,0,0,0,0,0
330067,2,1,0,0,0,0,0,0,0,0,0,0
330068,0,1,0,0,0,0,0,0,0,0,0,0
330068,1,1,0,0,0,0,0,0,0,0,0,0
330069,1,1,11,11,11,11,11,11,11,11,11,11
330070,0,1,25,25,25,25,25,25,25,25,25,25
330070,1,1,0,0,0,0,0,0,0,0,0,0
330071,1,1,26,26,26,26,26,26,26,26,26,26
330072,1,1,0,0,0,0,0,0,0,0,0,0
330072,2,1,0,0,0,3,0,0,0,0,0,0
330073,1,1,0,0,0,0,0,0,0,0,0,0
330073,2,1,0,0,0,0,0,0,0,0,0,0
330074,1,1,0,0,0,0,0,0,0,0,0,0
330074,2,1,12,0,0,0,0,0,17,0,0,0
330075,1,1,21,21,21,21,21,21,21,21,21,21
330076,1,1,0,0,0,0,0,0,0,0,0,0
330077,1,1,0,0,0,0,0,0,0,0,0,0
330078,1,1,0,0,0,0,0,0,0,0,0,0
330079,1,1,0,0,0,0,0,0,0,0,0,0
330080,1,1,20,20,20,20,20,20,20,20,20,20
330080,2,1,0,0,0,0,0,0,0,0,0,0
330081,1,1,22,0,28,25,0,0,11,0,0,17
330082,1,1,0,0,0,0,0,0,0,0,0,0
330083,1,1,0,0,0,0,0,0,0,0,0,0
330083,2,1,0,0,0,0,0,0,0,0,0,0
330084,1,1,0,0,0,0,0,0,0,0,0,0
330084,2,1,0,0,0,0,0,0,0,0,0,0
330085,1,1,0,0,0,0,0,0,0,0,0,0
330086,1,1,0,0,0,0,0,0,0,0,0,0
330087,1,1,20,20,20,20,20,20,20,20,20,20
330088,1,1,0,0,0,0,0,0,0,0,0,0
330088,2,1,0,0,0,0,0,0,0,0,0,0
330088,3,1,0,19,20,17,0,21,0,0,0,9
330089,1,1,20,10,0,0,0,0,0,0,0,16
330090,1,1,18,18,18,18,18,18,18,18,18,18
330091,0,1,0,0,0,0,0,0,0,0,0,0
330091,1,1,0,0,0,0,0,0,0,0,0,0
330092,1,1,0,0,0,0,0,0,0,0,0,0
330093,0,1,0,0,0,0,0,0,0,0,0,0
330093,1,1,0,0,0,0,0,0,0,0,0,0
330094,1,1,23,23,23,23,23,23,23,23,23,23
330095,1,1,0,0,0,0,0,0,0,0,0,0
330096,0,1,19,19,19,19,19,19,19,19,19,19
330096,1,1,0,0,0,0,0,0,0,0,0,0
330097,1,1,13,13,13,13,13,13,13,13,13,13
330098,1,1,0,0,0,0,0,0,0,0,0,0
330099,1,1,4,4,4,4,4,4,4,4,4,4
330100,1,1,1,1,1,1,1,1,1,1,1,1
330100,2,1,0,12,0,14,25,0,0,0,11,0
330100,3,1,0,24,6,0,0,0,0,0,0,0
330100,4,1,0,0,0,0,0,0,0,0,0,0
330101,1,1,20,20,20,20,20,20,20,20,20,20
330102,1,1,0,0,0,0,0,0,0,0,0,0
330102,2,1,0,0,0,0,0,0,0,0,0,0
330102,3,1,0,17,0,8,0,7,0,0,0,0
330102,4,1,0,0,0,0,7,0,0,23,0,0
330102,5,1,0,0,18,0,0,0,0,0,0,0
330103,1,1,0,0,0,0,0,0,0,0,0,0
330104,1,1,0,0,0,0,0,0,0,0,0,0
330105,0,1,0,0,0,0,0,0,0,0,0,0
330105,1,1,0,0,0,0,0,0,0,0,0,0
330106,1,1,0,0,0,0,0,0,0,0,0,0
330107,1,1,12,0,0,0,0,0,0,22,0,7
330108,0,1,0,0,0,0,0,0,0,0,0,0
330108,1,1,0,0,0,0,0,0,0,0,0,0
330109,1,1,0,0,0,0,0,0,0,0,0,0
330109,2,1,15,0,0,3,0,18,0,0,0,0
330109,3,1,0,21,0,0,13,0,0,0,0,0
330110,1,1,0,0,0,0,0,0,0,0,0,0
330111,1,1,0,0,0,0,0,0,0,0,0,0
330111,2,1,0,0,0,0,0,0,0,0,0,0
330112,0,1,18,0,0,0,0,15,31,0,15,17
330112,1,1,0,0,0,0,0,0,0,0,0,0
330113,1,1,0,0,0,0,0,0,0,0,0,0
330114,0,1,0,0,0,0,0,0,0,0,0,0
330114,0,2,0,0,0,0,0,0,0,0,0,0
330114,1,1,0,0,0,0,0,0,0,0,0,0
330115,1,1,0,0,0,0,20,0,0,0,0,0
330115,2,1,0,0,0,0,0,0,0,0,0,0
330116,1,1,6,6,6,6,6,6,6,6,6,6
330117,1,1,0,0,0,0,0,0,0,0,0,0
330117,2,1,0,0,0,0,0,0,0,0,0,0
330118,0,1,19,19,19,19,19,19,19,19,19,19
330118,1,1,9,9,9,9,9,9,9,9,9,9
330119,0,1,0,0,0,0,0,0,0,0,0,0
330120,1,1,0,0,0,0,0,0,0,0,0,0
330121,1,1,0,0,0,0,0,0,0,0,0,0
330121,2,1,0,0,0,0,0,0,0,0,0,0
330122,1,1,0,0,0,0,0,0,0,0,0,0
330123,0,1,0,0,8,0,0,15,0,0,0,0
330123,1,1,0,18,0,0,10,0,0,0,0,0
330124,1,1,11,11,11,11,11,11,11,11,11,11
330125,1,1,0,0,0,0,0,0,0,0,0,0
330126,1,1,0,0,0,0,0,0,0,0,0,0
330127,1,1,17,17,17,17,17,17,17,17,17,17
330128,1,1,0,0,0,0,0,0,0,0,0,0
330128,2,1,0,25,0,20,0,17,0,0,0,18
330129,1,1,21,21,21,21,21,21,21,21,21,21
330130,1,1,0,0,0,0,0,0,0,0,0,0
340001,1,1,12,12,12,12,12,12,12,12,12,12
340002,1,1,19,19,19,19,19,19,19,19,19,19
340003,1,1,16,16,16,16,16,16,16,16,16,16
340004,1,1,0,0,0,12,0,0,0,15,27,0
340004,2,1,0,0,3,0,0,0,0,0,0,0
340005,1,1,0,0,0,0,0,0,0,0,0,0
340006,1,1,0,21,15,0,7,7,17,0,0,3
340006,2,1,0,0,0,0,0,0,0,0,0,0
340007,0,1,0,0,0,0,0,0,0,0,0,0
340007,1,1,0,15,0,0,12,0,0,0,0,0
340008,1,1,0,0,0,0,0,0,0,10,0,0
340009,1,1,17,17,17,17,17,17,17,17,17,17
340009,2,1,0,0,0,0,0,0,0,0,0,0
340010,0,1,23,23,23,23,23,23,23,23,23,23
340010,1,1,7,30,9,0,23,22,2,0,11,5
340011,0,1,22,22,22,22,22,22,22,22,22,22
340011,1,1,0,0,21,0,0,0,0,0,0,0
340012,1,1,0,0,0,0,0,0,0,0,0,0
340012,2,1,0,0,0,0,14,0,6,0,0,0
340013,1,1,11,0,0,24,23,0,0,4,16,0
340014,1,1,0,0,0,0,0,0,0,0,0,0
340015,1,1,0,0,0,0,0,0,0,0,0,0
340015,2,1,0,0,0,0,0,0,0,0,10,0
340016,1,1,0,0,0,0,0,0,0,0,0,0
340016,2,1,0,0,0,0,0,0,0,0,0,0
340017,1,1,0,0,0,0,18,0,0,0,0,0
340017,2,1,0,0,0,0,0,0,0,0,0,0
340018,1,1,0,0,0,0,11,0,0,0,0,0
340018,2,1,0,23,0,0,0,0,0,0,0,0
340019,0,1,0,0,0,0,0,0,0,0,0,0
340019,1,1,0,0,0,0,0,0,0,0,0,0
340020,0,1,8,8,8,8,8,8,8,8,8,8
340020,1,1,0,0,0,0,0,0,0,0,0,0
340021,0,1,0,0,0,0,0,0,0,0,0,0
340021,1,1,0,0,0,0,0,0,0,0,0,0
340022,0,1,7,7,7,7,7,7,7,7,7,7
340022,1,1,0,0,0,0,0,0,0,0,0,0
340023,0,1,31,31,31,31,31,31,31,31,31,31
340023,1,1,0,0,0,0,0,0,0,0,0,0
340024,0,1,0,0,0,0,0,0,0,0,0,0
340024,1,1,0,0,0,0,0,0,0,0,0,0
340025,1,1,0,0,0,0,0,0,0,0,0,0
340025,2,1,0,0,0,0,0,0,0,0,0,0
340026,1,1,23,0,0,0,0,0,0,0,0,0
340027,1,1,0,0,0,0,0,0,0,8,0,0
340027,2,1,0,0,0,0,0,0,0,0,0,0
340028,1,1,0,0,0,0,0,0,0,0,0,0
340029,1,1,0,0,0,0,0,0,14,0,0,0
340030,1,1,1,1,1,1,1,1,1,1,1,1
340031,1,1,0,0,0,0,0,0,0,0,0,0
340032,1,1,16,16,16,16,16,16,16,16,16,16
340033,1,1,5,5,5,5,5,5,5,5,5,5
340033,2,1,0,0,0,0,0,0,0,0,0,0
340034,0,1,0,0,0,0,0,0,0,0,0,0
340034,1,1,0,0,0,0,0,0,0,0,0,0
340035,1,1,0,0,0,0,0,0,0,0,0,0
340036,0,1,35,35,35,35,35,35,35,35,35,35
340036,1,1,0,0,0,0,0,0,0,0,0,0
340037,1,1,0,0,0,0,0,0,0,0,0,0
340038,1,1,0,0,0,0,0,0,0,0,0,0
340039,0,1,0,0,0,0,0,0,0,0,0,0
340039,1,1,0,0,0,0,0,0,0,0,0,0
340040,0,1,0,0,0,0,0,0,0,0,0,0
340040,1,1,0,0,0,0,0,0,0,0,0,0
340041,1,1,13,13,13,13,13,13,13,13,13,13
340042,1,1,8,0,0,0,0,0,0,0,0,0
340043,1,1,23,23,23,23,23,23,23,23,23,23
340043,2,1,0,0,0,0,0,0,0,0,0,0
340044,1,1,0,0,0,0,0,0,0,0,0,0
340044,2,1,0,0,0,0,0,0,0,0,0,0
340045,1,1,0,0,0,0,15,0,0,0,0,0
340045,2,1,0,0,0,0,0,0,0,0,0,0
340045,3,1,0,0,0,0,0,0,0,0,0,0
340046,1,1,0,0,0,0,0,0,0,0,0,0
340046,2,1,0,0,0,0,0,0,0,0,0,0
340047,0,1,0,0,0,0,0,0,0,0,0,0
340047,1,1,0,0,0,0,0,0,14,0,0,0
340048,1,1,0,0,0,0,0,0,0,0,0,0
340048,2,1,0,0,0,0,0,0,0,0,0,0
340048,3,1,0,0,0,0,0,0,0,0,0,0
340049,0,1,0,0,0,0,0,0,0,0,0,0
340049,1,1,0,0,0,0,0,0,0,0,0,0
340050,1,1,0,0,0,0,0,0,0,0,0,0
340050,2,1,0,0,0,0,0,0,0,0,0,0
340051,1,1,0,0,19,0,0,0,20,0,0,24
340052,1,1,0,0,0,0,0,0,0,0,0,0
340053,1,1,0,0,0,0,0,0,0,0,0,0
340053,2,1,0,0,0,0,0,0,0,0,0,0
340054,0,1,0,19,0,0,0,0,0,0,0,0
340054,0,2,0,0,0,0,0,0,0,0,0,0
340054,1,1,0,0,0,0,0,0,0,0,0,0
340055,1,1,0,0,0,0,0,0,0,0,0,0
340055,2,1,0,0,0,0,0,0,0,0,0,0
340056,1,1,0,0,0,0,0,0,0,0,0,0
340057,0,1,0,0,0,0,0,0,0,0,0,0
340057,1,1,9,0,0,0,0,0,0,0,0,0
340058,1,1,0,0,0,0,0,0,0,0,0,0
340058,2,1,0,0,0,0,0,0,0,0,0,0
340059,1,1,0,40,0,0,35,0,0,0,0,0
340060,1,1,25,25,25,25,25,25,25,25,25,25
340061,1,1,10,10,10,10,10,10,10,10,10,10
340061,2,1,0,0,0,0,0,0,0,0,0,0
340062,1,1,0,0,0,0,0,0,0,0,0,0
340062,2,1,0,0,0,0,0,0,0,0,0,0
340063,0,1,0,0,0,0,0,0,0,0,0,0
340063,1,1,0,0,0,0,0,0,0,0,0,12
340064,1,1,0,0,0,0,0,0,0,0,0,0
340065,1,1,0,0,0,0,0,0,0,0,0,0
340066,1,1,1,1,1,1,1,1,1,1,1,1
340067,1,1,20,20,20,20,20,20,20,20,20,20
340068,1,1,14,14,14,14,14,14,14,14,14,14
340069,1,1,0,0,0,0,0,0,0,0,0,0
340069,2,1,0,0,0,0,0,0,0,0,0,0
340070,1,1,26,26,26,26,26,26,26,26,26,26
340071,1,1,0,0,0,0,0,0,0,0,0,0
340072,1,1,0,0,0,0,0,0,0,0,0,0
340072,2,1,0,0,0,0,0,0,0,0,0,0
340073,1,1,25,17,0,0,0,9,7,12,0,13
340074,1,1,14,14,14,14,14,14,14,14,14,14
340075,1,1,0,0,0,0,0,0,0,0,0,0
340075,2,1,0,0,5,0,0,0,0,0,0,0
340075,3,1,0,0,0,0,0,0,0,0,0,0
340076,0,1,33,33,33,33,33,33,33,33,33,33
340076,1,1,0,0,0,0,0,0,0,0,15,0
340077,1,1,11,11,11,11,11,11,11,11,11,11
340078,0,1,2,2,2,2,2,2,2,2,2,2
340078,1,1,0,0,0,8,0,0,0,0,0,0
340079,0,1,0,0,0,0,0,0,0,0,0,0
340079,1,1,0,0,0,0,0,0,0,0,0,0
340080,1,1,0,0,0,0,0,0,0,0,0,18
340080,2,1,0,0,0,0,0,0,0,0,0,0
340081,0,1,0,0,0,0,0,0,0,0,0,0
340081,1,1,0,0,0,0,0,0,0,0,0,0
340082,1,1,0,0,0,0,0,0,0,0,0,0
340082,2,1,0,0,0,0,0,0,0,0,0,0
340083,0,1,0,0,0,0,0,4,0,0,0,0
340083,1,1,0,0,0,0,0,0,0,0,0,0
340084,0,1,0,0,0,0,0,0,0,0,0,0
340084,1,1,0,0,0,0,0,0,0,0,0,0
340085,0,1,0,0,0,0,0,0,0,0,0,0
340085,1,1,0,0,0,0,0,0,0,0,0,0
340086,1,1,0,0,0,0,0,0,0,0,0,0
340087,1,1,0,0,0,0,0,0,0,0,0,0
340088,1,1,0,0,0,0,20,7,0,0,0,34
340088,2,1,0,0,0,18,0,0,0,0,0,0
340089,1,1,0,19,0,4,0,25,0,0,11,13
340089,2,1,0,0,0,0,0,21,0,0,18,0
340090,0,1,0,0,0,0,0,0,0,0,0,0
340090,1,1,0,0,0,11,11,0,0,0,0,0
340091,1,1,0,0,0,0,24,0,0,9,0,22
340091,2,1,0,0,0,0,0,0,0,0,0,0
340091,3,1,0,0,0,0,0,0,0,0,0,0
340092,1,1,10,0,0,13,18,0,0,0,17,0
340094,1,1,0,0,0,0,9,0,6,0,0,0
340095,1,1,0,0,0,0,0,0,0,0,0,0
340096,0,1,10,10,10,10,10,10,10,10,10,10
340096,1,1,0,0,0,24,18,0,0,46,0,17
340097,2,1,0,0,0,0,0,0,0,0,0,0
340098,0,1,18,18,18,18,18,18,18,18,18,18
340098,1,1,0,0,23,0,0,0,0,0,0,0
340099,1,1,0,0,0,0,0,0,0,0,0,0
340100,1,1,0,0,0,0,0,0,0,0,0,0
340101,0,1,0,43,0,0,0,0,0,0,0,0
340101,1,1,27,0,0,0,0,0,0,0,0,0
340102,0,1,0,0,0,0,0,0,0,0,0,0
340102,1,1,0,0,0,0,0,0,0,0,0,0
340103,0,1,0,16,0,0,0,0,0,0,9,24
340103,1,1,0,0,0,0,0,0,0,0,0,0
340103,2,1,0,8,0,0,0,7,0,0,19,0
340104,1,1,0,0,0,0,0,0,0,0,0,0
340104,2,1,0,0,0,0,0,0,0,0,0,0
340105,1,1,27,27,27,27,27,27,27,27,27,27
340106,1,1,0,13,0,0,19,0,0,14,0,30
340107,1,1,26,0,6,0,0,40,16,15,15,22
340108,1,1,0,0,0,0,0,0,0,0,0,0
340109,0,1,0,0,0,0,0,0,0,0,0,0
340109,1,1,0,0,0,0,0,0,0,0,0,0
340110,1,1,36,36,36,36,36,36,36,36,36,36
340111,1,1,0,0,0,0,0,0,0,0,0,0
340111,2,1,0,0,0,0,0,0,0,0,0,0
340111,3,1,0,0,0,4,0,17,0,0,0,0
340112,1,1,24,24,24,24,24,24,24,24,24,24
340112,2,1,0,0,0,0,0,0,0,0,0,0
340113,1,1,23,0,21,0,0,0,0,0,0,0
340114,0,1,0,0,0,0,0,0,0,0,0,0
340114,1,1,0,0,0,0,0,0,0,0,0,0
340115,1,1,20,20,20,20,20,20,20,20,20,20
340116,1,1,0,0,0,0,0,0,0,0,0,0
340116,2,1,0,0,0,0,0,0,0,0,0,0
340117,0,1,0,0,0,0,15,0,0,0,0,0
340117,0,2,5,5,5,5,5,5,5,5,5,5
340117,0,3,11,11,11,11,11,11,11,11,11,11
340117,1,1,0,0,0,0,0,0,0,0,0,0
340118,0,1,12,12,12,12,12,12,12,12,12,12
340118,1,1,0,0,0,0,0,0,0,0,0,0
340119,0,1,0,0,0,0,0,0,0,0,0,0
340119,1,1,2,2,2,2,2,2,2,2,2,2
340120,0,1,24,24,24,24,24,24,24,24,24,24
340120,1,1,0,29,0,0,15,0,0,0,0,0
340121,1,1,0,0,0,0,0,0,0,0,0,0
340122,1,1,0,0,0,0,0,0,0,0,0,0
340123,1,1,0,0,0,0,0,0,0,0,0,0
340124,1,1,36,36,36,36,36,36,36,36,36,36
340125,1,1,0,0,0,0,0,0,0,0,0,0
340125,2,1,1,1,1,1,1,1,1,1,1,1
340126,1,1,0,0,0,0,0,0,0,0,0,0
340126,2,1,0,0,0,0,0,0,0,0,0,16
340127,0,1,0,0,0,0,0,0,0,0,0,0
340127,1,1,0,0,0,0,0,0,0,0,0,0
340127,2,1,0,0,0,0,0,0,0,0,0,0
340128,1,1,0,0,0,0,0,0,0,0,0,0
340128,2,1,0,0,0,0,0,0,0,0,0,0
340129,1,1,20,20,20,20,20,20,20,20,20,20
340130,1,1,0,0,0,0,0,0,0,0,0,0
340130,2,1,0,0,0,0,0,0,0,0,0,0
340131,0,1,24,0,0,15,0,0,4,0,15,0
340131,1,1,0,0,0,0,0,0,0,0,0,0
340132,1,1,0,0,0,0,0,0,0,0,0,0
340132,2,1,0,0,0,0,0,0,0,0,0,0
340133,1,1,0,0,0,0,0,0,0,0,0,0
340133,2,1,0,0,0,0,0,0,0,0,0,0
340133,3,1,0,0,8,0,0,0,0,0,0,0
340133,4,1,0,0,0,0,0,0,0,0,0,0
340134,1,1,0,0,0,0,0,0,0,0,0,0
340135,1,1,0,0,0,0,0,0,0,0,0,0
340135,2,1,0,0,0,0,0,0,0,0,0,0
340136,0,1,0,0,0,0,0,0,0,0,0,0
340136,1,1,0,17,17,0,0,0,7,0,0,0
340137,0,1,0,0,0,0,0,0,0,0,0,0
340137,1,1,11,11,11,11,11,11,11,11,11,11
340138,1,1,18,18,18,18,18,18,18,18,18,18
340139,1,1,0,0,0,0,0,0,0,0,0,0
340140,0,1,0,0,44,7,0,16,0,0,35,0
340140,1,1,6,0,0,5,19,0,0,0,0,0
340141,0,1,0,0,0,0,0,0,0,0,0,0
340141,1,1,0,0,11,0,0,0,0,0,0,0
340142,3,1,0,0,0,0,0,0,0,0,0,0
340143,1,1,0,0,0,0,0,0,0,0,0,0
340144,1,1,20,20,20,20,20,20,20,20,20,20
340145,0,1,0,0,0,0,0,0,0,0,0,0
340145,1,1,0,0,0,17,0,0,0,0,0,0
340146,1,1,5,5,5,5,5,5,5,5,5,5
340147,0,1,0,0,0,0,0,0,0,0,0,0
340147,1,1,0,0,0,0,0,0,0,0,0,0
340148,0,1,0,0,0,0,0,0,0,0,0,0
340148,1,1,3,3,3,3,3,3,3,3,3,3
340149,1,1,25,25,25,25,25,25,25,25,25,25
340150,1,1,0,0,0,0,0,0,0,0,0,0
340150,2,1,0,0,0,0,0,0,0,0,0,0
340151,0,1,29,29,29,29,29,29,29,29,29,29
340151,1,1,0,0,0,0,0,0,0,0,0,0
340152,0,1,0,0,0,0,0,0,0,0,0,0
340152,1,1,0,0,0,0,11,0,28,17,0,0
340152,2,1,0,0,0,0,0,0,0,0,0,23
340153,1,1,0,0,0,0,0,0,0,0,0,0
340153,2,1,0,0,0,0,0,0,0,0,0,0
340154,1,1,19,19,19,19,19,19,19,19,19,19
340155,1,1,0,0,0,0,0,0,0,0,0,0
340156,1,1,0,0,0,0,0,0,0,0,0,0
340157,0,1,0,0,0,0,0,0,0,0,0,0
340157,1,1,0,0,0,0,0,7,0,0,0,0
340158,1,1,0,0,0,0,0,0,0,0,0,0
340159,0,1,0,0,0,0,0,0,0,0,0,0
340159,1,1,0,0,0,0,0,0,0,0,0,0
340160,1,1,16,16,16,16,16,16,16,16,16,16
340160,2,1,0,0,0,0,0,0,0,0,0,0
340161,1,1,8,8,8,8,8,8,8,8,8,8
340162,1,1,0,0,0,0,0,0,0,0,0,0
340162,2,1,0,0,0,0,0,0,0,0,0,0
340163,1,1,10,10,10,10,10,10,10,10,10,10
340164,1,1,0,0,0,0,0,0,0,0,0,0