ST_CASE,VEH_NO,PER_NO,P1,P2,P3,P4,P5,P6,P7,P8,P9,P10
350177,2,1,0,0,0,0,0,0,0,0,0,0
350178,1,1,0,0,0,0,0,0,0,0,0,0
350178,2,1,0,0,0,0,0,0,0,0,0,0
350179,0,1,17,17,17,17,17,17,17,17,17,17
350179,1,1,33,0,0,0,9,0,0,0,0,0
350180,1,1,0,0,0,0,0,0,0,0,0,0
350180,2,1,0,0,0,0,0,0,0,0,0,0
350181,1,1,5,6,7,16,0,8,3,14,28,7
350182,1,1,0,0,0,0,0,0,0,0,0,4
350183,1,1,0,0,0,0,0,0,3,0,0,0
350184,0,1,0,0,0,0,0,0,0,0,0,0
350184,1,1,0,0,0,0,0,0,0,0,0,0
350185,1,1,0,0,0,0,0,0,0,0,0,0
350185,2,1,0,0,0,0,0,0,0,0,0,0
350186,1,1,0,0,0,0,0,0,0,0,0,0
350186,2,1,0,0,0,14,0,0,0,0,0,0
350187,1,1,0,0,0,0,0,0,15,0,0,0
350188,1,1,0,0,0,0,0,0,0,0,0,0
350189,1,1,5,5,5,5,5,5,5,5,5,5
350190,1,1,0,0,0,0,0,0,0,0,0,0
350190,2,1,0,0,0,0,0,0,0,0,0,0
350191,1,1,0,17,0,7,0,20,0,0,0,0
350192,1,1,15,15,26,0,17,26,20,3,13,14
350193,1,1,0,0,0,0,0,0,18,0,0,18
350193,2,1,0,0,21,0,0,0,0,0,0,0
350194,1,1,0,0,0,0,0,0,0,0,0,0
350194,2,1,0,0,0,0,0,0,0,0,0,0
350195,1,1,0,0,0,0,0,5,0,0,0,0
350196,1,1,0,0,0,0,0,0,0,0,0,0
350197,1,1,0,0,0,0,0,0,0,0,0,0
350197,2,1,21,21,21,21,21,21,21,21,21,21
350198,1,1,23,23,23,23,23,23,23,23,23,23
350199,1,1,12,7,13,0,13,23,8,10,9,23
350200,0,1,12,12,12,12,12,12,12,12,12,12
350200,1,1,0,0,0,0,0,0,0,0,13,0
350201,1,1,14,4,35,16,20,21,20,15,9,24
350201,2,1,3,16,23,19,22,12,22,30,33,19
350201,3,1,7,11,28,23,18,41,0,21,19,8
350202,1,1,0,0,0,11,0,20,0,0,0,0
350203,1,1,0,0,0,0,0,0,0,0,0,0
350203,2,1,26,26,26,26,26,26,26,26,26,26
350204,0,1,28,28,28,28,28,28,28,28,28,28
350204,1,1,0,0,0,17,0,0,0,24,0,13
350205,1,1,0,0,0,0,0,0,0,0,0,0
350205,2,1,0,0,0,0,0,0,0,0,0,0
350206,0,1,0,0,0,0,0,0,0,0,0,0
350206,1,1,0,0,0,0,0,0,0,0,0,0
350207,1,1,0,0,0,0,0,0,0,0,0,0
350208,1,1,15,15,15,15,15,15,15,15,15,15
350209,1,1,22,22,22,22,22,22,22,22,22,22
350210,1,1,0,0,0,0,0,0,0,0,0,0
350210,2,1,0,0,0,0,0,0,0,0,19,0
350210,3,1,0,11,0,0,0,9,0,0,0,12
350210,4,1,0,0,11,0,0,0,0,0,0,0
350211,1,1,0,0,0,0,0,0,0,0,0,0
350211,2,1,0,0,0,0,0,0,0,0,0,0
350212,1,1,0,0,0,0,0,0,0,0,0,0
350212,2,1,0,0,0,0,0,0,23,0,0,0
350213,1,1,0,0,0,0,15,10,0,0,0,0
350213,2,1,0,0,0,0,0,25,0,0,0,0
350214,1,1,0,0,0,0,0,0,0,0,0,0
350215,1,1,4,4,4,4,4,4,4,4,4,4
350216,1,1,0,0,0,0,0,0,0,0,0,0
350216,2,1,0,0,0,0,0,0,0,0,0,0
350216,3,1,0,0,0,0,0,0,0,0,0,0
350217,1,1,33,33,33,33,33,33,33,33,33,33
350218,0,1,0,0,0,0,0,0,0,0,0,0
350218,1,1,0,7,0,11,0,0,18,0,0,0
350219,0,1,0,0,0,0,0,0,0,0,0,0
350219,1,1,14,10,17,10,15,0,0,0,0,0
350219,2,1,0,0,0,0,0,3,0,0,0,0
350220,1,1,0,0,0,0,0,0,0,20,0,8
350221,1,1,22,22,22,22,22,22,22,22,22,22
350221,2,1,26,26,26,26,26,26,26,26,26,26
350222,1,1,0,0,0,0,0,0,0,0,0,0
350223,1,1,0,11,5,21,9,0,0,0,0,0
350223,2,1,0,0,0,0,0,0,0,0,0,0
350224,0,1,7,7,7,7,7,7,7,7,7,7
350224,1,1,0,0,0,9,0,0,0,0,0,0
350225,0,1,0,0,0,0,0,0,0,0,0,0
350225,1,1,0,0,0,0,9,0,0,0,0,0
350226,1,1,0,0,0,0,0,0,0,0,0,0
350226,2,1,20,20,20,20,20,20,20,20,20,20
350227,1,1,0,0,0,0,0,0,0,7,0,0
350227,2,1,0,0,0,0,0,0,0,0,0,0
350228,0,1,22,22,22,22,22,22,22,22,22,22
350228,0,2,14,14,14,14,14,14,14,14,14,14
350228,1,1,0,0,22,5,0,18,17,0,0,0
350228,2,1,0,0,0,0,0,0,5,0,0,0
350229,1,1,0,0,0,0,7,0,0,0,0,0
350229,2,1,0,0,0,0,0,0,0,0,0,0
350230,1,1,0,0,0,0,0,0,0,0,0,0
350230,2,1,8,8,8,8,8,8,8,8,8,8
350231,0,1,23,23,23,23,23,23,23,23,23,23
350231,1,1,0,0,0,0,0,0,0,0,0,0
350232,1,1,0,0,0,0,0,0,0,0,0,0
350232,2,1,0,0,0,6,0,0,0,11,0,0
350233,1,1,0,0,0,0,0,0,0,0,0,0
350234,1,1,0,0,0,0,0,0,0,0,0,0
350234,2,1,0,0,0,25,0,0,0,0,0,0
350235,1,1,0,0,0,0,0,0,0,0,0,0
350236,0,1,24,24,24,24,24,24,24,24,24,24
350236,1,1,0,0,0,0,0,0,0,0,0,0
350237,1,1,5,5,5,5,5,5,5,5,5,5
350238,1,1,0,0,0,0,0,0,0,0,0,0
350239,1,1,0,0,0,0,0,0,0,0,0,0
350240,1,1,0,0,0,0,0,0,0,0,0,0
350240,2,1,0,0,0,0,0,0,0,0,0,0
350240,3,1,13,0,0,0,0,0,0,0,0,0
350241,1,1,0,0,0,0,0,0,0,0,0,0
350241,2,1,0,0,0,0,0,0,0,0,0,0
350241,3,1,0,0,0,0,0,0,0,0,0,0
350241,4,1,23,0,0,0,0,0,0,0,0,0
350242,1,1,0,0,0,0,0,0,0,0,0,0
350243,1,1,21,21,21,21,21,21,21,21,21,21
350243,2,1,0,0,0,0,24,0,0,0,0,0
350244,1,1,10,10,10,10,10,10,10,10,10,10
350245,1,1,1,1,1,1,1,1,1,1,1,1
350246,1,1,0,0,0,0,0,0,0,0,0,0
350247,1,1,0,26,18,0,16,0,0,13,0,0
350248,1,1,0,0,0,0,0,0,0,0,0,0
350248,2,1,0,0,0,0,0,0,0,0,15,0
350249,1,1,0,0,0,0,0,0,0,0,0,0
350250,0,1,20,20,20,20,20,20,20,20,20,20
350250,1,1,0,0,0,0,10,0,28,0,0,0
350251,1,1,0,0,0,0,0,0,0,0,0,0
350252,1,1,29,29,29,29,29,29,29,29,29,29
350252,2,1,0,0,0,0,0,0,0,0,0,0
350253,1,1,15,15,15,15,15,15,15,15,15,15
350254,1,1,0,0,0,16,22,0,12,0,0,0
350254,2,1,0,0,0,15,0,0,0,0,12,0
350255,1,1,0,0,25,20,34,22,0,0,13,0
350255,2,1,0,0,0,0,0,0,0,0,0,0
350256,1,1,0,0,0,0,0,0,0,0,0,0
350257,1,1,0,0,0,0,0,0,0,0,0,0
350258,1,1,0,0,0,0,0,0,0,0,0,0
350258,2,1,0,0,0,0,0,4,0,0,18,0
350259,1,1,4,16,17,10,16,33,10,21,12,8
350260,0,1,0,0,0,0,0,0,0,0,0,0
350260,1,1,0,0,0,0,0,0,0,0,0,0
350261,1,1,20,20,20,20,20,20,20,20,20,20
350262,1,1,0,0,0,0,0,0,0,13,0,0
350263,0,1,22,22,22,22,22,22,22,22,22,22
350263,1,1,0,0,0,0,0,0,0,0,2,0
350264,0,1,26,26,26,26,26,26,26,26,26,26
350264,1,1,11,11,11,11,11,11,11,11,11,11
350265,1,1,0,0,0,0,0,0,0,0,0,0
350265,2,1,0,0,0,0,0,0,0,0,0,0
350266,1,1,0,0,0,0,0,0,0,0,0,0
350266,2,1,0,0,0,0,0,0,0,0,0,0
350266,3,1,0,0,0,0,0,0,0,0,0,0
350267,1,1,0,0,0,0,0,0,0,0,0,0
350268,0,1,41,41,41,41,41,41,41,41,41,41
350268,1,1,18,0,0,0,0,0,0,0,0,0
350269,0,1,0,0,0,0,0,0,0,0,0,0
350269,1,1,16,16,16,16,16,16,16,16,16,16
350270,0,1,0,0,0,0,0,0,0,0,0,0
350270,1,1,0,0,0,0,0,9,0,0,0,0
350271,1,1,0,0,0,0,0,0,0,0,0,0
350271,2,1,1,1,1,1,1,1,1,1,1,1
350272,1,1,0,0,0,0,0,0,0,0,0,0
350273,0,1,0,0,0,0,0,0,0,0,0,0
350273,1,1,18,18,18,18,18,18,18,18,18,18
350274,0,1,0,0,0,0,0,0,0,0,0,0
350274,1,1,0,0,0,0,0,0,0,0,0,0
350275,1,1,0,0,0,0,0,0,0,0,0,0
350275,2,1,0,0,0,0,0,0,0,0,0,20
350276,0,1,17,17,17,17,17,17,17,17,17,17
350276,1,1,0,0,0,0,0,0,0,14,0,0
350277,1,1,0,0,0,0,0,0,0,0,0,0
350277,2,1,0,0,0,0,0,0,0,0,0,0
350278,1,1,0,0,0,0,0,0,0,0,0,0
350279,1,1,8,8,8,8,8,8,8,8,8,8
350279,2,1,0,16,0,0,0,0,0,0,0,0
350281,1,1,12,12,12,12,12,12,12,12,12,12
350282,0,1,7,7,7,7,7,7,7,7,7,7
350282,1,1,0,0,0,0,0,0,0,0,0,0
350283,1,1,20,20,20,20,20,20,20,20,20,20
350284,0,1,0,0,0,0,0,0,0,0,0,0
350284,1,1,19,0,0,0,0,0,0,12,0,0
350285,0,1,19,19,19,19,19,19,19,19,19,19
350285,1,1,1,1,1,1,1,1,1,1,1,1
350286,0,1,18,18,18,18,18,18,18,18,18,18
350286,1,1,0,0,0,0,0,0,0,0,0,0
350287,1,1,0,0,0,0,0,0,0,0,0,0
350288,1,1,26,26,26,26,26,26,26,26,26,26
350289,1,1,19,11,18,23,11,20,29,10,5,12
350290,0,1,0,0,0,0,0,0,0,0,0,0
350290,1,1,0,0,0,0,0,0,0,0,0,0
350291,0,1,0,0,0,0,0,0,0,0,0,0
350291,1,1,9,18,0,0,0,0,0,0,0,0
350292,1,1,7,7,7,7,7,7,7,7,7,7
350293,1,1,0,0,0,0,0,0,0,0,0,0
350293,2,1,0,0,0,0,0,0,0,0,0,0
350294,1,1,21,21,21,21,21,21,21,21,21,21
350295,1,1,0,0,0,0,0,0,0,0,0,0
350295,2,1,0,0,0,0,0,0,0,0,0,0
350296,1,1,0,0,0,0,0,0,0,0,0,0
350297,0,1,0,0,0,0,0,0,0,0,0,0
350297,1,1,0,0,0,0,0,0,0,0,0,0
350298,1,1,0,0,0,0,0,0,0,0,0,0
350298,2,1,0,0,0,0,0,0,0,0,0,0
350299,1,1,0,0,12,4,13,18,15,0,0,0
350299,2,1,0,0,0,0,0,0,0,0,0,0
350300,0,1,16,16,16,16,16,16,16,16,16,16
350300,1,1,0,0,0,0,0,0,0,0,0,0
350301,1,1,0,0,0,0,0,0,0,0,0,0
350302,0,1,7,7,7,7,7,7,7,7,7,7
350302,1,1,0,0,0,0,0,0,0,0,0,0
350303,0,1,33,33,33,33,33,33,33,33,33,33
350303,1,1,0,7,0,0,0,0,0,0,0,0
350304,1,1,0,0,0,0,0,0,0,0,0,0
350305,1,1,0,0,0,0,0,0,0,0,0,0
350305,2,1,0,0,0,0,0,0,0,4,10,0
350306,0,1,0,0,0,0,0,0,0,0,0,0
350306,1,1,20,20,20,20,20,20,20,20,20,20
350307,1,1,37,37,37,37,37,37,37,37,37,37
350308,1,1,0,0,0,0,0,0,0,0,0,0
350308,2,1,0,0,0,0,0,0,0,0,0,0
350309,1,1,0,0,0,4,0,15,0,0,0,0
350310,1,1,0,0,0,0,0,0,0,0,0,0
350311,1,1,0,0,0,0,0,0,0,0,0,0
350312,1,1,0,0,0,0,0,0,0,0,20,0
350312,2,1,34,34,34,34,34,34,34,34,34,34
350313,1,1,18,18,18,18,18,18,18,18,18,18
350314,1,1,14,14,14,14,14,14,14,14,14,14
350315,0,1,0,0,0,0,0,0,0,0,0,0
350315,1,1,0,0,0,0,0,0,0,0,0,0
350316,1,1,23,11,25,19,20,5,18,17,13,6
350317,1,1,22,22,22,22,22,22,22,22,22,22
350318,1,1,16,20,8,3,12,22,13,15,32,12
350318,2,1,9,0,0,0,0,0,0,0,0,0
350318,3,1,0,0,0,0,0,0,0,0,0,0
350319,1,1,22,22,22,22,22,22,22,22,22,22
350320,1,1,0,0,0,0,0,0,0,0,0,0
350321,1,1,3,3,3,3,3,3,3,3,3,3
350321,2,1,0,0,0,0,0,0,0,0,0,0
350322,1,1,0,0,0,0,0,0,0,0,0,0
350323,1,1,0,0,0,0,0,0,0,0,0,0
350324,1,1,0,18,0,0,0,0,0,0,0,0
350325,0,1,0,34,13,0,0,0,0,0,0,11
350325,1,1,0,0,0,0,0,0,0,0,0,0
350326,1,1,0,0,0,0,0,0,0,0,0,0
350326,2,1,0,0,0,0,0,0,0,0,0,0
350326,3,1,0,0,0,0,0,0,0,0,0,0
350326,4,1,0,0,0,0,0,0,0,0,0,0
350326,5,1,11,0,0,0,0,0,0,0,0,0
350327,1,1,0,0,0,0,0,0,0,0,0,0
350328,1,1,5,5,5,5,5,5,5,5,5,5
350329,1,1,0,0,0,0,0,0,0,0,0,0
350329,2,1,0,0,0,0,0,0,2,0,7,0
350330,1,1,0,0,0,0,0,0,0,0,0,0
350330,2,1,0,0,0,0,0,0,0,0,0,0
350331,1,1,0,0,0,0,0,0,0,0,0,0
350332,0,1,0,0,0,0,0,0,0,0,0,0
350332,1,1,0,0,0,0,0,0,0,0,0,0
350333,0,1,44,44,44,44,44,44,44,44,44,44
350333,1,1,0,0,0,0,7,14,23,0,0,0
350334,1,1,45,45,45,45,45,45,45,45,45,45
350335,1,1,0,0,0,0,0,0,0,0,0,0
350335,2,1,0,0,0,0,0,0,0,0,0,0
350336,1,1,27,27,27,27,27,27,27,27,27,27
350337,1,1,34,16,19,26,12,9,9,19,8,23
350338,1,1,7,7,0,0,6,0,0,0,21,0
350338,2,1,0,0,0,14,19,12,0,0,0,20
350339,1,2,21,10,11,0,0,17,13,0,16,15
350340,1,1,0,0,0,0,0,27,14,0,0,0
350340,2,1,0,0,0,0,0,0,0,0,0,0
350341,0,1,0,0,0,0,0,0,0,0,0,0
350341,1,1,26,0,0,0,0,0,0,0,0,0
350342,1,1,0,0,0,0,0,0,0,0,0,0
350343,1,1,0,0,0,0,18,0,0,0,12,0
350344,1,1,0,0,0,0,0,0,0,0,0,0
350344,2,1,0,0,0,0,0,0,0,0,0,0
350345,1,1,0,0,0,0,0,0,0,0,0,0
350345,2,1,17,17,17,17,17,17,17,17,17,17
350346,1,1,0,0,0,0,0,0,0,0,0,0
350346,2,1,7,7,7,7,7,7,7,7,7,7
350347,1,1,33,33,33,33,33,33,33,33,33,33
350348,1,1,0,15,0,0,0,0,0,0,0,0
350348,2,1,0,19,0,0,0,0,0,0,0,0
350349,1,1,0,0,0,0,0,0,0,0,0,0
350349,3,1,0,0,0,0,0,0,0,0,0,0
350350,0,1,21,38,24,23,25,10,6,25,39,21
350350,1,1,0,0,0,0,0,0,0,0,0,0
350350,2,1,0,0,0,0,0,0,0,16,0,0
350351,1,1,0,0,0,0,0,0,0,0,0,0
350352,1,1,0,0,0,0,0,0,0,0,0,0
350352,2,1,0,0,0,0,0,0,0,0,0,0
350353,1,1,0,0,0,0,0,0,0,0,0,0
350353,2,1,15,5,5,14,31,0,0,17,8,7
350354,1,1,9,13,17,33,0,11,11,0,24,5
350355,1,1,0,0,0,0,0,0,0,0,0,17
350355,2,1,0,0,0,15,0,0,0,0,0,0
350356,1,1,28,28,28,28,28,28,28,28,28,28
350357,0,1,0,0,0,0,0,0,0,0,0,0
350357,1,1,0,0,0,0,0,0,0,0,0,0
350358,1,1,17,17,17,17,17,17,17,17,17,17
350360,0,1,23,23,23,23,23,23,23,23,23,23
350360,1,1,0,0,0,0,0,0,19,0,0,0
350361,1,1,0,0,0,0,0,0,0,0,0,0
350362,1,1,0,0,0,0,0,0,0,0,0,0
350362,2,1,0,0,0,0,0,0,0,0,0,18
350363,1,1,0,9,11,18,0,18,0,15,6,0
350363,2,1,0,0,0,0,0,0,0,0,0,0
350364,0,1,0,0,0,26,0,0,18,0,0,19
350364,1,1,0,0,0,0,0,0,0,0,0,0
360001,1,1,0,0,0,0,0,0,0,0,0,0
360002,1,1,9,9,9,9,9,9,9,9,9,9
360003,1,1,19,19,19,19,19,19,19,19,19,19
360004,0,1,0,0,0,0,0,0,0,0,0,0
360004,1,1,0,0,0,0,0,0,0,0,0,0
360005,0,1,0,0,0,0,0,0,0,0,0,0
360005,1,1,0,0,0,0,0,0,0,0,0,0
360006,1,1,0,0,0,0,0,0,0,0,0,0
360007,0,1,30,30,30,30,30,30,30,30,30,30
360007,1,1,0,0,0,12,0,0,12,0,0,20
360008,0,1,20,20,20,20,20,20,20,20,20,20
360008,1,1,14,26,22,7,9,0,0,5,0,12
360008,2,1,0,7,3,9,2,14,6,0,9,9
360008,3,1,0,0,0,0,0,0,0,0,0,0
360009,1,1,0,0,0,14,13,0,21,0,0,0
360010,0,1,0,0,0,0,0,0,0,0,0,0
360010,1,1,0,7,0,17,0,0,0,0,0,21
360011,1,1,0,0,0,0,0,0,0,0,0,0
360011,2,1,0,0,0,0,0,0,0,0,0,0
360012,1,1,0,0,0,0,0,0,0,0,0,0
360012,2,1,0,0,0,0,0,0,0,0,0,0
360013,0,1,0,0,42,0,0,0,0,0,6,14
360013,1,1,21,14,0,0,0,0,0,21,0,0
360014,1,1,0,0,0,0,0,0,0,0,0,0
360015,1,1,0,0,0,0,0,0,0,0,0,0
360015,2,1,0,0,0,0,0,0,0,0,0,0
360016,0,1,0,0,0,0,17,0,0,0,0,0
360016,1,1,0,0,0,0,0,0,0,0,0,0
360017,1,1,0,0,0,0,0,0,0,0,0,0
360017,2,1,0,0,0,0,12,0,0,0,0,0
360018,0,1,0,0,0,0,0,0,0,0,0,0
360018,1,1,0,0,0,0,0,0,0,0,0,0
360019,0,1,0,0,0,0,0,0,0,0,0,0
360019,1,1,0,0,0,0,29,12,0,15,3,15
360019,2,1,0,14,17,0,11,16,13,5,0,16
360020,1,1,0,0,0,0,0,0,0,0,0,0
360020,2,1,0,27,0,0,11,0,0,0,0,16
360021,0,1,0,0,0,0,0,0,0,0,0,0
360021,1,1,0,0,0,0,0,14,0,0,0,0
360022,0,1,3,3,3,3,3,3,3,3,3,3
360022,1,1,0,0,0,12,0,0,0,16,17,9
360023,1,1,0,0,0,0,0,0,0,0,0,0
360024,1,1,21,21,21,21,21,21,21,21,21,21
360025,1,1,17,17,17,17,17,17,17,17,17,17
360026,1,1,0,0,0,0,0,0,0,0,0,0
360027,1,1,0,0,0,0,0,0,0,0,0,0
360027,2,1,0,0,0,0,0,0,0,0,0,0
360028,0,1,0,0,0,0,0,0,0,0,0,0
360028,1,1,0,0,0,0,8,0,0,0,0,0
360029,0,1,0,0,0,0,0,0,0,0,0,0
360029,1,1,0,0,0,0,0,0,0,0,0,0
360030,1,1,12,12,12,12,12,12,12,12,12,12
360030,2,1,0,0,0,0,0,0,0,12,0,0
360031,0,1,0,0,0,0,0,0,0,0,0,0
360031,0,2,26,0,41,0,0,0,0,0,0,0
360031,1,1,0,0,0,0,0,21,23,20,0,0
360032,1,1,0,0,0,0,0,0,0,0,0,0
360033,0,1,0,0,0,0,0,0,0,0,0,0
360033,1,1,5,5,5,5,5,5,5,5,5,5
360034,1,1,9,21,0,5,0,0,0,0,0,13
360034,2,1,14,15,0,16,0,0,21,13,0,0
360034,3,1,0,0,0,0,0,0,0,0,0,6
360035,0,1,0,0,0,0,0,0,0,0,0,0
360035,1,1,39,0,0,0,0,0,0,0,0,0
360036,0,1,0,0,0,0,0,0,0,0,0,0
360036,1,1,0,0,0,0,0,0,0,0,0,0
360037,0,1,12,12,12,12,12,12,12,12,12,12
360037,0,2,0,0,0,26,11,0,17,0,0,0
360037,1,1,0,7,0,0,5,0,0,0,0,0
360038,1,1,0,0,0,0,0,0,0,0,0,0
360039,1,1,21,21,21,21,21,21,21,21,21,21
360040,1,1,38,38,38,38,38,38,38,38,38,38
360041,0,1,0,0,0,0,0,0,0,0,0,0
360041,1,1,18,6,7,15,9,21,9,6,7,5
360042,1,1,0,0,0,0,0,0,0,0,0,0
360042,2,1,0,17,0,20,0,0,0,0,0,0
360043,1,1,0,0,0,0,0,0,0,0,0,0
360044,0,1,0,0,19,12,0,22,27,0,0,13
360044,1,1,0,0,0,0,0,0,0,0,0,0
360045,1,1,0,0,0,0,0,0,0,0,0,16
360046,1,1,0,0,0,0,0,0,0,0,23,24
360047,1,1,0,0,0,0,0,0,0,0,0,0
360048,1,1,0,0,0,0,0,0,0,12,0,0
360048,2,1,0,0,0,0,0,0,0,0,0,0
360049,0,1,0,0,0,0,0,0,0,0,0,0
360049,1,1,0,0,10,0,0,0,0,0,8,0
360050,1,1,0,0,0,0,0,0,0,0,0,0
360051,0,1,0,0,0,0,0,21,0,13,0,0
360051,1,1,0,0,0,0,17,0,0,0,0,0
360052,1,1,14,0,0,8,0,6,0,25,0,0
360053,0,1,8,8,8,8,8,8,8,8,8,8
360053,1,1,0,0,0,0,0,0,0,0,0,0
360054,0,1,0,0,0,0,0,0,0,0,0,0
360054,0,2,0,0,35,0,16,14,0,0,0,9
360054,1,1,14,10,8,22,18,18,13,16,22,26
360054,2,1,11,0,10,0,0,20,0,0,0,0
360055,0,1,0,0,0,0,0,0,0,0,0,0
360055,1,1,0,0,0,0,0,0,0,0,0,0
360056,1,1,19,0,11,13,14,0,33,27,0,16
360057,1,1,0,0,0,0,0,0,0,0,0,0
360057,2,1,0,0,0,0,3,0,0,0,0,0
360058,0,1,0,0,0,0,0,0,0,0,0,0
360058,1,1,0,0,0,0,0,0,0,0,0,0
360059,0,1,16,16,16,16,16,16,16,16,16,16
360059,1,1,0,0,0,0,0,0,0,0,31,0
360060,0,1,0,8,0,0,0,0,0,0,20,0
360060,1,1,0,0,0,0,0,0,0,0,0,0
360061,0,1,0,0,0,0,0,0,0,0,0,0
360061,0,2,0,0,25,0,0,0,0,16,0,0
360061,0,3,37,38,0,0,0,0,0,19,0,0
360061,1,1,0,0,0,0,0,0,0,0,0,0
360062,0,1,0,0,0,0,0,0,0,0,0,0
360062,1,1,0,0,0,0,0,0,0,0,0,0
360063,1,1,0,0,0,0,0,0,0,0,0,0
360063,2,1,0,0,0,0,0,0,0,0,0,0
360064,1,1,0,4,25,6,0,0,0,17,11,0
360064,2,1,0,0,0,0,0,0,0,0,0,0
360065,0,1,0,0,0,0,0,0,0,0,0,0
360065,1,1,9,10,0,15,17,0,16,0,0,0
360066,0,1,2,2,2,2,2,2,2,2,2,2
360066,1,1,0,19,0,30,0,0,0,37,0,0
360067,1,1,21,21,21,21,21,21,21,21,21,21
360068,1,1,0,0,0,0,0,0,0,0,0,0
360068,2,1,0,4,0,0,0,0,0,0,0,0
360069,0,1,0,0,0,0,0,0,0,0,0,0
360069,1,1,0,0,25,0,0,0,0,0,0,0
360070,0,1,0,0,0,0,0,0,0,0,0,0
360070,1,1,0,7,0,0,0,0,0,0,0,0
360071,0,1,0,0,0,0,0,0,0,0,0,0
360071,1,1,0,0,0,0,0,0,0,0,0,0
360072,0,1,0,0,0,0,0,0,0,0,0,0
360072,1,1,0,0,0,0,13,0,23,0,0,14
360073,1,1,0,0,0,0,0,0,0,0,0,0
360074,1,1,0,0,0,0,0,0,0,0,0,0
360074,2,1,0,0,0,0,0,0,0,0,4,0
360074,3,1,0,0,0,0,3,0,0,5,0,0
360075,1,1,0,0,0,0,0,0,0,13,0,0
360075,2,1,0,0,0,0,0,0,0,0,0,0
360076,1,1,21,0,21,0,11,0,12,30,0,21
360076,2,1,0,0,0,0,0,0,0,0,0,0
360077,1,1,19,19,19,19,19,19,19,19,19,19
360077,2,1,0,0,0,33,0,0,0,0,16,0
360078,1,1,14,0,16,19,22,24,0,26,19,15
360079,0,1,0,0,0,0,0,0,0,0,0,0
360079,1,1,0,0,0,0,15,0,0,0,0,0
360080,0,1,24,24,24,24,24,24,24,24,24,24
360080,1,1,0,16,0,0,0,0,0,0,0,0
360081,1,1,0,0,0,0,0,0,0,0,0,0
360082,0,1,24,24,24,24,24,24,24,24,24,24
360082,1,1,12,34,0,8,27,20,25,0,10,18
360083,0,1,0,0,0,0,0,0,0,0,0,0
360083,1,1,11,14,0,4,23,0,27,0,19,6
360084,1,1,25,25,25,25,25,25,25,25,25,25
360085,0,1,13,13,13,13,13,13,13,13,13,13
360085,1,1,0,0,0,0,0,0,35,0,0,0
360086,0,1,0,0,0,0,0,0,0,0,0,0
360086,1,1,0,0,0,0,21,0,20,0,0,0
360087,0,1,0,0,0,0,0,0,0,0,0,0
360087,1,1,0,0,0,0,0,0,0,0,0,0
360088,1,1,10,30,43,23,13,17,14,9,37,0
360088,2,1,3,0,10,12,21,0,0,9,11,12
360089,1,1,0,0,0,0,0,0,0,0,0,0
360090,1,1,21,21,21,21,21,21,21,21,21,21
360091,1,1,0,0,0,0,0,0,0,0,0,0
360091,2,1,0,0,0,0,0,0,0,0,11,0
360092,0,1,0,0,0,0,0,0,0,0,0,0
360092,1,1,0,0,19,0,0,0,0,0,0,0
360093,1,1,19,19,19,19,19,19,19,19,19,19
360094,1,1,28,16,20,5,13,3,15,22,19,8
360094,2,1,0,0,0,0,28,0,0,12,0,0
360094,3,1,0,0,0,0,0,0,0,0,0,0
360095,1,1,32,32,32,32,32,32,32,32,32,32
360096,0,1,0,0,0,0,0,0,0,0,0,0
360096,1,1,0,3,0,0,0,0,4,0,0,4
360097,1,1,23,23,23,23,23,23,23,23,23,23
360098,0,1,0,0,0,0,0,0,0,0,0,0
360098,1,1,5,41,15,0,17,24,4,24,0,11
360099,1,1,0,0,0,0,0,0,0,0,0,0
360100,0,1,0,0,0,0,0,0,0,0,0,0
360100,1,1,14,0,14,0,5,26,11,0,12,12
360101,1,1,0,0,0,0,0,0,0,0,0,0
360102,0,1,0,0,0,0,0,0,0,0,0,0
360102,1,1,15,6,0,0,0,15,0,0,0,16
360103,0,1,12,12,12,12,12,12,12,12,12,12
360103,1,1,0,7,0,0,14,0,0,21,21,16
360104,1,1,0,0,0,0,0,0,0,0,0,0
360105,0,1,0,0,0,0,0,0,0,0,0,0
360105,1,1,0,8,0,0,22,6,0,0,0,0
360106,1,1,0,0,0,0,0,0,0,0,0,0
360107,0,1,40,40,40,40,40,40,40,40,40,40
360107,1,1,0,0,0,0,15,11,0,0,0,0
360108,1,1,24,24,24,24,24,24,24,24,24,24
360109,1,1,0,0,0,0,0,0,0,0,0,0
360110,0,1,26,26,26,26,26,26,26,26,26,26
360110,1,1,0,0,0,0,0,0,0,11,0,7
360111,1,1,0,0,0,0,0,0,0,0,0,0
360112,0,1,31,31,31,31,31,31,31,31,31,31
360112,1,1,0,0,0,0,0,0,0,0,0,0
360113,1,1,7,7,7,7,7,7,7,7,7,7
360113,2,1,13,0,4,0,0,0,0,13,0,0