ST_CASE,VEH_NO,PER_NO,P1,P2,P3,P4,P5,P6,P7,P8,P9,P10
360114,0,1,0,0,0,0,0,0,0,0,0,0
360114,1,1,0,0,0,0,0,0,0,0,0,0
360115,1,1,0,0,0,0,0,0,0,0,0,0
360116,1,1,0,0,0,0,0,0,0,0,0,0
360116,2,1,0,0,0,0,0,0,0,0,0,0
360117,0,1,0,0,0,0,0,0,0,0,0,0
360117,1,1,5,14,6,0,6,9,10,0,0,5
360118,0,1,0,0,0,0,0,0,0,0,0,0
360118,1,1,0,18,0,19,0,8,6,0,20,0
360119,1,1,25,25,25,25,25,25,25,25,25,25
360120,0,1,0,0,0,0,0,0,0,0,0,0
360120,0,2,18,26,0,0,0,23,0,24,6,28
360120,0,3,0,0,0,0,0,0,0,0,0,0
360120,3,1,6,5,11,4,8,7,10,4,5,11
360121,1,1,20,18,28,20,21,15,22,13,21,45
360122,1,1,0,0,0,0,0,0,0,0,0,0
360123,1,1,0,0,15,0,0,0,0,0,22,0
360124,1,1,0,6,0,0,0,0,0,0,0,0
360125,1,1,0,23,0,20,0,0,0,0,0,0
360125,2,1,23,0,0,8,21,0,0,0,0,0
360126,1,1,17,17,17,17,17,17,17,17,17,17
360126,2,1,8,0,0,0,0,4,0,0,0,21
360127,0,1,0,0,0,0,0,0,0,0,0,0
360127,1,1,0,0,0,0,0,0,0,0,0,0
360128,1,1,22,0,22,21,21,33,16,13,15,27
360129,0,1,32,32,32,32,32,32,32,32,32,32
360129,1,1,15,4,0,0,0,0,6,7,0,5
360130,1,1,0,0,0,0,0,0,0,0,0,0
360131,1,1,0,0,0,0,0,0,0,0,0,0
360132,1,1,0,0,17,0,0,11,0,0,0,0
360132,2,1,0,0,0,0,0,0,0,0,0,0
360132,3,1,0,0,0,0,0,0,0,0,0,0
360133,0,1,0,18,34,27,0,13,23,32,7,0
360133,1,1,0,15,0,0,0,0,0,14,0,0
360134,1,1,18,18,18,18,18,18,18,18,18,18
360135,1,1,0,4,8,0,0,0,0,0,0,0
360135,2,1,0,7,0,0,0,0,0,0,16,0
360136,1,1,0,6,0,0,5,15,9,0,15,0
360136,2,1,0,0,0,0,0,0,0,0,0,0
360137,1,1,0,0,0,0,0,0,0,0,0,0
360138,0,1,0,0,0,0,0,0,0,0,0,0
360138,1,1,0,0,0,0,0,0,0,0,0,0
360139,1,1,23,23,23,23,23,23,23,23,23,23
360139,3,1,0,22,25,11,0,27,23,0,22,29
360139,4,1,19,0,0,0,0,0,16,18,22,6
360140,0,1,0,0,0,0,0,0,0,0,0,0
360140,1,1,0,0,0,7,0,0,24,10,0,19
360141,1,1,28,28,28,28,28,28,28,28,28,28
360142,1,1,0,0,0,0,0,0,0,0,0,0
360143,1,1,16,16,16,16,16,16,16,16,16,16
360144,1,1,0,0,0,13,0,0,0,11,0,0
360144,2,1,0,0,0,0,0,0,0,0,0,0
360145,1,1,0,0,0,0,0,0,0,0,0,0
360145,2,1,0,20,0,0,0,0,8,0,0,0
360146,1,1,0,0,14,0,0,0,26,0,4,19
360147,1,1,0,0,0,0,0,0,0,0,0,0
360147,2,1,0,0,0,0,0,0,0,0,0,0
360148,1,1,26,26,26,26,26,26,26,26,26,26
360149,1,1,1,1,1,1,1,1,1,1,1,1
360150,0,1,0,0,12,0,0,0,0,0,0,0
360150,1,1,0,0,0,0,0,0,0,0,0,0
360151,1,1,0,0,0,0,0,0,0,0,0,0
360151,2,1,0,0,0,0,0,0,0,0,0,0
360152,0,1,0,0,0,0,0,0,0,0,0,0
360152,1,1,0,26,0,16,0,18,0,0,0,0
360153,1,1,0,0,0,12,0,0,0,0,0,0
360154,1,1,0,0,27,0,0,0,0,0,0,0
360155,0,1,0,0,0,0,0,0,0,0,0,0
360155,1,1,0,0,0,17,0,0,0,0,0,0
360156,1,1,0,0,0,0,0,0,0,0,0,0
360156,2,1,0,0,0,20,0,0,0,0,0,0
360156,3,1,6,0,0,0,26,10,13,0,16,0
360157,1,1,28,28,28,28,28,28,28,28,28,28
360158,0,1,16,16,16,16,16,16,16,16,16,16
360158,1,1,17,0,0,8,4,11,16,7,0,2
360159,1,1,19,0,0,0,0,0,0,0,17,0
360159,2,1,0,0,0,0,0,0,0,0,0,0
360159,3,1,0,0,0,0,0,0,0,0,0,0
360160,1,1,0,0,0,0,0,0,0,0,0,0
360161,1,1,0,0,0,0,0,0,0,0,0,0
360162,1,1,0,0,0,0,0,0,0,0,0,0
360163,0,1,12,12,12,12,12,12,12,12,12,12
360163,1,1,0,0,0,0,0,10,0,6,0,0
360164,1,1,0,22,0,0,0,0,0,0,0,0
360164,2,1,0,0,0,0,0,0,0,0,0,0
360165,0,1,0,0,0,0,0,0,0,0,0,0
360165,1,1,0,0,5,0,0,0,0,0,15,0
360166,1,1,0,0,0,0,0,10,0,0,0,0
360166,2,1,0,0,0,0,0,0,0,0,0,0
360167,1,1,0,0,0,0,0,0,0,0,0,0
360167,2,1,5,0,0,4,0,0,0,0,0,0
360168,1,1,0,0,0,0,0,0,0,0,0,0
360168,2,1,0,0,0,0,13,0,22,0,0,0
360169,1,1,0,0,0,0,0,0,0,0,0,0
360170,1,1,0,0,0,0,0,0,0,0,0,0
360171,1,1,0,0,0,0,5,0,0,0,0,0
360172,1,1,5,0,0,0,0,18,0,0,0,0
360172,2,1,0,0,0,0,0,0,0,0,0,0
360173,1,1,3,23,16,17,17,16,16,14,7,21
360174,1,1,0,0,0,0,0,0,0,0,0,0
360174,2,1,0,0,0,0,10,10,28,5,0,0
360174,3,1,0,20,0,4,0,0,0,8,0,0
360175,1,1,0,0,0,0,0,0,0,0,0,0
360175,2,1,0,0,16,0,0,0,0,14,0,18
360176,1,1,0,0,0,0,0,0,0,0,0,0
360176,2,1,0,0,0,0,0,0,0,0,0,15
360177,1,1,0,0,0,0,0,0,0,0,0,0
360177,2,1,12,8,18,26,16,0,13,10,27,14
360178,1,1,19,15,0,0,23,0,11,20,0,11
360179,1,1,14,14,14,14,14,14,14,14,14,14
360180,1,1,0,0,0,0,0,0,0,0,0,0
360180,2,1,11,0,0,2,0,0,0,0,0,7
360181,1,1,0,0,0,0,0,0,0,0,0,0
360181,2,1,0,0,0,0,16,0,0,0,0,0
360182,0,1,0,0,0,0,0,0,0,0,0,0
360182,1,1,19,17,0,0,0,0,0,0,0,0
360183,0,1,0,0,0,0,0,0,0,0,0,0
360183,2,1,15,31,18,24,8,12,21,12,19,25
360183,3,1,0,15,0,30,16,0,32,11,0,12
360184,0,1,0,0,0,0,0,0,0,0,0,0
360184,1,1,0,29,0,0,0,14,0,0,0,0
360185,0,1,27,27,27,27,27,27,27,27,27,27
360185,1,1,0,0,13,0,30,0,0,0,0,0
360186,0,1,0,0,0,0,0,0,0,0,0,0
360186,1,1,0,0,0,0,0,0,16,0,0,0
360187,1,1,0,0,0,0,0,0,0,0,0,0
360188,1,1,3,22,15,6,15,10,22,5,22,0
360188,2,1,0,0,0,0,0,0,0,0,0,0
360189,1,1,0,0,3,0,0,0,10,0,0,0
360189,2,1,0,0,0,0,0,0,0,0,0,0
360190,0,1,0,0,0,0,0,0,0,0,0,0
360190,1,1,0,0,0,0,0,0,0,0,0,0
360191,0,1,0,0,0,0,0,0,0,0,0,0
360191,1,1,0,0,0,0,0,0,0,0,0,0
360192,1,1,0,27,0,0,20,0,0,0,0,0
360192,2,1,0,0,0,0,0,0,0,0,0,0
360193,1,1,0,0,11,0,0,0,0,0,0,0
360193,2,1,0,0,0,0,0,0,0,0,2,0
360194,1,1,11,11,11,11,11,11,11,11,11,11
360195,0,1,0,0,0,0,0,0,0,0,0,0
360195,1,1,0,0,0,0,0,0,0,0,0,0
360196,0,1,0,0,0,0,14,25,0,0,0,0
360196,1,1,21,21,21,21,21,21,21,21,21,21
360197,1,1,0,0,19,8,19,21,0,0,17,0
360198,1,1,0,0,0,0,0,0,0,0,0,0
360199,0,1,0,0,0,0,0,0,0,0,0,0
360199,1,1,7,14,22,0,25,0,0,18,0,0
360200,1,1,8,8,8,8,8,8,8,8,8,8
360200,2,1,11,0,0,0,22,0,0,14,9,9
360201,0,1,0,0,0,24,0,0,0,0,0,0
360201,0,2,0,0,0,0,0,0,0,0,0,20
360201,0,3,0,0,0,0,0,0,0,0,0,0
360201,0,4,0,0,0,0,0,0,0,0,0,0
360201,1,1,0,0,0,17,0,0,0,0,0,0
360202,1,1,0,18,0,0,0,0,0,0,0,0
360202,2,1,0,0,0,0,0,0,0,0,0,0
360203,1,1,29,29,29,29,29,29,29,29,29,29
360204,0,1,28,28,28,28,28,28,28,28,28,28
360204,1,1,0,0,0,0,0,0,0,0,0,0
360205,1,1,0,0,0,0,0,0,0,0,0,0
360206,1,1,0,0,0,0,0,0,0,0,0,0
360206,2,1,0,0,0,0,0,0,0,0,0,0
360207,1,1,0,0,0,0,0,20,0,0,0,0
360207,2,1,0,0,0,0,0,0,0,0,0,0
360208,1,1,0,0,0,0,0,0,0,0,18,17
360209,1,1,0,0,0,0,0,0,0,0,0,0
360210,1,1,0,0,0,5,0,0,0,0,0,9
360210,2,1,0,0,14,0,0,0,0,0,0,0
360211,1,1,0,0,0,0,0,0,0,0,0,0
360211,2,1,0,0,0,0,0,0,12,0,0,0
360212,0,1,0,0,0,0,0,0,0,0,0,0
360212,1,1,0,0,0,0,0,0,0,0,0,0
360213,1,1,0,0,0,0,0,0,0,0,0,0
360214,0,1,0,0,0,0,0,0,0,0,0,0
360214,1,1,0,23,0,0,0,0,0,0,9,0
360215,1,1,0,0,0,26,0,0,10,0,0,21
360215,2,1,11,8,4,10,5,0,20,16,14,0
360216,0,1,0,0,0,0,0,0,0,0,0,0
360216,1,1,0,7,4,0,0,0,0,19,0,0
360217,1,1,0,0,0,0,0,0,0,0,0,0
360218,1,1,0,0,0,0,0,0,0,0,0,16
360218,2,1,0,0,0,13,0,0,0,18,0,0
360219,1,1,21,12,13,10,7,13,13,16,13,3
360219,2,1,0,0,0,0,0,0,0,0,0,0
360220,1,1,0,0,0,0,0,0,0,0,0,0
360221,1,1,0,0,13,13,10,0,0,17,24,15
360223,1,1,0,0,0,0,0,0,0,0,0,0
360224,0,1,0,0,0,0,0,0,0,0,0,0
360224,1,1,0,0,0,0,0,0,0,0,0,0
360225,1,1,0,0,0,0,0,16,4,0,0,0
360225,2,1,0,0,0,0,0,0,0,0,0,0
360226,1,1,12,12,12,12,12,12,12,12,12,12
360227,1,1,0,0,0,4,0,0,0,0,0,0
360227,2,1,0,0,0,0,0,0,0,0,0,0
360228,1,1,0,0,0,0,0,0,0,0,0,0
360229,1,1,0,0,0,0,0,0,0,0,0,0
360229,2,1,11,0,0,0,0,0,0,0,0,0
360230,0,1,0,0,0,0,0,0,0,0,0,0
360230,1,1,0,0,0,0,0,0,0,0,0,0
360231,1,1,0,0,0,0,0,0,0,0,0,0
360232,0,1,16,16,16,16,16,16,16,16,16,16
360232,1,1,0,0,0,0,0,0,0,0,18,0
360233,1,1,0,0,0,0,0,0,0,0,0,0
360234,1,1,0,0,0,0,0,0,0,0,0,0
360235,1,1,0,2,0,0,0,0,0,0,0,0
360235,2,1,0,0,0,0,0,0,0,0,0,0
360236,1,1,9,9,9,9,9,9,9,9,9,9
360237,0,1,40,40,40,40,40,40,40,40,40,40
360237,1,1,0,5,6,2,13,5,0,14,0,10
360238,1,1,0,0,0,0,0,0,0,0,16,0
360238,2,1,0,0,0,0,23,0,0,0,0,0
360239,1,1,3,3,3,3,3,3,3,3,3,3
360240,0,1,16,16,16,16,16,16,16,16,16,16
360240,1,1,0,0,21,24,0,0,0,27,0,0
360240,2,1,0,0,0,21,0,0,29,17,12,12
360241,1,1,0,0,0,0,0,0,0,0,0,0
360242,0,1,45,45,45,45,45,45,45,45,45,45
360242,1,1,0,0,0,0,0,0,12,0,26,0
360243,1,1,19,19,19,19,19,19,19,19,19,19
360244,0,1,0,0,0,0,0,0,0,0,0,0
360244,1,1,0,0,0,0,0,0,0,0,0,0
360245,0,1,0,0,0,0,0,0,0,0,0,0
360245,1,1,0,0,0,0,0,0,0,0,0,0
360246,1,1,0,0,0,12,0,18,23,29,0,19
360246,2,1,18,7,0,0,0,0,12,0,0,0
360247,1,1,4,2,0,22,0,0,0,22,0,25
360247,2,1,0,0,0,0,0,0,0,0,0,0
360248,0,1,0,0,0,0,0,0,0,0,0,0
360248,1,1,0,19,0,0,0,0,0,0,0,0
360249,0,1,0,30,0,0,0,7,16,34,19,0
360249,1,1,0,0,0,30,0,0,0,14,12,0
360250,1,1,0,0,0,0,0,0,0,25,0,0
360250,2,1,0,0,10,0,0,0,0,0,0,0
360251,1,1,0,0,16,14,0,0,0,0,0,0
360251,2,1,0,0,0,0,0,0,0,17,0,0
360252,0,1,11,37,25,29,25,40,14,0,11,0
360252,1,1,13,18,44,13,24,10,16,15,8,23
360253,0,1,0,0,0,0,0,0,0,0,0,0
360253,1,1,0,0,0,0,0,0,0,0,0,0
360254,1,1,0,0,0,0,0,0,0,0,0,0
360254,2,1,0,0,8,9,0,9,0,0,0,0
360254,3,1,0,0,0,9,0,0,0,0,0,0
360255,1,1,18,0,18,10,11,21,0,17,16,9
360256,0,1,0,0,0,0,0,0,0,0,0,0
360256,0,2,18,0,0,0,0,0,0,30,0,0
360256,1,1,0,0,0,0,0,0,0,0,0,0
360256,2,1,4,26,27,15,18,25,12,21,0,16
360257,1,1,5,5,5,5,5,5,5,5,5,5
360257,2,1,0,0,27,0,21,0,0,0,17,0
360258,1,1,0,0,0,0,20,0,15,0,0,0
360259,0,1,0,0,0,0,0,0,0,0,0,0
360259,1,1,0,29,0,0,0,0,0,0,0,0
360260,1,1,0,0,0,0,0,0,0,0,0,0
360261,1,1,0,0,0,0,0,0,0,0,0,0
360261,2,1,8,0,0,0,18,0,0,0,0,0
360262,1,1,0,0,0,0,0,0,0,0,0,0
360262,2,1,0,0,0,0,0,0,0,0,0,0
360262,3,1,0,8,0,0,0,17,0,0,0,0
360262,4,1,0,0,0,0,0,14,0,32,0,11
360263,1,1,0,0,0,0,0,0,0,0,0,0
360264,1,1,0,16,0,0,0,0,0,0,0,0
360265,1,1,0,0,0,0,0,0,0,0,0,0
360265,2,1,0,0,0,0,0,0,0,0,0,0
360266,1,1,0,0,0,0,0,0,0,0,0,0
360267,1,1,0,0,0,0,0,0,0,0,0,0
360267,2,1,0,0,0,0,0,0,0,0,0,0
360268,1,1,0,0,0,0,0,0,0,0,0,0
360268,2,1,0,0,0,0,0,0,0,0,0,0
360269,0,1,27,0,22,0,0,0,0,0,0,19
360269,3,1,8,31,14,13,9,8,2,9,14,9
360270,1,1,2,0,17,0,0,18,0,24,0,15
360271,0,1,0,0,0,0,0,0,0,0,0,0
360271,0,2,0,0,0,0,0,0,0,0,0,0
360271,1,1,0,0,0,25,0,0,14,0,0,9
360272,1,1,0,13,0,0,0,0,0,0,0,0
360272,2,1,9,9,9,9,9,9,9,9,9,9
360273,1,1,0,0,0,0,0,0,0,0,0,0
360274,1,1,16,32,25,20,12,8,15,16,19,21
360275,1,1,0,0,0,0,0,0,0,0,0,13
360275,2,1,0,0,0,0,0,0,0,0,23,0
360276,1,1,0,0,0,0,0,0,0,0,0,0
360276,2,1,0,0,0,0,0,0,0,0,0,0
360277,1,1,4,11,20,17,16,13,6,15,13,12
360278,1,1,0,0,0,0,0,0,0,0,0,0
360279,1,1,0,14,21,0,11,0,0,0,0,0
360279,2,1,0,0,0,0,0,0,0,0,0,0
360280,1,1,0,0,0,0,0,0,0,0,0,0
360281,1,1,0,0,0,0,0,0,0,0,0,0
360281,2,1,0,0,0,0,0,0,0,0,0,0
360282,1,1,18,18,18,18,18,18,18,18,18,18
360283,1,1,0,0,0,2,0,0,0,0,0,0
360283,2,1,12,14,11,0,0,0,8,28,0,0
360284,1,1,0,0,4,0,0,0,0,0,0,0
360284,2,1,0,0,0,0,0,0,0,0,0,0
360284,3,1,0,0,0,0,0,0,0,0,17,0
360285,0,1,0,0,0,0,0,0,0,0,0,0
360285,1,1,0,0,0,0,0,0,0,0,0,0
360286,1,1,0,0,0,0,0,0,0,0,0,0
360287,1,1,0,0,0,0,0,0,0,0,0,0
360288,0,1,0,0,0,0,0,0,0,0,0,0
360288,0,2,0,0,5,0,0,0,0,0,0,0
360288,1,1,0,9,0,0,0,20,10,0,0,0
360289,1,1,26,14,8,12,8,0,18,25,0,15
360290,1,1,23,23,23,23,23,23,23,23,23,23
360291,1,1,0,0,0,0,0,0,0,0,0,0
360291,2,1,0,0,0,0,0,0,0,0,0,0
360292,1,1,0,0,0,0,0,0,0,0,0,0
360292,2,1,0,0,0,0,0,0,0,0,0,0
360293,1,1,0,0,0,27,12,0,0,0,15,9
360294,1,1,22,28,17,19,16,17,11,8,23,6
360295,1,1,9,19,0,0,0,0,0,0,0,0
360296,1,1,0,0,0,0,0,0,0,0,0,0
360296,2,1,0,5,0,0,0,0,0,8,0,11
360297,0,1,0,0,0,0,0,0,0,0,0,0
360297,1,1,8,0,0,0,0,0,0,0,0,0
360298,1,1,20,9,13,31,13,31,32,10,6,7
360299,1,1,0,0,0,0,10,34,0,0,0,0
360300,1,1,0,0,0,0,0,0,0,0,0,0
360300,2,1,0,0,16,0,0,0,0,0,18,0
360301,1,1,17,17,17,17,17,17,17,17,17,17
360302,1,1,0,0,0,0,0,0,0,0,0,0
360302,2,1,0,0,0,0,0,0,0,0,0,0
360302,3,1,0,0,14,0,0,0,0,0,0,0
360303,1,1,0,29,0,0,8,0,0,25,0,0
360304,0,1,0,34,0,0,0,0,0,0,0,0
360304,1,1,0,7,0,0,0,0,0,0,0,0
360304,2,1,0,0,0,0,0,0,0,6,0,0
360305,0,1,0,17,0,0,0,0,0,0,0,0
360305,1,1,0,0,0,0,12,0,0,0,0,0
360306,1,1,12,12,12,12,12,12,12,12,12,12
360307,1,1,0,14,0,0,0,0,13,0,0,0
360307,2,1,0,0,0,0,0,0,0,0,0,0
360308,0,1,0,0,0,0,0,0,0,0,0,0
360308,1,1,0,0,0,20,0,0,0,0,0,7
360309,0,1,0,0,0,0,0,0,0,0,0,0
360309,1,1,15,15,15,15,15,15,15,15,15,15
360310,1,1,0,0,0,10,0,0,0,4,0,12
360311,1,1,0,0,0,0,0,0,0,0,0,0
360311,2,1,0,0,0,0,0,0,0,0,0,0
360312,1,1,0,0,0,0,0,0,0,0,0,0
360312,2,1,0,9,7,0,0,0,0,0,0,0
360313,1,1,0,0,0,9,0,0,0,0,0,0
360313,2,1,0,0,0,0,0,0,0,0,0,0
360314,0,1,0,0,0,0,0,0,0,0,0,0
360314,1,1,15,10,0,0,15,0,7,10,0,0
360314,2,1,0,0,0,0,0,0,0,0,0,0
360315,1,1,0,0,0,0,0,0,0,0,0,0
360316,1,1,10,9,9,9,0,0,0,0,0,10
360317,1,1,0,0,0,0,0,0,0,0,0,0
360317,2,1,31,0,12,29,19,24,0,14,25,8
360318,0,1,6,6,6,6,6,6,6,6,6,6
360318,1,1,0,0,17,0,7,7,14,5,46,0
360320,1,1,13,20,40,8,0,22,0,15,13,26
360321,0,1,0,0,0,0,0,0,0,0,0,0
360321,1,1,0,0,11,0,0,0,0,0,0,0
360322,0,1,0,0,0,0,0,0,0,0,0,0
360322,1,1,0,0,0,0,0,0,6,0,6,5
360323,1,1,21,21,21,21,21,21,21,21,21,21
360324,2,1,0,0,0,0,0,0,0,0,0,0
360325,0,1,38,38,38,38,38,38,38,38,38,38
360325,1,1,0,0,9,0,8,14,11,21,14,0
360326,0,1,16,16,16,16,16,16,16,16,16,16
360326,1,1,0,0,0,0,0,0,0,18,0,0
360327,1,1,0,0,0,0,0,0,0,0,0,0
360327,2,1,0,0,0,0,0,0,0,0,0,0
360328,1,1,0,0,0,0,0,0,0,0,0,0
360328,2,1,30,0,0,0,0,0,0,0,0,0
360329,1,1,0,0,0,0,0,0,0,0,0,0
360329,2,1,3,0,0,0,0,0,0,0,0,0
360330,1,1,0,0,0,12,0,0,0,0,0,0
360330,2,1,0,0,0,0,0,0,0,0,0,0
360331,0,1,0,0,0,0,0,0,0,0,0,0
360331,1,1,0,0,0,0,0,0,0,0,0,0
360332,0,1,0,0,0,0,0,0,0,0,0,0
360332,1,1,0,0,0,0,0,0,0,0,0,0
360333,0,1,0,0,0,0,0,0,0,0,0,0
360333,1,1,0,0,10,0,0,20,0,0,0,0
360334,1,1,3,26,0,10,0,14,24,12,0,0
360335,1,1,12,19,0,28,7,0,0,4,0,0
360336,1,1,19,19,19,19,19,19,19,19,19,19
360337,1,1,0,0,0,0,0,0,0,0,0,0
360337,2,1,0,0,0,0,0,0,0,0,21,0
360338,0,1,0,0,0,0,0,0,0,0,0,0
360338,1,1,0,17,0,0,0,0,0,0,0,0
360339,1,1,11,11,11,11,11,11,11,11,11,11
360339,2,1,0,0,0,0,0,0,0,0,0,0
360339,3,1,0,0,0,0,0,0,0,0,0,0
360340,1,1,30,10,26,25,19,13,29,15,19,21
360341,1,1,0,0,0,0,0,0,0,0,0,0
360341,2,1,0,0,0,0,0,0,0,0,0,0
360342,1,1,0,0,0,0,0,0,0,4,23,0
360342,2,1,0,17,24,18,0,0,0,17,0,9
360343,1,1,0,0,0,0,0,0,0,0,12,0
360343,2,1,0,0,0,0,0,0,0,0,0,0
360344,0,1,0,0,0,0,0,0,0,0,0,0
360344,1,1,10,0,12,0,0,0,19,16,9,11
360345,0,1,0,0,0,0,0,0,0,0,0,0
360345,1,1,9,16,18,5,15,11,18,14,8,17
360346,1,1,0,0,0,0,0,0,0,0,0,0
360346,2,1,0,0,0,0,0,0,0,0,0,0
360347,0,1,0,0,0,0,0,0,0,0,0,0
360347,1,1,9,18,12,4,5,14,13,5,7,8
360348,0,1,0,0,0,0,0,0,0,0,0,0
360348,1,1,0,17,0,0,5,34,21,28,0,6
360349,1,1,0,0,0,0,0,0,0,0,0,0
360349,2,1,0,0,0,0,0,0,0,12,0,0
360350,1,1,17,17,17,17,17,17,17,17,17,17
360350,2,1,0,0,0,0,0,0,0,7,0,0
360351,1,1,0,0,0,10,0,0,15,0,23,0
360351,2,1,0,27,0,0,0,4,0,0,0,0
360352,1,1,9,9,9,9,9,9,9,9,9,9
360353,1,1,0,0,0,0,0,0,0,0,0,0
360353,2,1,0,0,0,15,0,0,0,0,0,0
360353,3,1,0,0,0,0,0,16,0,5,0,0
360354,0,1,0,0,0,14,23,0,0,0,0,38
360354,1,1,0,0,0,20,0,0,0,0,0,0
360355,0,1,0,12,0,3,0,0,0,0,35,0
360355,1,1,0,0,0,0,0,0,0,0,0,0
360356,0,1,19,19,19,19,19,19,19,19,19,19
360356,1,1,5,0,0,31,0,0,19,27,0,0
360357,0,1,0,0,0,0,0,0,0,0,0,0
360357,1,1,0,0,0,0,0,0,0,0,0,0
360358,1,1,0,7,0,0,0,24,0,0,0,0
360359,0,1,7,7,7,7,7,7,7,7,7,7
360359,1,1,16,0,17,13,7,12,0,18,0,0
360359,2,1,17,0,18,0,4,15,0,14,0,8
360360,1,1,0,0,0,0,0,0,0,0,0,0
360360,2,1,0,0,0,0,0,0,0,0,0,0
360361,0,1,0,0,0,0,0,0,0,0,0,0
360361,1,1,0,0,0,32,0,0,16,0,0,28
360362,0,1,17,0,0,29,0,0,0,0,0,20
360362,1,1,0,0,0,0,0,0,0,0,0,0
360363,1,1,0,0,0,0,0,0,0,0,0,0
360363,2,1,0,0,8,0,0,16,0,0,9,0
360364,1,1,0,0,0,0,0,0,0,0,0,0
360365,1,1,0,0,0,15,0,0,0,25,0,30
360365,2,1,0,0,0,0,0,0,0,0,0,0
360366,1,1,13,13,13,13,13,13,13,13,13,13
360367,1,1,0,0,0,0,0,0,0,0,0,0
360367,2,1,0,0,0,0,0,0,0,0,0,0
360368,0,1,0,0,0,0,0,0,0,20,0,0
360368,1,1,0,0,0,0,0,0,0,0,0,0
360369,0,1,0,0,0,0,0,0,0,0,0,0
360369,1,1,0,0,18,17,0,0,0,17,0,0
360370,1,1,3,22,0,0,14,0,20,0,0,13
360370,2,1,0,0,0,0,0,0,0,0,0,0
360371,1,1,0,0,0,0,0,0,0,0,0,0
360371,2,1,0,0,0,0,0,0,0,0,0,0
360371,3,1,0,0,0,0,0,0,0,0,0,0
360371,4,1,0,0,0,0,0,0,26,0,0,0
360371,5,1,0,0,0,0,0,0,0,0,0,0
360371,6,1,0,0,0,0,0,0,0,0,0,0
360371,7,1,0,0,0,0,0,0,0,0,0,0
360371,8,1,0,0,0,0,0,0,0,0,0,0
360371,9,1,0,0,0,0,0,0,0,0,0,0
360372,0,1,0,0,0,0,0,0,0,0,0,0
360372,1,1,0,0,0,0,0,0,0,0,0,0
360373,1,1,0,0,0,0,0,0,0,0,0,0
360374,1,1,1,1,1,1,1,1,1,1,1,1
360375,1,1,0,0,0,0,0,0,9,0,0,0
360376,1,1,0,0,0,0,0,0,0,0,0,0
360377,1,1,0,0,0,0,0,0,0,0,0,0
360377,2,1,7,0,0,0,0,0,0,0,0,0
360378,1,1,15,15,15,15,15,15,15,15,15,15
360379,0,1,0,0,0,0,0,0,0,0,0,0
360379,1,1,7,7,7,7,7,7,7,7,7,7
360380,1,1,22,22,22,22,22,22,22,22,22,22
360380,2,1,17,0,10,0,0,0,0,0,0,0
360381,1,1,0,36,0,9,0,0,0,0,29,0
360381,2,1,0,0,0,7,0,0,0,29,0,11
360381,3,1,11,20,12,10,8,4,5,17,12,17
360382,0,1,0,0,0,0,0,0,0,0,0,0
360382,1,1,0,0,0,0,0,0,0,0,0,0
360383,0,1,19,19,19,19,19,19,19,19,19,19
360383,1,1,21,0,0,15,0,18,15,0,0,17
360384,0,1,1,1,1,1,1,1,1,1,1,1
360384,1,1,0,0,0,0,0,0,0,0,0,0
360385,1,1,0,0,0,0,0,0,13,19,0,0
360385,2,1,0,10,0,8,13,0,11,0,0,9
360386,0,1,0,0,0,0,0,0,0,0,0,0
360386,0,2,0,0,0,0,0,0,0,0,0,0
360386,1,1,0,0,13,15,0,0,5,0,0,0
360386,2,1,0,0,0,0,0,0,0,0,0,0
360387,1,1,22,0,0,0,0,0,0,0,0,0
360388,0,1,0,0,0,0,0,0,0,0,0,0
360388,0,2,0,0,0,14,26,27,0,0,24,0
360388,1,1,22,12,33,24,19,10,4,18,0,7
360388,2,1,19,0,33,0,0,0,20,0,25,10
360388,3,1,0,0,0,31,0,0,13,0,0,23
360389,1,1,0,0,0,0,0,0,0,0,0,0
360389,2,1,0,0,2,0,0,0,0,21,0,0
360390,0,1,0,0,0,0,0,0,0,0,0,0
360390,1,1,0,12,0,0,13,0,7,0,0,0
360391,1,1,0,0,0,0,0,13,0,0,0,0
360391,2,1,0,0,0,16,0,0,0,0,0,0
360392,1,1,21,3,0,0,17,6,0,11,3,0
360392,2,1,0,20,0,0,21,0,0,0,0,0
360393,1,1,0,0,0,0,0,0,0,0,17,0
360393,2,1,0,0,0,0,0,11,0,0,0,0
360394,1,1,12,12,12,12,12,12,12,12,12,12
360395,0,1,19,19,19,19,19,19,19,19,19,19
360395,1,1,17,0,11,5,21,14,17,8,19,0
360396,1,1,0,0,0,0,0,0,0,0,0,0
360396,2,1,31,0,0,19,0,17,0,0,24,0
360397,1,1,10,10,10,10,10,10,10,10,10,10
360397,2,1,10,10,0,13,0,0,0,0,0,0
360398,1,1,16,16,16,16,16,16,16,16,16,16
360399,1,1,0,0,0,0,0,0,0,0,0,0
360399,2,1,0,0,0,0,0,9,0,0,0,0
360399,3,1,0,0,0,0,0,0,0,0,7,0
360400,0,1,0,0,0,0,0,0,0,0,0,0
360400,1,1,0,19,6,0,0,0,21,23,7,0
360401,1,1,0,0,0,0,0,0,0,0,0,0