ST_CASE,VEH_NO,PER_NO,P1,P2,P3,P4,P5,P6,P7,P8,P9,P10
360402,1,1,5,5,5,5,5,5,5,5,5,5
360403,0,1,16,16,16,16,16,16,16,16,16,16
360403,1,1,0,17,0,31,0,0,0,23,0,12
360404,0,1,0,0,0,0,0,0,0,0,0,0
360404,1,1,0,0,0,0,0,0,0,0,0,0
360405,1,1,0,0,0,0,0,0,4,0,0,0
360405,2,1,0,0,17,0,0,12,0,0,25,0
360406,1,1,19,19,19,19,19,19,19,19,19,19
360407,1,1,0,0,0,0,0,0,0,0,0,0
360407,2,1,0,0,0,0,0,0,0,0,0,0
360408,0,1,0,0,0,0,0,0,0,0,0,0
360408,1,1,0,0,21,0,0,0,34,22,30,0
360409,1,1,18,0,0,16,0,0,0,0,0,0
360410,1,1,0,0,0,0,0,0,0,0,0,0
360411,0,1,0,0,0,0,0,0,0,0,0,0
360411,1,1,0,19,0,0,0,0,0,35,0,0
360412,1,1,0,0,0,0,0,0,0,0,0,0
360412,2,1,0,0,0,19,21,19,14,0,17,0
360413,1,1,0,0,0,0,0,0,0,0,0,0
360413,2,1,0,0,0,0,0,0,0,0,0,0
360414,1,1,0,0,0,0,0,0,0,0,0,0
360415,1,1,0,14,0,0,0,0,0,12,0,0
360415,2,1,12,12,12,12,12,12,12,12,12,12
360416,1,1,0,0,0,4,14,7,0,0,0,0
360416,2,1,0,0,0,0,0,0,0,0,0,0
360416,3,1,0,0,0,0,0,0,0,8,0,0
360417,1,1,0,0,0,0,0,15,0,0,0,0
360418,1,1,10,0,0,12,0,32,0,0,0,15
360419,1,1,0,0,0,0,0,0,0,0,0,0
360419,2,1,0,0,0,0,0,0,0,0,0,0
360420,0,1,2,2,2,2,2,2,2,2,2,2
360420,1,1,0,17,0,0,0,0,0,0,0,0
360421,1,1,0,0,0,0,0,0,0,0,0,0
360421,2,1,0,0,0,0,0,0,0,0,0,0
360422,1,1,13,13,13,13,13,13,13,13,13,13
360423,0,1,0,0,0,0,0,0,0,0,0,38
360423,1,1,0,0,11,0,0,0,0,0,15,0
360423,2,1,0,0,0,0,0,0,0,0,0,0
360424,1,1,0,0,0,0,0,0,0,0,0,0
360424,2,1,0,11,0,0,0,0,0,0,0,0
360424,3,1,0,0,0,0,0,0,0,18,0,0
360425,0,1,27,27,27,27,27,27,27,27,27,27
360425,1,1,14,0,0,0,0,0,23,0,0,0
360426,1,1,12,12,12,12,12,12,12,12,12,12
360426,2,1,0,0,0,0,0,0,0,0,0,0
360426,3,1,8,0,0,0,0,0,0,0,0,0
360427,1,1,0,0,0,0,0,0,0,0,0,0
360428,1,1,7,0,0,0,0,0,0,20,0,0
360429,1,1,0,0,0,0,0,0,0,0,0,0
360429,2,1,0,0,0,0,0,0,0,0,0,0
360430,1,1,0,0,0,0,0,0,0,0,0,0
360431,1,1,10,0,23,0,0,3,0,0,0,0
360431,2,1,0,5,0,0,10,4,6,9,0,11
360432,0,1,0,0,0,0,0,0,0,0,0,0
360432,1,1,20,0,10,0,0,21,0,14,21,6
360433,1,1,0,0,0,0,0,0,0,0,0,0
360433,2,1,0,0,0,0,0,21,0,0,0,0
360434,0,1,0,0,26,10,54,0,0,0,10,10
360434,0,2,0,0,0,0,0,0,0,0,0,0
360434,0,3,21,0,0,0,0,13,0,0,0,20
360434,1,1,0,0,16,0,0,0,0,0,0,0
360435,1,1,0,0,0,9,0,11,0,0,0,22
360436,1,1,0,0,0,0,0,0,0,0,0,0
360437,1,1,0,0,0,0,0,0,0,0,0,0
360438,0,1,0,0,0,0,0,0,0,0,0,0
360438,1,1,0,0,0,0,0,0,0,0,0,0
360439,0,1,9,15,27,23,24,0,32,2,0,0
360439,1,1,0,0,0,0,0,0,0,23,0,0
360440,1,1,0,0,0,0,0,0,0,0,0,0
360441,1,1,0,0,0,0,0,0,0,0,0,0
360441,2,1,0,0,0,0,0,0,0,0,0,0
360442,1,1,15,16,23,0,16,6,24,17,13,9
360443,1,1,0,0,0,0,17,0,0,0,0,24
360443,2,1,0,0,0,0,0,0,0,0,0,0
360443,3,1,0,0,0,0,0,0,0,0,0,0
360444,0,1,2,2,2,2,2,2,2,2,2,2
360444,0,2,21,0,12,13,9,0,19,0,0,0
360444,0,3,0,2,0,0,0,0,0,16,0,15
360444,0,4,0,25,0,35,28,0,0,0,7,0
360444,1,1,7,10,21,20,20,27,7,15,24,20
360445,1,1,0,0,0,0,0,0,0,0,0,0
360446,1,1,0,0,0,0,0,0,0,0,0,0
360446,2,1,0,0,0,0,0,0,0,0,0,0
360447,1,1,0,0,0,0,0,0,0,0,0,0
360448,1,1,0,0,0,0,0,0,0,0,0,0
360449,0,1,0,0,0,0,0,0,0,0,0,0
360449,1,1,15,4,17,17,11,23,9,22,7,23
360449,2,1,11,25,6,24,0,0,0,17,18,15
360449,3,1,0,32,21,0,17,23,0,0,0,21
360450,1,1,5,5,5,5,5,5,5,5,5,5
360451,0,1,0,0,0,0,0,0,0,0,0,0
360451,1,1,0,0,0,0,0,0,0,0,0,0
360452,0,1,0,0,0,0,0,0,0,0,0,0
360452,1,1,0,0,0,0,0,0,0,0,0,15
360452,2,1,0,0,0,0,0,0,18,0,0,0
360453,1,1,0,0,0,11,0,0,0,0,0,20
360453,2,1,0,0,0,0,0,0,0,0,26,0
360454,0,1,11,11,11,11,11,11,11,11,11,11
360454,1,1,0,0,0,0,0,0,0,0,0,0
360455,0,1,0,0,0,0,0,0,0,0,0,0
360455,1,1,8,0,18,0,0,0,0,0,0,0
360456,1,1,0,0,0,0,0,0,0,0,0,0
360456,2,1,0,0,0,0,0,0,0,0,0,0
360457,1,1,0,0,0,0,0,0,0,0,0,0
360458,1,1,13,18,14,22,18,0,3,20,6,12
360458,2,1,0,0,0,0,0,0,0,0,0,0
360459,1,1,0,0,0,0,0,0,0,0,0,0
360459,2,1,0,0,0,0,0,0,0,0,12,28
360460,1,1,0,0,0,0,0,0,0,0,0,0
360460,2,1,0,0,18,0,30,0,7,8,0,0
360461,1,1,0,0,0,0,0,0,0,0,0,0
360461,2,1,0,0,0,0,0,0,0,0,0,0
360462,0,1,26,26,26,26,26,26,26,26,26,26
360462,1,1,6,6,0,4,0,0,22,18,0,7
360463,1,1,0,0,0,9,0,0,0,0,0,0
360463,2,1,0,0,0,0,0,0,0,3,0,0
360464,1,1,23,23,23,23,23,23,23,23,23,23
360465,1,1,10,10,10,10,10,10,10,10,10,10
360465,2,1,0,0,18,0,0,0,0,0,0,10
360466,1,1,0,0,0,0,0,0,0,0,0,0
360466,2,1,0,0,0,15,0,0,0,0,0,0
360467,0,1,23,23,23,23,23,23,23,23,23,23
360467,1,1,24,0,0,0,0,21,18,0,0,0
360468,1,1,0,0,0,0,0,0,0,0,0,0
360468,2,1,0,0,0,0,0,0,0,24,0,0
360468,3,1,0,0,0,0,0,0,0,0,0,0
360469,1,1,20,13,0,0,0,13,16,0,0,21
360470,0,1,0,18,14,0,0,29,0,0,0,0
360470,1,1,0,0,0,0,0,0,0,0,0,27
360471,0,1,0,0,0,0,0,0,0,0,0,0
360471,1,1,2,2,6,6,16,0,16,0,16,12
360472,1,1,4,4,4,4,4,4,4,4,4,4
360473,0,1,0,0,0,0,0,0,0,0,0,0
360473,1,1,0,0,0,26,0,0,0,0,22,0
360474,1,1,0,0,0,0,0,0,0,0,0,0
360475,1,1,0,0,0,0,0,0,0,0,0,0
360476,0,1,26,26,26,26,26,26,26,26,26,26
360476,1,1,0,0,0,23,0,0,0,17,13,0
360477,1,1,0,0,0,0,0,0,0,0,0,0
360477,2,1,0,22,17,0,15,7,0,0,7,0
360478,0,1,14,14,14,14,14,14,14,14,14,14
360478,0,2,17,17,17,17,17,17,17,17,17,17
360478,1,1,14,0,0,0,0,0,0,0,0,0
360479,1,1,2,2,2,2,2,2,2,2,2,2
360479,2,1,0,0,0,11,0,0,0,0,0,0
360479,3,1,0,0,0,0,0,0,0,11,0,0
360480,1,1,0,0,0,0,0,0,0,0,0,0
360480,2,1,0,0,0,0,0,0,0,0,0,0
360481,1,1,0,0,0,0,0,23,0,0,9,0
360481,2,1,15,0,8,0,0,0,0,0,0,0
360482,1,1,0,0,0,0,0,0,0,0,0,0
360482,2,1,0,0,0,0,0,0,0,0,0,0
360482,3,1,0,0,0,0,0,0,0,0,0,0
360482,4,1,0,0,0,0,0,0,0,0,0,0
360483,1,1,0,0,0,14,0,0,0,19,0,0
360484,1,1,0,0,0,0,0,0,0,0,0,0
360485,1,1,0,0,0,0,0,0,0,0,0,0
360485,2,1,0,0,0,0,0,0,0,0,0,0
360486,1,1,0,0,0,0,0,0,0,0,0,0
360486,2,1,0,0,0,15,0,0,0,0,0,0
360486,3,1,0,0,0,0,0,0,0,0,0,29
360486,4,1,0,0,0,0,11,0,0,8,0,0
360486,5,1,0,0,0,0,0,0,0,0,0,0
360486,6,1,5,10,0,0,0,0,0,0,0,0
360487,1,1,0,0,0,0,0,0,0,0,0,0
360487,2,1,0,0,0,0,0,0,0,0,0,0
360488,1,1,0,0,0,0,0,0,0,0,0,0
360489,1,1,24,24,24,24,24,24,24,24,24,24
360490,1,1,0,0,0,0,0,0,0,0,0,0
360491,1,1,12,12,12,12,12,12,12,12,12,12
360492,1,1,14,0,0,0,0,0,0,0,9,0
360492,2,1,3,3,3,3,3,3,3,3,3,3
360493,1,1,9,6,25,0,12,8,0,0,0,0
360493,2,1,0,0,0,0,0,0,0,0,0,0
360494,0,1,0,0,0,0,0,0,0,0,0,0
360494,1,1,0,16,0,26,0,6,0,0,0,0
360495,1,1,0,0,0,0,0,0,0,0,0,0
360496,1,1,0,0,0,0,0,0,0,0,0,0
360496,2,1,0,0,0,0,0,0,0,0,0,0
360497,1,1,7,7,7,7,7,7,7,7,7,7
360497,2,1,0,0,0,14,0,0,0,0,0,0
360498,0,1,0,0,0,0,0,0,0,0,0,0
360498,1,1,0,0,0,24,0,0,0,0,0,0
360499,0,1,0,0,0,0,0,0,0,0,0,0
360499,1,1,4,14,0,0,12,22,0,8,0,0
360500,0,1,19,19,19,19,19,19,19,19,19,19
360500,1,1,0,0,0,0,0,21,0,0,0,6
360500,2,1,0,14,13,0,0,0,0,0,0,0
360501,1,1,10,10,10,10,10,10,10,10,10,10
360502,1,1,0,0,0,0,0,0,0,0,0,0
360502,2,1,0,0,0,0,0,0,0,0,0,0
360503,1,1,0,0,0,0,0,0,0,0,0,0
360503,2,1,0,0,0,0,0,14,0,0,0,0
360504,1,1,0,0,0,0,0,0,0,0,0,0
360505,1,1,0,0,0,0,0,0,0,0,0,0
360505,2,1,0,0,0,0,0,0,0,0,0,0
360506,1,1,17,17,17,17,17,17,17,17,17,17
360506,2,1,0,0,0,26,0,9,0,10,0,11
360507,1,1,0,0,0,0,0,0,0,0,0,0
360507,2,1,0,0,0,11,0,0,0,0,0,0
360508,1,1,0,0,0,0,0,0,0,0,0,0
360508,2,1,0,0,0,0,0,0,0,0,0,0
360509,0,1,15,15,15,15,15,15,15,15,15,15
360509,0,2,10,16,0,20,0,0,0,18,16,0
360509,1,1,0,0,0,0,0,0,0,0,0,6
360510,1,1,0,0,0,15,19,0,0,16,0,0
360510,2,1,0,0,0,4,0,0,0,0,16,0
360511,1,1,0,0,0,0,0,0,0,0,0,0
360511,2,1,0,0,0,16,0,0,0,7,0,0
360512,0,1,38,3,15,0,30,17,20,0,0,10
360512,0,2,0,0,0,0,0,0,0,0,0,0
360512,1,1,0,0,0,23,10,0,6,0,0,5
360513,0,1,0,0,0,0,0,0,0,0,0,0
360513,1,1,0,0,0,0,0,0,0,0,0,0
360514,0,1,20,47,32,0,29,0,25,9,12,0
360514,1,1,0,0,0,36,19,0,0,0,10,0
360515,1,1,0,0,0,0,0,0,0,0,0,0
360516,1,1,0,0,0,0,0,0,0,0,0,0
360517,0,1,0,0,0,0,0,0,0,0,0,0
360517,1,1,0,0,0,0,0,0,0,0,27,0
360518,0,1,0,0,25,0,0,16,0,0,0,0
360518,1,1,0,0,0,0,0,0,0,0,0,0
360519,1,1,2,2,2,2,2,2,2,2,2,2
360519,2,1,14,9,19,13,14,0,4,11,11,13
360520,1,1,0,0,0,0,0,0,0,0,0,0
360521,1,1,0,0,0,0,0,0,0,0,0,0
360521,2,1,16,16,16,16,16,16,16,16,16,16
360522,0,1,0,9,0,0,0,0,0,0,0,0
360522,0,2,10,0,0,0,0,14,0,0,0,0
360522,0,3,34,0,0,0,0,0,0,0,0,0
360522,1,1,0,0,8,0,0,0,0,0,0,0
360523,0,1,10,10,10,10,10,10,10,10,10,10
360523,1,1,0,0,15,0,0,36,46,0,0,0
360524,0,1,0,0,0,0,0,0,0,0,0,0
360524,1,1,0,0,0,0,0,0,0,0,0,22
360524,2,1,0,0,0,0,0,0,0,0,0,0
360525,1,1,33,33,33,33,33,33,33,33,33,33
360526,1,1,0,0,0,0,0,0,0,0,0,0
360526,2,1,0,0,0,0,0,0,4,5,0,0
360527,1,1,0,0,0,0,0,0,0,0,0,0
360527,2,1,0,0,0,0,0,0,0,0,0,0
360528,1,1,0,0,0,0,0,0,0,0,0,0
360529,0,1,0,0,0,0,0,0,0,0,0,0
360529,1,1,0,0,0,0,0,0,0,0,0,0
360530,0,1,0,0,0,0,0,0,0,0,0,0
360530,1,1,0,0,0,13,0,0,0,0,0,0
360531,1,1,0,0,22,0,0,0,0,32,0,0
360531,2,1,0,0,0,4,20,0,0,0,0,0
360532,1,1,0,0,0,14,0,17,0,0,0,0
360532,2,1,0,0,0,0,0,0,0,0,0,0
360533,1,1,0,0,0,0,0,0,0,0,0,0
360534,0,1,16,16,16,16,16,16,16,16,16,16
360534,1,1,2,0,0,30,15,4,0,0,13,14
360535,1,1,0,0,0,0,0,0,0,0,0,0
360537,0,1,0,0,0,0,0,0,0,0,0,0
360537,1,1,0,0,0,0,0,0,0,7,0,0
360538,1,1,0,0,0,0,0,0,0,0,0,0
360539,0,1,0,0,0,0,0,0,0,0,0,0
360539,0,2,0,0,0,0,0,0,0,0,0,0
360539,0,3,0,24,19,0,22,0,0,0,0,0
360539,0,4,0,27,27,0,0,16,1,18,19,0
360539,0,5,0,26,16,18,0,16,9,0,0,0
360539,0,6,0,7,21,0,17,0,0,0,27,11
360539,0,7,0,0,0,0,0,0,0,0,0,43
360539,0,8,0,0,0,0,0,15,0,0,0,0
360539,1,1,18,19,4,18,19,12,5,12,20,0
360540,0,1,0,0,0,0,0,0,0,0,0,0
360540,1,1,0,0,0,0,16,0,0,0,0,0
360541,1,1,14,14,14,14,14,14,14,14,14,14
360542,1,1,0,9,11,0,0,0,14,0,0,0
360542,2,1,0,0,0,14,0,0,0,0,0,0
360543,1,1,0,4,0,0,0,15,0,7,0,0
360543,2,1,0,0,0,0,0,0,0,0,0,0
360543,3,1,0,0,0,2,0,0,0,0,0,0
360544,1,1,0,0,0,0,0,0,0,0,0,0
360544,2,1,0,4,14,0,7,0,0,0,0,0
360545,1,1,14,0,0,0,0,0,0,0,0,16
360545,2,1,7,0,25,10,12,0,0,0,9,0
360546,1,1,0,0,0,0,0,0,0,0,0,0
360546,2,1,0,0,0,0,0,0,0,0,0,0
360547,1,1,0,0,0,0,0,0,0,0,7,0
360548,0,1,0,0,0,0,0,0,0,0,0,0
360548,1,1,0,0,0,26,7,0,0,0,18,0
360549,0,1,0,0,0,0,0,0,0,0,0,0
360549,1,1,0,0,0,0,0,0,0,0,0,0
360550,1,1,0,0,0,0,0,0,0,0,0,0
360551,1,1,0,0,0,0,0,0,0,0,0,0
360551,2,1,0,0,0,0,0,7,0,0,0,0
360552,1,1,0,0,26,0,19,18,38,0,0,0
360553,0,1,0,0,0,0,0,0,0,0,0,0
360553,1,1,0,0,0,0,0,0,0,0,0,0
360555,1,1,0,0,22,10,0,24,0,0,18,0
360556,1,1,10,10,10,10,10,10,10,10,10,10
360557,0,1,0,0,12,0,0,0,0,0,0,0
360557,1,1,0,12,0,0,19,0,13,0,0,0
360558,1,1,0,0,0,0,0,0,0,0,0,0
360558,2,1,0,0,0,0,0,0,0,0,0,0
360559,1,1,0,0,0,0,0,0,0,0,0,0
360560,1,1,0,0,0,0,0,0,0,0,0,0
360560,2,1,7,0,0,25,0,17,0,0,0,0
360561,0,1,24,0,9,0,22,0,16,0,0,0
360561,1,1,0,0,0,0,0,0,0,0,0,0
360562,1,1,0,0,0,0,0,0,0,0,0,0
360563,1,1,0,0,0,0,0,0,0,0,0,0
360563,2,1,0,0,0,0,0,0,0,0,0,0
360564,1,1,32,0,0,0,0,0,0,0,0,12
360564,2,1,0,0,0,0,0,0,0,0,0,0
360564,3,1,0,0,0,0,0,0,0,0,0,0
360564,4,1,0,0,0,0,0,0,0,0,0,0
360565,1,1,0,0,0,0,0,0,0,0,0,0
360565,2,1,18,11,18,0,16,16,29,11,14,7
360566,1,1,0,0,0,0,0,0,0,0,0,0
360567,0,1,11,11,11,11,11,11,11,11,11,11
360567,1,1,0,0,20,0,0,0,10,0,0,0
360568,1,1,0,0,0,0,0,0,0,0,0,0
360568,2,1,0,0,0,0,0,0,12,5,0,22
360569,1,1,15,15,15,15,15,15,15,15,15,15
360569,2,1,0,0,17,0,0,0,0,0,0,0
360570,1,1,13,0,0,0,17,17,0,30,0,0
360571,1,1,0,19,18,0,25,0,0,16,0,9
360571,2,1,0,0,0,0,0,0,0,0,0,0
360572,0,1,0,0,0,0,0,0,0,0,0,0
360572,1,1,0,0,0,0,0,0,0,0,0,4
360573,1,1,0,0,0,0,0,0,0,0,0,0
360573,2,1,0,0,0,0,0,0,0,0,0,0
360574,1,1,0,0,0,0,0,0,0,0,0,0
360575,1,1,0,0,0,0,0,0,0,0,0,0
360575,2,1,0,0,0,16,0,0,0,0,0,20
360576,0,1,0,0,0,12,0,0,0,16,0,0
360576,1,1,0,0,0,0,0,7,0,22,0,0
360577,1,1,0,0,0,0,0,0,0,0,0,0
360577,2,1,15,15,15,15,15,15,15,15,15,15
360578,0,1,1,1,1,1,1,1,1,1,1,1
360578,1,1,0,6,0,6,0,9,0,4,0,0
360579,0,1,0,0,0,0,0,0,0,0,0,0
360579,1,1,0,0,0,0,0,0,0,0,0,0
360580,0,1,0,0,0,0,0,0,0,0,0,0
360580,1,1,0,0,0,0,0,0,17,0,0,0
360581,0,1,0,0,0,0,0,0,0,15,17,0
360581,1,1,0,0,11,0,0,0,0,0,18,0
360582,1,1,28,24,7,19,19,17,20,15,24,15
360583,1,1,0,0,0,0,0,0,0,0,0,0
360583,2,1,0,0,0,0,0,0,0,0,0,0
360584,0,1,0,0,0,0,0,0,0,0,0,0
360584,1,1,0,0,0,0,0,0,0,13,4,0
360584,2,1,10,34,0,16,17,14,5,14,8,18
360585,0,1,0,0,0,0,0,0,0,0,0,0
360585,1,1,0,0,7,6,4,0,7,10,0,11
360586,0,1,0,0,0,0,0,0,0,0,0,0
360586,1,1,0,0,0,0,0,0,0,0,0,0
360587,1,1,0,26,0,15,0,6,0,0,0,0
360587,2,1,0,0,0,0,0,0,0,0,0,0
360588,1,1,4,4,4,4,4,4,4,4,4,4
360588,2,1,6,0,0,0,15,0,12,0,0,0
360589,1,1,0,0,14,31,23,0,47,12,16,6
360589,2,1,0,0,0,0,0,0,0,0,0,0
360590,0,1,0,0,0,0,0,0,0,0,0,0
360590,1,1,19,10,16,13,11,24,10,14,20,19
360591,1,1,15,15,15,15,15,15,15,15,15,15
360591,2,1,23,0,0,24,0,0,0,0,11,0
360592,0,1,0,0,0,0,0,0,0,0,0,0
360592,1,1,0,11,0,0,0,0,0,17,0,0
360593,1,1,16,16,16,16,16,16,16,16,16,16
360594,0,1,0,0,0,0,0,0,0,0,0,0
360594,1,1,0,0,0,0,0,0,0,0,0,0
360595,1,1,0,0,0,0,0,0,0,0,0,0
360596,1,1,12,0,0,0,0,0,0,0,0,0
360596,2,1,0,0,0,0,0,0,0,0,0,0
360597,1,1,0,0,0,0,0,0,0,0,0,0
360598,1,1,23,23,23,23,23,23,23,23,23,23
360599,1,1,0,0,0,0,0,0,0,0,0,0
360600,1,1,0,0,0,0,0,0,0,0,0,0
360600,2,1,0,0,0,0,0,0,0,0,0,0
360601,1,1,0,0,0,0,0,0,0,0,0,0
360601,2,1,0,0,0,11,0,0,0,0,0,0
360602,1,1,27,27,27,27,27,27,27,27,27,27
360603,0,1,0,0,0,0,0,0,0,0,0,0
360603,1,1,0,0,0,0,0,0,0,0,0,0
360604,1,1,0,16,0,15,30,0,31,0,0,0
360604,2,1,0,0,0,23,19,14,0,19,0,19
360605,1,1,0,0,0,0,0,0,0,0,0,19
360606,1,1,0,0,0,0,0,0,0,0,0,0
360606,2,1,22,8,4,14,16,5,6,6,4,6
360607,1,1,0,0,0,0,0,0,0,0,0,0
360608,0,1,30,30,30,30,30,30,30,30,30,30
360608,1,1,0,0,0,0,0,0,0,0,0,0
360609,1,1,0,0,6,0,11,0,0,4,0,0
360609,2,1,0,0,0,4,0,0,0,0,0,0
360610,1,1,14,14,14,14,14,14,14,14,14,14
360611,1,1,0,0,0,0,0,0,0,0,0,0
360611,2,1,0,0,0,0,0,0,0,0,0,0
360612,1,1,0,0,0,0,0,0,0,0,0,0
360613,1,1,0,0,0,0,0,13,0,0,0,0
360613,2,1,0,0,0,0,0,0,0,0,0,0
360614,1,1,0,0,12,0,35,0,0,21,27,0
360615,1,1,21,21,21,21,21,21,21,21,21,21
360616,1,1,0,0,0,0,0,0,0,0,0,0
360616,2,1,0,0,0,0,0,0,0,0,0,0
360617,0,1,0,0,0,0,9,10,0,0,0,0
360617,1,1,0,0,0,0,0,0,0,15,0,0
360618,1,1,0,0,0,0,0,0,0,0,0,0
360619,1,1,23,23,23,23,23,23,23,23,23,23
360620,1,1,42,42,42,42,42,42,42,42,42,42
360621,2,1,0,0,0,0,0,0,0,0,18,0
360622,1,1,0,0,0,0,0,0,0,0,0,0
360622,2,1,0,1,0,0,0,3,0,0,0,0
360622,3,1,0,0,11,0,0,0,0,0,0,0
360623,0,1,0,0,0,0,0,0,0,0,0,0
360623,1,1,0,13,0,0,26,0,0,0,0,5
360624,1,1,16,0,0,0,0,0,0,0,0,10
360624,2,1,0,0,0,0,0,0,0,0,0,0
360624,3,1,0,0,0,0,0,0,0,0,0,0
360625,1,1,16,0,0,0,0,0,0,0,0,0
360626,0,1,0,0,0,0,0,0,0,0,0,0
360626,1,1,0,0,0,0,0,0,0,0,0,0
360627,0,1,0,0,0,0,0,0,0,0,0,0
360627,1,1,0,0,0,0,0,0,0,0,0,0
360628,1,1,0,0,0,0,0,0,9,27,23,0
360629,0,1,0,17,16,0,0,0,24,21,25,12
360629,1,1,0,0,0,0,0,0,0,0,0,0
360630,1,1,0,0,0,0,0,0,0,0,33,0
360630,2,1,0,0,0,0,0,0,0,0,0,0
360630,3,1,0,0,0,0,0,0,0,0,0,0
360631,1,1,26,26,26,26,26,26,26,26,26,26
360631,2,1,0,0,0,0,0,0,0,0,0,0
360632,1,1,0,14,0,0,0,0,0,0,0,0
360632,2,1,0,33,0,0,0,0,0,0,0,0
360633,0,1,1,1,1,1,1,1,1,1,1,1
360633,1,1,0,0,0,0,0,0,0,0,0,11
360634,1,1,25,25,25,25,25,25,25,25,25,25
360635,0,1,0,0,0,0,0,0,0,0,0,0
360635,1,1,0,0,0,0,0,19,0,23,0,0
360636,1,1,0,0,0,0,0,0,0,0,0,0
360637,0,1,24,24,24,24,24,24,24,24,24,24
360637,1,1,0,0,0,0,20,14,0,20,0,16
360638,1,1,0,0,0,8,0,22,0,0,0,0
360638,2,1,0,0,0,0,0,0,0,0,11,0
360639,1,1,0,0,0,0,0,0,0,0,0,0
360640,0,1,34,34,34,34,34,34,34,34,34,34
360640,1,1,0,0,0,0,0,21,0,0,0,0
360641,0,1,0,0,0,0,0,0,0,0,0,0
360641,1,1,0,0,0,0,0,0,0,0,0,0
360642,1,1,18,18,18,18,18,18,18,18,18,18
360643,1,1,0,0,0,21,22,0,0,0,0,0
360643,2,1,0,0,0,0,0,0,0,0,0,0
360644,1,1,15,15,15,15,15,15,15,15,15,15
360645,0,1,0,0,0,0,0,0,0,0,0,0
360645,1,1,0,0,0,0,0,0,0,0,0,0
360646,0,1,0,23,0,0,0,0,0,0,0,0
360646,1,1,0,0,0,0,0,0,0,0,0,0
360647,1,1,0,0,0,8,0,0,0,5,0,0
360647,2,1,0,0,0,0,0,0,0,0,0,0
360648,0,1,0,20,0,0,14,0,0,0,0,47
360648,1,1,0,0,0,12,0,0,0,0,0,0
360649,0,1,0,0,0,0,0,0,0,0,0,0
360649,1,1,0,0,0,0,0,0,0,0,0,0
360650,0,1,0,0,0,0,0,0,0,0,0,0
360650,1,1,0,0,0,7,0,0,0,8,0,0
360651,0,1,0,0,0,0,0,0,0,0,0,0
360651,1,1,0,0,0,0,0,0,0,0,15,18
360652,1,1,0,0,0,0,0,0,0,0,0,0
360653,1,1,21,21,21,21,21,21,21,21,21,21
360654,0,1,13,13,13,13,13,13,13,13,13,13
360654,1,1,0,0,0,0,0,0,0,0,0,0
360655,1,1,0,0,0,0,0,0,0,0,0,0
360655,2,1,9,0,0,6,0,0,0,0,31,0
360656,0,1,0,0,0,0,0,0,0,0,0,0
360656,1,1,0,0,0,0,0,0,0,0,10,0
360657,0,1,0,0,0,0,0,0,0,0,0,0
360657,1,1,19,0,14,0,0,0,0,0,0,0
360658,1,1,0,0,0,0,0,0,0,0,0,0
360659,1,1,5,22,0,13,0,8,11,0,0,19
360660,1,1,18,14,20,7,33,0,16,13,17,25
360660,2,1,7,3,15,14,0,10,0,13,12,0
360661,0,1,0,0,0,0,0,0,0,0,0,0
360661,1,1,0,0,0,0,0,0,0,0,0,0
360662,0,1,7,7,7,7,7,7,7,7,7,7
360662,1,1,0,0,0,0,0,0,0,0,0,0
360663,0,1,0,40,0,0,0,10,27,0,0,14
360663,1,1,0,0,0,0,0,0,0,0,0,0
360664,1,1,0,0,0,0,0,0,0,11,0,0
360664,2,1,0,0,0,11,12,0,0,0,12,21
360665,1,1,14,17,15,14,20,9,8,10,20,19
360666,1,1,0,0,0,0,0,0,0,4,0,15
360666,2,1,0,0,0,0,0,0,0,0,0,0
360667,1,1,0,0,0,0,0,0,0,0,0,0
360667,2,1,17,0,0,0,0,0,0,8,0,0
360668,1,1,0,0,0,0,0,0,0,0,0,0
360669,1,1,16,16,16,16,16,16,16,16,16,16
360670,1,1,0,0,0,0,0,0,0,0,0,0
360670,2,1,3,0,0,0,0,0,0,0,0,0
360670,3,1,0,0,0,0,0,0,0,0,0,0
360671,1,1,23,23,23,23,23,23,23,23,23,23
360672,0,1,14,14,14,14,14,14,14,14,14,14
360672,1,1,0,0,0,0,0,0,0,0,0,0
360673,0,1,0,0,37,0,0,5,0,28,21,0
360673,1,1,0,0,0,0,0,0,17,0,0,0
360674,1,1,6,0,0,0,0,0,0,5,0,0
360675,1,1,21,21,21,21,21,21,21,21,21,21
360676,1,1,0,0,0,0,0,0,0,0,0,0
360676,2,1,18,7,0,0,11,0,0,0,0,0
360677,0,1,23,0,0,10,0,24,0,26,15,0
360677,1,1,0,0,0,0,0,0,0,0,0,0
360678,0,1,14,14,14,14,14,14,14,14,14,14
360678,1,1,29,0,0,0,0,11,16,12,19,23
360679,0,1,0,0,0,11,0,37,0,25,0,25
360679,1,1,0,0,0,0,0,0,0,0,0,0
360680,1,1,13,13,13,13,13,13,13,13,13,13
360681,1,1,0,0,0,0,0,0,0,0,0,0
360681,2,1,5,0,0,0,0,0,0,0,0,3
360682,1,1,0,10,0,0,0,0,0,0,12,0
360682,2,1,0,0,0,0,0,0,0,0,0,0
360683,0,1,0,26,0,20,17,0,0,0,19,0