ST_CASE,VEH_NO,PER_NO,P1,P2,P3,P4,P5,P6,P7,P8,P9,P10
370895,2,1,0,0,0,0,0,0,0,0,0,0
370896,1,1,0,0,0,0,0,17,0,0,0,0
370896,2,1,0,0,0,0,0,0,0,0,0,0
370897,1,1,0,0,0,7,0,0,0,0,0,0
370897,2,1,0,0,0,0,0,0,0,0,0,0
370898,1,1,30,30,30,30,30,30,30,30,30,30
370898,2,1,0,0,0,0,0,0,0,0,0,0
370899,1,1,0,0,0,0,0,0,0,0,0,0
370899,2,1,0,0,0,22,0,0,0,0,0,0
370900,1,1,0,0,0,0,0,0,0,0,0,0
370901,1,1,0,0,0,0,0,0,0,0,0,0
370902,1,1,14,0,12,0,0,0,0,0,0,0
370902,2,1,0,0,0,0,0,0,0,0,0,0
370903,1,1,0,0,0,0,0,0,0,0,0,0
370903,2,1,0,0,0,0,0,0,0,0,0,0
370904,1,1,0,0,0,0,0,0,0,0,0,0
370905,1,1,0,0,0,0,0,0,0,0,0,0
370906,1,1,0,0,0,0,0,0,0,0,0,0
370907,1,1,0,0,0,0,0,0,0,0,0,0
370907,2,1,0,0,26,0,0,0,0,0,0,0
370908,1,1,0,0,0,0,0,0,0,0,0,0
370909,1,1,0,19,0,15,0,0,0,0,0,0
370910,1,1,0,0,0,0,0,18,20,0,0,0
370911,1,1,16,22,26,12,13,16,0,21,15,9
370911,2,1,0,0,0,0,0,0,0,0,0,0
370911,3,1,0,0,0,0,0,0,0,0,0,0
370911,4,1,0,0,0,0,0,0,0,0,0,0
370911,5,1,0,0,0,0,0,0,0,0,0,0
370911,6,1,0,0,0,0,0,0,0,0,0,0
370912,0,1,0,0,0,0,0,0,0,0,0,0
370912,1,1,0,0,21,0,0,0,0,0,0,0
370913,1,1,0,0,7,0,0,0,0,0,0,0
370913,2,1,0,0,0,0,0,0,0,0,0,0
370914,1,1,14,0,0,0,0,0,0,0,0,0
370915,1,1,0,0,0,0,0,0,0,0,0,0
370915,2,1,0,0,0,0,0,0,0,0,0,0
370916,1,1,0,0,0,0,0,0,0,0,0,0
370917,0,1,0,0,0,0,0,0,0,0,0,0
370917,1,1,7,23,16,34,17,10,27,20,6,14
370918,1,1,0,0,0,0,0,0,0,0,0,0
370918,2,1,0,0,6,0,0,0,0,0,0,0
370919,1,1,9,0,27,0,0,0,10,0,0,0
370919,2,1,0,0,0,0,0,0,0,0,0,0
370920,1,1,0,0,0,0,0,0,0,0,0,0
370920,2,1,0,0,0,0,0,0,0,0,0,0
370921,0,1,0,0,0,0,0,0,0,0,0,0
370921,1,1,0,0,0,0,0,0,0,0,0,0
370922,1,1,10,10,10,10,10,10,10,10,10,10
370922,2,1,0,0,0,0,0,0,0,0,0,0
370923,1,1,0,0,0,0,0,0,0,0,0,0
370924,0,1,0,0,0,0,0,0,0,0,0,0
370924,1,1,0,0,0,0,8,0,0,3,0,0
370925,1,1,22,22,22,22,22,22,22,22,22,22
370926,1,1,24,24,24,24,24,24,24,24,24,24
370927,0,1,22,22,22,22,22,22,22,22,22,22
370927,1,1,0,0,0,0,0,0,0,0,0,0
370928,1,1,0,0,0,0,0,0,0,0,0,0
370929,1,1,0,0,0,0,0,0,0,0,0,0
370930,1,1,0,0,0,0,0,0,0,0,0,0
370930,2,1,0,0,0,0,0,0,0,0,0,0
370931,0,1,0,19,38,11,14,18,28,13,8,44
370931,1,1,15,0,0,9,0,25,23,11,0,0
370931,2,1,0,0,0,0,0,0,0,0,0,0
370931,3,1,0,22,6,0,12,0,13,8,0,8
370932,0,1,0,0,0,0,0,0,0,0,0,0
370932,1,1,0,0,0,0,0,0,0,0,0,0
370933,1,1,0,0,0,0,0,0,0,0,0,11
370933,2,1,0,0,0,21,0,0,11,0,0,0
370934,1,1,0,0,0,0,0,0,0,0,0,0
370935,1,1,21,21,21,21,21,21,21,21,21,21
370936,1,1,0,0,0,0,0,0,0,0,0,0
370936,2,1,0,0,0,0,0,0,0,0,0,0
370937,1,1,0,0,0,0,0,0,13,0,0,0
370937,2,1,0,0,0,0,0,0,0,0,0,0
370937,3,1,0,0,0,0,0,0,4,0,0,0
370938,0,1,0,0,0,0,0,0,0,0,0,0
370938,1,1,0,0,0,0,0,0,0,0,0,0
370938,2,1,0,0,0,0,0,0,0,0,0,0
370939,1,1,0,0,0,0,0,0,0,0,0,0
370939,2,1,0,0,0,0,0,0,0,0,0,0
370940,1,1,0,0,0,0,0,0,0,0,0,0
370941,1,1,0,0,9,0,5,0,0,0,12,27
370942,1,1,0,0,0,19,0,0,0,0,0,0
370942,2,1,0,0,0,0,0,0,0,0,0,0
370943,1,1,19,19,19,19,19,19,19,19,19,19
370944,1,1,0,0,0,0,0,0,0,0,0,0
370944,2,1,0,0,0,20,0,0,0,28,0,16
370945,1,1,0,0,0,0,0,0,0,0,0,0
370946,1,1,0,0,10,0,0,17,0,0,10,0
370947,1,1,0,0,31,0,0,0,0,0,0,0
370947,2,1,0,0,0,0,0,0,0,0,0,0
370948,1,1,0,0,0,0,0,0,0,0,0,0
370949,1,1,0,0,0,0,0,0,0,0,0,0
370949,2,1,0,0,0,0,0,0,0,0,0,0
370950,1,1,0,0,24,24,13,0,0,12,15,3
370950,2,1,0,0,0,0,0,0,0,0,0,0
370951,0,1,32,32,32,32,32,32,32,32,32,32
370951,1,1,0,0,0,0,0,0,0,0,0,0
370952,1,1,16,16,16,16,16,16,16,16,16,16
370953,1,1,0,0,0,0,0,0,0,0,0,0
370953,2,1,0,0,0,0,0,0,0,0,0,0
370953,3,1,0,0,0,0,0,0,0,0,0,0
370954,1,1,0,0,0,0,0,0,0,0,0,0
370954,2,1,0,0,0,0,0,0,0,0,0,0
370955,1,1,0,0,0,0,0,0,0,0,0,0
370955,2,1,0,0,0,0,0,0,0,0,0,0
370956,1,1,0,18,0,0,0,0,0,0,0,0
370957,1,1,5,5,5,5,5,5,5,5,5,5
370958,1,1,0,0,0,0,0,0,0,0,0,0
370959,1,1,20,17,29,20,11,21,9,22,24,27
370960,1,1,17,13,0,26,18,0,23,16,0,0
370960,2,1,0,0,0,0,0,8,0,0,0,0
370961,0,1,0,0,23,0,0,0,0,0,0,44
370961,1,1,9,0,16,20,15,0,2,17,4,9
370962,1,1,24,0,0,0,0,0,0,0,0,7
370963,1,1,30,44,27,31,19,28,6,28,17,7
370964,1,1,0,0,0,0,0,0,0,0,0,0
370964,2,1,0,0,0,0,0,0,0,0,0,4
370965,1,1,0,0,0,0,0,0,0,0,0,0
370965,2,1,0,0,0,0,0,0,0,0,0,0
370966,0,1,0,0,0,0,0,0,0,0,0,0
370966,1,1,0,0,0,0,0,0,0,0,0,0
370967,1,1,0,0,0,0,0,0,0,0,0,0
370968,1,1,0,0,0,0,0,0,0,0,0,0
370969,1,1,24,24,24,24,24,24,24,24,24,24
370970,2,1,12,12,12,12,12,12,12,12,12,12
370970,3,1,4,0,0,0,0,0,0,12,14,0
370971,1,1,9,0,0,0,0,0,0,0,0,0
370971,2,1,0,0,0,0,0,0,0,0,0,0
370972,1,1,0,0,0,0,0,0,0,0,0,0
370972,2,1,0,0,0,0,0,0,0,0,0,0
370973,1,1,0,19,0,0,0,0,15,0,0,0
370974,1,1,0,0,0,0,0,0,0,0,0,0
370975,1,1,15,15,15,15,15,15,15,15,15,15
370976,1,1,21,21,21,21,21,21,21,21,21,21
370977,0,1,0,0,0,0,0,0,0,0,0,37
370977,2,1,0,0,0,0,0,0,0,0,0,0
370978,1,1,0,0,0,0,0,0,0,0,0,0
370979,1,1,0,0,0,0,0,0,0,0,7,0
370980,1,1,0,0,0,0,0,0,0,0,0,0
370981,1,1,0,9,36,30,13,24,9,9,6,31
370981,2,1,0,0,0,0,0,0,0,0,0,0
370982,1,1,34,34,34,34,34,34,34,34,34,34
370983,1,1,16,16,16,16,16,16,16,16,16,16
370984,1,1,0,0,0,0,0,0,0,0,0,0
370984,2,1,10,10,10,10,10,10,10,10,10,10
370985,1,1,0,0,0,0,0,0,0,0,0,0
370985,2,1,14,0,0,0,0,0,0,0,0,0
370986,1,1,0,0,0,0,0,0,0,0,0,0
370987,1,1,0,0,0,0,10,5,0,0,0,18
370987,2,1,0,0,0,0,0,0,0,0,0,0
370988,1,1,12,12,12,12,12,12,12,12,12,12
370989,1,1,0,0,0,0,0,0,16,0,0,0
370990,1,1,16,17,9,23,14,18,5,14,24,9
370991,1,1,8,18,15,13,15,8,9,21,11,17
370991,2,1,0,0,0,0,26,0,0,15,0,0
370992,1,1,0,0,13,0,0,0,0,0,0,0
370992,2,1,0,0,0,0,0,0,0,0,0,0
370993,1,1,0,0,0,0,14,0,0,0,0,0
370993,2,1,0,0,0,0,0,0,0,0,0,0
370994,1,1,0,0,0,0,0,0,0,0,0,0
370994,2,1,0,0,0,0,0,0,0,0,0,0
370994,3,1,0,0,0,0,0,0,0,0,0,0
370995,1,1,22,0,0,0,0,0,0,0,0,0
370995,2,1,0,0,0,0,0,0,0,0,0,0
370996,1,1,8,0,0,0,0,0,0,0,0,0
370997,1,1,0,10,0,0,0,0,24,0,0,0
370997,2,1,0,0,0,0,0,0,0,0,0,0
370998,1,1,0,31,0,0,0,0,0,0,0,0
370999,1,1,0,0,0,0,0,0,0,0,0,0
370999,2,1,0,0,0,0,0,0,0,0,0,0
371000,0,1,15,15,15,15,15,15,15,15,15,15
371000,1,1,0,0,0,0,0,0,0,0,0,0
371000,2,1,16,0,0,0,0,0,0,0,0,0
371001,1,1,15,15,15,15,15,15,15,15,15,15
371002,0,1,7,7,7,7,7,7,7,7,7,7
371002,1,1,0,0,0,0,0,0,0,0,0,0
371003,1,1,0,0,0,0,0,0,0,0,0,0
371003,2,1,0,0,0,0,0,0,0,0,0,0
371004,1,1,0,0,0,0,0,0,0,0,0,0
371005,1,1,0,0,0,0,0,0,0,0,0,0
371006,1,1,0,0,0,0,0,0,0,0,0,0
371007,0,1,0,0,0,0,0,0,0,0,0,0
371007,1,1,0,0,0,0,0,0,0,0,0,0
371008,1,1,0,0,0,0,0,0,0,0,0,0
371009,1,1,0,15,0,0,0,12,0,0,0,25
371010,1,1,0,21,0,0,0,0,0,0,0,0
371010,2,1,0,0,0,0,0,0,0,0,0,0
371010,3,1,0,0,0,0,0,0,0,0,0,0
371010,4,1,0,0,0,0,0,0,0,0,0,0
371010,5,1,0,0,0,0,0,0,0,0,0,0
371011,1,1,0,0,0,0,0,0,0,13,0,0
371012,1,1,0,14,0,0,0,0,0,0,0,0
371013,1,1,0,0,0,0,0,0,0,0,0,0
371013,2,1,0,0,0,0,0,0,0,11,0,0
371014,1,1,0,0,0,0,0,0,0,0,0,0
371014,2,1,0,0,0,0,0,0,0,21,0,0
371014,3,1,0,0,0,0,0,0,0,0,0,0
371015,0,1,0,0,0,0,0,0,0,0,0,0
371015,1,1,0,0,0,0,0,0,0,0,0,0
371015,2,1,0,0,12,0,12,0,0,0,0,0
371016,0,1,0,0,0,0,0,0,0,0,0,0
371016,1,1,12,12,12,12,12,12,12,12,12,12
371017,1,1,0,0,0,0,0,0,0,0,0,0
371017,2,1,0,0,0,0,0,0,0,0,0,0
371018,1,1,0,0,0,0,0,0,0,0,0,0
371018,2,1,0,0,0,0,0,0,0,0,0,0
371019,1,1,0,0,0,0,0,0,0,0,0,0
371019,2,1,0,0,0,0,0,0,0,0,0,0
371020,0,1,28,28,28,28,28,28,28,28,28,28
371020,1,1,0,0,0,0,0,0,0,0,17,0
371021,1,1,0,0,0,14,0,43,0,0,0,0
371022,1,1,17,17,17,17,17,17,17,17,17,17
371023,1,1,29,29,29,29,29,29,29,29,29,29
371024,1,1,22,22,22,22,22,22,22,22,22,22
371025,0,1,8,8,8,8,8,8,8,8,8,8
371025,0,2,19,19,19,19,19,19,19,19,19,19
371025,0,3,10,0,0,0,0,13,0,0,0,0
371025,1,1,0,0,0,0,0,0,0,0,0,0
371026,1,1,0,0,0,0,0,0,0,0,0,0
371027,1,1,0,0,0,8,0,0,0,0,0,0
371028,1,1,17,0,0,0,10,0,20,8,0,0
371029,1,1,0,0,0,0,0,0,0,0,0,0
371029,2,1,0,0,0,0,0,0,0,0,0,0
371031,1,1,0,0,0,0,0,0,0,0,0,0
371032,1,1,0,0,0,0,0,0,0,0,0,0
371032,2,1,0,0,0,0,0,0,0,0,0,0
371033,1,1,0,0,0,0,0,0,0,0,0,0
371033,2,1,0,0,0,0,0,0,0,0,6,11
371034,1,1,0,0,0,0,0,0,0,0,0,0
371034,2,1,0,0,0,0,0,0,0,5,0,0
371035,1,1,20,20,20,20,20,20,20,20,20,20
371036,1,1,0,0,0,0,0,0,0,0,0,0
371036,2,1,0,0,0,0,0,0,0,0,0,0
371037,1,1,0,0,0,0,0,5,0,0,0,0
371038,1,1,0,0,0,0,0,0,0,0,0,0
371038,2,1,0,0,0,0,0,0,0,0,0,0
371039,1,1,0,0,0,0,0,0,0,0,0,0
371040,1,1,0,0,0,0,0,0,0,0,0,0
371041,1,1,0,0,0,18,0,13,0,0,9,0
371042,1,1,11,11,11,11,11,11,11,11,11,11
371043,1,1,14,14,14,14,14,14,14,14,14,14
371044,1,1,24,14,21,8,7,13,17,26,5,3
371044,2,1,0,0,0,0,0,0,0,0,0,0
371045,1,1,24,24,24,24,24,24,24,24,24,24
371046,1,1,0,0,0,0,0,0,0,0,0,0
371046,2,1,0,0,0,0,0,0,0,0,0,0
371047,1,1,0,0,11,17,21,10,14,14,7,21
371047,2,1,0,0,0,0,0,0,0,0,0,0
371048,1,1,0,0,0,0,0,0,0,0,0,0
371049,1,1,21,21,21,21,21,21,21,21,21,21
371050,1,1,0,0,0,0,0,0,0,0,0,0
371050,2,1,0,0,0,43,0,0,0,0,0,0
371050,3,1,0,0,0,0,0,10,0,0,0,0
371051,1,1,0,0,0,0,0,0,0,0,0,0
371051,2,1,0,0,0,0,0,0,5,0,0,0
371052,1,1,0,0,0,0,0,0,0,0,0,0
371052,2,1,0,0,0,0,0,0,0,0,0,0
371053,1,1,0,0,0,0,0,0,0,0,0,0
371054,1,1,0,14,0,0,0,0,0,0,0,0
371055,1,1,18,18,18,18,18,18,18,18,18,18
371056,0,1,24,24,24,24,24,24,24,24,24,24
371056,1,1,0,0,0,0,0,0,0,0,0,0
371057,0,1,0,0,0,0,0,0,0,0,0,0
371057,1,1,0,0,0,0,0,0,0,0,0,0
371058,0,1,0,0,0,0,23,0,0,0,0,36
371058,1,1,0,0,0,0,0,8,0,0,0,0
371059,0,1,0,0,0,0,0,0,0,0,0,0
371059,1,1,0,0,0,0,0,0,0,0,0,0
371060,1,1,0,0,0,0,0,0,0,0,0,0
371060,2,1,0,0,0,0,0,0,0,0,0,0
371061,1,1,0,22,15,18,8,22,40,0,11,0
371062,1,1,0,0,0,0,0,10,0,0,0,0
371063,1,1,0,0,0,0,0,0,0,0,0,0
371063,2,1,17,17,17,17,17,17,17,17,17,17
371064,1,1,0,0,0,0,20,0,0,0,0,0
371064,2,1,0,0,0,0,8,0,0,0,0,0
371065,0,1,0,0,0,0,0,0,0,0,0,0
371065,1,1,0,0,0,0,0,0,0,0,0,0
371066,0,1,36,28,0,0,0,11,0,11,0,0
371066,1,1,0,8,7,25,4,11,0,12,9,6
371067,1,1,0,0,0,0,0,0,0,0,0,0
371067,2,1,0,0,0,0,0,0,0,0,0,0
371068,1,1,0,0,0,0,0,0,0,0,0,0
371068,2,1,0,12,0,0,0,0,0,0,0,0
371069,0,1,0,0,0,0,0,0,0,0,0,0
371069,1,1,0,0,0,21,0,0,0,0,0,0
371070,1,1,14,14,14,14,14,14,14,14,14,14
371071,1,1,0,0,0,0,0,0,0,0,0,0
371071,2,1,0,0,0,0,0,0,0,0,0,0
371072,1,1,0,0,0,0,0,13,0,0,0,0
371072,2,1,7,7,7,7,7,7,7,7,7,7
371073,1,1,19,19,19,19,19,19,19,19,19,19
371074,1,1,0,19,15,0,0,0,0,0,0,0
371074,2,1,0,0,0,17,0,0,0,0,0,34
371075,0,1,0,0,0,0,0,0,0,0,0,0
371075,1,1,0,0,0,0,0,0,0,0,0,0
371076,1,1,12,5,25,5,0,21,25,4,10,18
371076,2,1,0,0,0,0,0,0,0,0,0,0
371077,1,1,0,0,0,0,0,0,0,0,0,0
371077,2,1,0,0,0,0,0,0,0,0,0,0
371078,1,1,0,0,0,0,0,0,0,0,0,0
371078,2,1,0,0,0,0,0,0,0,0,0,0
371079,1,1,23,23,23,23,23,23,23,23,23,23
371080,1,1,8,8,8,8,8,8,8,8,8,8
371081,1,1,20,20,20,20,20,20,20,20,20,20
371081,2,1,0,0,0,0,0,0,0,0,0,24
371082,1,1,0,0,0,14,11,13,0,0,0,35
371083,1,1,27,0,18,25,0,25,13,0,8,0
371084,1,1,0,0,0,0,0,0,0,0,0,0
371085,1,1,30,30,30,30,30,30,30,30,30,30
371086,1,1,0,0,0,0,24,0,0,0,0,0
371086,2,1,0,0,0,0,0,0,0,0,0,0
371086,3,1,0,0,0,0,0,0,0,0,0,0
371086,4,1,0,0,0,14,0,0,0,0,0,0
371087,0,1,31,28,0,0,0,16,19,19,0,0
371087,1,1,22,0,0,0,0,0,0,0,0,0
371087,2,1,0,0,0,0,0,0,0,5,0,0
371088,1,1,0,0,0,0,0,0,0,0,0,0
371089,1,1,0,0,28,0,0,0,0,0,0,0
371089,2,1,0,0,0,0,0,0,0,0,0,0
371090,1,1,3,14,11,12,14,9,6,14,15,19
371091,1,1,0,0,0,0,0,0,0,0,0,0
371091,2,1,0,0,0,0,0,0,0,0,0,0
371092,1,1,0,0,0,0,0,0,0,0,0,18
371093,1,1,23,23,23,23,23,23,23,23,23,23
371094,1,1,0,0,0,0,0,0,0,0,0,0
371094,2,1,0,0,0,0,0,0,0,0,0,0
371095,1,1,0,17,0,0,33,0,0,0,0,0
371095,2,1,0,0,0,0,0,0,0,0,0,0
371096,1,1,0,0,0,0,0,0,0,0,0,0
371096,2,1,11,11,11,11,11,11,11,11,11,11
371097,0,1,0,0,0,0,0,0,0,0,0,0
371097,1,1,0,0,0,0,0,0,0,0,0,0
371098,1,1,0,0,0,0,0,0,0,0,0,0
371099,1,1,22,22,22,22,22,22,22,22,22,22
371100,1,1,20,12,8,5,12,9,33,17,21,7
371100,2,1,20,0,23,16,0,21,3,0,0,0
371101,0,1,0,0,0,0,0,0,0,0,0,0
371101,1,1,12,18,27,0,7,23,21,0,16,12
371102,1,1,0,0,0,0,0,0,0,0,0,0
371103,0,1,39,7,3,10,39,18,37,28,3,37
371103,1,1,0,0,12,0,0,0,0,0,0,0
371104,1,1,5,5,5,5,5,5,5,5,5,5
371105,1,1,17,17,17,17,17,17,17,17,17,17
371105,2,1,0,0,0,0,0,0,0,0,0,0
371106,1,1,19,0,0,0,0,0,0,0,0,0
371106,2,1,0,0,0,0,0,0,0,0,0,0
371107,1,1,0,0,0,0,0,0,0,0,0,0
371107,2,1,0,0,0,0,0,0,0,0,0,0
371108,1,1,0,0,0,0,0,19,0,0,0,0
371109,1,1,19,19,19,19,19,19,19,19,19,19
371110,1,1,17,17,17,17,17,17,17,17,17,17
371110,2,1,0,0,0,0,0,0,0,0,0,0
371111,1,1,17,17,17,17,17,17,17,17,17,17
371112,1,1,0,0,0,0,0,0,0,0,0,0
371112,2,1,0,0,0,0,0,0,0,0,0,0
371112,3,1,0,0,0,0,0,20,0,0,0,0
371113,0,1,0,0,0,0,0,0,0,0,0,0
371113,1,1,0,0,0,0,0,0,0,0,0,0
371114,1,1,0,0,0,23,0,0,0,0,0,0
371114,2,1,0,0,0,0,0,0,0,0,0,0
371115,1,1,0,0,0,0,0,0,2,0,0,0
371116,1,1,12,11,15,19,3,24,17,19,21,12
371117,1,1,0,0,31,0,0,0,0,0,0,0
371117,2,1,0,0,0,0,0,0,0,0,0,0
371117,3,1,0,0,0,0,0,0,0,0,0,0
371118,0,1,47,19,19,12,12,19,13,11,52,24
371118,1,1,0,0,0,0,0,0,0,0,0,0
371119,1,1,0,0,0,0,0,0,0,0,0,0
371119,2,1,0,0,0,0,0,0,0,0,0,0
371120,0,1,0,0,0,0,0,0,0,0,0,0
371120,1,1,0,0,0,0,0,0,0,0,0,0
371121,1,1,0,0,19,13,0,0,0,0,10,30
371122,1,1,0,0,0,0,0,0,0,0,0,0
371123,1,1,7,7,7,7,7,7,7,7,7,7
371124,1,1,0,0,0,0,0,0,0,0,0,0
371124,2,1,0,13,0,0,0,0,0,0,0,0
371125,0,1,0,0,12,0,0,0,0,0,0,0
371125,1,1,0,0,0,8,0,13,0,0,0,0
371126,1,1,16,16,16,16,16,16,16,16,16,16
371127,1,1,0,0,0,0,0,24,0,0,0,0
371128,1,1,0,0,0,0,0,0,0,0,0,0
371128,2,1,0,0,0,0,0,0,0,0,0,0
371129,0,1,0,0,0,0,0,25,0,0,0,0
371129,1,1,0,0,0,0,14,12,4,10,8,0
371130,1,1,29,29,28,22,29,8,15,25,21,29
371130,2,1,0,0,0,0,19,0,0,0,0,0
371130,3,1,0,0,0,0,0,0,0,0,0,0
371130,4,1,0,0,0,0,0,0,0,0,0,0
371130,5,1,0,0,0,0,0,0,0,0,0,0
371130,6,1,0,10,0,0,0,0,0,0,0,0
371131,1,1,0,0,0,0,0,0,0,0,0,0
371131,2,1,0,0,0,0,0,0,4,0,0,0
371131,3,1,0,6,0,0,0,0,0,0,0,0
371132,0,1,13,0,0,0,15,0,0,0,26,0
371132,1,1,0,0,0,0,0,0,0,0,0,0
371134,0,1,38,26,18,14,23,13,19,12,0,22
371134,1,1,11,15,0,0,22,9,0,0,0,0
371135,1,1,0,0,0,0,0,0,0,0,0,0
371135,2,1,0,0,0,0,0,0,0,0,0,0
371136,0,1,0,0,0,0,0,0,0,0,0,0
371136,1,1,0,0,0,0,0,0,0,0,0,0
371137,1,1,0,0,0,0,0,0,0,0,0,0
371138,0,1,0,0,0,0,0,18,0,0,0,0
371138,1,1,0,0,0,0,0,0,0,0,0,0
371139,0,1,0,0,0,0,0,0,0,0,0,0
371139,1,1,14,18,18,21,29,20,12,19,18,15
371140,1,1,0,0,0,0,0,0,0,0,0,11
371140,2,1,0,0,0,0,0,0,0,0,0,0
371141,1,1,0,0,0,0,0,0,0,0,0,0
371142,1,1,9,20,8,33,8,4,14,0,15,47
371143,1,1,0,0,0,0,0,0,0,0,0,0
371143,2,1,0,0,0,0,0,0,0,0,0,0
371143,3,1,0,0,0,0,0,0,0,0,0,0
371144,1,1,0,0,0,0,0,0,0,0,0,0
371145,1,1,0,0,0,0,0,0,0,16,0,0
371145,2,1,0,0,0,0,22,0,0,0,29,0
371146,1,1,9,18,28,20,17,0,8,14,13,13
371146,2,1,0,0,0,0,0,0,0,0,0,0
371147,1,1,0,0,0,0,0,0,0,0,0,0
371147,2,1,0,0,0,0,0,0,0,0,0,0
371148,1,1,0,0,0,0,0,0,0,0,0,0
371148,2,1,0,0,0,0,0,18,0,0,0,23
371150,1,1,0,0,0,0,0,0,0,0,0,0
371151,1,1,22,22,22,22,22,22,22,22,22,22
371152,0,1,0,0,0,0,0,0,0,0,0,0
371152,1,1,0,0,0,0,0,0,0,0,0,0
371153,0,1,0,0,0,0,0,0,0,16,0,8
371153,0,2,0,0,0,43,0,0,0,0,0,0
371153,1,1,0,0,0,0,0,0,0,0,0,20
371154,1,1,0,0,0,10,19,0,0,0,0,30
371155,1,1,0,0,0,0,0,0,0,0,0,0
371155,2,1,0,0,0,0,0,0,0,0,0,0
371156,1,1,0,0,0,0,0,0,0,0,0,35
371157,0,1,0,0,0,0,0,0,0,0,0,0
371157,1,1,0,0,0,0,0,0,0,0,0,0
371158,1,1,10,10,10,10,10,10,10,10,10,10
371159,1,1,0,0,0,0,0,0,0,0,0,0
371159,2,1,0,0,0,0,0,0,26,0,7,0
371160,1,1,0,0,0,0,0,0,0,0,0,0
371160,2,1,0,0,0,0,0,0,0,0,0,0
371161,1,1,0,0,0,0,0,0,0,0,0,0
371162,1,1,0,0,0,0,0,0,0,0,0,0
371163,1,1,14,0,28,31,19,18,0,33,0,17
371164,1,1,0,0,0,0,18,26,11,0,7,0
371165,1,1,0,0,0,0,16,0,0,0,14,0
371166,1,1,0,0,0,0,0,0,0,0,17,0
371167,1,1,13,13,13,13,13,13,13,13,13,13
371168,1,1,17,17,17,17,17,17,17,17,17,17
371169,1,1,23,23,23,23,23,23,23,23,23,23
371170,1,1,10,10,10,10,10,10,10,10,10,10
371170,2,1,0,0,0,0,0,0,0,0,0,0
371171,1,1,0,0,0,0,0,0,0,0,0,0
371172,1,1,0,0,0,0,0,0,0,0,0,0
371173,1,1,0,0,0,0,0,0,0,0,0,0
371173,2,1,0,0,0,0,0,0,0,0,0,0
371173,3,1,0,0,0,0,0,0,0,0,0,0
371174,1,1,18,18,18,18,18,18,18,18,18,18
371175,1,1,0,0,0,0,0,0,0,0,0,0
371176,1,1,0,0,0,0,0,0,0,0,0,0
371177,1,1,0,0,0,0,0,0,0,0,0,0
371177,2,1,0,0,0,0,0,0,0,0,0,0
371177,3,1,0,0,0,0,8,0,0,11,0,0
371178,1,1,0,21,9,0,0,0,0,27,0,0
371179,1,1,0,0,0,0,0,0,0,0,0,0
371180,1,1,0,0,0,0,0,0,0,0,24,0
371181,1,1,0,0,0,0,0,0,0,0,0,0
371181,2,1,0,0,0,0,0,0,0,0,0,0
371182,0,1,0,0,0,0,0,0,0,0,0,0
371182,1,1,0,0,0,0,0,0,0,0,0,0
371183,1,1,0,0,12,0,0,0,0,0,14,0
371184,0,1,0,9,0,0,0,0,0,0,0,0
371184,1,1,0,0,0,0,0,0,0,0,0,0
371185,1,1,0,0,0,0,0,0,0,0,0,0
371185,2,1,0,0,0,0,0,0,0,0,0,0
371186,1,1,10,10,10,10,10,10,10,10,10,10
371187,1,1,11,11,11,11,11,11,11,11,11,11
371188,1,1,0,0,0,0,0,0,0,0,0,0
371188,2,1,0,0,0,0,0,0,0,0,0,0
371188,3,1,0,0,0,0,0,0,0,0,0,0
371189,0,1,35,35,35,35,35,35,35,35,35,35
371189,1,1,0,0,0,0,0,0,0,0,0,0
371190,0,1,0,0,0,0,0,0,0,0,0,0
371190,1,1,0,0,0,0,0,0,0,0,0,0
371191,1,1,0,0,0,0,0,0,0,0,7,0
371191,2,1,0,0,0,0,0,0,0,0,0,0
371192,1,1,0,0,0,0,0,0,0,0,0,0
371192,2,1,0,0,0,0,0,0,0,0,0,0
371193,1,1,0,0,0,0,0,0,0,19,0,0
371194,1,1,0,0,0,0,0,0,0,0,0,0
371194,2,1,0,0,0,0,0,0,0,0,0,0
371195,1,1,0,0,0,0,0,0,0,9,0,8
371196,1,1,0,0,0,0,0,0,0,0,0,0
371196,2,1,28,0,0,0,0,0,11,0,0,0
371197,1,1,0,9,16,0,0,0,0,0,0,19
371198,1,1,0,0,0,0,0,0,0,0,0,0
371198,2,1,0,0,0,0,0,0,0,0,0,0
371199,1,1,0,0,0,0,0,0,0,0,0,0
371199,2,1,0,0,0,0,0,0,0,0,0,0
371200,1,1,18,18,18,18,18,18,18,18,18,18
371201,1,1,0,0,0,0,0,0,0,0,0,0
371202,1,1,19,19,19,19,19,19,19,19,19,19
371202,2,1,0,0,0,0,0,0,0,0,0,0
371203,1,1,0,0,0,0,0,0,0,0,0,0
371204,1,1,0,0,0,0,0,0,0,0,0,0
371204,2,1,0,0,0,0,0,0,0,0,0,0
371205,0,1,0,0,0,0,0,0,0,0,0,0
371205,1,1,23,23,23,23,23,23,23,23,23,23
371206,1,1,0,0,0,0,0,0,0,0,0,0
371206,2,1,0,0,0,0,0,0,0,0,0,0
371207,1,1,0,0,0,8,0,0,0,0,41,13
371208,1,1,0,24,0,14,5,0,0,0,0,0
371208,2,1,0,0,0,0,0,0,0,0,0,0