ST_CASE,VEH_NO,PER_NO,P1,P2,P3,P4,P5,P6,P7,P8,P9,P10
371209,1,1,0,0,0,0,0,0,0,0,0,0
371209,2,1,0,0,0,0,0,0,0,0,0,9
371209,3,1,0,0,0,0,0,0,0,0,0,0
371210,0,1,0,30,12,12,25,15,18,7,0,35
371210,1,1,0,0,0,0,0,14,0,0,0,0
371211,1,1,0,0,0,0,0,0,0,0,0,40
371211,2,1,0,0,0,0,0,0,0,0,0,0
371212,0,1,14,14,14,14,14,14,14,14,14,14
371213,1,1,0,0,13,24,0,0,0,0,0,0
371214,1,1,20,20,20,20,20,20,20,20,20,20
371214,2,1,0,0,0,10,0,0,0,0,0,0
371215,1,1,0,0,0,0,0,0,0,0,0,0
371215,2,1,22,22,22,22,22,22,22,22,22,22
371216,1,1,12,12,12,12,12,12,12,12,12,12
371216,2,1,34,34,34,34,34,34,34,34,34,34
371217,1,1,0,0,0,0,0,25,0,7,17,5
371217,2,1,0,0,0,0,0,0,0,0,0,0
371218,1,1,0,0,0,0,0,0,0,0,0,0
371219,1,1,0,0,0,0,0,0,0,0,0,0
371220,0,1,0,0,0,0,0,0,0,0,0,0
371220,1,1,0,0,0,0,0,0,0,0,0,0
371220,2,1,0,0,0,0,13,0,0,0,0,0
371221,1,1,13,0,9,18,13,16,0,17,15,25
371221,2,1,0,0,0,0,0,0,0,0,0,0
371221,3,1,0,0,0,0,0,0,0,0,0,0
371222,1,1,0,0,0,0,0,0,0,0,0,0
371222,2,1,0,0,0,0,0,0,0,0,0,15
371223,1,1,14,14,14,14,14,14,14,14,14,14
371224,1,1,20,20,20,20,20,20,20,20,20,20
371224,2,1,0,0,0,0,0,0,0,0,15,0
371225,0,1,22,35,30,11,0,11,15,0,17,23
371225,1,1,0,0,0,0,0,19,0,0,0,0
371226,1,1,0,0,0,0,0,0,0,0,0,0
371226,2,1,0,0,0,0,0,0,0,0,0,0
371227,0,1,20,20,20,20,20,20,20,20,20,20
371227,1,1,19,0,0,21,0,0,0,0,9,0
371228,1,1,22,0,0,0,0,0,0,16,0,0
371229,1,1,0,0,0,0,0,0,0,0,0,0
371229,2,1,0,0,0,0,0,0,0,0,0,0
371229,3,1,0,0,0,0,10,0,0,0,0,0
371229,4,1,0,0,0,0,0,32,0,0,0,0
371230,1,1,0,0,0,7,0,0,0,0,0,0
371231,1,1,16,16,16,16,16,16,16,16,16,16
371232,1,1,0,0,0,0,0,0,9,0,8,0
371233,0,1,0,0,0,0,0,0,24,0,0,0
371233,0,2,0,0,0,0,0,0,0,0,0,0
371233,0,3,0,0,0,0,0,0,0,0,0,0
371233,1,1,0,0,0,0,0,0,0,0,0,22
371234,0,1,0,0,0,0,0,0,0,0,0,0
371234,1,1,0,0,0,23,0,0,0,0,0,0
371235,1,1,0,0,0,0,0,0,0,0,0,0
371236,1,1,0,0,0,0,0,0,0,0,0,0
371236,2,1,0,0,0,0,0,0,0,0,0,0
371237,0,1,0,0,0,0,0,0,0,0,0,0
371237,1,1,0,0,0,0,0,0,0,0,0,0
371238,1,1,0,0,0,0,0,0,0,0,0,0
371238,2,1,0,0,0,0,0,0,0,0,0,0
371238,3,1,0,0,0,0,0,0,0,0,0,0
371239,1,1,0,0,0,0,0,0,0,0,10,0
371239,2,1,0,0,0,0,0,0,0,0,0,0
371240,1,1,0,0,0,0,0,0,0,0,0,0
371241,1,1,24,24,24,24,24,24,24,24,24,24
371242,1,1,28,28,28,28,28,28,28,28,28,28
371242,2,1,0,0,0,0,0,0,0,0,0,0
371243,0,1,0,0,0,0,0,0,0,0,0,0
371243,1,1,0,0,0,7,0,24,0,0,0,0
371244,1,1,0,0,0,0,0,0,0,0,0,0
371244,2,1,0,0,0,0,0,0,0,0,0,0
371245,0,1,0,0,0,0,0,0,0,0,0,0
371245,1,1,0,0,0,0,0,7,0,0,0,0
371246,1,1,0,0,0,0,0,0,11,0,0,0
371246,2,1,0,0,0,0,0,0,0,0,0,0
371247,1,1,14,14,14,14,14,14,14,14,14,14
371248,1,1,0,19,10,0,0,21,18,0,9,13
371248,2,1,0,0,0,0,0,0,0,0,0,0
371249,1,1,0,0,0,0,24,0,0,6,0,0
371249,2,1,0,0,0,0,0,0,0,0,0,0
371250,1,1,19,19,19,19,19,19,19,19,19,19
371250,2,1,0,24,0,0,0,0,0,0,0,0
371251,1,1,0,0,15,0,0,0,0,0,0,0
371252,1,1,28,19,22,33,26,21,15,24,11,19
371253,0,1,0,0,0,0,0,0,0,0,0,0
371253,1,1,0,0,0,0,0,0,0,0,0,0
371254,0,1,0,0,0,0,0,0,0,0,0,0
371254,1,1,0,0,0,46,0,0,0,0,4,0
371255,1,1,0,0,0,0,0,0,0,0,0,0
371256,1,1,0,0,0,0,0,0,0,0,0,0
371257,1,1,0,0,0,0,0,0,0,0,0,0
371258,1,1,19,24,15,12,15,18,20,36,19,22
371259,1,1,7,7,7,7,7,7,7,7,7,7
371259,2,1,0,0,0,0,0,0,0,0,0,0
371260,1,1,23,23,23,23,23,23,23,23,23,23
371261,1,1,0,0,0,0,0,0,0,0,0,0
371261,2,1,0,0,0,0,0,0,0,0,0,0
371262,1,1,0,0,0,0,0,0,0,0,0,0
371262,2,1,0,0,0,0,0,0,0,0,0,0
371263,1,1,0,0,0,0,0,0,0,0,0,0
371263,2,1,0,0,0,0,0,0,0,0,0,12
371264,1,1,0,0,0,0,0,0,0,0,0,0
371264,2,1,0,0,0,0,0,0,0,0,0,0
371265,1,1,0,0,0,0,0,0,0,0,0,0
371265,2,1,0,0,0,0,0,0,0,0,0,0
371265,3,1,0,20,0,0,0,16,0,0,0,0
371266,1,1,0,0,0,0,0,0,0,0,0,0
371267,1,1,0,0,0,0,0,0,0,0,0,0
371267,2,1,0,0,0,0,0,0,0,0,0,0
371268,1,1,0,0,0,0,0,0,0,0,0,0
371268,2,1,0,0,0,17,22,0,0,0,9,0
371269,1,1,0,0,0,0,9,0,0,0,0,0
371269,2,1,0,0,0,0,0,0,0,0,0,0
371270,1,1,26,17,0,0,0,26,27,0,0,0
371271,0,1,32,32,32,32,32,32,32,32,32,32
371271,1,1,0,0,0,0,0,0,0,0,0,0
371272,1,1,23,23,23,23,23,23,23,23,23,23
371273,1,1,0,0,0,0,0,0,0,0,0,0
371273,2,1,0,0,0,0,0,0,0,0,0,0
371274,1,1,11,11,11,11,11,11,11,11,11,11
371275,0,1,0,17,0,0,0,0,0,0,0,0
371275,1,1,0,0,25,0,2,0,0,21,0,0
371276,1,1,0,0,0,0,0,0,0,0,0,0
371276,2,1,0,0,0,0,0,0,0,0,0,0
371277,0,1,17,17,17,17,17,17,17,17,17,17
371277,1,1,0,0,0,0,0,0,0,0,0,0
371278,1,1,29,14,8,18,37,19,0,17,0,22
371278,2,1,0,0,0,0,0,0,0,0,0,0
371278,3,1,0,0,11,0,0,0,0,0,0,0
371279,1,1,13,13,13,13,13,13,13,13,13,13
371280,1,1,0,0,0,0,0,0,0,0,0,0
371281,1,1,0,0,0,0,0,0,0,0,0,0
371281,2,1,0,0,0,0,0,0,0,0,0,0
371281,3,1,0,0,0,12,0,0,0,0,0,0
371282,0,1,0,0,0,0,0,0,0,0,0,0
371282,0,2,0,0,0,0,0,0,0,0,0,0
371282,1,1,0,0,0,0,0,0,0,0,0,0
371283,1,1,0,0,0,0,0,0,0,0,0,0
371283,2,1,0,0,0,0,0,0,0,0,0,0
371284,1,1,31,31,31,31,31,31,31,31,31,31
371285,1,1,0,0,0,0,0,0,0,0,0,0
371286,1,1,0,0,0,0,0,0,0,0,0,0
371287,1,1,28,28,28,28,28,28,28,28,28,28
371287,2,1,0,0,0,0,0,0,0,0,0,0
371288,1,1,0,0,0,0,0,0,0,0,0,0
371288,2,1,0,0,0,0,0,0,18,0,0,0
371289,1,1,0,0,0,0,0,0,0,0,0,0
371290,1,1,0,0,0,0,4,0,0,0,0,0
371291,1,1,0,0,0,0,0,0,0,0,0,0
371291,2,1,0,17,28,0,22,6,10,26,8,20
371292,1,1,19,19,19,19,19,19,19,19,19,19
371293,0,1,21,21,21,21,21,21,21,21,21,21
371293,1,1,0,0,0,0,0,0,0,0,0,0
371294,1,1,0,0,0,0,0,0,0,20,12,0
371295,1,1,0,0,0,0,0,0,0,0,0,0
371296,1,1,0,0,0,0,0,0,0,0,0,0
371297,0,1,15,15,15,15,15,15,15,15,15,15
371297,1,1,0,0,0,0,0,0,0,0,0,0
371298,1,1,15,13,10,0,8,44,12,11,10,21
371298,2,1,4,4,4,4,4,4,4,4,4,4
371299,1,1,17,17,17,17,17,17,17,17,17,17
371299,2,1,0,0,0,5,5,0,10,0,0,0
371299,3,1,15,0,0,0,0,19,0,0,12,0
371300,1,1,0,0,0,0,0,0,0,0,0,0
371301,1,1,0,0,0,0,0,0,0,0,0,0
371301,2,1,0,0,0,0,0,0,0,0,0,0
371301,3,1,0,0,0,0,0,0,0,0,0,0
371302,1,1,0,0,30,0,0,0,0,0,0,0
371303,0,1,0,0,0,0,0,0,0,0,0,0
371303,1,1,0,15,0,0,0,0,0,0,0,0
371304,1,1,19,19,19,19,19,19,19,19,19,19
371305,1,1,0,0,0,0,0,0,0,0,0,0
371305,2,1,0,0,0,0,0,0,0,0,0,0
371306,1,1,0,0,0,0,0,0,0,0,0,0
371307,1,1,0,0,0,0,7,0,0,0,12,0
371308,0,1,0,0,0,0,0,0,0,0,0,0
371308,1,1,0,0,0,0,0,0,0,0,0,0
371309,1,1,0,0,0,0,21,0,0,0,0,0
371310,0,1,0,0,0,0,0,0,0,0,0,0
371310,1,1,23,21,15,25,17,16,18,25,12,25
371310,3,1,0,0,0,20,0,0,0,0,0,20
371311,0,1,0,0,0,0,0,0,0,0,0,0
371312,1,1,20,20,0,15,17,18,0,20,23,9
371313,1,1,0,0,22,0,0,30,19,0,0,11
371314,1,1,35,15,0,23,19,0,43,9,19,15
371315,0,1,0,0,0,0,0,0,11,0,13,0
371315,0,2,0,0,0,0,0,0,0,0,0,0
371315,1,1,0,0,0,0,0,0,0,0,0,0
371316,1,1,7,7,7,7,7,7,7,7,7,7
371317,1,1,14,0,0,0,0,0,0,6,0,0
371317,2,1,17,14,11,13,14,31,0,7,8,17
371318,1,1,12,5,16,11,19,28,14,2,9,19
371319,1,1,0,0,0,0,0,0,0,0,0,0
371319,2,1,0,0,0,0,0,0,0,0,0,0
371320,1,1,12,12,12,12,12,12,12,12,12,12
371321,1,1,21,21,21,21,21,21,21,21,21,21
371321,2,1,0,0,0,0,0,5,0,0,0,0
371322,1,1,0,0,0,0,0,2,0,0,0,0
371322,2,1,0,0,0,17,0,0,0,0,16,0
371323,1,1,0,0,0,0,0,0,0,0,0,0
371324,1,1,4,4,4,4,4,4,4,4,4,4
371325,1,1,12,12,12,12,12,12,12,12,12,12
371326,1,1,12,0,0,18,5,19,36,20,14,15
371326,2,1,0,0,0,0,0,0,0,0,0,0
371327,1,1,12,8,0,0,0,0,3,0,0,0
371327,2,1,0,0,0,0,0,0,0,0,0,0
371328,1,1,14,14,14,14,14,14,14,14,14,14
371328,2,1,0,0,0,0,0,0,0,0,0,0
371329,1,1,14,22,0,24,19,27,0,13,0,6
371329,2,1,0,0,0,0,0,0,0,0,0,0
371330,0,1,10,10,10,10,10,10,10,10,10,10
371330,1,1,0,0,0,0,0,24,0,30,0,21
371331,1,1,0,0,0,0,0,0,0,0,0,0
371332,1,1,23,23,23,23,23,23,23,23,23,23
371333,1,1,30,30,30,30,30,30,30,30,30,30
371334,1,1,13,25,23,0,0,13,0,10,33,0
371335,1,1,0,0,0,0,0,0,0,0,0,0
371335,2,1,0,0,0,0,0,0,0,0,0,0
371336,1,1,27,27,27,27,27,27,27,27,27,27
371337,1,1,0,22,10,0,0,17,0,0,0,0
371338,1,1,0,0,0,0,0,0,0,0,0,0
371338,2,1,0,0,0,0,0,0,0,0,0,0
371339,0,1,0,0,0,0,0,0,0,0,0,0
371339,1,1,7,7,7,7,7,7,7,7,7,7
371340,1,1,0,0,0,0,0,0,0,0,0,0
371340,2,1,0,0,0,0,0,0,0,0,0,0
371340,3,1,0,0,0,0,0,0,0,0,0,0
371341,0,1,15,15,15,15,15,15,15,15,15,15
371341,1,1,0,0,0,0,0,0,0,0,0,0
371342,1,1,0,0,0,0,0,0,0,0,0,0
371343,1,1,0,0,0,0,0,0,0,0,0,22
371344,1,1,0,0,0,0,0,0,0,0,0,0
371344,2,1,21,21,21,21,21,21,21,21,21,21
371345,1,1,0,0,0,0,0,0,0,0,0,0
371346,1,1,16,16,16,16,16,16,16,16,16,16
371346,2,1,0,0,0,0,0,0,0,0,0,0
371347,1,1,0,0,0,0,0,0,0,0,0,0
371347,2,1,0,0,0,0,0,0,0,0,0,0
371348,1,1,15,15,15,15,15,15,15,15,15,15
371349,1,1,0,0,0,0,0,0,0,0,0,0
371349,2,1,0,3,0,0,0,0,0,0,0,0
371350,0,1,11,11,11,11,11,11,11,11,11,11
371350,1,1,0,0,0,0,0,0,0,0,0,0
371351,1,1,8,0,0,0,0,0,0,0,0,0
371352,0,1,0,0,0,0,0,0,0,15,0,0
371352,1,1,0,0,0,0,0,0,0,0,0,0
371353,1,1,13,0,0,0,0,0,0,0,0,0
371353,2,1,20,0,0,0,0,0,0,0,0,0
371354,1,1,0,0,0,0,0,0,0,0,0,35
371354,2,1,0,0,0,0,0,0,0,0,34,0
371355,1,1,15,0,0,0,29,0,0,0,0,0
371355,2,1,30,6,6,0,24,0,13,0,0,0
371356,1,1,0,0,0,0,0,0,0,0,0,0
371356,2,1,0,11,0,0,0,0,0,5,0,0
371357,1,1,0,0,0,13,0,0,0,0,0,0
380001,1,2,0,0,0,0,0,0,0,0,0,0
380002,1,1,0,0,0,0,0,0,0,0,0,0
380002,2,1,0,0,0,0,0,0,0,0,0,0
380003,1,1,16,16,16,16,16,16,16,16,16,16
380004,1,1,0,0,0,0,0,0,0,0,0,0
380004,2,1,0,0,0,0,0,0,0,0,0,0
380005,1,1,10,10,10,10,10,10,10,10,10,10
380006,1,1,0,0,0,0,0,0,0,0,0,0
380006,2,1,3,3,3,3,3,3,3,3,3,3
380007,1,1,0,0,0,0,0,0,0,0,0,0
380007,2,1,0,0,0,0,0,0,0,0,0,0
380007,3,1,0,0,0,0,0,0,0,0,0,0
380008,1,1,0,0,0,0,0,0,0,0,0,0
380008,2,1,12,12,12,12,12,12,12,12,12,12
380009,1,1,22,22,22,22,22,22,22,22,22,22
380010,1,1,44,44,44,44,44,44,44,44,44,44
380011,1,1,0,0,0,0,0,0,0,0,0,0
380011,2,1,0,0,0,0,0,0,0,0,0,0
380012,1,1,23,23,23,23,23,23,23,23,23,23
380013,1,1,13,13,13,13,13,13,13,13,13,13
380014,1,1,16,16,16,16,16,16,16,16,16,16
380015,1,1,24,24,24,24,24,24,24,24,24,24
380016,1,1,15,15,15,15,15,15,15,15,15,15
380016,2,1,0,0,0,0,0,0,0,0,0,0
380017,1,1,23,23,23,23,23,23,23,23,23,23
380018,1,1,0,13,0,0,0,0,0,0,0,0
380018,2,1,0,0,0,0,0,0,0,0,0,0
380019,1,1,0,0,0,0,0,20,0,0,0,0
380020,1,1,0,0,0,0,0,0,0,0,0,0
380021,1,1,16,16,16,16,16,16,16,16,16,16
380022,1,1,19,19,19,19,19,19,19,19,19,19
380022,2,1,0,0,0,0,0,0,0,0,0,0
380023,1,1,24,24,24,24,24,24,24,24,24,24
380024,1,1,0,0,0,0,0,0,6,0,0,0
380024,2,1,0,0,0,0,0,0,0,0,0,0
380025,1,1,28,28,28,28,28,28,28,28,28,28
380026,0,1,0,0,23,0,0,0,23,0,0,15
380026,1,1,0,0,0,0,0,0,0,0,0,0
380027,1,1,22,22,22,22,22,22,22,22,22,22
380028,1,1,32,32,32,32,32,32,32,32,32,32
380028,2,1,1,1,1,1,1,1,1,1,1,1
380029,0,1,0,0,0,0,0,0,0,0,0,0
380029,1,1,29,10,7,10,0,0,10,10,20,9
380030,1,1,13,13,13,13,13,13,13,13,13,13
380031,1,1,0,0,0,0,0,0,0,0,0,0
380032,1,1,0,0,0,0,0,0,0,0,0,0
380032,2,1,0,0,0,0,0,0,0,0,0,0
380033,1,1,0,0,0,0,0,0,0,0,0,0
380034,1,1,0,0,0,0,0,0,0,0,0,0
380034,2,1,0,0,0,0,0,0,0,0,0,0
380035,1,1,0,0,0,0,0,0,0,0,0,0
380035,2,1,0,0,0,0,0,0,0,0,0,0
380036,1,1,0,0,0,11,0,0,0,0,0,0
380036,2,1,0,0,0,0,0,0,0,0,0,0
380037,1,1,21,21,21,21,21,21,21,21,21,21
380038,1,1,24,24,24,24,24,24,24,24,24,24
380039,1,1,0,0,0,0,0,0,0,0,0,0
380040,1,1,0,0,0,0,0,0,0,0,0,0
380041,1,1,12,12,12,12,12,12,12,12,12,12
380042,1,1,0,0,0,0,0,0,0,0,0,0
380043,1,1,22,22,22,22,22,22,22,22,22,22
380043,2,1,0,18,15,0,27,0,0,0,0,0
380044,1,1,0,0,0,0,0,0,0,0,0,0
380045,1,1,9,0,0,0,0,21,0,0,0,0
380046,1,1,0,0,0,0,0,0,0,0,0,0
380046,2,1,11,11,11,11,11,11,11,11,11,11
380047,1,1,0,0,0,0,0,0,0,0,0,0
380048,1,1,0,0,0,0,0,0,0,0,0,0
380049,1,1,0,0,0,0,0,0,0,0,0,0
380049,2,1,0,0,0,0,0,0,0,0,0,0
380050,1,1,0,0,0,0,0,0,0,0,0,0
380051,1,1,0,0,0,0,0,0,0,0,0,0
380051,2,1,0,0,0,0,0,0,0,0,0,0
380052,1,1,0,0,0,0,6,4,0,0,3,0
380052,2,1,0,0,0,0,0,33,0,0,0,0
380053,1,1,21,13,24,9,24,16,14,33,4,15
380054,1,1,0,0,0,0,0,0,0,0,0,0
380054,2,1,0,0,0,0,0,0,0,0,0,0
380055,1,1,20,20,20,20,20,20,20,20,20,20
380056,1,1,0,0,0,0,0,0,0,0,0,0
380057,1,1,0,0,0,0,0,0,0,0,0,0
380058,1,1,0,0,0,0,0,0,0,0,0,0
380059,1,1,0,0,0,0,0,0,0,0,0,0
380059,2,1,0,0,0,0,0,0,0,0,0,0
380060,1,1,7,7,7,7,7,7,7,7,7,7
380060,2,1,0,7,0,0,0,0,0,0,0,0
380061,1,1,9,23,20,29,7,10,27,5,26,15
380062,0,1,33,25,0,0,0,0,0,0,0,0
380062,1,1,0,0,0,0,0,0,0,0,19,0
380062,2,1,0,0,0,0,0,0,0,0,0,0
380063,0,1,33,0,0,0,38,41,17,0,0,0
380063,1,1,0,0,0,0,0,0,0,0,0,0
380064,1,1,16,23,16,5,16,31,11,20,26,29
380065,1,1,17,17,17,17,17,17,17,17,17,17
380065,2,1,0,0,0,0,0,0,0,0,4,0
380066,1,1,17,17,17,17,17,17,17,17,17,17
380067,1,1,0,0,0,0,0,0,0,0,0,0
380068,1,1,0,0,0,0,0,0,0,0,0,0
380068,2,1,49,49,49,49,49,49,49,49,49,49
380069,1,1,18,18,18,18,18,18,18,18,18,18
380070,1,1,0,0,0,0,0,0,0,0,0,0
380071,1,1,0,0,0,0,0,0,0,0,0,0
380071,2,1,0,0,0,0,0,0,0,17,0,0
380072,1,1,13,23,34,31,28,26,20,31,18,12
380073,1,1,13,13,13,13,13,13,13,13,13,13
380074,1,1,22,22,22,22,22,22,22,22,22,22
380075,1,1,6,18,0,0,0,0,0,13,0,0
380076,1,1,0,0,0,0,0,0,0,0,0,0
380076,2,1,0,0,27,0,0,0,0,0,0,29
380077,1,1,0,0,0,0,0,0,0,0,0,0
380077,2,1,0,0,0,0,0,0,0,0,0,0
380078,1,1,19,19,19,19,19,19,19,19,19,19
380078,2,1,0,0,0,0,0,0,0,0,0,0
380079,1,1,0,23,0,0,0,0,0,0,0,11
380080,0,1,0,0,18,0,0,0,0,0,31,0
380080,1,1,0,0,0,0,0,0,0,0,0,0
380081,1,1,33,33,33,33,33,33,33,33,33,33
380082,1,1,0,0,7,0,0,0,0,0,0,0
380082,2,1,0,0,0,0,0,0,0,0,0,0
380083,1,1,0,0,0,0,0,0,0,0,0,0
380083,2,1,32,32,32,32,32,32,32,32,32,32
380084,1,1,0,0,0,0,0,0,0,0,0,0
380085,1,1,0,0,0,0,0,10,0,0,0,0
380085,2,1,0,0,0,0,0,0,0,0,0,0
380086,1,1,0,0,0,0,0,0,0,0,0,42
380086,2,1,0,0,0,0,0,0,0,0,0,0
380087,0,1,0,0,0,0,0,0,0,0,0,0
380087,1,1,0,0,0,0,0,0,0,0,0,0
380088,0,1,0,0,0,0,0,0,0,0,0,0
380088,1,1,0,0,0,0,0,0,0,0,0,0
380089,1,1,11,11,11,11,11,11,11,11,11,11
380090,1,1,15,15,15,15,15,15,15,15,15,15
380091,1,1,25,25,25,25,25,25,25,25,25,25
380092,1,1,29,29,29,29,29,29,29,29,29,29
380093,0,1,0,0,0,0,0,0,0,0,0,0
380093,1,1,0,0,0,0,0,0,0,0,0,0
380094,1,1,0,0,0,0,0,0,0,0,0,0
380094,2,1,0,0,0,0,0,0,0,0,0,0
380095,0,1,35,35,35,35,35,35,35,35,35,35
380095,1,1,0,0,0,0,0,0,0,0,0,0
380096,1,1,25,25,25,25,25,25,25,25,25,25
380097,1,1,13,13,13,13,13,13,13,13,13,13
380098,1,1,0,0,0,0,0,0,0,0,0,0
380098,2,1,0,0,0,0,0,0,0,0,0,0
380099,1,1,0,0,0,0,0,0,0,0,0,0
380100,1,1,0,13,0,0,0,0,0,0,0,0
380101,0,1,0,0,0,0,0,0,0,0,0,0
380101,1,1,0,0,0,0,0,0,0,10,0,0
380102,0,1,0,0,0,0,0,0,0,0,0,0
380102,1,1,0,0,0,0,0,0,0,0,0,0
390001,1,1,0,0,0,0,0,0,0,0,0,0
390002,1,1,23,23,23,23,23,23,23,23,23,23
390003,1,1,0,4,0,0,0,0,0,0,0,0
390003,2,1,26,26,26,26,26,26,26,26,26,26
390004,1,1,0,0,0,0,0,0,0,0,0,0
390005,1,1,0,0,0,0,0,0,0,0,0,0
390005,2,1,0,22,0,0,30,0,0,0,0,0
390006,1,1,0,0,0,0,0,0,0,0,0,0
390007,1,1,0,0,12,0,0,0,0,0,0,0
390007,2,1,0,0,0,0,0,0,0,0,0,0
390008,1,1,0,0,0,0,0,0,0,0,0,0
390008,2,1,0,0,0,0,0,0,0,0,0,0
390009,1,1,0,0,0,0,0,0,0,0,0,0
390009,2,1,0,0,0,0,13,0,0,3,0,0
390009,3,1,0,0,0,0,0,12,0,0,0,0
390009,4,1,0,0,0,0,0,0,0,0,0,0
390010,1,1,0,0,0,8,0,0,0,0,0,0
390010,2,1,0,0,0,0,0,0,0,0,0,0
390012,0,1,0,0,16,0,0,0,0,17,0,0
390012,1,1,0,0,0,0,10,0,0,0,0,0
390013,1,1,18,18,18,18,18,18,18,18,18,18
390014,1,1,17,17,17,17,17,17,17,17,17,17
390016,1,1,12,12,12,12,12,12,12,12,12,12
390016,2,1,0,0,0,0,0,0,0,0,0,18
390017,1,1,22,22,22,22,22,22,22,22,22,22
390018,1,1,0,0,0,0,0,4,0,0,0,0
390018,2,1,0,0,0,6,0,0,0,0,0,0
390019,1,1,0,0,0,0,0,0,0,0,0,0
390019,2,1,8,8,8,8,8,8,8,8,8,8
390020,1,1,13,13,13,13,13,13,13,13,13,13
390021,1,1,0,0,0,0,0,0,0,0,0,0
390022,1,1,0,0,0,0,0,0,0,0,0,0
390023,1,1,0,0,0,0,0,0,0,0,0,0
390023,2,1,0,0,0,0,0,0,0,0,0,0
390024,1,1,27,27,27,27,27,27,27,27,27,27
390024,2,1,0,0,0,0,0,0,0,0,0,0
390024,3,1,0,0,0,0,0,0,0,0,0,0
390025,1,1,17,17,17,17,17,17,17,17,17,17
390026,1,1,0,0,0,0,0,0,0,0,0,0
390027,1,1,0,0,0,0,0,0,0,0,0,0
390028,1,1,0,0,0,0,0,0,0,0,0,0
390028,2,1,0,0,0,0,0,0,0,0,0,0
390029,1,1,19,19,19,19,19,19,19,19,19,19
390030,1,1,0,0,0,0,0,0,0,0,0,0
390030,2,1,0,0,19,0,0,0,0,0,0,0
390031,1,1,0,0,0,0,0,0,0,0,0,0
390031,2,1,0,0,0,0,0,0,0,0,0,0
390032,1,1,0,0,0,0,0,0,0,0,0,0
390032,2,1,0,0,0,0,0,0,0,0,0,0
390033,1,1,0,0,0,0,0,0,0,0,20,0
390033,2,1,0,0,14,0,0,0,0,0,0,0
390034,1,1,0,0,0,0,0,0,0,0,0,0
390035,1,1,0,0,0,0,0,0,0,0,0,0
390035,2,1,0,0,0,0,0,0,0,0,0,0
390036,1,1,0,0,0,0,0,0,0,0,0,0
390036,2,1,0,0,0,0,0,0,0,0,0,0
390037,2,1,0,0,0,0,0,0,0,0,0,0
390038,1,1,0,0,0,0,0,0,0,0,0,0
390038,2,1,0,0,0,0,0,0,0,0,0,0
390039,1,1,0,0,0,0,0,0,0,0,0,0
390039,2,1,0,0,0,0,0,0,0,0,0,0
390040,1,1,0,8,0,0,0,0,0,0,0,0
390040,2,1,0,0,0,0,0,0,0,0,0,0
390041,0,1,2,2,2,2,2,2,2,2,2,2
390041,0,2,0,0,0,0,0,0,0,0,0,0
390041,1,1,0,0,0,0,0,0,0,0,0,0
390043,0,1,5,5,5,5,5,5,5,5,5,5
390043,0,2,0,0,0,0,0,0,0,0,0,0
390043,1,1,0,0,0,0,0,0,0,0,0,0
390043,2,1,4,4,4,4,4,4,4,4,4,4
390044,1,1,0,0,0,0,0,0,0,0,0,0
390044,2,1,0,0,0,0,0,0,0,4,0,0
390045,1,1,0,0,0,0,0,0,0,0,0,0
390046,1,1,18,18,18,18,18,18,18,18,18,18
390047,1,1,22,22,22,22,22,22,22,22,22,22
390047,2,1,0,0,0,0,0,0,0,0,0,0
390048,0,1,0,0,0,0,0,0,0,0,0,0
390048,0,2,0,0,0,0,0,0,0,0,0,0
390048,1,1,15,15,15,15,15,15,15,15,15,15
390049,0,1,25,25,25,25,25,25,25,25,25,25
390049,1,1,0,0,0,0,0,0,0,0,0,0
390050,1,1,11,11,11,11,11,11,11,11,11,11
390051,1,1,0,0,0,0,0,0,0,0,0,0
390052,1,1,0,0,0,0,0,0,0,0,0,0
390052,2,1,0,0,0,0,0,0,0,0,0,0
390053,1,1,0,0,0,0,0,0,0,0,0,0
390053,2,1,0,0,0,0,0,0,0,0,0,0
390054,1,1,0,0,0,0,0,0,0,0,0,0
390054,2,1,0,4,0,0,0,0,0,0,0,0
390055,1,1,0,0,0,0,0,0,0,0,0,0
390055,2,1,0,0,15,9,0,0,0,0,0,0
390055,3,1,0,0,0,0,0,0,0,0,0,0
390055,4,1,0,0,0,0,0,0,0,0,0,0
390056,1,1,0,0,0,0,0,0,0,0,0,0
390056,2,1,0,0,0,0,0,0,0,0,0,0
390056,3,1,0,0,0,0,0,0,0,0,0,0
390057,1,1,17,17,17,17,17,17,17,17,17,17
390058,1,1,21,21,21,21,21,21,21,21,21,21
390059,0,1,19,19,19,19,19,19,19,19,19,19
390059,1,1,0,0,0,18,0,0,29,0,0,0
390060,0,1,18,18,18,18,18,18,18,18,18,18
390060,1,1,0,0,0,0,0,0,0,0,0,0
390061,1,1,0,0,0,0,0,0,0,0,0,0