ST_CASE,VEH_NO,PER_NO,P1,P2,P3,P4,P5,P6,P7,P8,P9,P10
390688,0,1,0,0,0,0,0,0,0,0,0,0
390688,1,1,0,0,0,0,0,0,0,0,0,0
390689,0,1,14,14,14,14,14,14,14,14,14,14
390689,1,1,0,0,0,0,0,0,0,0,0,0
390690,1,1,9,9,9,9,9,9,9,9,9,9
390690,2,1,0,0,0,0,0,0,0,0,0,0
390691,1,1,7,7,7,7,7,7,7,7,7,7
390692,1,1,0,0,0,0,0,0,0,0,0,0
390692,2,1,0,0,0,0,0,0,0,0,0,0
390693,1,1,0,0,0,0,0,0,0,0,0,0
390693,2,1,0,0,0,0,0,0,0,0,0,0
390693,3,1,0,0,0,0,0,0,0,0,0,0
390694,1,1,2,2,2,2,2,2,2,2,2,2
390695,1,1,26,26,26,26,26,26,26,26,26,26
390696,0,1,0,0,0,0,0,0,0,0,0,0
390696,1,1,0,0,0,0,0,0,0,0,0,0
390697,1,1,32,32,32,32,32,32,32,32,32,32
390698,0,1,0,0,0,0,0,0,0,0,0,0
390698,1,1,14,0,0,0,19,0,0,23,0,0
390699,1,1,0,0,0,0,0,0,0,0,0,0
390699,2,1,11,0,0,0,0,0,0,0,0,6
390699,3,1,0,0,0,0,0,0,0,0,0,0
390700,1,1,20,20,20,20,20,20,20,20,20,20
390701,1,1,0,0,0,0,0,0,0,0,0,0
390701,2,1,0,0,0,0,0,0,20,0,0,0
390702,1,1,0,0,0,22,0,0,2,0,0,0
390703,1,1,0,0,0,0,0,0,0,0,0,0
390704,1,1,0,0,0,0,0,0,0,0,0,0
390705,1,1,0,0,0,0,0,0,0,0,0,0
390705,2,1,0,0,0,0,0,0,0,0,0,0
390706,0,1,0,0,0,0,0,0,0,0,0,0
390706,1,1,0,0,0,0,0,0,0,16,0,0
390707,1,1,0,0,0,0,0,0,0,0,0,0
390707,2,1,7,0,0,0,0,0,0,0,0,0
390708,1,1,6,6,6,6,6,6,6,6,6,6
390709,0,1,0,0,0,0,0,0,0,0,0,0
390709,1,1,0,0,0,0,0,0,0,0,0,0
390710,1,1,23,23,23,23,23,23,23,23,23,23
390711,1,1,1,1,1,1,1,1,1,1,1,1
390711,2,1,0,0,0,0,0,0,0,0,0,0
390712,1,1,12,12,12,12,12,12,12,12,12,12
390713,1,1,0,0,0,0,0,0,0,0,0,0
390714,1,1,0,0,0,0,0,0,0,0,0,0
390714,2,1,0,0,0,0,0,0,0,0,0,0
390715,1,1,0,0,0,0,0,0,0,0,0,0
390715,2,1,25,25,25,25,25,25,25,25,25,25
390716,1,1,0,0,0,0,0,0,0,0,0,0
390716,2,1,0,0,0,0,0,0,0,0,0,0
390717,0,1,16,16,16,16,16,16,16,16,16,16
390717,1,1,0,0,0,0,0,0,0,0,0,0
390718,0,1,0,0,0,0,0,0,0,0,0,0
390718,1,1,0,0,0,0,0,0,0,0,0,0
390719,0,1,0,0,0,0,0,0,0,0,0,0
390719,1,1,0,0,0,0,0,0,0,0,0,0
390720,1,1,21,21,21,21,21,21,21,21,21,21
390720,2,1,0,0,0,0,0,0,0,0,0,0
390720,3,1,0,0,0,0,0,0,0,0,0,0
390721,1,1,0,0,0,0,0,0,0,0,0,0
390721,2,1,0,0,0,0,0,0,0,0,0,0
390722,1,1,0,0,0,0,0,0,0,0,17,0
390722,2,1,7,7,7,7,7,7,7,7,7,7
390723,0,1,0,0,0,49,0,0,0,0,0,0
390723,1,1,0,0,0,0,0,0,0,0,0,0
390724,1,1,0,0,0,0,0,0,0,0,0,0
390724,2,1,0,0,0,0,0,0,0,0,0,0
390724,3,1,0,0,0,0,0,0,0,0,0,0
390724,4,1,0,0,0,0,0,0,0,0,0,0
390724,5,1,0,0,0,0,0,0,0,0,0,0
390725,1,1,0,0,0,0,0,0,0,0,0,0
390725,2,1,0,0,0,0,0,0,0,0,0,0
390726,0,1,0,0,0,17,0,0,0,0,0,20
390726,1,1,0,0,22,0,0,0,0,0,0,0
390727,1,1,12,12,12,12,12,12,12,12,12,12
390727,2,1,0,0,0,0,0,0,4,0,0,0
390728,1,1,0,0,0,0,0,0,0,0,0,0
390729,1,1,0,0,0,0,0,0,0,0,0,0
390729,2,1,0,0,0,0,0,0,0,0,0,0
390730,1,1,0,0,0,0,0,0,0,0,0,0
390730,2,1,0,0,0,0,0,0,0,0,0,0
390731,1,1,0,0,0,0,0,0,0,0,0,0
390731,2,1,0,0,0,0,0,0,0,0,0,0
390732,1,1,0,0,0,0,0,0,0,0,0,0
390733,1,1,0,0,0,0,0,0,0,0,0,0
390733,2,1,0,0,0,0,0,0,0,0,0,0
390734,1,1,0,0,0,0,0,0,0,0,0,0
390734,2,1,0,0,0,0,0,0,0,0,0,0
390735,1,1,0,0,0,0,0,0,0,0,0,0
390736,1,1,0,0,0,0,0,0,0,0,0,0
390736,2,1,0,0,0,0,0,0,0,0,0,0
390737,1,1,0,0,0,0,0,0,0,0,0,0
390738,1,1,23,23,23,23,23,23,23,23,23,23
390739,1,1,0,0,0,0,0,0,0,0,0,0
390739,2,1,0,0,0,0,0,0,0,0,0,0
390739,3,1,0,0,0,0,0,0,0,0,0,0
390740,1,1,0,0,0,0,0,3,0,31,0,14
390740,2,1,0,0,0,0,0,0,0,0,0,0
390741,0,1,0,0,0,0,0,0,0,0,0,0
390741,1,1,0,0,0,0,0,0,0,0,0,0
390742,1,1,0,0,0,0,0,0,0,0,0,0
390742,2,1,0,0,0,0,0,0,0,0,0,0
390743,1,1,5,5,5,5,5,5,5,5,5,5
390744,0,1,0,0,0,0,0,0,0,0,0,0
390744,1,1,0,0,4,0,0,0,0,0,0,0
390745,1,1,0,0,0,0,0,0,0,0,0,0
390745,2,1,0,0,0,0,0,0,0,0,0,0
390746,1,1,22,0,0,0,0,0,0,0,11,0
390746,2,1,0,0,0,0,0,0,0,0,0,30
390747,1,1,0,0,0,0,0,0,0,0,0,0
390748,1,1,1,1,1,1,1,1,1,1,1,1
390748,2,1,0,0,0,0,0,0,0,0,0,0
390750,1,1,0,0,0,0,0,0,0,0,0,0
390750,2,1,0,0,0,0,0,0,0,0,0,0
390751,0,1,28,28,28,28,28,28,28,28,28,28
390751,1,1,0,13,0,4,0,0,0,0,13,6
390752,1,1,0,0,0,0,8,0,0,0,0,0
390752,2,1,0,0,0,0,0,0,0,0,0,0
390753,1,1,0,0,0,0,0,0,0,0,0,0
390753,2,1,0,18,0,0,0,0,0,0,21,21
390754,1,1,18,18,18,18,18,18,18,18,18,18
390756,0,1,0,0,0,0,0,0,0,0,0,0
390756,1,1,0,0,0,0,0,0,0,0,0,0
390756,2,1,0,0,0,0,0,0,0,0,0,0
390757,1,1,38,38,38,38,38,38,38,38,38,38
390758,1,1,0,0,0,0,0,0,0,0,0,0
390759,1,1,0,16,0,9,0,0,0,12,0,0
390759,2,1,0,0,0,0,0,0,0,0,0,0
390760,1,1,0,0,0,0,0,0,0,0,0,0
390760,2,1,0,0,0,0,0,0,0,0,16,0
390761,1,1,0,0,0,0,0,0,0,0,0,0
390762,1,1,12,19,0,0,8,17,16,15,0,0
390762,2,1,18,18,18,18,18,18,18,18,18,18
390763,1,1,17,17,17,17,17,17,17,17,17,17
390764,1,1,0,11,0,0,0,0,0,25,0,0
390765,1,1,0,0,0,0,0,0,0,0,0,0
390765,2,1,0,0,0,0,0,0,0,0,0,0
390766,1,1,5,5,5,5,5,5,5,5,5,5
390767,1,1,0,6,0,0,0,0,0,0,0,0
390767,2,1,0,0,0,0,0,0,0,0,0,0
390768,1,1,0,0,0,0,0,0,0,0,0,0
390768,2,1,4,0,0,0,0,0,0,0,0,0
390770,1,1,0,0,0,0,0,0,0,0,0,0
390770,2,1,0,0,0,0,0,0,0,0,0,0
390771,1,1,0,0,0,0,0,0,0,0,0,0
390771,2,1,0,20,0,0,0,0,0,0,0,0
390772,1,1,0,0,0,0,0,0,0,0,0,0
390773,1,1,6,6,6,6,6,6,6,6,6,6
390773,2,1,0,0,0,0,0,0,27,2,0,0
390774,1,1,0,0,0,0,0,0,0,0,0,0
390774,2,1,0,0,0,0,0,0,0,0,0,0
390775,1,1,0,0,0,0,0,0,0,0,0,0
390775,2,1,13,0,0,0,0,0,0,0,0,0
390776,1,1,0,0,0,0,9,17,0,0,0,0
390777,1,1,0,0,0,0,0,0,0,0,0,0
390777,2,1,0,0,0,0,0,0,0,0,0,0
390777,3,1,0,0,0,0,0,0,0,0,0,0
390778,1,1,0,0,0,0,0,0,0,0,0,0
390779,1,1,0,0,0,0,0,0,0,0,0,0
390779,2,1,0,0,0,0,0,0,0,0,0,0
390780,0,1,0,0,0,24,0,0,0,0,0,31
390780,0,2,0,0,0,0,34,0,31,0,0,0
390780,1,1,0,0,0,0,0,0,0,0,0,0
390781,1,1,0,0,0,0,0,0,0,0,0,0
390781,2,1,0,0,0,0,18,0,0,0,0,0
390782,1,1,0,0,0,0,0,0,0,0,0,0
390783,1,1,0,0,0,0,17,0,0,25,0,0
390783,2,1,0,0,0,0,0,0,0,0,0,0
390784,1,1,0,0,0,0,0,0,0,0,0,0
390784,2,1,0,0,0,0,0,0,0,0,0,0
390785,1,1,0,11,10,0,22,0,34,9,7,0
390786,1,1,0,0,0,0,0,0,0,0,0,0
390787,1,1,0,0,0,0,0,0,0,0,0,0
390787,2,1,0,0,0,0,0,0,0,0,0,0
390788,1,1,11,11,11,11,11,11,11,11,11,11
390788,2,1,0,0,0,0,24,0,0,18,0,0
390789,1,1,0,0,0,0,0,0,0,0,0,0
390789,2,1,0,0,0,0,0,0,0,0,0,0
390790,1,1,22,22,22,22,22,22,22,22,22,22
390791,1,1,25,25,25,25,25,25,25,25,25,25
390792,0,1,0,0,0,0,0,13,0,0,0,0
390792,1,1,0,0,23,0,0,0,0,0,0,0
390793,0,1,0,0,0,0,0,0,0,0,0,0
390793,1,1,0,0,4,0,0,0,0,0,0,0
390794,1,1,31,31,31,31,31,31,31,31,31,31
390795,1,1,22,22,22,22,22,22,22,22,22,22
390795,2,1,0,0,0,0,0,0,0,0,0,0
390796,0,1,0,0,0,0,0,0,0,0,0,0
390796,0,2,0,0,0,0,0,0,0,0,0,0
390796,2,1,0,0,0,0,0,0,0,0,0,0
390797,0,1,0,0,11,0,0,0,0,0,14,0
390797,1,1,0,0,0,23,0,0,0,18,0,0
390798,1,1,0,0,0,0,0,0,0,0,0,0
390798,2,1,0,0,0,0,0,0,0,0,0,0
390799,1,1,18,18,18,18,18,18,18,18,18,18
390800,0,1,9,9,9,9,9,9,9,9,9,9
390800,1,1,0,0,0,0,0,0,0,0,0,0
390801,1,1,0,0,0,0,0,21,0,0,0,11
390801,2,1,0,0,0,0,0,0,0,0,0,0
390802,1,1,0,0,0,0,0,0,0,0,0,0
390802,2,1,0,0,0,0,0,0,0,0,0,0
390803,1,1,0,5,0,0,0,0,0,0,0,0
390803,2,1,0,0,0,0,0,0,0,0,0,0
390804,1,1,21,21,21,21,21,21,21,21,21,21
390805,1,1,32,32,32,32,32,32,32,32,32,32
390806,1,1,9,9,9,9,9,9,9,9,9,9
390807,1,1,0,0,0,0,0,0,0,0,0,0
390807,2,1,0,0,0,0,0,0,0,19,0,0
390808,1,1,0,0,0,0,0,0,0,0,0,0
390808,2,1,0,0,0,0,0,0,0,0,0,0
390809,1,1,8,8,8,8,8,8,8,8,8,8
390811,1,1,0,0,0,14,0,0,0,0,0,0
390812,1,1,0,0,0,0,0,0,0,0,0,0
390812,2,1,0,0,0,0,0,0,21,0,0,0
390813,0,1,0,0,0,0,0,0,0,0,0,0
390813,1,1,0,0,0,0,0,0,0,0,0,0
390814,1,1,0,0,0,0,0,0,0,0,0,0
390814,2,1,0,0,0,0,0,0,0,0,0,0
390815,1,1,26,26,26,26,26,26,26,26,26,26
390816,1,1,0,0,0,0,0,0,0,0,0,0
390816,2,1,2,2,2,2,2,2,2,2,2,2
390817,1,1,10,10,10,10,10,10,10,10,10,10
390818,1,1,0,0,0,0,0,0,0,0,0,0
390818,2,1,0,0,0,0,0,0,0,0,0,0
390819,1,1,0,0,0,0,36,0,0,0,0,0
390819,2,1,0,0,0,0,0,0,0,0,0,0
390820,1,1,16,16,16,16,16,16,16,16,16,16
390821,0,1,16,16,16,16,16,16,16,16,16,16
390821,1,1,0,0,0,15,7,0,0,0,0,0
390822,1,1,4,4,4,4,4,4,4,4,4,4
390823,1,1,0,0,0,0,0,0,0,0,0,0
390823,2,1,0,0,0,0,20,2,8,0,0,11
390824,1,1,19,19,19,19,19,19,19,19,19,19
390825,1,1,0,0,0,0,0,0,0,0,0,0
390825,2,1,0,0,0,0,0,19,0,0,0,0
390826,1,1,0,0,0,0,0,0,0,0,0,0
390826,2,1,0,0,0,0,0,0,0,0,0,0
390827,1,1,0,0,0,0,0,0,0,0,8,0
390828,1,1,5,5,5,5,5,5,5,5,5,5
390829,1,1,0,0,0,0,0,0,0,0,0,0
390829,2,1,0,0,0,0,0,0,0,0,0,0
390831,1,1,0,0,0,0,0,0,0,0,0,0
390831,2,1,0,0,0,0,0,0,0,0,0,0
390832,1,1,0,0,0,0,0,0,0,0,0,0
390832,2,1,0,0,0,0,0,0,0,0,0,0
390833,0,1,0,0,0,0,0,0,0,0,0,0
390833,1,1,0,0,0,0,0,0,14,0,0,0
390834,1,1,0,0,0,0,0,0,0,0,0,0
390834,2,1,0,0,0,0,0,0,0,19,13,0
390835,1,1,0,0,0,0,0,0,0,0,0,0
390836,1,1,0,0,0,0,0,0,0,0,0,0
390836,2,1,0,0,0,0,0,12,11,0,0,0
390837,0,1,0,0,0,0,0,0,0,0,0,0
390837,0,2,0,20,0,0,24,0,0,21,5,0
390837,2,1,0,0,0,0,0,0,0,0,0,0
390838,1,1,0,0,0,11,0,0,0,0,0,0
390839,1,1,0,0,0,0,0,0,0,0,0,0
390840,1,1,0,0,0,0,0,0,0,10,0,0
390840,2,1,0,0,0,0,0,0,0,0,0,0
390841,1,1,20,20,20,20,20,20,20,20,20,20
390842,0,1,0,0,0,0,0,0,0,0,0,0
390842,1,1,0,0,0,0,0,0,0,0,0,0
390843,1,1,0,0,0,0,0,0,0,0,0,0
390844,1,1,17,17,17,17,17,17,17,17,17,17
390845,1,1,0,0,0,0,0,0,0,0,0,0
390846,1,1,0,0,0,0,0,0,0,0,0,0
390846,2,1,0,0,0,0,0,0,0,0,0,0
390847,1,1,0,0,0,0,0,0,0,0,0,0
390847,2,1,0,0,0,0,0,0,0,0,0,0
390849,1,1,18,18,18,18,18,18,18,18,18,18
390849,2,1,0,0,16,0,0,0,0,0,0,0
390850,1,1,28,28,28,28,28,28,28,28,28,28
390851,1,1,0,0,0,0,0,0,0,0,0,0
390851,2,1,0,0,0,0,0,0,0,0,0,0
390851,3,1,0,0,0,5,0,0,0,0,0,0
390852,0,1,0,0,0,0,0,0,0,0,0,0
390852,1,1,0,0,0,0,0,0,0,0,0,0
390853,1,1,0,0,0,0,0,0,0,0,0,0
390853,2,1,0,0,0,0,0,0,0,0,0,0
390854,1,1,0,0,0,0,0,0,0,0,0,0
390854,2,1,0,0,0,0,0,0,0,0,0,0
390855,1,1,0,14,0,0,0,0,17,0,0,0
390856,1,1,0,0,0,0,0,0,13,14,0,0
390856,2,1,0,0,0,0,0,0,0,0,0,0
390857,1,1,0,0,0,0,0,0,0,0,0,0
390857,2,1,0,0,0,0,0,0,0,0,0,0
390858,1,1,0,0,0,0,0,0,0,0,0,0
390859,1,1,0,0,0,0,0,0,0,0,0,0
390861,1,1,0,0,0,0,0,0,0,0,0,0
390862,1,1,0,0,0,0,0,0,0,0,0,0
390863,1,1,0,0,0,0,0,0,0,0,0,0
390863,2,1,0,0,0,0,0,0,0,0,0,0
390864,1,1,0,0,0,0,0,0,0,0,0,0
390864,2,1,0,0,0,0,0,0,0,0,0,0
390865,1,1,0,0,0,0,0,0,0,0,0,0
390865,2,1,0,0,0,0,0,0,0,0,0,0
390866,1,1,0,0,0,0,0,0,0,0,0,2
390866,2,1,15,15,15,15,15,15,15,15,15,15
390866,3,1,0,0,0,0,0,0,0,0,0,0
390867,1,1,0,0,0,0,0,0,0,0,0,0
390867,2,1,0,0,0,0,0,0,0,0,0,0
390868,1,1,0,0,0,0,0,0,0,0,0,0
390869,1,1,14,0,0,0,0,0,0,0,0,0
390869,2,1,0,0,0,0,0,0,0,0,0,0
390870,1,1,0,0,0,0,0,0,0,0,0,0
390870,2,1,0,0,0,0,0,0,0,0,0,0
390870,3,1,0,0,0,0,0,0,0,0,0,0
390871,1,1,0,0,0,0,0,0,0,0,0,0
390871,2,1,0,0,0,0,0,0,0,0,0,0
390872,0,1,0,0,0,0,0,0,0,0,0,0
390872,1,1,0,12,23,7,12,20,9,19,12,8
390873,0,1,0,0,0,0,0,0,0,0,0,0
390873,1,1,15,15,15,15,15,15,15,15,15,15
390874,1,1,0,0,0,0,0,0,0,0,0,0
390874,2,1,26,26,26,26,26,26,26,26,26,26
390875,1,1,0,0,0,0,0,0,0,0,0,0
390875,2,1,0,0,0,0,0,0,0,0,0,0
390877,0,1,0,0,0,0,0,0,0,0,0,0
390877,2,1,0,0,0,0,0,0,0,0,0,0
390878,1,1,0,0,0,0,0,0,0,0,0,0
390878,2,1,0,0,0,0,0,0,0,0,0,0
390878,3,1,16,0,0,0,3,0,0,0,0,0
390879,0,1,0,0,0,0,0,0,0,0,0,0
390879,1,1,0,0,0,0,0,0,0,0,0,0
390880,0,1,0,0,0,0,0,0,0,0,0,0
390880,1,1,0,0,0,0,0,0,0,0,0,0
390881,1,1,0,0,0,0,0,0,0,0,0,4
390882,1,1,0,0,0,0,0,0,0,0,0,0
390882,2,1,0,0,0,0,0,0,0,0,0,0
390882,3,1,0,0,0,21,0,0,0,0,0,0
390883,1,1,11,11,11,11,11,11,11,11,11,11
390884,1,1,0,0,0,0,0,0,0,0,0,0
390884,2,1,0,0,0,0,0,0,0,0,0,0
390885,1,1,0,0,0,0,0,0,0,0,0,0
390886,0,1,0,0,0,0,0,0,0,0,0,0
390886,1,1,0,0,0,0,0,0,0,0,0,0
390887,1,1,14,9,14,12,0,21,0,15,17,8
390888,1,1,0,0,15,0,0,0,0,0,0,4
390888,2,1,0,0,0,0,0,0,23,0,0,0
390888,3,1,0,0,0,0,0,0,0,0,0,0
390889,1,1,0,0,0,0,0,0,0,0,0,0
390890,1,1,0,0,0,0,0,0,0,0,0,0
390890,2,1,0,0,0,0,0,0,16,0,0,0
390890,3,1,0,0,0,0,0,0,0,0,0,0
390890,4,1,0,0,0,0,0,0,0,0,0,0
390891,1,1,12,12,12,12,12,12,12,12,12,12
390891,2,1,0,0,0,0,0,0,0,0,0,0
390892,1,1,6,6,6,6,6,6,6,6,6,6
390894,1,1,0,0,0,0,0,0,0,0,0,0
390895,1,1,17,17,17,17,17,17,17,17,17,17
390895,2,1,0,0,0,0,0,0,0,0,0,0
390896,1,1,0,0,0,0,0,0,0,0,0,0
390897,1,1,0,0,0,0,0,0,0,0,0,0
390897,2,1,0,0,0,0,0,0,0,0,0,0
390897,3,1,0,0,0,0,0,0,0,0,0,0
390898,1,1,0,0,0,0,0,0,0,0,0,0
390898,2,1,0,0,0,0,0,0,0,0,0,0
390899,1,1,4,4,4,4,4,4,4,4,4,4
390899,2,1,0,0,0,0,0,0,20,0,0,27
390899,3,1,0,0,15,0,0,0,0,0,0,0
390900,1,1,0,0,0,0,0,0,0,0,0,0
390901,0,1,0,0,0,0,0,0,0,0,0,0
390901,1,1,0,0,0,0,0,0,0,0,0,0
390902,1,1,18,18,18,18,18,18,18,18,18,18
390903,1,1,4,4,4,4,4,4,4,4,4,4
390904,0,1,0,0,0,0,0,0,0,0,0,0
390904,1,1,0,0,0,0,0,0,0,0,0,0
390905,1,1,4,0,0,0,0,0,0,0,0,0
390905,2,1,0,0,0,0,0,0,0,0,0,0
390906,0,1,7,0,0,0,0,26,0,0,0,0
390906,1,1,0,0,0,0,0,0,0,0,0,0
390907,1,1,0,0,0,0,0,0,0,0,0,0
390908,0,1,36,36,36,36,36,36,36,36,36,36
390908,1,1,0,0,0,0,0,0,0,0,0,0
390908,2,1,0,0,27,16,0,17,0,0,0,0
390909,0,1,0,0,0,0,0,0,0,0,0,0
390909,0,2,20,0,0,0,57,0,0,17,0,0
390909,1,1,18,18,18,18,18,18,18,18,18,18
390910,0,1,4,4,4,4,4,4,4,4,4,4
390910,1,1,24,24,24,24,24,24,24,24,24,24
390911,1,1,0,0,0,0,0,0,0,0,0,0
390911,2,1,0,0,0,0,0,0,0,0,0,0
390912,1,1,0,0,0,0,0,0,0,0,0,0
390913,1,1,0,0,0,0,0,0,0,0,0,0
390914,1,1,0,0,0,0,0,0,0,0,0,0
390914,2,1,10,10,10,10,10,10,10,10,10,10
390915,0,1,0,0,0,0,0,0,0,0,0,0
390915,1,1,0,0,0,0,0,0,6,0,0,0
390916,1,1,0,0,0,0,11,0,0,0,0,0
390917,0,1,0,0,0,0,0,0,0,0,0,0
390917,1,1,0,0,0,0,0,0,0,0,0,0
390918,1,1,0,0,0,0,0,0,0,0,0,0
390919,0,1,32,32,32,32,32,32,32,32,32,32
390919,1,1,0,0,0,0,13,0,0,0,0,0
390920,1,1,5,5,5,5,5,5,5,5,5,5
390921,1,1,0,0,0,0,0,0,0,0,0,0
390922,0,1,0,0,0,0,0,0,0,0,0,0
390922,0,2,0,0,0,0,0,0,0,0,0,0
390922,0,3,0,0,0,0,0,0,0,0,0,0
390922,1,1,0,0,0,0,0,0,0,0,0,0
390924,1,1,20,20,20,20,20,20,20,20,20,20
390925,1,1,19,19,20,15,11,23,12,15,21,23
390926,1,1,0,0,0,0,0,0,0,0,0,0
390927,1,1,2,0,0,0,0,0,0,0,0,0
390927,2,1,0,0,0,0,0,0,0,0,0,0
390928,1,1,8,8,8,8,8,8,8,8,8,8
390929,1,1,9,9,9,9,9,9,9,9,9,9
390930,0,1,0,0,0,0,0,0,0,0,0,0
390930,1,1,13,8,5,9,0,5,5,9,0,7
390931,1,1,22,0,7,0,0,0,0,16,0,0
390931,2,1,0,0,0,32,0,0,0,0,0,0
390932,1,1,16,12,26,18,20,23,29,20,29,17
390933,1,1,0,0,0,0,0,0,0,0,0,0
390933,2,1,0,0,0,0,0,0,0,0,0,0
390934,1,1,0,0,0,0,0,0,0,0,0,0
390934,2,1,0,0,0,0,0,0,0,0,0,0
390934,3,1,0,0,0,0,0,0,0,0,0,0
390935,1,1,0,0,0,18,0,0,0,8,0,9
390935,2,1,0,0,0,0,0,23,0,15,0,0
390936,1,1,0,0,0,0,0,0,0,0,0,0
390936,2,1,0,0,0,0,0,0,0,0,0,0
390937,1,1,0,0,0,0,0,0,0,0,0,0
390937,2,1,0,0,0,0,0,0,0,0,0,0
390938,1,1,14,14,14,14,14,14,14,14,14,14
390939,1,1,0,0,0,0,0,0,0,0,0,0
390940,1,1,12,12,12,12,12,12,12,12,12,12
390941,1,1,0,0,0,0,0,0,0,0,0,0
390942,1,1,0,0,0,0,0,0,0,0,0,0
390942,2,1,0,0,0,0,0,0,0,0,0,0
390943,1,1,25,25,25,25,25,25,25,25,25,25
390944,1,1,0,0,0,0,0,0,0,0,0,0
390945,1,1,0,0,0,0,0,0,0,0,0,0
390946,1,1,0,0,0,0,0,0,0,0,0,0
390947,1,1,0,0,0,0,0,0,0,0,0,0
390947,2,1,0,0,0,0,0,0,0,0,0,0
390948,1,1,0,0,0,0,0,0,0,0,0,0
390949,1,1,0,0,0,0,0,0,0,0,0,0
390949,2,1,0,0,0,0,0,0,0,0,0,0
390949,3,1,0,0,0,0,0,0,0,0,0,0
390950,1,1,2,2,2,2,2,2,2,2,2,2
390951,0,1,0,0,0,0,0,0,0,0,0,0
390951,0,2,0,0,0,0,0,0,0,0,0,0
390951,0,3,0,0,0,0,0,14,0,0,0,0
390951,1,1,0,0,0,0,0,0,0,0,0,0
390952,1,1,0,0,0,0,0,0,0,0,0,0
390953,1,1,0,0,0,0,0,0,0,0,0,0
390953,2,1,20,20,20,20,20,20,20,20,20,20
390954,1,1,0,0,0,0,3,0,0,0,18,0
390955,1,1,0,0,0,0,0,0,0,0,0,0
390955,2,1,0,0,0,0,0,0,0,0,0,0
390956,1,1,0,0,0,0,0,0,0,0,0,0
390956,2,1,0,0,0,0,0,0,0,0,0,0
390957,1,1,0,0,0,0,0,0,0,0,0,0
390957,2,1,0,0,0,0,0,0,0,0,0,0
390958,1,1,0,0,0,0,0,0,0,0,0,0
390958,2,1,0,0,0,0,0,0,0,0,0,0
390959,0,1,0,0,0,0,0,0,0,0,0,0
390959,1,1,0,0,0,0,0,0,0,0,0,0
390960,1,1,0,0,0,0,0,0,0,0,0,0
390960,2,1,0,0,0,0,0,0,0,0,0,0
390961,1,1,0,0,0,0,0,0,0,0,0,0
390961,2,1,0,0,0,0,0,0,0,0,0,0
390962,1,1,22,22,22,22,22,22,22,22,22,22
390962,2,1,0,0,0,0,0,0,0,0,0,0
390963,0,1,0,0,0,0,0,0,0,0,0,0
390963,1,1,0,0,0,0,0,0,0,0,0,0
390964,1,1,0,0,0,0,0,0,0,0,0,0
390964,2,1,0,0,0,0,0,0,21,0,0,14
390965,1,1,0,0,0,0,0,0,0,0,0,0
390966,1,1,0,0,0,0,0,0,0,0,0,0
390967,1,1,0,19,0,0,0,0,12,0,0,0
390967,2,1,0,17,0,0,0,0,0,0,0,0
390968,1,1,0,0,0,0,0,0,0,0,0,0
390968,2,1,0,23,0,0,0,0,0,0,0,0
390969,1,1,0,0,0,0,0,0,0,0,0,0
390969,2,1,0,0,0,0,0,0,0,0,0,4
390970,1,1,15,15,15,15,15,15,15,15,15,15
390971,1,1,0,0,0,0,0,0,0,0,0,0
390971,2,1,0,0,0,0,0,0,0,0,0,0
390972,1,1,1,1,1,1,1,1,1,1,1,1
390973,1,1,0,0,0,0,0,0,0,0,0,0
390974,1,1,28,28,28,28,28,28,28,28,28,28
390975,0,1,23,15,30,29,30,18,8,19,20,18
390975,1,1,0,1,0,8,18,10,7,0,0,0
390976,0,1,0,0,0,0,0,0,0,0,0,0
390976,1,1,0,9,0,15,0,12,11,5,5,14
390977,1,1,0,0,0,0,0,0,0,0,0,0
390978,1,1,0,0,0,0,0,0,0,0,0,0
390978,2,1,0,0,0,0,0,0,0,0,0,0
390979,1,1,22,22,22,22,22,22,22,22,22,22
390979,2,1,0,0,0,0,0,0,0,0,0,0
390980,0,1,14,0,0,10,0,0,0,0,0,16
390980,1,1,0,0,0,0,0,0,0,0,0,0
390981,1,1,0,0,10,0,13,0,0,0,0,19
390981,2,1,0,25,0,0,0,8,0,0,0,0
390982,1,1,5,5,5,5,5,5,5,5,5,5
390983,1,1,0,0,0,0,0,0,0,0,0,0
390983,2,1,0,0,0,0,0,0,0,0,0,0
390984,1,1,0,0,0,0,0,0,0,0,0,0
390985,1,1,13,13,13,13,13,13,13,13,13,13
390985,2,1,0,0,0,0,0,0,0,0,0,0
390985,3,1,0,0,0,0,14,0,0,0,0,0
390986,0,1,24,24,24,24,24,24,24,24,24,24
390986,1,1,0,0,0,0,0,0,0,0,0,0
390987,1,1,0,0,0,0,0,0,0,0,0,0
390988,1,1,23,23,23,23,23,23,23,23,23,23
390988,2,1,0,0,0,0,0,0,0,0,0,0
390988,3,1,0,0,0,0,0,0,0,0,0,0
390989,1,1,0,5,0,0,0,0,14,0,0,0
390989,2,1,0,0,15,0,0,18,0,0,0,0
390990,1,1,10,10,10,10,10,10,10,10,10,10
390990,2,1,0,0,0,0,0,0,0,0,0,0
390991,1,1,0,0,0,0,0,0,0,0,0,0
390991,2,1,0,0,0,0,0,0,0,0,15,0
390992,1,1,0,3,14,5,6,32,5,32,8,14
390993,0,1,26,26,26,26,26,26,26,26,26,26
390993,1,1,6,16,0,0,3,21,11,9,0,18
390994,1,1,0,0,0,0,0,0,0,0,0,0
390995,0,1,0,0,0,0,0,0,0,0,0,0
390996,1,1,23,23,23,23,23,23,23,23,23,23
390997,1,1,0,0,0,0,0,0,0,0,0,0
390998,1,1,15,15,15,15,15,15,15,15,15,15