ST_CASE,VEH_NO,PER_NO,P1,P2,P3,P4,P5,P6,P7,P8,P9,P10
400215,2,1,0,0,0,29,0,0,0,0,0,0
400215,3,1,0,0,0,0,0,0,0,0,0,0
400216,1,1,0,0,0,0,0,0,0,0,0,0
400217,1,1,0,0,0,0,0,0,0,0,0,0
400217,2,1,0,0,0,0,0,2,0,0,0,0
400217,3,1,0,0,0,0,0,0,0,0,0,0
400217,4,1,0,0,0,0,0,0,0,0,0,0
400218,1,1,0,0,0,0,0,0,0,0,0,0
400219,0,1,0,0,0,0,0,0,0,0,0,0
400219,1,1,15,15,15,15,15,15,15,15,15,15
400220,1,1,0,0,0,0,0,0,0,0,0,0
400220,2,1,0,0,0,0,0,0,0,0,0,0
400221,1,1,0,0,0,0,0,0,0,0,0,0
400221,2,1,0,0,0,0,0,0,0,0,0,0
400222,1,1,22,22,22,22,22,22,22,22,22,22
400222,2,1,0,0,0,0,0,0,0,17,0,0
400223,1,1,0,0,0,0,0,0,0,0,0,0
400224,1,1,0,0,0,0,0,0,0,0,0,0
400225,1,1,0,0,0,0,0,0,0,0,0,0
400225,2,1,0,0,0,0,0,0,0,0,0,0
400226,0,1,0,0,0,0,0,0,0,0,0,0
400226,1,1,0,0,0,0,0,0,0,0,0,0
400227,1,1,12,12,12,12,12,12,12,12,12,12
400228,1,1,0,0,0,0,0,0,0,0,0,0
400230,1,1,23,23,23,23,23,23,23,23,23,23
400231,1,1,0,0,0,0,0,0,0,0,0,0
400231,2,1,0,0,15,0,0,0,0,0,0,0
400232,0,1,0,0,0,0,0,0,0,0,0,0
400232,1,1,0,0,0,0,0,0,0,0,0,0
400232,2,1,0,0,0,0,0,0,0,0,0,0
400233,1,1,20,0,0,0,23,13,0,0,15,0
400234,1,1,0,0,0,0,0,0,0,0,0,0
400234,2,1,0,0,0,0,0,0,0,0,0,0
400235,1,1,0,0,0,0,0,0,0,0,0,0
400236,1,1,0,0,0,0,0,0,0,0,0,0
400236,2,1,0,0,0,0,0,0,0,0,0,0
400237,1,1,0,0,0,0,0,0,0,0,0,0
400238,1,1,27,27,27,27,27,27,27,27,27,27
400239,1,1,30,30,30,30,30,30,30,30,30,30
400239,2,1,0,0,0,0,0,0,10,0,0,0
400240,1,1,11,11,11,11,11,11,11,11,11,11
400241,1,1,0,0,0,0,0,0,0,0,0,0
400242,1,1,0,0,0,0,0,0,0,0,0,0
400243,1,1,0,0,0,0,0,0,0,0,0,0
400243,2,1,0,0,0,0,0,0,0,0,0,0
400244,1,1,17,0,0,0,0,0,0,0,0,0
400245,1,1,33,33,33,33,33,33,33,33,33,33
400246,1,1,0,0,0,0,0,0,0,0,0,0
400246,2,1,0,0,0,0,0,0,0,0,0,0
400247,1,1,0,0,0,0,0,0,0,0,0,0
400247,2,1,0,0,0,0,0,0,0,0,0,0
400248,1,1,14,14,14,14,14,14,14,14,14,14
400248,2,1,15,15,15,15,15,15,15,15,15,15
400248,3,1,0,0,0,11,0,0,0,11,0,0
400249,0,1,28,28,28,28,28,28,28,28,28,28
400249,1,1,2,2,2,2,2,2,2,2,2,2
400250,1,1,17,17,17,17,17,17,17,17,17,17
400250,2,1,0,0,0,0,0,0,0,0,0,0
400251,1,1,2,2,2,2,2,2,2,2,2,2
400251,2,1,0,0,0,0,0,0,0,0,0,0
400252,1,1,0,10,19,6,0,0,0,0,0,0
400252,2,1,0,0,0,0,0,0,0,0,6,0
400253,0,1,23,23,23,23,23,23,23,23,23,23
400253,1,1,2,15,0,9,14,13,27,16,0,12
400254,0,1,16,12,0,0,0,0,27,0,21,0
400254,1,1,0,0,0,23,28,0,0,7,28,0
400255,1,1,0,0,0,0,0,0,0,0,0,0
400256,1,1,0,0,0,0,0,0,0,0,0,0
400256,2,1,0,0,0,0,0,0,0,0,0,0
400257,1,1,0,0,0,0,0,0,0,0,0,0
400258,1,1,0,0,0,0,0,0,0,0,0,0
400258,2,1,0,0,0,0,0,0,0,0,0,0
400259,1,1,0,0,0,0,0,0,0,0,0,0
400259,2,1,0,0,0,0,0,0,0,0,0,1
400260,1,1,0,0,0,0,0,0,0,0,0,0
400260,2,1,0,0,0,0,0,0,0,0,0,0
400261,1,1,20,20,20,20,20,20,20,20,20,20
400262,0,1,28,28,28,28,28,28,28,28,28,28
400262,1,1,0,0,0,0,0,0,0,0,0,0
400263,1,1,0,0,0,0,0,0,0,0,0,0
400264,1,1,11,11,11,11,11,11,11,11,11,11
400265,1,1,3,3,3,3,3,3,3,3,3,3
400265,2,1,0,0,0,0,0,0,0,0,0,0
400266,1,1,0,0,0,0,0,0,0,0,0,0
400266,2,1,0,0,0,0,0,0,0,0,0,0
400267,1,1,8,8,8,8,8,8,8,8,8,8
400268,1,1,0,0,0,0,0,0,0,0,0,0
400268,2,1,0,0,0,0,0,0,0,0,0,0
400269,1,1,13,13,13,13,13,13,13,13,13,13
400270,1,1,0,0,0,0,0,0,0,0,0,0
400270,2,1,0,0,0,0,0,0,0,0,0,0
400271,1,1,13,13,13,13,13,13,13,13,13,13
400271,2,1,0,0,0,0,0,0,0,0,0,0
400272,1,1,0,0,0,0,0,0,0,0,0,0
400273,1,1,0,0,0,0,0,0,0,0,0,0
400273,2,1,0,0,0,7,0,0,0,0,11,0
400274,0,1,0,0,0,0,0,0,0,0,0,0
400274,1,1,0,16,0,0,0,10,26,18,0,0
400275,1,1,0,0,0,0,0,0,0,0,0,0
400275,2,1,0,0,0,0,0,0,0,0,0,0
400276,1,1,0,0,0,0,0,0,0,0,0,0
400276,2,1,0,0,0,0,0,0,0,12,0,0
400277,1,1,0,0,0,0,0,0,0,0,0,0
400277,2,1,14,0,0,0,0,0,0,0,0,0
400278,0,1,0,0,0,0,0,0,0,0,0,0
400278,1,1,0,0,0,0,0,0,0,0,0,0
400279,1,1,0,0,0,0,0,0,0,0,0,0
400279,2,1,0,0,0,0,0,0,0,0,0,0
400280,1,1,0,0,8,11,9,0,0,0,0,0
400281,1,1,12,12,12,12,12,12,12,12,12,12
400282,1,1,0,0,0,0,0,0,0,0,0,0
400282,2,1,0,0,0,0,0,0,0,0,0,0
400283,1,1,10,10,10,10,10,10,10,10,10,10
400284,1,1,20,0,0,0,0,0,0,0,0,0
400284,2,1,13,13,13,13,13,13,13,13,13,13
400285,1,1,0,0,0,0,0,0,0,0,0,0
400285,2,1,0,0,0,0,0,0,0,0,0,0
400286,1,1,17,17,17,17,17,17,17,17,17,17
400287,0,1,0,0,0,0,0,0,0,0,0,0
400287,1,1,0,0,0,0,0,0,0,0,0,0
400288,1,1,0,0,0,0,0,0,0,0,0,0
400288,2,1,0,0,0,0,0,0,0,0,0,0
400289,1,1,0,0,0,0,0,0,0,0,0,0
400289,2,1,0,0,0,10,0,0,0,0,0,0
400289,3,1,0,0,0,0,0,0,0,0,0,0
400290,1,1,19,19,19,19,19,19,19,19,19,19
400291,1,1,22,22,22,22,22,22,22,22,22,22
400292,1,1,23,23,23,23,23,23,23,23,23,23
400293,1,1,0,0,0,0,0,0,0,0,0,0
400294,1,1,0,0,0,0,0,0,0,0,0,0
400295,1,1,0,0,0,0,0,0,0,0,0,0
400296,1,1,0,0,0,0,0,0,0,0,0,0
400297,0,1,0,0,0,0,0,0,0,0,0,0
400297,1,1,0,0,0,0,0,0,0,0,0,0
400298,1,1,0,0,0,0,20,0,0,0,0,0
400298,2,1,0,0,0,0,0,0,0,0,0,0
400299,1,1,0,0,0,0,0,0,0,0,0,0
400300,1,1,0,0,0,0,0,0,0,0,0,0
400300,2,1,0,0,0,0,0,0,0,0,0,0
400300,3,1,0,0,0,0,0,0,0,0,0,0
400301,1,1,0,0,0,0,0,0,0,0,0,0
400301,2,1,0,0,0,0,0,0,0,0,0,0
400302,1,1,14,14,14,14,14,14,14,14,14,14
400303,1,1,26,26,26,26,26,26,26,26,26,26
400304,1,1,0,0,0,0,0,0,0,0,0,0
400304,2,1,7,0,0,0,0,0,0,0,0,0
400305,1,1,21,21,21,21,21,21,21,21,21,21
400306,1,1,0,0,0,0,0,0,0,0,0,0
400306,2,1,14,14,14,14,14,14,14,14,14,14
400307,1,1,0,0,0,0,0,0,0,0,0,0
400308,1,1,0,0,0,0,0,0,0,0,0,0
400308,2,1,0,0,0,0,0,0,0,0,0,0
400309,1,1,11,11,11,11,11,11,11,11,11,11
400310,1,1,20,20,20,20,20,20,20,20,20,20
400311,0,1,0,0,0,0,0,0,0,0,0,0
400311,1,1,0,14,0,0,0,0,0,0,0,0
400312,1,1,0,0,0,0,0,0,0,0,0,0
400312,2,1,0,0,0,0,0,0,0,0,0,0
400313,1,1,8,8,8,8,8,8,8,8,8,8
400314,1,1,0,32,0,0,0,0,0,0,0,0
400315,1,1,0,0,0,0,0,0,0,0,0,0
400316,1,1,0,0,0,0,0,0,0,0,0,0
400316,2,1,0,0,0,0,0,0,0,0,0,0
400317,1,1,0,0,0,0,0,0,0,0,0,0
400317,2,1,0,0,18,0,0,0,0,0,0,0
400318,1,1,0,0,0,0,0,0,0,0,0,0
400318,2,1,0,0,0,0,0,0,0,0,0,0
400319,1,1,30,30,30,30,30,30,30,30,30,30
400320,1,1,0,0,0,0,0,0,0,0,0,0
400320,2,1,0,0,0,0,0,0,0,0,0,0
400321,0,1,25,25,25,25,25,25,25,25,25,25
400321,1,1,10,0,11,0,0,0,0,0,0,0
400322,1,1,0,0,0,0,0,0,0,0,0,0
400322,2,1,0,0,0,0,0,0,0,0,0,0
400322,3,1,13,0,0,0,0,0,18,0,0,0
400323,1,1,0,0,0,0,0,0,0,0,0,0
400324,1,1,19,19,19,19,19,19,19,19,19,19
400325,1,1,0,0,0,0,0,0,0,0,0,0
400326,1,1,0,0,0,0,0,0,0,0,0,0
400326,2,1,0,0,0,0,0,0,0,0,0,0
400327,1,1,0,0,0,0,0,0,0,0,0,0
400327,2,1,0,0,0,0,0,0,0,0,0,0
400328,1,1,0,0,0,0,0,0,0,0,0,0
400328,2,1,0,0,0,0,0,0,0,0,0,0
400329,1,1,0,0,0,0,0,0,0,17,0,0
400330,1,1,0,0,0,0,0,0,0,0,0,0
400330,2,1,0,0,0,0,0,0,0,0,0,0
400330,3,1,0,0,0,0,0,0,0,0,0,0
400331,1,1,0,0,0,0,0,0,0,0,0,0
400331,2,1,0,0,0,0,0,0,0,21,0,0
400331,3,1,0,0,0,0,0,0,0,0,0,0
400331,4,1,0,0,0,0,0,0,26,0,0,0
400332,1,1,0,0,0,0,0,0,0,0,0,0
400332,2,1,0,0,0,0,0,0,0,0,0,8
400333,1,1,23,23,23,23,23,23,23,23,23,23
400334,1,1,0,0,0,0,0,0,0,0,0,0
400334,2,1,0,0,0,7,0,0,0,0,0,0
400335,1,1,0,0,0,0,0,0,0,0,0,0
400336,1,1,20,20,20,20,20,20,20,20,20,20
400337,1,1,0,0,0,0,0,0,0,0,0,0
400338,1,1,0,0,0,0,0,0,0,0,0,0
400339,0,1,0,0,0,0,0,0,0,0,0,0
400339,1,1,0,0,0,0,0,0,0,0,0,0
400340,0,1,9,9,9,9,9,9,9,9,9,9
400340,1,1,4,9,14,2,0,17,0,11,0,0
400341,1,1,0,0,0,0,0,0,0,0,0,0
400342,1,1,0,0,0,0,0,0,0,0,0,0
400342,2,1,0,0,0,0,0,0,0,0,0,0
400343,1,1,9,9,9,9,9,9,9,9,9,9
400343,2,1,0,0,0,0,0,0,0,0,0,0
400344,1,1,0,0,0,0,0,0,0,0,0,0
400344,2,1,0,0,0,0,0,0,0,0,0,0
400345,1,1,0,0,0,0,0,0,0,0,0,0
400346,1,1,17,17,17,17,17,17,17,17,17,17
400347,1,1,0,0,0,0,0,0,0,0,0,0
400347,2,1,0,0,0,0,0,0,0,0,0,0
400348,1,1,0,0,0,0,0,0,0,0,0,0
400348,2,1,0,0,0,0,0,0,0,0,0,0
400349,1,1,0,0,0,0,0,0,0,0,0,0
400350,1,1,8,8,8,8,8,8,8,8,8,8
400351,1,1,0,0,0,0,0,0,0,0,0,0
400351,2,1,0,0,0,0,0,0,0,0,0,0
400352,1,1,0,0,0,0,0,0,0,0,0,0
400352,2,1,0,0,0,0,0,0,0,0,0,0
400353,0,1,0,0,0,0,0,0,0,0,0,0
400353,1,1,0,0,0,0,0,0,0,0,0,0
400354,1,1,0,0,0,0,0,0,0,0,0,0
400354,2,1,0,0,0,0,0,0,0,0,0,0
400355,1,1,27,27,27,27,27,27,27,27,27,27
400356,1,1,0,0,0,0,0,0,0,0,0,0
400356,2,1,0,0,0,0,0,0,0,0,0,0
400357,1,1,0,0,0,0,0,0,0,0,0,0
400358,0,1,0,0,0,0,0,0,0,0,0,0
400358,0,2,0,0,0,0,0,0,0,0,0,0
400358,0,3,0,0,0,0,0,0,0,0,0,0
400358,0,4,15,0,0,8,0,0,0,0,0,0
400358,1,1,0,0,0,0,0,0,0,0,0,0
400359,1,1,0,0,0,0,0,0,0,0,0,0
400360,1,1,14,14,14,14,14,14,14,14,14,14
400361,1,1,0,0,0,0,0,0,0,0,0,0
400361,2,1,0,0,0,0,0,0,0,0,0,0
400362,0,1,0,0,0,0,0,0,0,0,0,0
400362,1,1,0,0,0,0,0,0,0,0,0,0
400363,1,1,26,26,26,26,26,26,26,26,26,26
400363,2,1,16,16,16,16,16,16,16,16,16,16
400365,1,1,0,0,0,0,0,0,0,0,0,0
400365,2,1,0,0,0,0,0,0,0,0,0,0
400365,3,1,0,0,0,0,0,0,0,0,17,0
400366,0,1,0,0,0,0,0,0,0,0,0,0
400366,1,1,9,0,0,14,23,0,0,0,0,0
400367,1,1,24,24,24,24,24,24,24,24,24,24
400368,1,1,16,16,16,16,16,16,16,16,16,16
400369,1,1,0,0,0,0,0,0,0,0,0,0
400369,2,1,0,0,0,0,0,0,0,0,0,0
400370,1,1,16,16,16,16,16,16,16,16,16,16
400371,0,1,0,0,0,0,0,0,0,0,0,0
400371,1,1,0,0,0,0,0,0,0,0,0,0
400372,1,1,0,0,0,0,0,0,0,0,0,0
400372,2,1,9,9,9,9,9,9,9,9,9,9
400373,1,1,0,0,0,0,0,0,0,0,0,0
400373,2,1,0,0,0,0,0,0,0,0,0,0
400374,1,1,0,0,0,0,0,20,0,24,11,0
400374,2,1,0,0,0,0,0,0,0,0,0,0
400375,1,1,13,13,13,13,13,13,13,13,13,13
400375,2,1,0,0,0,0,0,0,0,0,0,0
400376,1,1,0,0,0,0,0,0,0,0,0,0
400377,0,1,0,0,0,0,0,0,0,0,0,0
400377,1,1,8,8,8,8,8,8,8,8,8,8
400378,1,1,0,0,0,0,0,0,0,0,0,0
400378,2,1,0,0,0,0,0,0,0,0,0,0
400379,1,1,0,0,0,0,0,0,0,0,0,0
400380,0,1,24,24,24,24,24,24,24,24,24,24
400380,1,1,0,0,0,0,0,0,0,0,0,0
400381,1,1,0,0,0,0,0,0,0,0,0,0
400382,1,1,0,0,0,0,0,0,0,0,0,0
400383,1,1,0,0,0,0,0,0,0,0,0,0
400383,2,1,0,0,0,0,0,0,0,0,0,0
400384,1,1,0,0,0,0,0,0,0,0,0,0
400384,2,1,0,0,0,0,0,0,0,0,0,0
400385,0,1,6,6,6,6,6,6,6,6,6,6
400385,1,1,0,0,0,18,0,0,0,0,0,0
400386,1,1,20,20,20,20,20,20,20,20,20,20
400387,0,1,0,0,0,0,0,0,0,0,0,0
400387,1,1,0,0,11,0,0,0,0,5,0,0
400388,1,1,24,24,24,24,24,24,24,24,24,24
400389,1,1,0,0,0,0,0,0,0,0,0,0
400390,1,1,0,0,0,0,0,0,0,0,0,0
400391,0,1,0,0,0,0,0,0,0,0,0,0
400391,1,1,0,0,0,0,0,0,0,0,0,0
400392,1,1,11,11,11,11,11,11,11,11,11,11
400393,1,1,0,0,0,0,0,0,0,0,0,0
400394,1,1,15,15,15,15,15,15,15,15,15,15
400395,1,1,0,0,0,0,0,0,0,0,0,0
400396,1,1,0,0,0,0,0,0,0,0,0,0
400397,1,1,0,0,0,0,0,0,0,0,0,0
400398,1,1,0,0,0,0,0,0,0,0,0,0
400399,1,1,0,0,0,0,0,0,0,0,0,0
400400,1,1,12,12,12,12,12,12,12,12,12,12
400401,1,1,0,0,0,0,0,0,0,0,0,0
400402,1,1,22,22,22,22,22,22,22,22,22,22
400403,1,1,0,0,0,0,0,15,0,4,0,0
400403,2,1,0,0,0,0,0,0,0,0,0,0
400404,1,1,0,0,0,0,0,0,0,0,0,0
400405,1,1,0,0,0,0,0,0,0,0,0,0
400405,2,1,0,18,0,0,0,0,27,0,0,0
400406,0,1,9,9,9,9,9,9,9,9,9,9
400406,1,1,8,8,8,8,8,8,8,8,8,8
400407,1,1,0,0,0,0,0,0,0,0,0,0
400407,2,1,0,0,17,0,0,0,0,0,0,0
400408,1,1,0,0,0,0,0,0,0,0,0,0
400408,2,1,0,0,0,0,0,0,0,0,0,0
400409,1,1,0,0,0,0,0,0,0,0,0,0
400410,1,1,0,0,0,0,0,0,0,0,0,0
400410,2,1,0,0,0,0,0,0,0,0,4,0
400411,0,1,20,20,20,20,20,20,20,20,20,20
400411,1,1,10,10,10,10,10,10,10,10,10,10
400412,1,1,0,0,0,0,0,0,0,0,0,0
400413,0,1,0,0,0,0,0,0,0,0,0,0
400413,1,1,0,0,0,0,0,0,0,0,0,0
400414,0,1,6,6,6,6,6,6,6,6,6,6
400414,1,1,0,0,0,0,0,0,0,0,0,0
400415,0,1,18,18,18,18,18,18,18,18,18,18
400415,1,1,4,4,4,4,4,4,4,4,4,4
400416,1,1,0,0,0,0,0,0,0,0,0,0
400416,2,1,0,0,0,0,0,0,0,0,0,0
400417,1,1,29,29,29,29,29,29,29,29,29,29
400418,1,1,0,0,0,0,0,0,0,0,0,0
400418,2,1,0,0,0,0,0,0,0,0,0,0
400419,1,1,12,12,12,12,12,12,12,12,12,12
400420,1,1,0,0,0,0,0,0,0,0,0,0
400421,1,1,0,0,0,0,0,0,0,0,0,0
400421,2,1,0,0,0,0,0,0,0,0,0,0
400422,1,1,8,0,0,0,0,0,14,0,0,0
400423,1,1,0,0,0,0,0,0,0,0,0,0
400423,2,1,17,17,17,17,17,17,17,17,17,17
400424,1,1,18,18,18,18,18,18,18,18,18,18
400425,1,1,0,0,0,0,0,0,0,0,0,0
400425,2,1,0,0,0,0,0,0,0,0,0,0
400426,1,1,0,0,0,0,0,0,0,0,0,0
400427,1,1,0,0,0,0,0,0,0,0,0,0
400428,1,1,0,0,0,0,0,0,0,0,0,0
400429,0,1,0,0,0,0,0,0,0,0,0,0
400429,2,1,0,0,21,0,0,0,0,0,0,0
400429,3,1,0,0,0,0,0,0,0,0,0,0
400430,1,1,0,0,0,0,0,0,0,0,0,0
400430,2,1,0,0,0,0,0,0,0,0,0,0
400431,1,1,22,22,22,22,22,22,22,22,22,22
400432,1,1,12,12,12,12,12,12,12,12,12,12
400433,1,1,0,0,0,0,9,0,0,0,0,0
400433,2,1,0,0,0,0,0,0,0,0,0,0
400434,1,1,0,0,0,0,0,0,0,0,0,0
400434,2,1,0,0,0,0,0,0,0,0,0,0
400435,1,1,14,14,14,14,14,14,14,14,14,14
400435,2,1,0,0,0,0,0,0,0,0,0,0
400436,1,1,0,0,0,0,0,0,0,0,0,0
400437,1,1,11,11,11,11,11,11,11,11,11,11
400437,2,1,0,0,0,0,0,0,0,0,0,0
400438,1,1,0,0,0,0,0,0,0,0,0,0
400438,2,1,0,0,0,0,0,0,0,0,0,0
400439,1,1,27,27,27,27,27,27,27,27,27,27
400439,2,1,0,31,0,0,0,0,0,0,0,0
400440,1,1,0,0,0,0,0,0,0,0,0,0
400441,0,1,0,0,0,0,0,0,0,0,0,0
400441,1,1,0,0,0,0,0,0,33,8,13,0
400442,1,1,0,0,0,0,0,0,0,0,0,0
400442,2,1,0,0,0,0,0,0,0,0,0,0
400443,1,1,0,0,0,0,17,0,0,0,0,0
400443,2,1,0,0,0,0,0,0,0,0,0,0
400444,1,1,13,13,13,13,13,13,13,13,13,13
400444,2,1,0,0,0,0,0,0,0,0,0,0
400445,1,1,0,0,0,0,0,0,0,0,0,0
400445,2,1,0,0,0,0,0,0,0,0,0,0
400446,1,1,0,0,0,0,0,0,0,0,0,0
400447,0,1,23,23,23,23,23,23,23,23,23,23
400447,1,1,0,0,0,4,0,0,0,14,0,9
400448,1,1,19,19,19,19,19,19,19,19,19,19
400449,1,1,0,0,0,0,0,0,0,0,0,0
400450,1,1,0,0,0,0,27,0,0,0,0,0
400450,2,1,0,0,0,0,0,0,0,0,0,0
400451,1,1,16,16,16,16,16,16,16,16,16,16
400452,1,1,14,14,14,14,14,14,14,14,14,14
400453,0,1,0,0,0,0,0,0,0,0,0,0
400453,0,2,0,0,0,0,0,0,0,0,0,0
400453,1,1,0,0,0,0,9,0,0,0,0,29
400454,1,1,24,24,24,24,24,24,24,24,24,24
400455,0,1,0,0,0,0,0,0,0,0,0,0
400455,1,1,0,0,0,0,0,0,0,0,0,0
400456,1,1,0,0,0,0,0,0,0,0,0,0
400457,0,1,16,16,16,16,16,16,16,16,16,16
400457,1,1,15,15,15,15,15,15,15,15,15,15
400458,1,1,0,0,0,0,0,0,0,0,0,0
400459,1,1,0,0,0,0,0,0,0,0,0,0
400459,2,1,0,0,0,0,0,0,0,0,0,0
400460,0,1,35,35,35,35,35,35,35,35,35,35
400460,1,1,0,8,0,0,0,0,0,0,0,0
400461,1,1,0,0,0,0,0,0,0,0,0,0
400461,2,1,0,0,0,11,0,0,0,15,0,0
400462,1,1,14,14,14,14,14,14,14,14,14,14
400463,1,1,0,0,0,0,0,0,0,0,0,0
400464,1,1,0,0,0,0,0,0,0,0,0,0
400465,1,1,0,0,0,0,0,0,0,0,0,0
400465,2,1,0,0,0,0,0,0,0,0,0,0
400466,1,1,17,17,17,17,17,17,17,17,17,17
400467,0,1,0,0,0,0,0,0,0,0,0,0
400467,1,1,0,0,0,0,0,0,0,0,0,0
400468,1,1,0,0,0,0,0,0,0,0,0,0
400469,1,1,0,0,0,0,0,0,0,0,0,0
400470,1,1,0,0,0,0,0,0,0,0,0,0
400471,1,1,0,0,0,0,0,0,0,0,0,0
400471,2,1,0,0,0,0,0,0,0,0,0,0
400472,0,1,14,14,14,14,14,14,14,14,14,14
400472,1,1,0,0,0,0,0,0,0,0,0,0
400472,2,1,0,0,0,0,0,0,0,0,0,0
400473,1,1,0,0,0,0,0,0,0,0,0,0
400474,1,1,0,0,0,0,0,0,0,0,0,0
400475,1,1,0,6,0,0,0,0,25,17,15,23
400475,2,1,0,0,0,0,0,0,0,0,0,0
400476,1,1,28,28,28,28,28,28,28,28,28,28
400476,2,1,0,0,0,0,0,0,0,0,0,0
400477,1,1,12,12,12,12,12,12,12,12,12,12
400478,1,1,0,0,0,0,0,0,0,0,0,0
400478,2,1,0,0,0,0,0,0,0,0,0,0
400479,0,1,0,0,0,0,0,0,0,0,0,0
400479,1,1,0,0,0,0,0,0,0,0,0,0
400480,1,1,4,4,12,27,0,9,15,3,23,22
400481,0,1,0,0,0,9,0,0,5,12,0,0
400481,1,1,0,0,0,0,0,0,0,0,0,0
400482,1,1,0,0,0,0,0,0,0,0,0,0
400482,2,1,0,0,0,0,0,0,0,0,0,0
400483,0,1,38,38,38,38,38,38,38,38,38,38
400483,2,1,0,0,0,0,0,0,0,0,0,0
400484,1,1,18,18,18,18,18,18,18,18,18,18
400485,1,1,0,0,0,0,0,0,0,0,0,0
400486,0,1,0,0,0,0,0,0,0,0,0,0
400486,1,1,0,5,0,30,11,15,7,0,0,6
400487,1,1,0,0,0,0,0,0,0,0,0,0
400487,2,1,0,0,0,0,0,0,0,0,0,0
400488,1,1,0,0,0,0,0,0,0,0,0,0
400488,2,1,0,0,0,0,0,0,0,0,0,0
400488,3,1,0,0,0,0,0,0,0,0,0,0
400489,0,1,0,0,0,0,0,0,0,0,0,0
400489,1,1,0,0,0,0,0,0,0,0,0,0
400490,1,1,0,0,0,0,0,0,0,0,0,0
400490,2,1,0,0,0,0,0,0,0,0,0,0
400491,1,1,0,0,0,0,0,0,0,0,0,0
400491,2,1,0,0,0,0,0,0,0,0,0,0
400492,1,1,12,12,12,12,12,12,12,12,12,12
400492,2,1,13,13,13,13,13,13,13,13,13,13
400493,1,1,0,0,0,0,0,0,0,0,0,0
400494,1,1,0,0,0,0,0,0,0,0,0,0
400494,2,1,0,0,0,0,0,0,0,0,0,0
400495,1,1,0,0,0,0,0,0,0,0,0,0
400495,2,1,0,0,0,0,0,0,0,0,0,0
400496,0,1,33,33,33,33,33,33,33,33,33,33
400496,1,1,0,0,13,0,23,0,0,0,0,5
400497,1,1,0,0,0,0,0,0,0,0,0,0
400498,0,1,0,0,0,0,0,0,0,0,0,0
400498,1,1,8,0,9,6,19,10,0,17,15,2
400499,1,1,0,0,0,0,0,0,0,0,0,0
400499,2,1,0,0,0,0,0,0,0,0,0,0
400500,1,1,0,0,0,0,0,0,0,0,0,0
400500,2,1,0,0,0,0,0,0,0,0,0,0
400501,1,1,17,17,17,17,17,17,17,17,17,17
400502,1,1,34,34,34,34,34,34,34,34,34,34
400503,1,1,0,0,0,0,0,0,0,0,0,0
400503,2,1,0,0,0,0,0,0,0,0,0,0
400504,0,1,0,0,0,0,0,0,0,0,0,0
400504,0,2,0,0,0,0,0,0,0,0,0,0
400504,1,1,0,0,0,0,0,0,0,0,0,0
400505,1,1,0,0,0,0,0,0,0,0,0,0
400506,1,1,0,0,0,0,0,0,0,0,0,0
400506,2,1,25,25,25,25,25,25,25,25,25,25
400507,1,1,6,6,6,6,6,6,6,6,6,6
400508,1,1,0,0,0,0,0,0,0,0,0,0
400509,0,1,0,0,0,0,0,0,0,0,0,0
400509,1,1,11,28,17,8,0,9,22,9,0,4
400510,1,1,9,9,9,9,9,9,9,9,9,9
400510,2,1,0,0,0,0,0,18,0,14,0,0
400511,1,1,0,0,0,0,0,0,0,0,0,0
400511,2,1,0,0,0,0,0,0,0,0,0,0
400512,1,1,0,0,0,0,0,0,22,0,0,0
400512,2,1,0,0,0,0,0,0,0,0,0,0
400513,0,1,6,6,6,6,6,6,6,6,6,6
400513,1,1,0,0,0,0,0,0,0,0,0,0
400514,1,1,9,10,13,0,0,0,0,20,20,0
400515,0,1,24,24,24,24,24,24,24,24,24,24
400515,1,1,0,0,0,0,0,0,0,20,0,0
400516,1,1,0,0,0,0,0,0,0,0,0,0
400516,2,1,0,0,0,0,0,0,0,0,0,0
400517,1,1,23,23,23,23,23,23,23,23,23,23
400518,1,1,0,0,0,0,0,0,0,0,0,0
400518,2,1,0,0,0,0,0,0,0,0,0,0
400518,3,1,0,0,0,0,0,0,0,0,0,0
400519,1,1,0,0,0,0,0,0,0,0,0,0
400519,2,1,0,0,0,0,0,0,0,0,0,0
400520,1,1,0,0,0,0,0,0,0,0,0,0
400520,2,1,0,0,0,0,0,0,0,0,0,0
400521,0,1,0,0,0,0,0,0,0,0,0,0
400521,1,1,0,0,0,0,0,0,0,0,0,0
400522,1,1,0,0,0,0,0,0,0,0,0,0
400522,2,1,0,0,0,0,0,0,0,0,0,0
400523,1,1,0,0,0,0,0,0,0,0,0,0
400523,2,1,0,0,0,0,0,0,0,0,0,0
400524,1,1,0,0,0,0,0,0,0,0,0,0
400524,2,1,0,0,0,0,0,0,0,0,0,0
400524,3,1,0,0,0,0,0,0,0,0,0,0
400525,1,1,0,0,0,0,0,0,0,0,0,0
400525,2,1,0,0,0,0,0,0,0,0,0,0
400526,1,1,0,0,0,0,0,0,0,0,0,0
400527,1,1,0,0,0,0,0,0,0,0,0,0
400527,2,1,0,0,0,0,20,0,0,0,0,0
400528,2,1,0,0,0,0,0,0,0,0,0,0
400528,3,1,0,0,0,0,0,0,0,0,0,0
400529,1,1,0,0,0,0,0,0,0,0,0,0