ST_CASE,VEH_NO,PER_NO,P1,P2,P3,P4,P5,P6,P7,P8,P9,P10
400530,1,1,0,0,0,0,0,0,0,0,0,0
400531,1,1,0,0,0,0,0,0,0,0,0,0
400531,2,1,1,1,1,1,1,1,1,1,1,1
400532,0,1,0,0,0,0,0,0,0,0,0,0
400532,1,1,0,0,0,0,0,0,0,0,0,0
400533,0,1,0,10,0,0,0,0,0,0,0,0
400533,1,1,0,0,0,11,12,0,0,5,0,0
400534,1,1,0,0,0,0,0,0,0,0,0,0
400535,1,1,18,18,18,18,18,18,18,18,18,18
400535,2,1,0,0,0,0,0,0,0,0,0,0
400536,1,1,0,0,0,0,0,0,0,0,0,0
400537,1,1,16,16,16,16,16,16,16,16,16,16
400537,2,1,19,0,0,0,0,0,0,0,0,0
400538,1,1,0,0,0,0,0,0,0,0,0,0
400539,0,1,0,0,0,0,0,0,0,0,0,0
400539,1,1,0,0,0,0,0,10,8,0,24,0
400540,1,1,0,0,0,0,0,0,0,0,0,0
400541,1,1,10,10,10,10,10,10,10,10,10,10
400541,2,1,0,0,0,0,0,0,0,0,0,0
400542,1,1,0,0,0,0,0,0,0,0,0,0
400542,2,1,0,0,0,0,0,0,0,0,0,0
400543,1,1,0,0,0,0,0,0,0,0,0,0
400544,1,1,10,10,10,10,10,10,10,10,10,10
400544,2,1,0,14,0,0,0,0,0,0,0,0
400545,0,1,0,0,0,0,0,0,0,0,0,0
400545,1,1,0,0,0,0,0,0,0,0,14,0
400545,2,1,0,0,0,0,0,0,0,4,0,0
400545,3,1,0,0,0,0,0,0,0,0,0,0
400545,4,1,0,0,16,0,0,0,15,0,0,0
400546,1,1,20,20,20,20,20,20,20,20,20,20
400546,2,1,18,18,18,18,18,18,18,18,18,18
400547,0,1,6,6,6,6,6,6,6,6,6,6
400547,1,1,0,0,0,0,13,0,0,0,0,6
400548,1,1,9,0,15,0,0,0,0,0,0,0
400549,1,1,0,0,0,0,0,0,0,0,0,0
400550,1,1,15,0,6,0,0,0,0,0,0,0
400551,1,1,0,0,0,0,0,0,0,0,0,0
400551,2,1,0,0,0,0,0,0,0,0,0,0
400551,3,1,0,0,0,0,0,0,0,0,0,0
400552,1,1,0,0,0,0,0,0,0,19,16,19
400553,1,1,0,0,0,0,0,0,0,0,0,0
400554,1,1,0,0,0,0,0,0,0,0,0,0
400555,0,1,0,0,0,0,0,0,0,0,0,0
400555,1,1,0,0,0,0,0,0,0,0,0,0
400556,1,1,0,0,0,0,0,0,0,0,0,0
400557,1,1,0,0,18,0,0,0,0,0,0,0
400557,2,1,9,9,9,9,9,9,9,9,9,9
400558,1,1,0,0,0,0,0,21,0,0,0,0
400558,2,1,0,8,0,0,0,0,8,0,0,0
400558,3,1,0,0,0,11,0,0,0,0,0,0
400558,4,1,0,0,0,0,0,0,0,0,0,0
400559,1,1,0,0,0,0,0,0,0,0,0,0
400560,2,1,0,0,0,0,0,0,0,0,0,0
400561,1,1,0,0,0,0,0,0,0,0,0,0
400562,1,1,0,0,0,0,0,0,0,0,0,0
400563,1,10,4,11,0,0,0,22,26,5,10,0
400564,1,1,3,3,3,3,3,3,3,3,3,3
400564,2,1,0,10,0,0,12,0,0,0,0,0
400565,1,1,0,0,0,0,0,0,0,0,0,0
400566,1,1,49,49,49,49,49,49,49,49,49,49
400567,1,1,0,0,0,0,0,0,0,0,0,0
400568,1,1,21,21,21,21,21,21,21,21,21,21
400568,2,1,0,0,0,0,0,0,0,0,0,0
400569,0,1,0,0,0,0,0,0,0,0,0,0
400569,1,1,18,18,18,18,18,18,18,18,18,18
400570,0,1,25,25,25,25,25,25,25,25,25,25
400570,1,1,0,0,0,14,2,9,14,0,25,3
400571,1,1,0,0,0,0,0,0,0,0,0,0
400571,2,1,0,0,0,0,0,0,0,0,0,0
400572,1,1,0,0,0,0,0,21,0,13,9,0
400573,1,1,17,17,17,17,17,17,17,17,17,17
400574,1,1,12,0,22,8,0,0,0,0,0,12
400575,1,1,0,0,0,0,0,0,0,0,0,0
400575,2,1,0,0,0,0,0,0,0,0,0,0
400576,1,1,0,0,0,0,0,0,30,0,13,0
400576,2,1,0,0,0,0,0,0,0,0,0,0
400577,1,1,18,18,18,18,18,18,18,18,18,18
400578,1,1,0,0,0,0,0,0,0,0,0,0
400579,1,1,0,0,0,0,0,0,0,0,0,0
400579,2,1,0,0,0,0,0,0,0,0,0,0
400580,1,1,0,0,0,0,0,0,0,0,0,0
400581,0,1,0,0,0,0,0,0,0,0,0,0
400581,1,1,0,0,0,0,0,0,0,0,0,0
400582,1,1,14,14,14,14,14,14,14,14,14,14
400582,2,1,0,0,0,0,0,0,0,0,0,0
400583,0,1,0,0,0,0,0,0,0,0,0,0
400583,1,1,0,0,0,0,0,0,0,0,0,0
400584,1,1,0,0,0,0,0,0,0,0,0,0
400585,0,1,2,2,2,2,2,2,2,2,2,2
400585,1,1,0,0,0,0,0,0,0,0,13,0
400585,2,1,0,0,0,0,0,0,0,0,0,0
400586,1,1,0,0,0,0,0,0,0,0,0,0
400587,0,1,0,0,0,0,0,0,0,0,0,0
400587,1,1,0,2,0,0,0,0,14,0,0,0
400588,1,1,14,0,9,0,0,0,0,0,0,0
400589,1,1,0,0,0,0,0,0,0,0,0,0
400589,2,1,0,0,0,0,0,0,0,0,24,0
400590,1,1,0,18,0,0,0,0,0,0,0,0
400590,2,1,0,0,0,0,0,0,0,0,0,0
400591,0,1,0,0,0,0,0,0,0,0,0,0
400591,3,1,0,0,0,0,0,0,0,0,0,0
400592,1,1,0,15,0,0,28,27,26,0,0,0
400593,1,1,0,0,0,0,0,0,0,0,0,0
400593,2,1,22,22,22,22,22,22,22,22,22,22
400594,1,1,0,0,0,0,0,0,0,0,0,0
400594,3,1,0,0,0,0,0,0,0,0,0,0
400595,1,1,0,0,0,0,0,0,0,0,0,0
400596,1,1,6,6,6,6,6,6,6,6,6,6
400596,2,1,0,0,0,0,0,0,0,0,0,0
400597,0,1,8,8,8,8,8,8,8,8,8,8
400597,1,1,0,0,0,0,0,0,0,14,22,0
400598,1,1,0,0,0,0,0,0,0,0,0,0
400598,2,1,0,0,0,0,0,0,0,0,0,0
400599,1,1,22,22,22,22,22,22,22,22,22,22
400599,2,1,0,0,0,0,0,0,0,0,0,0
400600,1,1,0,0,0,0,0,0,0,0,0,0
400600,2,1,0,0,0,0,0,0,0,0,0,0
400601,1,1,0,0,0,0,0,0,0,0,0,0
400601,2,1,0,0,0,0,0,0,0,0,0,0
400602,1,1,0,0,0,0,0,0,0,0,0,0
400603,1,1,0,0,0,0,0,0,0,0,0,0
400603,2,1,0,0,0,0,0,0,0,0,0,0
400604,0,1,0,0,0,0,0,0,0,0,0,0
400604,1,1,0,0,0,0,0,0,0,0,0,0
400605,0,1,20,20,20,20,20,20,20,20,20,20
400605,1,1,0,0,0,7,0,0,0,0,0,0
400606,1,1,0,0,0,0,0,0,0,0,0,0
400606,2,1,0,0,0,0,0,0,0,0,0,0
400607,0,1,0,0,0,0,0,0,0,0,0,0
400607,0,2,0,0,0,0,0,0,0,0,0,0
400607,1,1,21,21,21,21,21,21,21,21,21,21
400608,1,1,0,0,0,0,0,0,0,0,0,0
400608,2,1,0,0,0,0,0,0,0,0,0,0
400609,1,1,0,0,0,0,0,0,0,0,0,0
400610,0,1,18,18,18,18,18,18,18,18,18,18
400610,1,1,4,11,4,26,0,28,17,8,3,0
400611,1,1,0,0,0,0,0,0,0,0,0,0
400611,2,1,0,0,0,0,0,0,0,0,0,0
400612,1,1,16,16,16,16,16,16,16,16,16,16
400613,1,1,5,5,5,5,5,5,5,5,5,5
400614,1,1,0,0,0,0,0,0,0,0,0,0
400614,2,1,0,0,0,0,0,0,0,0,0,0
400615,1,1,29,29,29,29,29,29,29,29,29,29
400616,0,1,19,19,19,19,19,19,19,19,19,19
400616,1,1,0,0,0,0,0,0,0,0,0,0
400616,3,1,0,0,0,0,0,0,0,0,0,0
400617,1,1,0,0,0,0,0,0,0,0,0,0
400617,2,1,0,0,0,0,0,0,0,0,0,0
400618,1,1,0,0,0,0,0,0,0,0,0,0
400618,2,1,0,0,0,0,0,0,0,0,0,0
400619,1,1,0,0,0,0,0,0,0,0,0,0
400619,2,1,0,0,0,0,0,0,0,0,0,0
400620,0,1,0,0,0,0,0,0,0,0,0,0
400620,1,1,0,0,0,0,0,0,0,0,0,0
400621,1,1,21,21,21,21,21,21,21,21,21,21
400621,2,1,0,0,0,0,0,0,0,0,0,0
400622,1,1,0,0,0,0,0,0,0,0,0,0
400622,2,1,0,0,0,0,0,0,0,0,0,0
400623,1,1,66,66,66,66,66,66,66,66,66,66
400624,1,1,14,14,14,14,14,14,14,14,14,14
400625,0,1,0,0,0,0,0,0,0,0,0,0
400625,1,1,0,0,0,40,0,0,0,0,0,0
400626,1,1,0,0,0,0,0,0,0,0,0,0
400626,2,1,0,0,0,0,0,0,0,0,0,0
400627,1,1,0,0,0,0,0,0,0,0,0,0
400627,2,1,0,8,10,0,0,0,0,8,0,0
400628,1,1,19,19,19,19,19,19,19,19,19,19
400629,0,1,0,18,2,17,29,24,7,0,19,24
400629,1,1,0,0,0,0,0,0,0,0,0,0
400630,1,1,0,0,0,0,0,0,0,0,0,0
400630,2,1,0,0,0,0,0,0,0,0,0,0
400630,3,1,0,0,0,0,0,0,0,0,0,0
400630,4,1,0,0,0,0,0,0,0,27,0,0
400630,5,1,0,0,0,0,0,0,14,0,0,0
400630,6,1,0,0,3,0,0,0,0,0,0,0
400631,1,1,8,0,16,0,0,0,0,0,0,0
400631,2,1,0,0,0,0,0,0,0,0,11,0
410001,1,1,7,7,7,7,7,7,7,7,7,7
410001,2,1,0,0,0,0,0,0,0,0,0,0
410002,1,1,25,25,25,25,25,25,25,25,25,25
410003,1,1,17,17,17,17,17,17,17,17,17,17
410004,1,1,0,0,0,0,0,0,0,0,0,0
410005,1,1,0,0,0,0,0,0,0,0,0,0
410005,2,1,0,0,0,0,0,0,0,0,0,0
410006,1,1,24,15,20,19,19,11,5,6,11,5
410007,1,1,17,17,17,17,17,17,17,17,17,17
410007,2,1,0,0,0,0,0,0,0,0,0,0
410008,0,1,0,0,0,0,0,0,0,0,0,0
410008,1,1,13,0,0,0,0,0,0,0,0,0
410009,1,1,0,0,0,0,0,0,0,0,0,0
410009,2,1,0,0,0,0,0,0,0,0,0,0
410010,0,1,16,16,16,16,16,16,16,16,16,16
410010,1,1,0,0,0,0,0,0,0,0,0,0
410011,1,1,0,0,0,0,0,0,0,0,0,0
410011,2,1,0,0,0,0,0,0,0,0,0,0
410012,1,1,19,19,19,19,19,19,19,19,19,19
410013,0,1,0,0,0,0,0,0,0,0,0,0
410013,1,1,0,0,0,0,0,0,0,0,0,0
410014,0,1,0,0,0,0,0,0,0,0,0,0
410014,1,1,0,0,0,0,0,0,0,0,0,0
410015,1,1,0,0,0,0,0,0,0,0,0,0
410015,2,1,0,0,0,0,2,0,0,0,0,0
410015,3,1,0,0,0,0,0,0,0,0,0,0
410016,1,1,0,0,0,0,0,0,0,0,0,0
410016,2,1,0,0,0,0,0,0,0,0,0,0
410017,1,1,0,0,0,0,0,0,0,0,0,0
410018,1,1,0,0,0,0,0,0,0,0,0,0
410018,2,1,0,0,0,0,0,0,0,0,0,0
410019,1,1,0,0,0,0,0,0,0,0,0,0
410020,0,1,0,33,18,0,0,21,0,0,0,0
410020,1,1,0,0,0,0,0,0,0,0,0,16
410021,1,1,0,0,0,0,0,0,13,16,0,0
410022,0,1,0,0,0,0,0,0,0,0,0,0
410022,1,1,0,0,0,0,0,0,0,0,22,0
410023,1,1,0,0,0,0,0,0,0,0,0,0
410023,2,1,0,0,0,0,0,0,0,0,0,0
410024,1,1,0,0,10,4,0,0,0,0,0,0
410024,2,1,0,0,0,0,0,0,0,0,0,0
410025,1,1,0,0,0,0,0,0,0,0,0,0
410026,1,1,0,0,0,0,0,0,0,0,0,19
410027,0,1,0,0,0,0,0,0,0,0,0,0
410027,1,1,0,0,0,0,0,0,0,0,0,0
410028,1,1,0,0,0,0,0,0,0,0,0,0
410028,2,1,0,0,0,0,0,0,0,24,0,0
410029,0,1,6,6,6,6,6,6,6,6,6,6
410029,1,1,8,8,8,8,8,8,8,8,8,8
410030,1,1,0,0,0,7,0,0,23,0,0,0
410030,2,1,0,0,0,0,0,0,0,0,0,0
410031,1,1,1,1,1,1,1,1,1,1,1,1
410032,1,1,0,0,0,0,0,0,0,0,0,0
410032,2,1,0,0,0,0,0,0,0,0,0,0
410033,1,1,0,0,0,0,0,0,0,0,0,0
410033,2,1,0,0,0,0,0,0,0,0,0,0
410034,1,1,0,0,0,0,0,0,0,0,0,0
410034,2,1,0,0,0,0,0,0,0,0,0,0
410034,3,1,0,0,0,0,0,0,0,0,0,0
410035,1,1,0,0,0,0,0,0,0,0,0,0
410036,1,1,0,29,0,7,23,0,0,0,0,18
410037,1,1,0,0,0,0,0,0,0,0,0,0
410037,2,1,0,0,0,0,0,0,0,0,0,0
410038,1,1,13,13,13,13,13,13,13,13,13,13
410038,2,1,0,0,0,0,14,0,0,0,0,0
410039,1,1,0,0,0,0,0,0,0,0,0,0
410039,2,1,0,0,0,0,0,0,0,0,0,0
410040,1,1,0,6,0,17,20,0,0,16,17,0
410040,2,1,12,0,0,34,0,0,0,0,0,0
410041,1,1,1,1,1,1,1,1,1,1,1,1
410042,1,1,10,10,10,10,10,10,10,10,10,10
410042,2,1,0,0,0,0,0,0,0,0,0,0
410043,1,1,0,0,0,0,0,0,0,0,0,0
410043,2,1,0,0,0,0,0,0,0,0,0,0
410044,1,1,0,0,0,0,0,0,0,0,0,0
410044,2,1,0,0,0,0,0,0,0,0,0,0
410045,0,1,0,0,0,0,0,0,0,0,0,0
410045,1,1,0,0,0,0,0,0,13,0,0,0
410046,1,1,0,0,0,0,0,0,0,0,0,0
410047,1,1,0,0,0,0,0,0,0,0,0,0
410047,2,1,0,12,0,0,0,0,0,12,0,0
410048,1,1,0,0,0,7,0,0,0,0,0,0
410048,2,1,0,0,0,0,0,0,0,0,0,0
410048,3,1,0,0,0,0,0,20,0,0,0,0
410049,1,1,0,0,0,0,0,0,0,0,0,0
410051,0,1,0,0,0,0,0,0,0,0,0,0
410051,1,1,0,0,0,0,0,0,0,0,0,0
410052,1,1,0,0,0,0,0,0,0,0,0,0
410052,2,1,0,0,0,0,0,0,0,0,0,0
410053,1,1,0,0,0,0,15,0,0,0,0,0
410053,2,1,0,0,0,0,0,0,0,0,0,0
410054,0,1,0,0,0,0,0,0,0,0,0,0
410054,1,1,0,0,0,0,0,0,3,0,0,0
410055,1,1,0,0,0,0,0,0,0,0,0,0
410056,0,1,0,0,0,0,0,0,0,0,0,0
410056,1,1,21,21,21,21,21,21,21,21,21,21
410057,0,1,1,1,1,1,1,1,1,1,1,1
410057,1,1,28,28,28,28,28,28,28,28,28,28
410058,1,1,0,0,0,0,0,0,0,0,0,0
410058,2,1,0,0,0,0,0,0,12,0,0,0
410059,1,1,0,22,0,0,14,0,0,0,23,0
410059,2,1,0,0,0,6,10,0,0,9,0,0
410060,1,1,0,0,0,0,0,0,0,0,0,0
410061,1,1,22,22,22,22,22,22,22,22,22,22
410062,1,1,0,0,0,0,0,0,0,0,0,0
410062,2,1,0,0,0,0,0,0,0,0,0,13
410063,1,1,0,0,0,0,0,0,0,0,0,0
410064,1,1,27,27,27,27,27,27,27,27,27,27
410064,2,1,29,0,0,0,0,0,11,0,14,0
410065,0,1,0,0,0,0,0,0,0,0,0,0
410065,1,1,0,0,0,0,0,0,0,0,0,0
410066,1,1,0,0,0,0,0,0,0,0,0,0
410066,2,1,0,0,0,0,0,0,0,0,0,0
410067,1,1,0,0,0,0,0,0,0,0,0,0
410068,1,1,0,0,0,0,0,0,0,0,0,0
410068,2,1,0,0,0,0,0,0,0,0,0,0
410069,1,1,0,0,0,0,0,0,0,0,0,0
410070,1,1,0,0,0,0,0,0,0,0,0,0
410070,2,1,0,0,0,0,0,0,0,0,0,0
410071,1,1,0,0,0,0,19,0,0,0,0,0
410071,2,1,0,0,0,0,0,0,0,0,0,0
410072,1,1,0,0,0,0,0,0,0,0,0,0
410073,1,1,0,0,0,4,22,0,0,14,14,0
410074,1,1,36,36,36,36,36,36,36,36,36,36
410074,2,1,0,0,0,0,0,0,0,0,0,0
410075,1,1,0,18,0,0,0,0,0,0,0,0
410075,2,1,0,0,0,0,0,0,0,0,0,0
410075,3,1,0,0,0,0,0,0,0,0,0,0
410076,1,1,20,20,20,20,20,20,20,20,20,20
410076,2,1,0,8,0,0,0,14,0,0,0,0
410076,3,1,0,0,22,16,0,0,0,24,19,0
410077,0,1,0,0,0,0,0,0,0,0,0,0
410077,1,1,0,0,0,0,0,20,20,0,0,0
410078,0,1,0,0,0,0,0,0,0,0,0,0
410078,0,2,0,0,19,0,17,8,0,0,0,0
410078,1,1,0,23,0,0,0,0,0,0,0,0
410079,0,1,0,0,0,0,0,0,0,0,0,0
410079,1,1,0,0,0,0,0,0,0,0,0,0
410080,1,1,0,0,0,5,0,0,17,0,0,0
410080,2,1,0,0,0,0,0,0,0,0,0,0
410080,3,1,0,0,0,0,0,0,0,0,0,0
410081,1,1,0,0,0,0,0,0,0,0,0,0
410081,2,1,0,0,0,0,0,0,0,0,0,0
410082,1,1,0,0,0,0,0,0,0,0,0,0
410082,2,1,0,0,0,0,0,0,0,0,0,0
410083,1,1,0,0,0,0,0,21,0,0,0,0
410083,2,1,0,0,0,0,0,0,0,0,0,0
410084,1,1,26,26,26,26,26,26,26,26,26,26
410085,0,1,9,9,9,9,9,9,9,9,9,9
410085,1,1,0,0,23,14,0,0,0,0,7,0
410086,1,1,0,0,0,0,0,0,0,0,0,0
410087,0,1,0,0,0,0,0,0,0,0,0,0
410087,1,1,0,0,0,0,0,0,0,0,0,0
410088,1,1,0,0,0,0,0,0,0,0,0,0
410089,1,1,0,0,0,0,0,0,0,0,0,0
410090,1,1,16,16,16,16,16,16,16,16,16,16
410090,2,1,0,0,0,0,0,0,0,0,0,0
410091,1,1,0,0,0,0,0,0,0,0,0,0
410091,2,1,0,0,0,0,0,0,0,0,0,0
410092,1,1,21,21,21,21,21,21,21,21,21,21
410093,1,1,0,0,16,0,0,0,18,0,0,0
410094,1,1,0,0,9,15,20,0,13,0,0,0
410095,1,1,0,0,0,0,0,0,0,0,0,0
410096,1,1,0,0,0,0,15,0,0,0,0,0
410096,2,1,0,0,0,0,0,0,0,0,0,0
410097,1,1,0,0,20,34,0,26,0,0,18,0
410097,2,1,0,0,0,0,0,0,0,0,0,0
410098,1,1,14,14,14,14,14,14,14,14,14,14
410099,1,1,0,0,0,0,0,0,0,0,0,0
410099,2,1,0,0,14,0,0,0,0,14,0,0
410100,0,1,29,17,0,0,0,19,0,29,4,13
410100,1,1,0,0,0,0,0,25,22,7,0,0
410101,1,1,0,41,0,23,0,0,0,24,0,0
410101,2,1,0,0,0,0,0,0,0,0,0,0
410102,1,1,9,0,0,0,0,0,0,0,0,0
410103,1,1,0,0,0,0,0,0,0,0,0,0
410103,2,1,0,0,0,0,0,0,0,0,3,0
410103,3,1,0,0,0,0,0,0,0,0,0,0
410104,1,1,9,9,9,9,9,9,9,9,9,9
410105,0,1,0,0,0,0,0,0,0,0,0,0
410105,1,1,0,0,0,0,0,0,0,0,0,0
410106,0,1,28,28,28,28,28,28,28,28,28,28
410106,1,1,0,0,0,0,0,0,0,0,0,0
410107,1,1,0,0,0,0,0,0,0,0,0,0
410108,1,1,0,0,0,13,24,0,0,28,0,0
410108,2,1,0,0,0,0,9,10,0,0,0,0
410108,3,1,0,0,0,0,0,0,0,0,0,0
410109,1,1,0,0,0,0,0,0,0,0,0,0
410109,2,1,0,0,0,0,0,0,0,0,0,0
410110,0,1,0,0,0,0,0,0,0,14,26,0
410110,1,1,0,0,0,0,0,0,0,0,0,0
410111,1,1,16,16,16,16,16,16,16,16,16,16
410112,1,1,13,0,20,5,0,0,0,0,0,8
410112,2,1,0,0,0,0,0,0,0,0,0,0
410113,1,1,0,0,0,0,0,0,0,0,0,0
410114,1,1,22,22,22,22,22,22,22,22,22,22
410114,2,1,9,9,9,9,9,9,9,9,9,9
410115,1,1,0,0,4,0,0,0,24,7,0,0
410115,2,1,0,0,0,0,0,0,0,0,0,0
410116,0,1,0,0,0,0,0,0,0,0,0,0
410116,1,1,0,11,0,0,0,0,17,0,0,0
410117,1,1,12,12,12,12,12,12,12,12,12,12
410118,1,1,0,0,0,0,0,0,0,0,0,0
410118,2,1,0,0,0,0,0,0,0,0,0,0
410119,1,1,0,0,0,0,0,0,0,0,0,0
410120,1,1,10,10,10,10,10,10,10,10,10,10
410120,2,1,0,11,0,0,0,0,0,0,0,0
410121,1,1,0,0,0,0,0,0,0,0,0,0
410121,2,1,0,0,0,0,0,0,0,0,0,0
410122,1,1,19,19,19,19,19,19,19,19,19,19
410122,2,1,0,0,0,0,0,0,0,0,0,0
410123,1,1,0,0,0,0,0,0,0,0,0,0
410124,0,1,11,11,11,11,11,11,11,11,11,11
410124,1,1,0,0,0,0,0,0,0,0,0,0
410125,1,1,0,0,0,0,0,0,0,0,0,0
410125,2,1,0,0,0,0,0,0,0,0,0,0
410126,1,1,0,0,0,0,0,0,0,0,0,0
410127,1,1,0,0,0,26,20,0,7,0,0,0
410128,1,1,0,0,0,0,0,0,0,0,0,0
410129,1,1,14,14,14,14,14,14,14,14,14,14
410129,2,1,0,0,0,0,0,0,0,0,0,0
410129,3,1,0,0,0,0,0,0,0,0,11,0
410130,1,1,0,0,0,0,0,0,0,0,0,0
410130,2,1,0,0,0,7,0,22,0,0,0,0
410131,1,1,0,0,0,0,0,0,0,0,0,0
410132,1,1,14,14,14,14,14,14,14,14,14,14
410133,1,1,0,0,0,0,0,0,0,0,0,0
410134,1,1,0,0,0,0,0,0,0,0,0,0
410135,1,1,0,0,0,0,0,0,0,0,0,0
410135,2,1,0,0,0,0,0,0,0,0,0,0
410136,1,1,0,0,0,0,0,0,0,0,0,0
410136,2,1,0,0,0,0,0,0,0,0,0,0
410137,1,1,0,0,0,24,25,0,0,12,0,0
410137,2,1,0,0,0,0,0,0,0,0,0,0
410138,1,1,0,0,0,0,0,0,0,0,0,0
410138,2,1,0,0,0,0,0,0,0,0,0,0
410139,1,1,13,13,13,13,13,13,13,13,13,13
410139,2,1,0,0,0,0,0,0,0,0,0,26
410140,1,1,10,10,10,10,10,10,10,10,10,10
410141,1,1,0,0,0,0,0,0,0,0,0,0
410141,2,1,0,0,0,0,0,0,5,0,0,0
410141,3,1,0,0,0,0,0,0,0,0,0,0
410142,1,1,0,0,0,0,0,0,0,0,0,0
410142,2,1,0,0,0,0,0,0,0,0,0,2
410143,1,1,0,0,0,0,0,0,0,0,0,0
410143,2,1,0,0,0,0,0,0,0,0,0,0
410144,1,1,29,29,29,29,29,29,29,29,29,29
410144,2,1,0,0,0,3,0,0,0,0,0,0
410145,1,1,21,21,21,21,21,21,21,21,21,21
410146,1,1,30,30,30,30,30,30,30,30,30,30
410146,2,1,0,0,0,0,0,0,0,0,0,0
410147,1,1,14,14,14,14,14,14,14,14,14,14
410148,1,1,17,17,0,0,0,0,0,0,0,0
410148,2,1,0,0,0,0,0,0,0,0,0,0
410148,3,1,0,0,0,0,21,0,0,0,0,0
410149,1,1,13,13,13,13,13,13,13,13,13,13
410150,1,1,13,13,13,13,13,13,13,13,13,13
410151,0,1,0,0,0,0,0,0,0,0,0,0
410151,1,1,0,0,0,0,0,0,0,0,0,0
410152,1,1,0,0,0,0,0,0,0,0,0,0
410152,2,1,0,0,0,0,0,0,0,0,0,0
410153,1,1,0,0,0,0,0,0,0,0,0,0
410153,2,1,0,0,0,0,0,0,0,0,0,0
410154,1,1,0,0,0,0,0,0,0,0,0,0
410154,2,1,0,0,0,0,0,0,0,6,0,0
410154,3,1,0,0,0,0,0,0,0,0,0,0
410154,4,1,0,0,0,0,0,0,0,0,0,0
410155,1,1,25,25,25,25,25,25,25,25,25,25
410156,1,1,0,0,0,0,0,0,0,0,0,0
410156,2,1,0,0,0,0,0,0,0,0,0,0
410156,3,1,0,0,0,0,0,0,0,0,0,0
410157,1,1,0,0,0,0,0,0,0,0,0,0
410158,1,1,0,0,0,0,0,0,0,0,0,0
410158,2,1,0,35,11,0,0,0,0,0,0,0
410159,1,1,0,0,0,0,0,0,0,0,0,0
410160,1,1,0,0,0,0,0,0,0,0,0,0
410161,1,1,0,0,0,0,0,0,0,0,0,0
410162,1,1,15,15,15,15,15,15,15,15,15,15
410162,2,1,0,0,23,15,13,9,8,0,0,0
410163,1,1,0,0,0,0,0,0,0,0,0,0
410164,1,1,0,0,0,0,10,0,0,5,0,0
410164,2,1,0,0,0,0,0,0,0,0,0,0
410165,1,1,0,0,0,0,0,0,0,0,0,0
410166,1,1,0,0,0,0,0,0,0,0,0,0
410167,1,1,0,0,0,0,0,0,0,0,0,0
410168,1,1,22,22,22,22,22,22,22,22,22,22
410169,1,1,7,7,7,7,7,7,7,7,7,7
410169,2,1,0,0,0,0,0,0,0,0,0,0
410170,1,1,25,25,25,25,25,25,25,25,25,25
410170,2,1,0,0,0,0,0,0,0,0,0,0
410171,0,1,22,20,10,7,22,4,20,13,28,13
410171,1,1,0,0,0,0,0,0,0,0,0,0
410172,1,1,0,0,0,0,0,0,0,0,0,0
410172,2,1,0,0,9,29,18,0,0,0,0,0
410173,1,1,31,0,0,17,33,10,22,0,19,0
410174,1,1,9,9,9,9,9,9,9,9,9,9
410174,2,1,0,0,0,0,0,0,0,0,0,0
410175,1,1,23,23,23,23,23,23,23,23,23,23
410175,2,1,0,0,0,0,0,0,0,0,0,0
410176,1,1,0,0,0,0,0,0,0,0,0,0
410177,1,1,1,1,1,1,1,1,1,1,1,1
410178,1,1,0,0,0,0,0,0,0,0,0,25
410178,2,1,0,0,0,0,0,0,0,0,0,0
410179,1,1,0,0,0,0,0,0,0,0,0,0
410180,1,1,5,5,5,5,5,5,5,5,5,5
410180,2,1,0,0,0,0,0,0,0,0,0,0
410181,1,1,22,22,22,22,22,22,22,22,22,22
410182,1,1,9,9,9,9,9,9,9,9,9,9
410182,2,1,16,16,16,16,16,16,16,16,16,16
410183,1,1,0,0,0,0,0,0,0,0,0,0
410183,2,1,0,0,0,0,0,0,0,0,0,0
410184,0,1,31,31,31,31,31,31,31,31,31,31
410184,1,1,18,4,7,6,12,15,18,0,0,6
410185,1,1,0,0,0,0,0,0,0,0,0,0
410185,2,1,0,0,0,0,0,0,0,0,0,0
410186,1,1,0,0,0,0,0,0,0,0,0,0
410186,2,1,0,0,0,0,0,0,0,0,0,0
410187,1,1,0,0,0,0,0,0,0,0,0,0
410187,2,1,1,1,1,1,1,1,1,1,1,1
410188,0,1,0,0,0,0,0,0,0,0,0,0
410188,1,1,0,21,0,0,0,0,0,0,0,0
410189,1,1,17,17,17,17,17,17,17,17,17,17
410190,1,1,12,19,0,12,16,0,15,0,0,0
410191,1,1,13,13,13,13,13,13,13,13,13,13
410191,2,1,0,0,0,0,0,0,0,0,0,0
410192,1,1,14,14,14,14,14,14,14,14,14,14
410193,1,1,13,13,13,13,13,13,13,13,13,13
410193,2,1,0,24,0,0,0,0,0,0,0,0
410194,1,1,19,19,19,19,19,19,19,19,19,19
410195,1,1,9,9,9,9,9,9,9,9,9,9
410196,1,1,0,0,0,0,0,0,0,0,0,0
410197,1,1,12,12,12,12,12,12,12,12,12,12
410198,1,1,0,0,0,0,0,0,0,0,0,0
410198,2,1,0,0,0,0,0,0,0,0,0,0
410199,1,1,29,0,0,0,0,0,0,0,0,29
410200,1,1,0,0,0,0,0,0,0,0,0,0
410200,2,1,0,0,0,0,0,0,0,0,0,0
410201,0,1,19,19,19,19,19,19,19,19,19,19