ST_CASE,VEH_NO,PER_NO,P1,P2,P3,P4,P5,P6,P7,P8,P9,P10
410201,1,1,0,0,0,0,0,0,0,0,0,0
410202,1,1,0,0,0,0,0,0,0,0,0,0
410202,2,1,0,0,0,0,0,0,0,0,0,0
410203,1,1,21,21,21,21,21,21,21,21,21,21
410203,2,1,0,0,0,0,0,0,0,0,0,0
410204,1,1,4,4,4,4,4,4,4,4,4,4
410205,1,1,11,11,11,11,11,11,11,11,11,11
410206,1,1,2,2,2,2,2,2,2,2,2,2
410207,1,1,0,0,0,0,0,0,0,0,0,0
410208,1,1,0,0,0,0,0,0,0,0,0,0
410208,2,1,0,0,0,0,0,0,0,0,0,0
410209,1,1,0,0,0,0,0,0,0,0,0,0
410210,1,1,22,22,22,22,22,22,22,22,22,22
410210,2,1,0,0,0,0,0,0,0,0,0,0
410211,1,1,10,10,10,10,10,10,10,10,10,10
410212,1,1,0,0,0,0,0,0,0,0,0,0
410213,1,1,13,13,13,13,13,13,13,13,13,13
410214,1,1,0,0,0,0,0,0,0,0,0,0
410214,2,1,0,0,0,0,0,0,0,0,0,0
410215,1,1,0,0,0,0,0,0,0,0,0,0
410216,1,1,0,0,0,0,0,0,0,0,0,0
410216,2,1,0,0,0,0,0,0,0,0,0,0
410217,1,1,21,21,21,21,21,21,21,21,21,21
410218,1,1,0,0,0,0,0,0,0,0,0,0
410219,0,1,0,0,0,0,0,0,0,0,0,0
410219,1,1,28,28,28,28,28,28,28,28,28,28
410220,0,1,11,11,11,11,11,11,11,11,11,11
410220,1,1,0,0,0,0,0,0,21,0,0,0
410221,1,1,0,0,0,0,0,0,0,0,0,0
410222,1,1,9,9,9,9,9,9,9,9,9,9
410223,1,1,0,0,0,0,0,0,0,0,0,0
410223,2,1,0,0,0,0,0,0,0,0,0,0
410224,1,1,0,0,0,0,0,0,0,0,0,0
410225,1,1,36,36,36,36,36,36,36,36,36,36
410226,1,1,15,15,15,15,15,15,15,15,15,15
410227,0,1,0,0,0,0,0,0,0,0,0,0
410227,1,1,0,0,0,0,0,0,0,0,0,0
410228,1,1,21,21,21,21,21,21,21,21,21,21
410229,1,1,0,0,0,0,0,0,0,0,0,0
410229,2,1,0,0,0,0,0,0,0,0,0,0
410230,0,1,31,31,31,31,31,31,31,31,31,31
410230,1,1,0,0,0,0,0,0,0,0,0,0
410231,1,1,0,0,0,0,0,0,0,0,0,0
410231,2,1,0,0,0,0,0,0,0,0,0,0
410232,0,1,0,0,0,0,0,0,0,0,0,0
410232,1,1,0,0,0,0,0,0,0,0,0,0
410233,1,1,0,0,10,0,0,0,0,13,10,0
410234,1,1,0,0,0,0,0,0,0,0,0,0
410235,1,1,0,0,0,0,0,0,0,0,0,0
410236,1,1,28,28,28,28,28,28,28,28,28,28
410236,2,1,0,0,0,0,0,0,0,0,0,0
410237,1,1,0,0,0,14,0,0,0,0,0,0
410237,2,1,0,0,0,0,0,0,0,0,0,0
410238,1,1,0,0,0,0,0,0,0,0,0,0
410239,1,1,20,20,20,20,20,20,20,20,20,20
410240,0,1,0,0,0,0,0,0,0,0,0,0
410240,0,2,18,0,20,0,20,0,0,14,16,16
410240,1,1,22,22,22,22,22,22,22,22,22,22
410240,2,1,9,0,0,0,0,0,0,0,0,0
410241,1,1,18,18,18,18,18,18,18,18,18,18
410241,2,1,0,0,0,0,0,0,15,0,0,0
410242,1,1,36,36,36,36,36,36,36,36,36,36
410242,2,1,0,0,0,0,0,0,0,0,0,0
410243,1,1,10,10,10,10,10,10,10,10,10,10
410244,0,1,8,8,8,8,8,8,8,8,8,8
410244,1,1,0,14,0,0,0,10,0,0,0,0
410244,2,1,0,4,0,0,28,24,0,0,0,0
410244,3,1,0,0,0,0,0,0,0,0,0,0
410244,4,1,0,5,0,9,10,25,5,8,6,0
410245,1,1,20,20,20,20,20,20,20,20,20,20
410246,1,1,10,10,10,10,10,10,10,10,10,10
410246,2,1,0,0,0,4,0,0,0,0,0,0
410247,1,1,0,0,0,0,0,0,0,0,0,0
410247,2,1,0,0,0,0,0,0,0,0,0,0
410248,1,1,19,19,19,19,19,19,19,19,19,19
410249,1,1,0,0,0,0,0,0,0,0,0,0
410250,0,1,0,0,0,0,0,0,0,0,0,0
410250,1,1,0,0,0,0,0,0,0,0,0,0
410251,1,1,21,21,21,21,21,21,21,21,21,21
410252,1,1,14,0,0,0,0,0,0,5,0,13
410252,2,1,0,0,0,0,0,0,0,0,0,0
410252,3,1,0,0,0,0,29,0,0,0,0,0
410253,1,1,0,0,0,0,12,22,0,0,23,6
410254,1,1,0,0,0,0,0,0,0,0,0,0
410255,1,1,0,0,0,0,0,12,0,0,0,0
410255,2,1,0,0,0,0,0,0,0,0,0,0
410256,1,1,0,0,0,0,0,0,0,0,0,0
410256,2,1,0,0,0,0,0,0,0,0,0,0
410257,1,1,0,0,0,0,0,0,0,0,0,0
410257,2,1,0,0,0,0,0,0,0,0,0,0
410257,3,1,0,0,0,0,0,0,0,0,0,0
410258,1,1,8,8,8,8,8,8,8,8,8,8
410259,0,1,19,15,15,18,0,0,0,14,0,41
410259,1,1,0,0,0,0,0,0,0,0,0,0
410259,2,1,0,27,0,0,0,0,0,0,0,0
410260,1,1,0,0,0,0,0,0,0,0,0,0
410260,2,1,0,0,0,0,0,0,0,0,0,0
410260,3,1,0,0,0,0,0,0,0,0,0,0
410261,1,1,0,0,0,0,0,0,0,0,0,0
410261,2,1,0,0,0,0,0,0,0,0,0,0
410262,1,1,17,17,17,17,17,17,17,17,17,17
410262,2,1,0,0,0,0,0,0,0,0,0,0
410263,1,1,0,0,0,0,0,0,0,0,0,0
410263,2,1,0,0,0,0,0,0,0,0,0,0
410264,1,1,0,0,0,0,0,0,0,0,0,0
410264,2,1,0,0,0,0,0,0,0,0,0,0
410264,3,1,0,0,0,0,0,0,0,0,0,0
410265,1,1,0,0,0,0,18,0,10,0,0,0
410265,2,1,0,0,0,0,0,0,0,0,0,0
410266,0,1,0,0,0,0,0,0,0,0,0,0
410266,1,1,0,0,0,0,0,0,0,0,0,0
410267,1,1,0,0,0,0,0,0,0,0,0,0
410267,2,1,0,0,0,0,0,0,0,0,0,0
410268,1,1,2,2,2,2,2,2,2,2,2,2
410269,1,1,0,0,0,0,0,0,0,0,0,0
410270,0,1,0,0,0,0,0,0,0,0,0,0
410270,1,1,23,23,23,23,23,23,23,23,23,23
410271,1,1,24,24,24,24,24,24,24,24,24,24
410272,1,1,0,0,0,0,0,0,0,0,0,0
410272,2,1,0,0,0,0,0,0,0,0,0,0
410273,0,1,0,0,0,0,0,13,0,3,0,0
410273,1,1,0,5,11,0,5,7,9,0,5,6
410274,1,1,0,0,0,0,0,0,0,0,0,0
410274,2,1,0,0,5,0,0,41,0,0,0,0
410275,1,1,0,0,0,0,0,0,0,0,0,0
410276,1,1,0,0,0,0,0,0,0,0,0,0
410276,2,1,0,0,0,0,0,0,0,0,0,0
410276,3,1,0,0,0,0,0,0,0,0,0,0
410276,4,1,0,0,0,0,0,0,0,0,0,0
410277,1,1,12,12,12,12,12,12,12,12,12,12
410278,0,1,0,0,0,0,0,0,0,0,0,0
410278,1,1,0,0,0,0,0,21,0,0,0,0
410279,1,1,0,0,0,0,0,0,0,0,0,0
410279,2,1,0,0,0,0,0,0,0,0,0,0
410280,1,1,0,0,0,0,0,0,0,0,0,0
410280,2,1,0,0,0,0,0,0,0,0,0,0
410281,1,1,16,16,16,16,16,16,16,16,16,16
410282,1,1,19,0,0,24,0,0,0,25,22,0
410283,0,1,0,0,29,10,27,0,0,0,18,0
410283,1,1,0,0,0,0,0,0,0,0,0,0
410284,1,1,19,19,19,19,19,19,19,19,19,19
410285,1,1,14,14,14,14,14,14,14,14,14,14
410286,1,1,0,0,0,0,0,0,0,0,0,0
410286,2,1,0,0,0,0,0,0,0,0,0,0
410287,1,1,0,0,0,0,0,0,0,0,0,0
410287,2,1,0,0,0,0,0,0,0,2,0,0
410288,1,1,0,0,0,0,0,0,0,0,0,0
410288,2,1,0,0,0,0,0,0,0,0,25,0
410289,1,1,11,11,11,11,11,11,11,11,11,11
410290,1,1,0,0,0,0,0,0,0,0,0,0
410291,1,1,0,0,0,0,0,0,0,0,0,0
410291,2,1,0,0,0,0,0,0,0,0,0,0
410292,1,1,0,0,0,0,0,0,0,0,0,0
410293,1,1,18,18,18,18,18,18,18,18,18,18
410293,2,1,0,0,0,0,0,0,0,0,0,0
410294,1,1,0,0,0,0,0,0,0,0,0,0
410294,2,1,0,16,0,0,0,0,0,30,0,0
410295,1,1,0,0,0,0,0,0,0,0,0,0
410295,2,1,0,0,0,0,0,0,0,0,0,0
410296,1,1,22,22,22,22,22,22,22,22,22,22
410297,0,1,0,0,0,0,0,0,0,0,0,0
410297,1,1,0,28,0,0,0,0,0,0,9,11
410298,1,1,21,21,21,21,21,21,21,21,21,21
410299,0,1,17,17,17,17,17,17,17,17,17,17
410299,1,1,15,7,11,20,12,21,13,11,0,33
410300,1,1,17,17,17,17,17,17,17,17,17,17
410301,0,1,0,0,0,28,10,0,0,0,0,0
410301,1,1,3,3,3,3,3,3,3,3,3,3
410302,1,1,0,0,0,0,0,0,0,0,0,0
410302,2,1,0,0,0,0,0,0,0,0,0,0
410303,1,1,0,0,0,0,0,0,0,0,0,0
410303,2,1,0,0,0,0,0,0,0,0,0,0
410304,1,1,0,0,0,0,0,0,0,0,0,0
410305,1,1,0,0,0,0,0,0,0,0,0,0
410306,1,1,0,0,0,0,0,0,0,0,0,0
410306,2,1,13,13,13,13,13,13,13,13,13,13
410307,0,1,1,1,1,1,1,1,1,1,1,1
410307,1,1,0,0,0,0,0,0,0,0,0,0
410308,1,1,0,0,0,0,0,0,0,0,0,0
410308,2,1,0,0,8,6,0,0,0,0,0,0
410309,1,1,0,0,0,0,0,2,0,0,8,0
410309,2,1,0,0,0,0,0,0,0,0,0,0
410310,0,1,0,0,0,0,0,0,0,0,0,0
410310,1,1,0,9,0,0,0,0,0,0,10,0
410311,1,1,0,0,0,0,0,4,0,0,0,0
410311,2,1,0,0,0,0,0,0,0,0,0,0
410312,1,1,0,0,0,0,0,0,0,0,0,0
410312,2,1,0,0,0,0,0,0,0,0,0,19
410313,1,1,0,0,0,0,0,0,0,0,0,0
410313,2,1,0,0,0,0,0,0,0,0,0,0
410314,1,1,4,0,0,0,0,0,0,0,0,0
410314,2,1,0,0,0,0,0,0,0,0,0,0
410315,1,1,15,15,15,15,15,15,15,15,15,15
410316,1,1,0,0,0,18,2,0,21,12,0,0
410317,1,1,0,0,0,0,0,0,0,0,0,0
410318,1,1,6,6,6,6,6,6,6,6,6,6
410319,1,1,24,24,24,24,24,24,24,24,24,24
410320,0,1,29,17,26,26,33,26,31,24,14,7
410320,1,1,0,0,0,0,0,0,0,0,0,0
410321,1,1,0,0,0,0,0,0,0,0,0,0
410322,1,1,0,0,0,0,0,0,0,0,0,0
410322,2,1,0,6,0,0,0,0,0,0,0,0
410323,1,1,15,15,15,15,15,15,15,15,15,15
410323,2,1,0,0,0,0,0,5,0,0,0,0
410324,1,1,0,0,0,0,0,0,0,0,0,0
410325,1,1,23,9,0,0,0,16,0,0,8,0
410325,2,1,0,0,0,0,0,6,0,0,0,0
410326,1,1,21,21,21,21,21,21,21,21,21,21
410327,1,1,0,0,0,0,0,0,0,0,0,0
410328,1,1,0,0,0,0,0,0,0,0,0,0
410329,1,1,21,21,21,21,21,21,21,21,21,21
410329,2,1,0,0,0,0,0,0,0,0,0,0
410329,3,1,0,0,0,0,0,0,0,0,0,0
410330,1,1,0,0,0,0,0,0,0,0,0,0
410331,1,1,0,0,0,0,0,0,0,0,0,0
410332,1,1,12,12,12,12,12,12,12,12,12,12
410333,1,1,0,0,0,0,0,0,0,0,0,0
410333,2,1,0,0,0,0,0,0,0,0,0,0
410334,0,1,19,19,19,19,19,19,19,19,19,19
410334,1,1,0,0,0,0,0,0,0,0,0,0
410335,1,1,0,0,0,0,0,0,0,0,0,0
410336,1,1,0,0,0,0,0,0,0,0,0,0
410336,2,1,0,0,0,0,0,0,0,0,11,0
410337,1,1,0,0,0,0,0,0,0,0,0,14
410338,1,1,0,0,0,0,0,0,0,0,0,0
410338,2,1,0,0,0,0,0,0,0,0,0,0
410339,0,1,21,21,21,21,21,21,21,21,21,21
410339,1,1,0,0,25,0,0,0,0,0,0,0
410340,1,1,0,0,0,0,0,0,0,0,0,0
410340,2,1,0,0,0,0,0,0,0,0,0,0
410341,1,1,0,0,0,0,0,0,0,0,0,0
410342,1,1,0,0,0,0,0,0,0,0,0,0
410343,0,1,2,2,2,2,2,2,2,2,2,2
410343,1,1,0,0,0,0,0,0,0,0,0,0
410344,0,1,0,0,0,0,0,0,0,0,0,0
410344,1,1,18,0,23,0,0,13,0,0,0,0
410345,1,1,0,0,0,0,0,0,0,0,0,0
410345,2,1,0,0,0,0,0,0,0,0,0,0
410346,0,1,1,1,1,1,1,1,1,1,1,1
410346,1,1,0,0,0,0,0,0,0,0,0,0
410347,1,1,20,20,20,20,20,20,20,20,20,20
410348,1,1,0,0,0,0,0,0,0,0,0,0
410349,1,1,0,0,0,0,0,0,0,0,0,0
410350,1,1,0,0,0,0,0,0,0,0,0,0
410351,1,1,0,0,0,0,0,0,0,0,0,0
410351,2,1,0,0,0,0,0,0,0,0,0,0
410352,0,1,34,34,34,34,34,34,34,34,34,34
410352,1,1,0,0,0,0,0,0,0,0,0,0
410353,1,1,24,24,24,24,24,24,24,24,24,24
410353,2,1,0,18,0,0,0,0,0,0,7,0
410353,3,1,0,0,0,28,0,16,0,0,0,0
410353,4,1,0,0,0,0,0,14,28,0,11,15
410354,1,1,0,0,0,0,0,0,0,0,0,0
410354,2,1,0,0,0,0,0,0,0,0,0,0
410355,1,1,0,0,0,0,0,0,0,0,0,0
410355,2,1,0,0,0,0,0,0,0,0,0,0
410355,3,1,0,0,0,0,0,0,0,0,0,0
410356,1,1,0,0,0,0,0,0,0,0,0,0
410356,2,1,0,0,0,0,0,0,0,0,0,0
410357,0,1,0,0,0,0,0,0,23,0,0,28
410357,1,1,0,0,0,0,0,0,0,0,0,0
410358,1,1,20,20,20,20,20,20,20,20,20,20
410359,1,1,0,0,0,0,0,0,0,0,0,0
410359,2,1,0,0,0,0,0,0,0,0,0,0
410360,0,1,0,0,0,0,0,0,0,0,0,0
410360,0,2,0,0,0,10,0,0,0,0,0,0
410360,1,1,0,0,0,0,0,0,0,0,0,0
410361,1,1,0,0,0,0,0,10,0,0,0,0
410361,2,1,0,0,0,0,0,0,0,0,0,0
410362,1,1,0,0,0,0,0,0,0,0,0,0
410363,1,1,19,19,19,19,19,19,19,19,19,19
410364,1,1,0,0,0,0,0,0,0,0,0,0
410365,1,1,0,0,0,0,0,0,0,0,0,0
410365,2,1,0,0,0,0,0,0,0,0,0,0
410366,1,1,0,0,0,23,0,0,0,0,0,0
410367,0,1,0,0,0,0,0,0,0,0,0,0
410367,1,1,0,0,0,0,0,0,0,0,0,0
410368,1,1,0,0,0,0,0,0,0,0,0,0
410368,2,1,0,0,0,0,0,0,0,0,0,0
410369,1,1,0,0,0,0,0,0,0,0,0,0
410370,1,1,7,7,7,7,7,7,7,7,7,7
410371,1,1,0,0,0,0,0,0,0,0,0,10
410371,2,1,0,0,10,20,0,0,0,0,0,0
410372,1,1,4,0,0,7,0,0,0,0,0,0
410373,0,1,0,0,0,0,0,0,0,0,0,0
410373,1,1,0,13,0,0,0,0,0,37,0,0
410374,1,1,0,0,21,26,0,19,0,0,0,0
410374,2,1,0,0,0,0,0,0,0,0,0,0
410375,1,1,21,21,21,21,21,21,21,21,21,21
410376,1,1,0,0,0,0,0,0,0,0,0,0
410376,2,1,0,0,0,0,15,0,0,0,0,0
410377,1,1,0,0,0,0,0,0,0,0,0,0
410378,1,1,12,12,12,12,12,12,12,12,12,12
410379,1,1,4,4,4,4,4,4,4,4,4,4
410380,1,1,15,15,15,15,15,15,15,15,15,15
410380,2,1,0,0,0,0,0,0,0,0,0,0
410381,0,1,0,41,37,17,0,0,0,17,23,12
410381,1,1,0,0,0,0,0,0,0,0,0,0
410382,0,1,0,0,0,0,0,0,0,0,0,0
410382,1,1,0,0,0,0,0,0,0,0,0,0
410383,1,1,0,0,0,0,0,0,0,0,0,0
410383,2,1,0,0,0,0,0,0,0,0,0,0
410384,0,1,17,17,17,17,17,17,17,17,17,17
410384,1,1,0,0,0,0,0,0,15,0,0,0
410385,0,1,31,31,31,31,31,31,31,31,31,31
410385,1,1,0,0,0,0,0,0,0,0,0,0
410386,0,1,0,0,0,0,0,0,0,0,0,0
410386,1,1,0,0,0,0,0,0,0,0,0,0
410386,2,1,0,0,0,0,0,0,0,0,0,0
410387,0,1,0,0,0,0,0,0,0,0,0,0
410387,1,1,0,0,0,0,0,0,0,0,0,0
410388,1,1,16,16,16,16,16,16,16,16,16,16
410389,1,1,0,0,0,0,0,0,0,0,0,0
410389,2,1,0,0,0,0,12,0,0,0,0,0
410390,0,1,0,29,15,0,17,27,0,0,26,32
410390,1,1,0,0,9,0,0,0,0,0,0,0
410391,0,1,0,0,0,0,0,0,0,0,0,0
410391,1,1,0,0,0,0,0,0,0,0,0,0
410392,1,1,16,16,16,16,16,16,16,16,16,16
410392,2,1,0,0,0,0,0,0,0,0,0,0
410393,0,1,13,13,13,13,13,13,13,13,13,13
410393,1,1,0,5,2,8,0,10,10,0,8,11
410394,1,1,0,0,0,0,0,0,0,0,0,0
410394,2,1,0,0,0,0,0,0,0,0,0,0
410394,3,1,26,0,0,0,0,0,0,0,0,0
410395,1,1,16,16,16,16,16,16,16,16,16,16
410396,1,1,0,0,0,0,0,0,0,0,0,0
410397,1,1,0,0,0,0,18,0,0,0,0,0
410397,2,1,0,0,0,0,0,0,0,0,0,0
410398,1,1,0,0,0,0,0,0,0,0,0,0
410398,2,1,0,0,0,0,0,0,0,0,0,0
410398,3,1,0,0,0,0,0,0,0,0,0,0
410399,1,1,0,0,0,0,0,0,0,0,0,0
410399,2,1,0,0,0,0,0,0,0,0,0,0
410400,1,1,0,0,0,0,0,0,0,0,0,0
410400,2,1,0,0,0,0,0,0,0,0,0,0
410401,0,1,0,0,19,0,0,0,19,18,0,13
410401,1,1,0,0,0,0,0,0,0,0,0,0
410402,1,1,0,0,0,0,12,0,0,0,0,0
410403,1,1,25,25,25,25,25,25,25,25,25,25
410404,1,1,24,24,24,24,24,24,24,24,24,24
410405,1,1,5,5,5,5,5,5,5,5,5,5
410405,2,1,0,0,0,0,0,13,7,0,0,6
410406,1,1,0,22,0,0,0,0,28,0,0,0
410407,0,1,44,10,0,0,23,20,29,18,0,0
410407,0,2,0,0,23,17,34,8,12,12,0,9
410407,0,3,0,0,0,19,12,0,0,0,0,0
410407,0,4,16,0,0,0,12,15,8,0,0,17
410407,1,1,0,0,0,0,0,0,0,0,0,0
410408,0,1,32,32,32,32,32,32,32,32,32,32
410408,1,1,0,0,0,0,0,0,0,0,0,0
410409,0,1,0,0,0,0,0,0,0,0,0,0
410409,1,1,0,0,0,0,0,0,0,0,0,0
410410,1,1,13,22,9,8,0,8,0,0,17,7
410410,2,1,0,0,0,0,0,0,0,0,0,0
410411,0,1,18,18,18,18,18,18,18,18,18,18
410411,1,1,0,0,0,0,23,0,0,0,0,0
410411,2,1,0,0,0,12,0,0,0,0,0,0
410411,3,1,0,0,0,0,0,0,0,0,0,20
410411,4,1,0,16,0,0,0,0,0,0,0,0
410412,1,1,27,27,27,27,27,27,27,27,27,27
410413,0,1,0,0,0,0,0,0,0,0,0,0
410413,1,1,0,0,0,0,0,0,0,0,0,0
410414,1,1,0,0,0,0,0,0,0,0,0,0
410414,2,1,0,0,0,0,0,0,0,0,0,0
410415,1,1,0,0,0,0,0,0,0,0,0,0
410415,2,1,0,0,0,0,0,0,0,0,0,0
410416,1,1,20,20,20,20,20,20,20,20,20,20
410417,1,1,24,24,24,24,24,24,24,24,24,24
410418,1,1,10,10,10,10,10,10,10,10,10,10
410418,2,1,0,0,0,0,0,0,10,0,0,0
410419,0,1,0,0,0,0,0,0,0,0,0,0
410419,1,1,0,0,0,0,0,19,1,0,0,0
410420,1,1,0,0,0,0,0,0,0,0,0,0
410421,1,1,0,25,13,8,0,0,0,0,26,0
410422,0,1,0,0,0,0,0,0,0,0,0,0
410422,0,2,0,0,0,6,0,40,0,0,0,17
410422,1,1,25,0,0,4,13,10,14,0,0,0
410423,0,1,27,27,27,27,27,27,27,27,27,27
410423,1,1,0,0,0,0,0,0,0,0,0,0
410424,1,1,0,0,0,0,0,0,0,0,0,0
410424,2,1,0,12,0,3,0,7,0,0,0,4
410425,1,1,0,0,0,10,0,0,0,0,18,0
410426,1,1,0,0,0,0,0,0,0,0,0,0
410426,2,1,18,21,20,0,0,4,0,0,0,15
410426,3,1,0,0,0,0,0,0,0,0,25,0
410427,1,1,0,0,0,0,0,0,0,0,0,0
410428,1,1,19,19,19,19,19,19,19,19,19,19
410429,1,1,22,22,22,22,22,22,22,22,22,22
410430,0,1,33,33,33,33,33,33,33,33,33,33
410430,1,1,0,0,0,0,0,0,0,0,0,0
410430,2,1,0,0,0,0,0,0,0,0,0,0
410431,1,1,22,22,22,22,22,22,22,22,22,22
410432,1,1,0,0,0,0,0,0,0,0,0,0
410432,2,1,0,0,0,0,0,0,0,0,0,0
410433,0,1,0,0,0,0,22,0,19,28,0,0
410433,1,1,0,0,0,0,0,0,0,0,0,0
410434,0,1,26,0,0,0,0,0,0,0,0,0
410434,1,1,0,0,0,0,0,0,0,0,0,0
410435,1,1,7,7,7,7,7,7,7,7,7,7
410436,1,1,0,0,0,0,0,0,0,0,0,0
410436,2,1,0,0,0,0,0,0,0,0,0,0
410437,1,1,0,0,0,0,0,0,0,0,0,0
410438,1,1,23,17,0,19,6,0,0,12,0,0
410439,1,1,0,0,0,0,0,0,0,0,0,0
410439,2,1,0,0,0,10,0,0,0,0,0,0
410440,0,1,8,8,8,8,8,8,8,8,8,8
410440,1,1,0,0,0,0,0,0,0,0,11,0
410441,0,1,35,35,35,35,35,35,35,35,35,35
410441,1,1,6,6,6,6,6,6,6,6,6,6
410442,0,1,39,39,39,39,39,39,39,39,39,39
410442,1,1,0,0,0,0,0,0,0,0,0,0
410443,1,1,0,0,0,0,0,0,0,0,0,0
410443,2,1,0,0,0,0,0,0,0,0,0,0
410444,0,1,0,0,0,0,0,0,0,0,0,0
410444,1,1,0,0,21,22,0,19,9,15,0,0
410445,1,1,0,0,0,0,0,0,0,0,0,0
410445,2,1,14,0,0,0,0,0,0,0,0,0
410446,0,1,0,0,0,0,0,0,0,0,0,0
410446,1,1,0,0,0,0,0,0,0,0,0,0
410446,2,1,0,0,0,0,0,0,0,0,0,0
410446,3,1,0,0,0,0,0,0,0,0,0,0
410447,1,1,0,0,0,0,0,0,0,0,0,0
410447,2,1,0,0,0,0,0,0,0,0,0,0
410447,3,1,0,0,0,0,0,0,0,0,0,0
410448,1,1,0,0,0,0,0,0,0,0,0,0
410449,1,1,0,13,0,0,0,0,8,16,0,0
420001,1,1,0,0,0,0,0,0,0,0,0,0
420002,1,1,0,0,0,0,0,0,0,0,0,0
420003,0,1,22,23,22,0,0,0,0,18,30,0
420003,1,1,0,6,0,5,0,19,0,0,0,5
420004,1,1,20,20,20,20,20,20,20,20,20,20
420005,1,1,0,25,15,23,0,9,0,18,15,22
420006,1,1,18,18,18,18,18,18,18,18,18,18
420007,1,1,23,23,23,23,23,23,23,23,23,23
420007,2,1,0,0,0,0,0,0,0,0,0,0
420008,1,1,12,12,12,12,12,12,12,12,12,12
420008,2,1,0,0,0,0,11,0,0,0,0,0
420009,1,1,0,0,0,0,0,0,0,0,0,0
420009,2,1,0,0,0,0,0,0,0,0,0,0
420010,1,1,0,0,0,0,0,0,0,0,0,0
420010,2,1,0,0,0,0,0,0,0,0,0,0
420011,1,1,41,41,41,41,41,41,41,41,41,41
420011,2,1,0,0,0,0,0,0,0,0,0,0
420012,1,1,0,0,0,0,0,0,0,0,0,0
420013,1,1,0,0,0,0,0,0,0,0,0,0
420013,2,1,0,0,0,0,0,0,0,0,7,0
420014,0,1,0,0,0,0,0,0,0,0,0,0
420014,1,1,0,0,0,0,0,0,0,0,0,0
420015,0,1,0,0,0,0,0,0,0,0,0,0
420015,1,1,0,0,0,0,0,0,0,0,0,0
420016,1,1,10,10,10,10,10,10,10,10,10,10
420017,1,1,0,0,0,0,0,0,0,0,0,0
420017,2,1,0,0,0,15,0,0,0,0,0,0
420018,1,1,0,0,0,25,0,0,0,0,0,0
420018,2,1,0,21,0,0,0,0,0,0,0,0
420019,1,1,0,0,0,0,0,0,0,0,0,0
420019,2,1,0,0,0,0,0,0,0,0,0,0
420020,1,1,0,0,0,0,0,0,0,0,0,0
420020,2,1,0,0,0,0,0,0,0,0,0,0
420021,1,1,0,0,0,0,13,0,0,0,0,0
420022,1,1,0,0,0,0,0,0,0,0,0,7
420022,2,1,0,0,0,0,0,0,0,0,0,0
420023,1,1,0,0,0,0,0,0,0,0,0,0
420024,1,1,0,0,0,0,0,0,0,0,0,0
420024,2,1,0,0,0,0,0,7,0,0,0,0
420024,3,1,0,0,0,0,0,0,0,0,0,0
420025,0,1,30,30,30,30,30,30,30,30,30,30
420025,1,1,0,0,0,0,0,0,0,0,0,0
420026,0,1,0,0,0,0,0,0,0,0,0,0
420026,1,1,0,0,26,14,0,20,12,21,0,0
420027,0,1,0,0,0,0,0,0,0,0,0,0
420027,1,1,0,0,0,0,0,0,0,0,0,0
420028,1,1,15,15,15,15,15,15,15,15,15,15
420029,0,1,7,7,7,7,7,7,7,7,7,7
420029,1,1,0,0,0,0,0,0,0,0,0,0
420030,0,1,25,25,25,25,25,25,25,25,25,25
420030,1,1,0,0,0,0,0,0,0,0,0,0
420031,1,1,0,0,0,0,0,0,0,0,0,33
420032,0,1,0,21,10,19,15,0,13,0,0,0
420032,1,1,0,0,0,0,0,0,0,0,0,0
420033,1,1,0,0,0,0,0,0,0,0,0,0
420034,1,1,0,0,0,0,0,0,0,0,0,0
420035,0,1,0,0,0,0,33,25,0,16,19,0
420035,1,1,0,0,0,0,0,0,0,0,55,0
420036,0,1,5,5,5,5,5,5,5,5,5,5
420036,1,1,0,0,0,0,0,0,0,0,0,0
420037,0,1,0,0,0,0,0,0,0,0,0,0
420038,0,1,0,0,0,0,0,0,0,0,0,0
420038,1,1,13,22,14,15,14,20,4,0,3,12
420039,1,1,0,0,0,0,0,0,0,0,0,0
420040,1,1,0,0,0,0,0,0,0,0,0,0
420041,1,1,0,14,0,0,23,23,8,7,25,23
420042,1,1,0,0,0,0,18,0,0,0,0,0
420043,1,1,18,12,5,18,41,14,22,7,32,14
420044,1,1,0,0,0,0,0,0,0,0,0,0
420045,1,1,0,0,0,0,0,0,0,0,0,0
420046,1,1,0,0,0,0,0,0,0,0,0,0
420046,2,1,0,0,0,0,0,0,0,0,0,0
420046,3,1,0,0,0,0,0,0,0,0,0,0
420047,1,1,0,0,0,0,0,0,0,0,0,0
420048,1,1,0,0,0,0,0,0,0,0,0,0
420049,1,1,14,14,14,14,14,14,14,14,14,14
420049,2,1,0,13,0,0,0,15,0,0,0,0
420050,1,1,0,0,0,0,0,0,0,0,0,0
420050,2,1,22,22,22,22,22,22,22,22,22,22
420051,1,1,0,0,0,0,0,0,0,0,0,0
420051,2,1,0,0,0,0,0,0,0,0,0,0
420052,1,1,0,0,14,0,0,30,0,25,0,19
420052,2,1,0,0,0,0,0,0,0,0,0,0