ST_CASE,VEH_NO,PER_NO,P1,P2,P3,P4,P5,P6,P7,P8,P9,P10
420053,1,1,23,0,0,0,0,0,0,0,0,15
420054,1,1,15,15,15,15,15,15,15,15,15,15
420055,1,1,0,15,15,12,28,17,27,14,0,25
420055,2,1,20,0,0,0,0,0,0,0,0,0
420056,1,1,24,24,24,24,24,24,24,24,24,24
420057,1,1,0,0,0,20,0,0,11,0,0,0
420058,1,1,0,0,0,0,0,0,0,0,0,0
420059,0,1,0,0,0,0,0,0,0,0,0,0
420059,1,1,0,20,0,0,0,0,0,0,0,0
420060,1,1,0,0,0,0,0,0,4,0,0,0
420060,2,1,0,0,0,0,0,0,0,0,0,0
420061,0,1,0,0,0,0,0,0,0,0,0,0
420061,1,1,0,0,0,0,0,0,0,0,0,0
420062,1,1,0,0,0,0,0,0,0,0,0,0
420062,2,1,16,16,16,16,16,16,16,16,16,16
420063,1,1,0,0,0,0,0,0,0,0,0,0
420063,2,1,0,0,0,0,0,0,0,0,0,0
420064,1,1,0,0,0,0,0,0,0,0,0,0
420065,1,1,14,14,14,14,14,14,14,14,14,14
420066,0,1,32,32,32,32,32,32,32,32,32,32
420066,1,1,0,0,6,0,12,0,9,0,0,9
420067,1,1,9,9,9,9,9,9,9,9,9,9
420068,1,1,0,0,0,0,0,0,0,0,0,0
420068,2,1,3,3,3,3,3,3,3,3,3,3
420069,1,1,0,0,0,0,0,25,0,0,0,0
420070,0,1,0,0,0,0,0,4,0,0,0,0
420070,1,1,0,0,0,0,0,0,0,0,0,0
420071,0,1,0,0,0,0,0,0,0,0,0,0
420071,1,1,0,0,0,0,0,0,0,0,0,0
420072,0,1,0,14,38,0,0,19,0,0,0,0
420072,1,1,2,0,0,0,0,0,1,0,7,2
420073,0,1,0,0,0,0,0,0,0,0,0,0
420073,1,1,0,0,0,0,0,0,0,0,0,0
420074,1,1,0,0,0,0,0,0,0,0,0,0
420074,2,1,0,0,0,0,0,0,0,0,0,0
420075,1,1,16,0,0,3,0,0,0,0,30,10
420075,2,1,0,0,0,0,0,27,0,0,0,0
420076,1,1,0,0,0,0,0,0,0,0,0,0
420076,2,1,0,0,0,0,0,0,0,0,0,10
420077,1,1,20,20,20,20,20,20,20,20,20,20
420078,1,1,0,0,0,0,0,0,0,0,0,0
420078,2,1,0,5,0,0,0,0,0,0,0,0
420079,1,1,16,16,16,16,16,16,16,16,16,16
420079,2,1,0,0,0,0,0,0,0,0,0,0
420080,1,1,0,0,0,0,0,0,0,0,0,0
420080,2,1,0,0,0,0,0,0,14,0,0,0
420081,1,1,0,0,0,0,0,0,0,0,0,0
420081,2,1,0,0,0,0,0,0,0,0,0,0
420082,1,1,21,21,21,21,21,21,21,21,21,21
420083,0,1,25,25,25,25,25,25,25,25,25,25
420083,1,1,0,0,0,18,0,0,0,0,9,8
420084,0,1,0,14,27,0,0,36,9,28,0,0
420084,1,1,0,0,0,9,0,0,0,0,0,0
420085,1,1,22,22,22,22,22,22,22,22,22,22
420085,2,1,0,0,0,0,0,0,0,0,0,0
420086,1,1,0,0,0,0,0,0,0,0,0,0
420086,2,1,0,0,0,0,0,0,0,0,0,0
420087,2,1,0,0,0,0,0,0,0,0,0,0
420088,1,1,0,0,0,0,0,0,0,0,0,0
420088,2,1,0,0,0,0,0,0,0,0,0,0
420089,1,1,0,0,0,16,0,0,0,0,0,0
420089,2,1,0,0,0,17,0,0,0,0,0,0
420089,3,1,0,0,0,0,0,0,0,0,0,0
420090,1,1,0,0,0,0,0,0,0,0,0,0
420090,2,1,0,0,0,0,0,0,0,0,0,0
420091,1,1,0,0,0,0,16,0,0,0,0,0
420092,1,1,0,0,0,0,0,0,0,0,0,0
420092,2,1,0,0,0,0,0,0,0,0,0,0
420092,3,1,0,0,0,0,0,0,0,0,0,0
420093,0,1,7,7,7,7,7,7,7,7,7,7
420094,1,1,0,0,23,13,10,0,0,0,12,6
420094,2,1,26,13,26,23,0,0,22,16,0,27
420095,1,1,0,0,0,0,0,0,0,12,0,0
420096,1,1,0,0,0,0,0,0,0,0,0,0
420096,2,1,0,0,0,0,0,0,0,0,0,0
420097,0,1,0,0,0,0,0,0,0,0,0,0
420097,1,1,0,0,0,0,0,0,0,0,0,0
420098,0,1,0,11,37,0,26,0,0,7,0,14
420098,1,1,0,0,15,0,0,0,0,14,0,0
420099,0,1,0,0,16,0,0,0,0,0,0,0
420099,1,1,0,0,0,0,0,0,0,0,0,0
420100,1,1,0,0,0,0,23,0,0,0,0,0
420100,2,1,0,0,0,0,0,0,0,0,0,18
420100,3,1,0,0,0,20,0,0,0,0,0,0
420101,1,1,26,28,7,4,25,18,20,12,11,19
420102,1,1,0,0,0,0,0,0,0,0,0,0
420103,1,1,0,0,0,0,0,0,0,0,0,0
420104,1,1,12,12,12,12,12,12,12,12,12,12
420105,1,1,0,0,0,0,0,0,0,0,0,0
420106,1,1,0,0,0,0,0,0,0,0,0,0
420107,1,1,0,0,0,17,9,0,0,13,5,30
420108,1,1,28,26,20,33,9,19,14,31,28,14
420109,1,1,0,0,0,0,0,0,0,0,0,0
420110,1,1,0,0,0,0,0,0,0,0,0,0
420110,2,1,0,0,0,0,0,0,0,0,0,0
420110,3,1,0,0,0,0,0,0,0,0,0,0
420111,0,1,0,0,0,0,0,0,0,0,0,0
420111,1,1,0,0,0,0,0,0,0,0,0,0
420112,1,1,20,20,20,20,20,20,20,20,20,20
420113,1,1,16,16,16,16,16,16,16,16,16,16
420114,1,1,11,11,11,11,11,11,11,11,11,11
420115,1,1,0,0,0,0,0,0,0,0,0,0
420116,1,1,0,0,0,0,0,0,0,0,0,0
420116,2,1,0,0,0,0,0,0,0,0,0,0
420117,1,1,30,30,30,30,30,30,30,30,30,30
420117,2,1,0,0,0,0,0,0,0,0,0,0
420118,1,1,0,0,0,0,0,0,0,0,0,0
420118,2,2,0,0,0,0,0,0,0,0,0,0
420119,1,1,20,20,20,20,20,20,20,20,20,20
420120,1,1,0,0,0,0,0,0,0,0,0,0
420120,2,1,0,0,0,7,0,0,0,0,0,22
420121,1,1,0,0,0,0,0,0,0,0,0,0
420122,1,1,0,0,0,0,0,0,0,0,0,0
420123,1,1,0,0,0,0,0,0,0,0,0,0
420124,1,1,25,25,29,6,8,22,28,12,14,12
420124,2,1,0,0,0,0,0,0,0,0,0,0
420125,1,1,0,0,0,0,0,0,0,0,0,30
420126,0,1,0,0,0,0,0,0,0,0,0,0
420126,1,1,0,0,0,0,0,0,0,0,0,0
420127,1,1,0,0,0,0,0,0,7,0,0,0
420127,2,1,0,0,0,0,0,0,0,21,0,0
420127,3,1,0,0,0,0,0,0,0,0,0,0
420128,1,1,21,21,21,21,21,21,21,21,21,21
420129,1,1,18,0,0,13,0,0,0,0,0,20
420130,1,1,25,25,25,25,25,25,25,25,25,25
420130,2,1,0,0,0,0,0,0,0,0,0,0
420131,0,1,0,0,0,0,0,0,0,0,0,0
420131,1,1,0,0,0,0,0,0,0,0,0,17
420132,1,1,11,11,11,11,11,11,11,11,11,11
420133,1,1,0,0,10,0,0,0,0,0,20,0
420133,2,1,0,0,0,0,0,0,0,0,0,0
420134,1,1,0,0,0,0,0,0,0,0,0,0
420134,2,1,0,0,0,0,0,0,0,0,0,0
420135,1,1,0,0,0,0,0,0,0,0,0,0
420135,2,1,0,0,22,0,0,0,0,0,8,0
420136,0,1,0,0,0,0,0,0,0,0,0,0
420136,1,1,0,0,0,16,0,0,0,0,0,0
420137,0,1,0,0,0,0,0,0,0,0,0,0
420137,1,1,0,0,0,0,6,0,0,0,13,0
420137,2,1,0,7,18,0,0,0,0,0,0,0
420138,1,1,0,0,0,0,0,0,0,0,0,0
420138,2,1,0,0,0,0,0,0,0,0,0,0
420138,3,1,0,0,0,0,0,0,0,0,0,0
420139,1,1,0,0,0,0,0,0,0,0,0,0
420139,2,1,0,0,0,0,0,0,0,0,0,0
420140,1,1,30,7,24,29,3,22,15,12,25,27
420140,2,1,0,0,0,0,0,0,0,0,0,0
420141,0,1,0,10,0,0,0,0,0,0,0,0
420141,1,1,0,0,0,0,0,0,0,0,0,0
420142,1,1,0,0,0,0,0,0,0,0,0,0
420142,2,1,0,0,0,0,0,0,0,0,0,0
420142,3,1,0,0,0,0,0,0,0,0,0,0
420143,1,1,0,0,0,0,0,0,0,0,0,0
420144,1,1,22,5,14,9,8,10,15,20,11,11
420145,1,1,0,0,0,0,0,0,0,0,0,0
420146,1,1,0,0,0,0,0,0,0,0,0,0
420147,1,1,15,15,15,15,15,15,15,15,15,15
420148,1,1,15,15,13,16,15,7,4,16,15,12
420149,1,1,5,0,0,24,0,16,0,8,0,37
420150,0,1,0,0,0,0,0,0,0,0,0,0
420150,1,1,0,0,0,15,0,0,0,0,0,0
420151,1,1,0,0,0,0,0,0,0,0,0,0
420151,2,1,0,0,0,0,0,0,0,0,0,0
420152,1,1,11,15,6,25,21,26,16,12,17,16
420153,1,1,20,11,17,26,3,16,10,20,14,20
420154,1,1,0,0,0,0,0,0,0,0,0,0
420155,1,1,0,0,0,0,0,0,0,0,0,0
420156,1,1,0,9,0,0,10,0,0,0,0,0
420156,2,1,0,24,0,0,5,0,0,0,0,0
420156,3,1,0,0,0,0,0,0,0,0,0,0
420157,1,1,34,17,9,7,7,11,0,14,40,21
420157,2,1,0,0,0,0,0,0,0,0,0,0
420158,1,1,0,0,0,0,0,0,0,0,0,0
420159,1,1,12,12,12,12,12,12,12,12,12,12
420160,1,1,0,0,0,0,0,0,0,0,0,0
420161,1,1,0,0,0,0,0,0,0,0,0,0
420161,2,1,0,0,0,0,0,0,0,0,0,0
420162,1,1,0,0,0,0,0,0,0,0,0,0
420162,2,1,0,0,0,0,0,0,0,0,0,0
420163,1,1,0,0,0,0,0,0,0,0,0,0
420163,2,1,0,16,0,0,0,0,0,0,1,0
420164,1,1,11,11,11,11,11,11,11,11,11,11
420165,1,1,15,15,15,15,15,15,15,15,15,15
420166,1,1,0,0,0,0,0,0,0,0,0,0
420167,1,1,19,11,21,5,35,7,6,8,8,25
420167,2,1,0,0,0,0,0,0,0,0,0,0
420168,0,1,12,12,12,12,12,12,12,12,12,12
420168,1,1,0,0,0,0,0,0,0,0,0,0
420169,0,1,0,0,0,0,0,0,0,0,0,0
420169,1,1,0,0,0,21,9,0,0,0,0,0
420170,1,1,15,15,15,15,15,15,15,15,15,15
420171,1,1,17,0,0,0,0,0,0,0,0,0
420172,0,1,0,0,0,0,16,0,0,0,0,0
420172,2,1,0,0,0,0,0,0,0,0,0,0
420172,3,1,0,6,11,0,0,8,0,0,0,0
420173,1,1,0,0,0,0,0,0,0,0,0,0
420173,2,1,0,0,11,0,0,0,0,0,0,0
420174,0,1,9,9,9,9,9,9,9,9,9,9
420174,1,1,0,0,0,7,0,0,0,0,0,0
420174,2,1,0,0,0,0,0,0,0,0,0,0
420175,1,1,0,0,0,0,0,0,0,0,0,0
420176,1,1,26,0,0,0,0,0,0,0,8,0
420177,1,1,0,0,0,0,0,0,0,0,0,0
420178,1,1,0,0,0,0,0,0,0,0,0,0
420179,1,1,0,0,0,0,0,0,0,0,0,0
420180,0,1,0,0,0,0,0,0,0,0,0,0
420180,1,1,0,0,0,0,0,0,0,0,0,0
420180,2,1,0,0,0,0,0,0,0,0,0,0
420181,1,1,0,0,0,0,0,0,0,0,0,0
420182,1,1,16,16,16,16,16,16,16,16,16,16
420183,1,1,11,11,11,11,11,11,11,11,11,11
420184,1,1,0,12,0,0,0,0,14,0,0,0
420185,1,1,0,0,0,0,0,0,0,0,0,0
420186,1,1,0,0,0,0,0,35,0,0,0,0
420187,1,1,0,0,0,0,0,0,0,0,0,0
420188,1,1,0,0,0,0,0,0,0,0,0,0
420189,1,1,0,0,0,0,0,0,0,0,0,0
420189,2,1,0,0,0,0,0,0,14,0,0,0
420190,0,1,0,0,0,0,0,0,0,0,0,0
420190,1,1,0,0,0,0,0,0,0,0,0,0
420191,1,1,0,0,0,0,0,0,0,0,0,0
420192,1,1,30,30,30,30,30,30,30,30,30,30
420193,0,1,0,0,0,0,0,0,0,35,0,0
420193,1,1,0,0,0,0,0,0,0,0,9,0
420194,0,1,0,0,29,0,0,0,0,0,0,0
420194,1,1,0,0,0,0,23,0,10,0,0,7
420195,1,1,31,31,31,31,31,31,31,31,31,31
420196,1,1,24,15,12,11,27,21,23,11,19,27
420197,1,1,32,18,0,13,16,18,0,7,12,23
420198,1,1,0,0,0,0,0,0,0,0,14,0
420198,2,1,0,0,0,0,0,0,0,0,0,0
420199,1,1,15,15,15,15,15,15,15,15,15,15
420200,0,1,55,23,18,29,5,12,0,25,20,31
420200,1,1,18,0,0,0,20,0,0,17,0,0
420201,1,1,0,0,0,0,0,0,0,0,0,0
420202,0,1,0,0,0,0,0,0,0,0,0,0
420202,1,1,8,16,5,0,5,0,38,0,26,20
420203,0,1,0,0,0,0,21,0,0,0,0,0
420203,0,2,0,0,0,0,0,0,0,0,0,0
420203,0,3,0,0,0,0,0,0,0,0,15,0
420203,1,1,0,0,0,0,0,0,0,0,0,0
420204,1,1,0,0,0,0,16,21,16,0,0,0
420205,1,1,0,0,0,0,0,0,0,0,0,0
420206,1,1,0,0,0,0,0,0,0,0,0,0
420206,2,1,28,28,28,28,28,28,28,28,28,28
420207,0,1,0,0,0,0,0,0,0,0,0,0
420207,1,1,0,0,0,0,0,14,9,0,0,0
420208,1,1,3,9,19,14,25,16,14,23,6,16
420209,0,1,42,42,42,42,42,42,42,42,42,42
420209,1,1,0,0,0,0,0,0,0,0,0,0
420210,1,1,0,28,22,0,17,10,0,18,0,0
420210,2,1,0,0,0,0,0,0,0,0,0,0
420211,1,1,0,0,0,0,0,16,0,0,0,0
420211,2,1,0,0,0,0,0,0,0,0,0,0
420212,1,1,0,0,0,0,0,0,0,0,0,0
420212,2,1,0,0,0,0,0,0,0,0,17,0
420213,1,1,0,0,0,0,0,0,0,14,0,0
420213,2,1,0,0,0,0,0,0,0,0,0,0
420213,3,1,0,0,13,0,0,0,0,0,0,0
420214,1,1,0,0,0,0,0,0,0,0,0,0
420214,2,1,0,0,0,0,0,0,0,0,0,0
420215,1,1,7,28,17,9,6,9,0,23,7,13
420215,2,1,0,0,0,0,0,0,0,0,0,0
420216,1,1,0,0,0,0,0,0,0,0,0,0
420216,2,1,0,0,0,0,0,0,0,0,0,0
420217,1,1,11,0,0,0,7,0,0,0,0,0
420217,2,1,0,0,0,0,0,0,0,0,0,0
420218,1,1,0,0,0,0,8,0,0,0,0,0
420218,2,1,0,0,0,0,14,0,0,0,13,0
420219,1,1,0,0,0,0,0,0,0,0,22,0
420219,2,1,0,0,0,0,0,0,0,0,0,0
420220,1,1,0,0,0,0,0,0,0,0,0,0
420220,2,1,0,0,0,0,0,0,0,0,0,0
420221,0,1,0,0,0,0,0,0,0,0,0,0
420221,1,1,0,0,0,0,0,0,0,0,0,0
420222,1,1,0,0,0,0,0,0,0,0,0,0
420223,1,1,15,15,15,15,15,15,15,15,15,15
420224,1,1,0,0,0,0,0,0,0,0,0,0
420224,2,1,0,0,0,0,0,0,0,0,0,0
420225,1,1,9,9,9,9,9,9,9,9,9,9
420226,1,1,23,23,23,23,23,23,23,23,23,23
420227,1,1,0,0,0,11,8,0,0,12,10,0
420228,1,1,0,0,0,0,0,0,0,0,0,0
420229,1,1,0,0,0,0,0,0,0,0,0,0
420229,2,1,0,0,0,0,0,0,0,0,0,0
420230,1,1,0,0,0,0,0,0,0,0,0,0
420230,2,1,0,0,0,0,0,0,0,0,0,0
420231,1,1,0,0,0,0,0,0,0,0,0,0
420231,2,1,0,0,0,0,0,0,0,0,0,0
420232,1,1,6,4,0,21,17,0,0,11,0,14
420233,1,1,41,41,41,41,41,41,41,41,41,41
420234,1,1,0,0,0,0,0,0,0,0,0,4
420235,0,1,0,0,0,0,0,0,0,0,0,7
420235,1,1,0,0,0,0,0,0,0,0,0,0
420236,1,1,29,4,16,7,13,11,18,15,13,12
420237,1,1,0,0,0,0,0,0,22,0,5,0
420237,2,1,0,0,0,0,0,0,0,0,0,0
420238,1,1,0,0,0,0,0,0,0,0,0,0
420238,2,1,0,0,24,0,0,0,0,19,0,0
420239,1,1,0,0,0,0,0,0,0,3,0,0
420239,2,1,0,0,0,0,0,0,0,19,19,0
420239,3,1,1,1,1,1,1,1,1,1,1,1
420240,1,1,26,26,26,26,26,26,26,26,26,26
420241,1,1,0,0,0,0,0,0,0,0,0,0
420241,2,1,0,0,0,0,0,0,0,0,0,0
420242,1,1,0,0,0,0,0,0,0,0,0,0
420242,2,1,0,0,0,0,18,0,0,0,0,0
420243,1,1,0,0,0,0,0,0,0,0,0,0
420243,2,1,0,0,0,0,0,0,0,0,0,0
420244,1,1,0,0,0,0,4,0,0,0,0,0
420245,1,1,0,0,0,0,0,0,0,0,0,0
420246,1,1,0,0,0,0,0,0,0,0,0,0
420246,2,1,0,0,0,0,0,34,0,0,0,0
420247,1,1,0,0,0,0,0,0,0,0,0,0
420248,1,1,0,0,0,0,0,23,0,0,0,0
420249,1,1,17,17,17,17,17,17,17,17,17,17
420250,1,1,0,0,0,0,0,0,28,28,0,0
420251,1,1,22,22,22,22,22,22,22,22,22,22
420252,0,1,0,0,0,0,0,0,0,0,0,0
420252,1,1,17,0,0,8,5,0,0,6,0,0
420253,1,1,0,0,0,0,0,0,0,0,0,0
420253,2,1,11,11,11,11,11,11,11,11,11,11
420254,1,1,0,0,0,0,0,0,0,0,0,0
420255,1,1,0,0,0,0,0,0,0,0,0,0
420255,2,1,0,0,0,0,0,0,0,0,0,0
420256,1,1,0,13,0,0,4,0,0,0,0,6
420256,2,1,0,0,0,0,0,0,0,0,0,0
420257,1,1,13,26,19,7,10,17,10,15,19,12
420258,1,1,0,0,0,0,0,0,0,0,0,0
420258,2,1,0,0,0,0,15,11,0,0,0,0
420259,1,1,9,9,9,9,9,9,9,9,9,9
420260,1,1,0,0,0,0,0,0,0,0,0,0
420261,1,1,8,7,0,0,13,0,0,0,0,0
420262,1,1,18,11,9,17,6,14,8,17,28,18
420263,0,1,0,0,0,0,0,0,0,0,0,0
420263,1,1,0,0,0,0,0,0,0,0,0,0
420265,1,1,8,16,8,10,19,11,15,2,21,36
420266,1,1,0,0,0,0,0,0,0,0,0,0
420267,1,1,18,18,18,18,18,18,18,18,18,18
420268,1,1,0,0,0,0,0,0,0,0,0,0
420268,2,1,0,0,0,0,0,0,0,0,0,0
420269,1,1,0,0,0,0,0,0,0,0,0,0
420270,1,1,0,0,0,0,0,0,0,0,0,0
420271,1,1,14,12,21,22,25,11,12,21,9,24
420272,1,1,23,23,23,23,23,23,23,23,23,23
420273,1,1,15,15,15,15,15,15,15,15,15,15
420274,1,1,12,0,18,0,19,0,5,31,0,0
420274,2,1,0,0,0,0,0,0,0,0,0,0
420275,0,1,0,0,0,0,0,0,0,0,0,0
420275,1,1,0,0,0,0,0,0,0,0,0,0
420276,1,1,18,18,18,18,18,18,18,18,18,18
420277,1,1,0,0,0,0,0,0,0,0,0,0
420278,1,1,16,16,16,16,16,16,16,16,16,16
420279,0,1,14,14,28,14,10,14,10,0,34,19
420279,1,1,0,13,28,28,0,19,17,5,6,7
420280,1,1,0,0,0,0,0,0,0,0,0,0
420280,2,1,0,0,0,0,6,0,0,0,0,0
420281,1,1,0,0,0,0,0,0,0,0,0,0
420281,2,1,0,0,0,0,0,0,0,0,0,0
420282,1,1,23,23,23,23,23,23,23,23,23,23
420283,1,1,16,16,16,16,16,16,16,16,16,16
420284,1,1,0,0,0,0,0,0,24,0,23,7
420284,2,1,0,0,0,0,0,0,0,0,0,0
420285,1,1,0,0,0,0,0,0,0,0,0,0
420285,2,1,0,0,0,0,0,0,0,0,0,0
420286,1,1,0,0,0,0,0,0,0,0,0,0
420286,2,1,19,0,0,0,0,0,0,0,0,0
420287,1,1,3,10,31,22,25,8,6,21,15,6
420288,1,1,30,19,13,8,14,51,6,11,21,10
420289,1,1,0,0,0,0,0,0,0,0,0,0
420290,1,1,10,10,10,10,10,10,10,10,10,10
420291,1,1,30,30,30,30,30,30,30,30,30,30
420292,0,1,0,0,0,0,0,0,0,0,0,0
420292,1,1,11,11,11,11,11,11,11,11,11,11
420292,3,1,0,0,0,0,0,0,0,0,0,0
420292,4,1,0,0,0,17,20,0,0,8,0,0
420293,1,1,0,0,0,0,0,0,0,0,29,13
420295,0,1,0,0,0,0,0,0,0,0,0,0
420295,1,1,0,0,0,0,0,0,0,0,0,0
420296,1,1,0,0,0,0,0,0,0,16,0,0
420297,0,1,0,0,0,0,0,0,0,0,0,0
420297,1,1,0,0,0,0,0,0,10,0,0,0
420298,0,1,0,0,0,0,0,0,0,0,0,0
420298,1,1,0,0,0,0,0,0,0,0,0,0
420299,1,1,22,18,17,24,16,20,25,23,16,20
420300,0,1,0,0,0,0,0,0,0,0,0,0
420300,1,1,0,0,0,6,11,0,0,0,0,0
420301,0,1,37,37,37,37,37,37,37,37,37,37
420301,1,1,0,0,0,0,0,0,0,0,0,0
420302,0,1,1,1,1,1,1,1,1,1,1,1
420302,1,1,1,1,1,1,1,1,1,1,1,1
420303,1,1,0,11,0,29,30,0,0,22,1,11
420303,2,1,0,5,0,0,0,0,0,22,0,19
420304,1,1,0,0,0,0,0,0,0,0,0,0
420304,2,1,0,0,0,0,0,0,0,0,0,0
420305,1,1,2,10,0,2,11,16,30,7,23,8
420306,1,1,0,0,0,0,0,28,0,0,0,0
420307,1,1,0,0,9,0,15,0,11,26,21,27
420308,1,1,0,0,0,0,0,0,9,0,0,0
420308,2,1,0,0,0,0,0,0,0,0,0,0
420309,1,1,32,25,27,15,7,0,20,21,0,25
420309,2,1,0,0,0,0,0,0,0,0,0,0
420310,1,1,0,0,0,0,0,0,0,0,0,0
420310,2,1,0,0,0,0,0,0,0,0,0,0
420311,1,1,0,0,0,0,0,0,0,0,0,0
420311,2,1,0,0,0,0,0,0,0,0,0,0
420312,1,1,0,0,0,0,0,0,0,0,16,0
420313,1,1,0,0,0,0,0,0,0,0,0,0
420313,2,1,0,0,16,0,0,18,0,0,0,0
420313,3,1,0,0,0,0,0,0,0,0,0,0
420314,1,1,9,0,0,0,0,0,0,0,0,0
420315,1,1,0,11,35,23,22,21,0,13,12,20
420316,1,1,0,0,0,0,0,0,0,0,0,0
420317,1,1,0,0,0,0,9,0,0,0,0,0
420318,1,1,2,2,2,2,2,2,2,2,2,2
420319,0,1,0,0,0,0,0,0,0,0,0,0
420319,1,1,0,0,0,0,0,0,0,0,0,0
420320,0,1,0,0,0,0,0,0,0,0,0,0
420320,1,1,5,5,5,5,5,5,5,5,5,5
420320,2,1,0,0,0,0,0,0,22,0,0,0
420321,1,1,0,0,0,0,0,0,0,16,5,0
420321,2,1,0,0,0,0,0,0,0,0,0,0
420322,1,1,0,0,0,0,0,0,0,0,0,0
420322,2,1,0,0,0,0,0,0,0,0,0,0
420322,3,1,0,11,0,0,0,0,23,0,0,0
420322,4,1,0,0,0,0,0,0,0,0,0,0
420323,1,1,0,0,0,0,0,0,0,0,0,0
420323,2,1,0,0,0,0,0,0,0,0,0,0
420324,1,1,0,11,3,33,0,8,0,32,0,0
420324,2,1,30,0,0,0,0,0,0,31,0,0
420324,3,1,0,0,0,0,0,0,0,0,0,0
420325,1,1,0,0,0,0,0,0,0,0,0,0
420326,1,1,0,0,0,0,0,0,0,0,0,0
420326,2,1,0,0,0,0,0,0,0,0,0,0
420327,1,1,0,0,0,0,0,0,0,0,0,0
420327,2,1,0,0,0,0,0,0,0,0,0,0
420327,3,1,0,0,11,0,0,0,0,0,0,0
420328,1,1,22,44,15,16,21,6,29,19,11,20
420329,1,1,0,0,0,0,0,0,0,0,0,0
420330,1,1,19,19,19,19,19,19,19,19,19,19
420330,2,1,0,0,0,0,0,0,0,0,0,0
420331,1,1,0,0,0,0,0,0,0,0,0,9
420331,2,1,0,0,0,0,0,0,0,0,0,0
420332,1,1,14,0,0,0,0,14,16,0,0,0
420333,1,1,0,0,0,0,0,0,0,0,0,0
420334,0,1,0,0,0,0,0,0,0,0,0,0
420334,1,1,0,0,0,0,0,0,0,0,20,0
420335,1,1,0,0,0,0,0,0,0,0,0,0
420335,2,1,0,0,0,0,0,0,0,0,0,0
420336,1,1,5,5,5,5,5,5,5,5,5,5
420336,2,1,0,0,0,0,0,0,23,0,0,0
420337,1,1,0,0,0,0,0,0,0,0,0,0
420337,2,1,0,0,0,0,0,0,0,0,0,0
420338,1,1,29,12,32,34,21,24,27,25,15,20
420339,1,1,0,0,0,0,0,0,0,0,0,0
420339,2,1,24,7,22,15,8,30,11,15,0,13
420340,1,1,0,0,0,0,0,0,0,0,0,0
420340,2,1,0,0,0,24,10,0,0,0,0,0
420341,1,1,0,0,0,0,0,0,0,0,0,0
420342,1,2,0,0,19,0,0,0,0,0,0,0
420343,1,1,0,0,0,0,0,0,0,0,0,0
420343,2,1,0,0,0,0,0,0,0,0,0,0
420344,1,1,10,10,10,10,10,10,10,10,10,10
420345,1,1,0,0,0,0,0,0,0,0,0,0
420346,1,1,15,15,15,15,15,15,15,15,15,15
420347,1,1,0,0,0,0,10,11,0,0,0,0
420348,1,1,14,0,0,0,0,0,0,0,15,0
420349,0,1,0,0,0,0,0,0,0,0,0,0
420349,1,1,0,0,0,0,0,0,0,0,0,0
420350,1,1,13,13,13,13,13,13,13,13,13,13
420351,1,1,5,27,0,13,21,15,22,17,13,24
420352,1,1,0,5,0,0,0,0,0,0,0,0
420353,1,1,0,15,13,0,0,0,0,0,19,19
420354,1,1,24,0,0,0,0,0,0,0,0,0
420355,1,1,15,0,15,0,20,0,0,18,0,0
420356,1,1,0,0,0,0,0,0,0,0,0,0
420357,0,1,31,31,31,31,31,31,31,31,31,31
420357,1,1,10,10,23,12,0,9,11,3,12,11
420358,0,1,52,27,20,48,28,17,23,13,25,15
420358,1,1,14,0,0,0,0,0,0,0,0,0
420358,2,1,0,0,0,0,0,0,0,0,0,0
420359,1,1,0,0,0,0,0,0,0,0,0,0
420360,1,1,0,0,0,0,0,13,0,11,0,0
420360,2,1,0,0,0,0,0,0,0,0,0,0
420361,1,1,0,0,0,0,0,0,0,0,0,0
420362,1,1,0,0,0,0,17,0,0,0,0,0
420362,2,1,0,0,0,0,0,0,0,0,0,0
420363,1,1,0,0,0,0,0,0,0,0,0,0
420363,2,2,0,0,0,0,0,0,0,0,0,0
420364,1,1,24,18,35,11,28,12,28,23,8,26
420365,1,1,0,0,0,0,0,0,0,0,0,0
420365,2,1,0,0,0,0,0,0,0,0,0,0
420366,1,1,0,0,0,0,0,0,0,12,19,0
420366,2,1,0,0,0,0,0,0,0,0,0,0
420367,1,1,0,0,0,0,0,0,0,0,0,0
420367,2,1,0,0,0,0,0,0,0,0,0,0
420368,1,1,0,0,0,0,0,0,0,0,0,0
420368,2,1,0,0,0,0,0,0,0,0,0,0
420369,1,1,8,7,20,16,7,14,17,17,9,22
420369,2,1,0,23,0,0,0,0,0,10,0,0
420370,1,1,6,0,0,0,16,0,14,0,0,0
420370,2,1,0,0,0,0,0,0,0,0,0,0
420371,1,1,0,0,0,0,0,0,0,0,0,0
420371,2,1,0,0,0,0,0,0,0,0,0,0
420372,1,1,0,31,0,27,0,0,0,0,0,29
420372,2,1,0,0,0,7,0,0,0,18,26,12
420373,1,1,0,0,0,0,0,0,0,0,0,0
420373,2,1,19,0,0,0,0,0,0,0,0,0
420374,1,1,0,0,0,0,10,0,0,0,0,7
420374,2,1,0,0,0,0,0,0,0,0,0,0
420375,1,1,0,24,0,6,11,0,29,0,0,0
420375,2,1,0,0,0,0,0,0,0,0,0,0