ST_CASE,VEH_NO,PER_NO,P1,P2,P3,P4,P5,P6,P7,P8,P9,P10
420376,0,1,0,0,0,0,0,0,0,0,0,0
420376,1,1,7,0,0,0,0,0,0,0,0,0
420377,1,1,0,0,0,0,0,0,0,0,0,0
420377,2,1,0,0,0,0,0,0,0,0,0,0
420378,1,1,0,0,0,0,0,0,0,0,0,0
420378,2,1,0,0,0,0,0,0,0,0,0,0
420379,1,1,12,18,20,19,19,14,16,6,27,3
420380,1,1,0,9,0,0,0,24,0,0,0,0
420380,2,1,0,0,0,0,0,0,0,0,0,0
420380,3,1,0,0,0,0,0,0,0,0,0,0
420381,1,1,0,0,0,0,0,0,0,0,0,0
420382,1,1,10,0,0,0,0,0,0,0,0,0
420383,0,1,0,0,0,0,0,0,0,0,0,0
420383,1,1,0,0,0,0,0,0,19,0,0,0
420384,1,1,0,0,0,0,14,0,0,0,0,0
420384,2,1,0,0,0,0,0,0,0,0,0,0
420385,1,1,15,0,0,0,0,8,0,0,0,14
420386,1,1,0,0,0,0,0,0,0,0,0,0
420386,2,1,0,0,0,0,0,0,0,0,0,0
420386,3,1,0,0,0,0,0,0,7,0,0,0
420387,1,1,0,0,0,0,0,0,0,0,0,0
420387,2,1,0,0,0,0,0,0,0,0,0,0
420388,0,1,0,0,0,0,0,0,0,0,0,0
420388,1,1,0,0,10,37,0,0,17,0,0,11
420389,1,1,34,34,34,34,34,34,34,34,34,34
420390,1,1,0,0,0,0,0,0,0,0,0,0
420391,1,1,0,0,0,0,0,0,0,0,0,0
420392,1,1,6,0,14,0,32,6,0,34,18,0
420393,0,1,0,0,0,18,11,7,0,20,0,0
420393,1,1,6,19,0,5,3,0,20,7,7,11
420394,1,1,18,18,18,18,18,18,18,18,18,18
420395,1,1,0,0,0,0,0,0,0,0,0,0
420395,2,1,0,0,0,0,0,0,0,0,0,0
420395,3,1,0,0,0,0,0,0,0,0,0,0
420395,4,1,0,0,0,0,0,0,0,0,0,0
420396,1,1,0,0,0,0,0,0,0,0,0,0
420396,2,1,8,8,8,8,8,8,8,8,8,8
420397,0,1,16,16,16,16,16,16,16,16,16,16
420397,1,1,0,0,0,0,0,0,0,0,0,0
420398,1,1,0,0,0,0,0,0,0,0,0,0
420398,2,1,0,0,0,0,0,0,0,0,0,0
420399,1,1,13,28,2,25,19,15,0,18,29,27
420399,2,1,18,16,0,0,0,0,31,19,12,0
420399,3,1,12,0,24,18,8,11,4,4,16,4
420400,1,1,0,0,0,0,0,0,0,0,0,28
420401,1,1,0,0,0,0,0,0,0,0,0,0
420401,2,2,0,0,0,0,0,0,0,0,0,0
420402,1,1,0,0,0,0,0,0,0,0,0,0
420402,2,1,0,0,0,0,0,0,0,0,0,19
420403,1,1,0,39,0,0,16,0,32,0,0,4
420404,1,1,0,0,0,0,0,0,0,0,0,0
420405,1,1,8,8,8,8,8,8,8,8,8,8
420406,1,1,9,9,9,9,9,9,9,9,9,9
420407,1,1,0,0,0,0,0,0,0,0,0,0
420408,1,1,0,0,0,0,0,0,0,0,0,0
420409,1,1,0,0,0,0,0,0,0,0,0,0
420409,2,1,0,0,0,0,0,0,0,0,0,0
420410,1,1,2,0,8,0,0,0,0,0,0,0
420411,1,1,0,27,0,0,14,17,0,0,0,26
420412,1,1,0,0,0,0,0,0,0,0,0,0
420412,2,1,0,0,0,0,0,0,0,0,0,0
420413,1,1,0,0,0,0,0,0,0,0,0,0
420414,0,1,0,25,0,0,33,0,0,2,0,36
420414,1,1,0,0,0,0,0,0,9,0,0,0
420415,0,1,0,0,0,0,0,0,0,0,0,0
420415,1,1,0,0,0,12,0,0,0,0,0,0
420416,1,1,0,0,0,0,0,0,0,0,0,0
420416,2,1,0,0,0,0,0,0,0,0,0,0
420416,3,1,0,0,0,0,0,0,0,0,0,8
420416,4,1,0,0,28,0,0,0,0,20,0,0
420417,1,1,19,19,19,19,19,19,19,19,19,19
420418,1,1,0,0,0,0,15,0,13,0,0,0
420419,1,1,0,0,0,0,0,0,0,0,0,0
420419,2,1,0,0,0,0,0,0,0,0,0,0
420420,1,1,0,0,0,0,0,0,0,0,0,0
420420,2,1,0,0,0,0,0,0,0,0,0,0
420421,1,1,20,20,20,20,20,20,20,20,20,20
420422,1,1,19,4,0,11,10,12,0,19,0,5
420422,2,1,0,0,0,0,0,0,0,0,0,0
420423,1,1,0,0,0,0,0,0,0,0,0,0
420423,2,1,0,0,0,0,0,0,0,0,0,0
420424,1,1,0,0,0,0,0,0,0,0,0,0
420424,2,1,0,0,0,0,0,0,0,0,0,0
420424,3,1,0,0,0,0,0,0,0,0,0,0
420425,0,1,0,0,22,0,0,0,0,0,0,0
420425,1,1,25,21,6,17,11,17,6,0,8,0
420425,2,1,0,0,0,0,0,0,0,0,0,0
420426,1,1,14,14,14,14,14,14,14,14,14,14
420427,1,3,19,19,19,19,19,19,19,19,19,19
420428,1,1,0,0,0,0,0,0,0,0,0,0
420429,1,1,0,0,0,0,0,12,0,0,0,0
420430,1,1,19,0,0,29,0,0,15,0,34,0
420430,2,1,0,0,0,0,0,0,0,0,0,0
420431,0,1,0,0,0,11,0,0,0,0,0,0
420431,1,1,0,0,0,0,0,0,0,0,0,0
420431,2,1,0,0,0,0,0,0,0,0,0,0
420432,1,1,0,0,0,0,0,0,0,0,0,0
420433,1,1,0,0,0,0,0,0,0,0,0,0
420433,2,1,0,0,0,0,0,0,0,0,0,0
420434,1,1,0,0,0,11,0,0,0,0,0,0
420435,1,1,0,0,0,0,0,0,0,0,0,0
420436,1,1,0,0,0,0,0,0,0,0,0,0
420437,1,1,0,0,0,0,0,0,0,0,0,0
420438,1,1,0,0,0,0,0,0,0,0,0,0
420439,1,1,0,0,0,0,0,0,0,0,0,0
420440,1,1,24,24,24,24,24,24,24,24,24,24
420441,0,1,22,22,22,22,22,22,22,22,22,22
420441,1,1,0,0,0,0,0,0,0,0,0,0
420442,0,1,0,0,0,0,0,0,0,0,0,0
420442,1,1,10,31,37,27,10,28,9,21,8,14
420443,0,1,0,9,0,23,22,0,23,27,0,0
420443,1,1,0,11,7,0,19,0,25,16,6,0
420444,1,1,0,0,0,0,0,0,0,0,0,0
420445,1,1,0,0,0,0,0,0,0,0,0,0
420446,0,1,0,0,0,0,0,0,0,0,0,0
420446,1,1,0,6,10,12,24,0,3,14,13,5
420447,0,1,0,0,0,0,0,0,0,0,0,0
420447,1,1,13,6,0,0,17,0,19,0,0,0
420448,1,1,24,24,24,24,24,24,24,24,24,24
420449,1,1,11,5,18,13,24,27,28,37,0,16
420449,2,1,18,14,20,20,18,8,17,19,18,2
420450,1,1,22,22,22,22,22,22,22,22,22,22
420451,1,1,0,0,0,0,0,0,0,0,0,0
420451,2,1,0,0,0,0,0,0,0,0,0,0
420452,1,1,0,0,0,0,0,0,0,0,0,0
420452,2,1,0,0,0,15,0,0,0,0,0,0
420453,1,1,0,0,0,0,0,0,0,0,0,0
420453,2,1,0,0,0,0,0,0,0,0,0,0
420454,1,1,17,17,17,17,17,17,17,17,17,17
420454,2,1,1,1,1,1,1,1,1,1,1,1
420455,1,1,0,0,0,0,25,0,0,25,0,0
420456,1,1,0,0,0,12,5,0,0,0,0,0
420456,2,1,0,0,0,20,16,0,0,0,25,0
420456,3,1,29,0,20,5,0,0,0,0,19,0
420457,0,1,0,0,0,0,0,0,0,0,0,0
420457,1,1,0,0,0,0,0,0,0,0,0,0
420458,0,1,15,35,24,34,24,30,13,20,10,7
420458,1,1,14,11,0,18,0,0,0,0,0,0
420459,0,1,0,0,0,0,0,0,0,0,0,0
420459,1,1,0,0,0,0,0,0,0,0,0,0
420460,0,1,24,24,24,24,24,24,24,24,24,24
420460,1,1,0,0,0,0,0,0,0,0,0,0
420461,1,1,0,0,0,0,0,0,0,0,0,0
420461,2,1,0,0,0,0,0,19,0,0,0,0
420462,1,1,0,0,0,0,0,0,0,0,0,0
420463,1,1,0,0,0,0,0,0,0,0,0,0
420463,2,1,0,0,0,0,0,0,0,0,0,0
420464,1,1,0,0,0,0,0,0,0,0,0,0
420464,2,1,15,13,14,6,15,12,6,15,6,21
420465,1,1,0,0,0,0,0,0,0,0,0,0
420465,2,1,0,0,0,0,0,0,0,0,0,0
420466,1,1,24,24,24,24,24,24,24,24,24,24
420467,1,1,2,2,2,2,2,2,2,2,2,2
420468,1,1,14,14,14,14,14,14,14,14,14,14
420469,1,1,25,25,25,25,25,25,25,25,25,25
420470,1,1,9,11,16,10,7,5,14,0,19,19
420471,0,1,0,0,0,0,0,0,0,0,0,22
420471,0,2,0,0,5,0,0,0,0,0,0,0
420471,0,3,0,0,0,17,0,0,0,0,23,0
420471,1,1,0,0,0,0,0,0,0,0,0,0
420472,1,1,0,0,0,0,0,0,0,0,0,0
420473,1,1,0,0,0,0,0,0,0,0,4,0
420473,2,1,0,0,0,0,0,0,0,0,0,0
420474,1,1,6,0,0,0,0,0,0,0,0,0
420474,2,1,0,0,0,0,0,0,0,0,21,0
420475,1,1,0,0,0,0,0,0,0,0,0,0
420475,2,1,0,0,0,0,0,0,0,0,0,0
420476,1,1,0,0,0,0,0,0,0,11,0,0
420477,0,1,0,0,0,0,0,0,0,0,0,0
420477,1,1,11,7,0,0,0,18,0,6,11,0
420478,0,1,0,0,0,0,0,0,0,0,16,23
420478,1,1,0,0,0,0,0,0,0,0,0,19
420479,0,1,0,0,0,0,0,0,0,0,0,0
420479,1,1,0,0,4,0,0,8,0,22,16,0
420480,1,1,17,17,17,17,17,17,17,17,17,17
420481,1,1,0,0,0,0,0,0,0,20,0,23
420481,2,1,0,0,0,0,0,0,0,0,0,0
420482,1,1,0,0,0,0,0,0,0,0,0,0
420482,2,1,0,0,0,0,0,0,0,0,0,0
420483,0,1,0,21,0,0,21,0,0,0,30,27
420483,0,2,0,0,0,0,0,0,0,0,0,0
420483,0,3,0,0,0,0,0,0,0,0,0,0
420483,1,1,0,17,0,6,25,17,0,0,0,0
420483,2,1,0,0,0,0,14,0,0,22,0,0
420484,0,1,9,9,9,9,9,9,9,9,9,9
420484,1,1,4,19,10,9,7,11,10,3,11,6
420485,1,1,22,22,22,22,22,22,22,22,22,22
420486,1,1,7,0,0,8,27,23,0,16,5,0
420486,2,1,0,0,0,0,0,0,0,0,0,0
420487,1,1,0,0,0,0,0,0,0,0,0,0
420487,2,1,0,0,0,0,0,0,0,0,0,0
420488,1,1,0,0,0,0,0,11,0,0,0,0
420488,2,1,0,0,8,0,0,0,0,0,0,0
420489,1,1,3,0,0,0,0,0,0,0,0,0
420490,1,1,8,8,8,8,8,8,8,8,8,8
420490,2,1,0,18,0,0,0,0,0,0,0,0
420491,1,1,0,0,0,0,0,0,0,0,0,0
420491,2,1,0,0,0,0,0,0,0,0,0,0
420492,1,1,0,0,0,0,0,0,0,0,0,0
420492,2,1,0,0,0,0,0,0,0,0,0,0
420493,1,1,22,22,22,22,22,22,22,22,22,22
420494,1,1,13,13,13,13,13,13,13,13,13,13
420495,1,1,0,0,0,0,0,0,0,0,0,0
420496,1,1,0,0,0,0,0,0,0,0,0,0
420496,2,1,0,0,0,0,0,0,0,0,0,0
420497,1,1,0,0,0,0,0,0,0,0,0,0
420497,2,1,0,0,0,0,0,0,0,0,0,0
420498,1,1,0,0,0,0,17,0,0,0,0,0
420498,2,1,28,0,7,0,0,0,0,0,0,0
420499,1,1,20,20,20,20,20,20,20,20,20,20
420500,1,1,0,0,0,0,0,0,0,0,0,0
420500,2,1,0,0,6,0,0,0,0,0,0,0
420501,1,1,20,20,20,20,20,20,20,20,20,20
420502,1,1,2,0,2,0,0,11,0,0,0,0
420503,1,1,0,0,0,0,0,0,0,0,0,0
420504,1,1,0,0,0,0,0,0,11,0,0,7
420505,1,1,0,0,0,0,0,0,0,0,0,0
420505,2,1,0,0,0,0,2,0,0,0,0,0
420506,1,1,17,17,17,17,17,17,17,17,17,17
420506,2,1,0,0,0,0,0,0,0,0,0,0
420506,3,1,0,0,0,0,0,0,0,0,0,0
420506,4,1,0,0,0,0,0,0,0,0,0,0
420506,5,1,0,0,0,0,0,0,0,0,0,0
420507,1,1,0,0,0,0,0,0,0,0,0,0
420507,2,1,0,0,0,0,0,0,0,0,0,0
420508,0,1,0,0,0,0,0,0,0,0,0,0
420508,1,1,0,13,10,7,30,15,6,0,0,0
420509,1,1,18,18,18,18,18,18,18,18,18,18
420510,1,1,0,0,0,0,0,0,0,0,0,0
420511,1,1,0,0,0,0,0,0,0,0,0,0
420511,2,1,0,0,0,0,0,0,0,0,0,0
420512,1,1,0,0,0,0,0,0,0,0,0,0
420512,2,1,0,0,0,0,0,0,0,0,0,0
420513,1,1,24,0,0,0,0,0,0,0,0,0
420513,2,1,0,36,0,0,0,0,0,13,0,0
420514,1,1,0,0,0,0,0,0,0,0,0,0
420514,2,1,0,0,0,0,0,0,0,0,0,0
420515,1,1,0,0,0,0,6,0,0,0,0,0
420515,2,1,0,0,0,0,0,0,0,0,0,0
420516,1,1,0,0,0,0,0,0,0,0,0,0
420517,1,1,0,0,0,0,0,0,0,0,0,0
420518,1,1,0,0,0,0,0,0,0,0,0,0
420519,1,1,1,1,1,1,1,1,1,1,1,1
420520,1,1,21,21,21,21,21,21,21,21,21,21
420521,1,1,0,0,0,0,0,0,0,0,0,0
420522,1,1,18,18,18,18,18,18,18,18,18,18
420523,0,1,0,0,0,0,0,0,11,0,0,0
420523,1,1,0,0,0,23,0,0,0,0,0,0
420524,0,1,6,6,6,6,6,6,6,6,6,6
420524,0,2,0,0,0,0,0,0,0,0,0,21
420524,1,1,0,0,0,0,0,0,0,0,0,0
420525,1,1,0,0,0,0,0,0,0,0,0,0
420525,2,1,0,19,23,0,0,0,12,0,0,0
420526,1,1,0,0,0,0,0,0,0,0,0,0
420526,2,1,0,0,0,0,0,0,0,0,0,0
420527,1,1,0,0,0,0,0,0,0,0,0,0
420527,2,1,0,0,0,0,0,0,0,0,0,0
420527,3,1,0,19,0,0,0,0,0,0,0,0
420528,1,1,0,0,0,0,0,0,0,0,0,0
420529,1,1,0,0,0,11,0,18,16,0,0,0
420530,1,1,9,7,0,0,0,0,0,19,22,0
420531,1,1,0,0,0,0,0,0,0,0,0,0
420532,0,1,35,0,0,0,0,0,0,0,0,0
420532,1,1,21,25,0,4,11,9,33,16,13,9
420533,1,1,0,11,0,0,0,9,0,10,5,0
420533,2,1,0,0,0,0,0,17,0,6,0,6
420534,0,1,0,50,21,0,0,0,0,27,0,7
420534,1,1,0,0,0,0,0,0,0,0,10,0
420535,1,1,19,19,19,19,19,19,19,19,19,19
420535,2,1,19,20,20,16,17,8,18,20,0,12
420536,1,1,0,0,0,0,0,0,0,0,0,0
420536,2,1,16,0,0,0,14,33,10,0,16,0
420536,3,1,0,0,17,0,20,0,0,0,0,0
420537,1,1,0,0,0,0,0,0,0,0,0,0
420537,2,1,0,0,0,0,0,0,0,0,0,0
420538,1,1,0,0,0,0,0,0,0,0,0,0
420539,1,1,24,24,24,24,24,24,24,24,24,24
420540,1,1,0,0,0,0,0,0,0,0,26,0
420540,2,1,0,0,0,0,0,0,0,0,0,0
420541,1,1,31,31,31,31,31,31,31,31,31,31
420541,2,1,0,0,0,0,0,0,0,0,0,0
420542,1,1,12,17,20,12,21,20,13,20,17,24
420543,1,1,30,30,30,30,30,30,30,30,30,30
420543,2,1,0,0,0,0,0,0,7,0,0,0
420544,1,1,0,0,14,0,0,0,0,15,0,0
420545,1,1,0,0,0,0,0,11,0,0,0,0
420545,2,1,0,0,0,0,0,0,0,11,0,4
420546,1,1,17,7,12,0,0,9,17,0,0,0
420547,1,1,23,14,22,3,3,9,25,11,12,12
420548,1,1,19,19,19,19,19,19,19,19,19,19
420549,1,1,0,0,0,0,0,0,0,0,0,0
420550,0,1,0,0,0,0,0,0,0,0,0,0
420550,1,1,0,0,0,0,0,0,0,0,0,0
420551,1,1,18,18,18,18,18,18,18,18,18,18
420551,2,1,0,0,13,19,0,0,0,0,0,0
420552,1,1,0,0,0,0,0,0,0,0,0,0
420553,1,1,0,0,0,0,7,0,0,0,0,0
420553,2,1,0,0,0,0,0,0,0,0,0,0
420554,1,1,14,14,14,14,14,14,14,14,14,14
420555,1,1,0,0,0,0,0,0,0,0,0,0
420556,1,1,4,0,0,24,0,0,0,24,0,0
420556,2,1,0,0,0,0,0,0,0,0,0,0
420557,1,1,0,0,0,0,0,0,0,0,0,0
420557,2,1,22,4,21,3,0,0,14,17,0,0
420558,1,1,0,0,0,0,0,0,0,0,0,0
420558,2,1,0,0,8,22,0,0,0,0,0,0
420559,1,1,0,0,0,0,0,0,0,0,0,0
420560,1,1,0,0,0,0,0,0,0,0,0,0
420560,2,1,0,0,0,0,0,0,0,0,0,0
420560,3,1,0,0,0,0,0,0,0,0,0,0
420561,1,1,0,28,0,0,3,5,0,0,6,0
420561,2,1,0,0,0,0,0,0,0,0,0,17
420562,1,1,0,0,0,0,4,0,0,0,0,0
420563,1,1,0,0,0,0,0,0,0,0,0,0
420563,2,1,0,0,0,0,0,0,0,0,0,0
420564,1,1,0,0,0,20,0,0,0,0,0,0
420564,2,1,0,0,0,0,0,0,0,0,0,0
420565,1,1,0,0,0,0,0,0,0,0,0,0
420565,2,1,0,0,0,0,0,8,0,8,0,0
420566,1,1,0,0,0,0,0,0,0,0,0,0
420566,2,1,0,0,0,0,3,0,0,0,21,0
420567,1,1,21,24,0,29,21,0,10,0,0,0
420567,2,1,0,0,0,0,0,0,0,0,0,0
420568,1,1,0,0,0,0,0,0,0,0,0,0
420569,1,1,0,0,0,0,0,17,0,0,0,0
420569,2,1,0,0,0,0,15,0,0,0,0,0
420570,1,1,0,0,0,0,0,0,0,0,0,0
420570,2,1,0,0,0,0,0,0,0,0,0,0
420571,1,1,0,0,0,0,0,0,0,0,0,0
420571,2,1,0,0,0,0,0,14,0,0,0,0
420572,1,1,0,0,0,0,0,0,0,0,0,0
420572,2,1,0,0,0,0,0,0,0,0,0,0
420573,1,1,0,0,0,0,0,0,0,0,0,0
420574,1,1,0,0,0,0,0,0,0,0,0,0
420574,2,1,0,0,0,0,0,0,0,0,0,0
420575,1,1,0,0,0,0,0,0,0,0,0,0
420575,2,1,0,0,0,0,0,0,0,0,0,0
420576,1,1,0,0,0,0,0,0,0,0,0,0
420576,2,1,0,0,0,0,0,0,0,0,0,0
420577,0,1,24,24,24,24,24,24,24,24,24,24
420577,1,1,0,11,0,23,0,0,0,0,0,0
420578,1,1,0,0,0,0,0,12,11,0,0,0
420579,1,1,20,20,20,20,20,20,20,20,20,20
420580,1,1,18,18,18,18,18,18,18,18,18,18
420581,1,1,0,0,0,0,0,0,0,0,0,0
420581,2,1,0,0,0,0,11,0,0,0,0,0
420581,3,1,0,0,0,0,30,0,0,0,0,0
420582,1,1,11,11,11,11,11,11,11,11,11,11
420583,1,1,24,0,0,0,33,16,13,27,0,39
420584,1,1,10,10,10,10,10,10,10,10,10,10
420585,0,1,0,0,0,0,0,0,0,0,0,0
420585,1,1,0,0,0,0,0,0,0,0,0,0
420586,1,1,0,0,0,0,0,0,0,0,17,0
420586,2,1,0,0,0,0,0,0,0,0,0,0
420587,1,1,0,0,0,0,0,0,0,0,0,0
420588,0,1,0,0,0,0,0,0,0,0,0,0
420588,1,1,0,0,0,0,0,0,0,0,0,0
420589,1,1,11,11,11,11,11,11,11,11,11,11
420589,2,1,0,12,0,0,0,0,0,0,0,0
420589,3,1,0,0,0,0,0,0,0,16,0,0
420589,4,1,0,0,0,0,0,12,0,0,3,0
420590,1,1,17,0,0,14,0,0,0,0,0,0
420591,1,1,0,0,0,0,0,0,0,0,0,0
420592,1,1,9,11,16,26,27,0,29,23,9,29
420593,1,1,0,0,0,0,0,0,0,0,0,0
420593,2,1,0,0,0,19,0,0,0,0,0,0
420594,1,1,18,18,18,18,18,18,18,18,18,18
420594,2,1,0,0,0,0,0,0,0,0,0,0
420595,1,1,0,0,0,0,1,24,19,13,0,0
420595,2,1,0,9,0,0,0,0,0,0,0,0
420596,1,1,0,0,0,0,0,0,10,0,0,0
420596,2,1,0,0,0,0,0,11,0,0,0,0
420597,1,1,0,0,0,0,0,0,0,0,0,0
420598,1,1,0,0,0,0,0,0,0,0,0,0
420598,2,1,0,0,0,0,0,0,0,0,0,0
420598,3,1,0,0,18,0,0,0,0,0,0,0
420599,1,1,0,0,0,0,0,0,0,0,0,0
420599,2,1,0,0,0,0,0,0,0,0,0,0
420599,3,1,0,0,0,0,0,0,0,0,0,0
420599,4,1,0,0,0,0,0,0,0,0,0,0
420600,0,1,11,5,4,33,12,31,39,16,21,11
420600,1,1,0,0,0,7,0,0,0,0,0,0
420601,1,1,0,0,0,0,0,0,0,0,0,0
420602,1,1,26,26,26,26,26,26,26,26,26,26
420603,1,1,0,0,0,0,0,0,0,0,0,0
420604,1,1,25,25,25,25,25,25,25,25,25,25
420605,1,1,0,10,0,0,0,13,0,16,24,0
420605,2,1,21,0,0,0,0,0,7,0,0,35
420606,1,1,27,27,27,27,27,27,27,27,27,27
420607,1,1,24,24,24,24,24,24,24,24,24,24
420608,1,1,0,0,0,0,0,0,0,0,0,0
420609,1,1,22,0,0,0,0,0,0,10,0,34
420610,1,1,0,0,0,16,0,12,0,0,0,0
420610,2,1,0,0,0,0,0,0,0,0,0,0
420610,3,1,0,0,0,12,0,0,0,0,28,0
420611,1,1,0,0,0,14,0,17,20,0,0,27
420611,2,1,0,0,0,0,0,0,0,17,0,22
420612,1,1,0,0,21,0,0,15,8,0,5,12
420613,1,1,0,0,0,0,0,0,0,0,0,0
420614,1,1,20,20,20,20,20,20,20,20,20,20
420615,1,1,0,0,0,12,0,0,0,0,0,0
420615,2,1,0,0,0,0,0,0,0,0,0,0
420616,1,1,0,0,0,0,0,0,0,0,0,0
420616,2,1,0,0,0,0,0,0,0,0,0,0
420617,1,1,0,0,0,0,0,0,0,0,0,0
420617,2,1,0,0,0,0,0,0,0,0,0,0
420618,1,1,24,24,24,24,24,24,24,24,24,24
420619,1,1,0,0,0,0,0,24,0,0,3,0
420620,1,1,0,0,0,0,0,0,0,0,0,0
420621,1,1,0,0,0,0,0,0,0,0,0,0
420621,2,1,0,0,0,0,0,0,0,0,0,0
420621,3,1,0,0,0,0,0,0,0,0,0,0
420622,1,1,16,5,22,12,15,2,6,15,10,18
420622,2,1,15,0,0,0,0,19,14,13,16,7
420623,0,1,0,0,0,0,0,14,8,0,0,0
420623,1,1,0,8,0,0,0,0,0,0,0,0
420624,1,1,0,12,0,19,0,0,20,6,0,0
420624,2,1,0,0,0,0,0,0,0,0,0,0
420625,1,1,15,0,21,11,0,21,11,16,14,9
420626,1,1,0,0,0,14,0,0,0,0,0,0
420627,1,1,0,0,0,0,0,0,0,0,0,0
420627,2,1,0,0,0,0,0,0,0,0,0,0
420628,1,1,0,0,0,0,0,0,0,0,0,0
420628,2,1,0,0,0,0,0,0,0,0,0,0
420629,1,1,0,0,0,0,0,0,0,0,0,0
420629,2,1,0,0,0,0,0,0,0,0,0,0
420630,0,1,0,0,0,0,0,0,0,0,0,0
420630,1,1,0,0,0,0,0,0,0,0,0,0
420631,1,1,0,0,0,0,0,0,0,0,0,0
420631,2,1,0,0,0,0,0,0,0,0,0,0
420632,0,1,0,0,0,0,0,0,0,0,0,0
420632,1,1,13,8,3,0,7,12,26,15,12,8
420633,1,1,0,0,0,0,0,0,0,0,0,0
420633,2,1,0,0,0,0,0,0,0,0,0,0
420634,1,1,0,0,0,0,0,0,0,0,10,0
420634,2,1,0,0,0,0,0,0,0,0,0,0
420635,0,1,23,23,23,23,23,23,23,23,23,23
420635,1,1,0,27,21,0,0,20,0,0,0,24
420636,0,1,0,0,25,0,0,0,0,0,0,0
420636,0,2,0,0,0,21,11,0,0,0,0,0
420636,0,3,0,0,0,0,0,0,0,0,0,0
420636,2,1,0,0,0,19,0,0,0,0,0,0
420637,1,1,0,0,0,0,0,0,0,0,0,0
420637,2,1,0,0,0,0,0,0,0,0,24,0
420638,1,1,0,0,0,0,0,0,0,0,0,0
420638,2,1,0,0,0,0,0,0,0,0,0,0
420639,1,1,22,0,0,0,22,0,0,0,0,0
420639,2,1,0,0,0,0,0,0,0,0,0,0
420640,1,1,53,0,17,0,0,42,23,0,7,34
420641,1,1,0,0,0,0,0,0,0,0,0,0
420641,2,1,0,0,0,0,0,0,0,0,0,0
420642,1,1,0,0,14,0,14,0,0,0,20,22
420643,1,1,0,0,0,0,0,0,0,0,0,0
420644,1,1,30,15,11,34,20,7,8,8,19,24
420644,2,1,0,0,0,18,0,0,0,0,0,0
420644,3,1,0,0,0,0,10,0,0,15,0,0
420645,1,1,0,8,29,0,3,9,10,0,23,0
420646,1,1,0,0,0,0,0,0,0,0,0,0
420646,2,1,0,0,0,0,0,12,0,0,0,0
420647,1,1,0,0,0,0,3,0,25,0,0,0
420647,2,1,0,0,0,0,0,0,0,0,0,0
420648,1,1,0,0,0,0,0,8,0,0,0,0
420649,1,1,16,16,16,16,16,16,16,16,16,16
420650,1,1,13,15,21,15,16,16,9,0,0,40
420651,1,1,0,17,12,10,23,0,0,35,23,18
420652,1,1,14,14,14,14,14,14,14,14,14,14
420653,1,1,26,26,26,26,26,26,26,26,26,26
420653,2,3,0,0,13,0,0,0,0,0,0,0
420654,1,1,0,19,0,0,0,0,0,0,19,0
420655,1,1,0,0,0,0,0,0,0,0,0,0
420656,1,1,15,19,2,12,10,18,30,16,18,16
420657,1,1,0,30,0,0,0,0,0,15,22,0
420658,1,1,0,0,0,0,0,0,0,0,0,0
420659,1,1,0,0,0,0,0,0,0,0,0,0
420660,1,1,0,19,0,0,0,0,0,5,0,0
420660,2,1,0,0,0,0,0,0,0,0,0,0
420661,1,1,0,0,0,0,0,0,0,0,0,0
420662,1,1,0,0,29,0,0,0,0,0,24,0
420663,1,1,0,0,0,0,0,0,0,0,0,0
420664,1,1,0,0,0,9,37,6,0,16,20,38
420665,1,1,12,0,0,0,21,17,0,5,16,5
420666,1,1,0,0,16,0,0,0,0,0,3,5
420666,2,1,0,0,0,0,0,0,0,0,0,0
420667,1,1,0,0,21,0,0,0,0,0,0,0
420667,2,1,0,0,0,0,0,0,0,0,0,0
420669,1,1,0,0,0,0,0,0,0,0,0,0
420669,2,1,0,0,0,16,0,0,0,0,0,20
420670,1,1,0,0,0,0,0,0,0,0,0,0
420670,2,1,0,0,0,0,0,0,0,0,0,0
420671,1,1,0,0,0,0,0,0,0,0,0,0
420672,1,1,15,21,16,18,22,16,13,23,16,19
420673,0,1,0,0,0,0,0,0,0,0,0,0
420673,1,1,19,0,0,0,0,0,0,0,0,0
420674,1,1,15,15,15,15,15,15,15,15,15,15
420675,1,1,0,0,0,0,0,0,0,0,0,0
420675,2,1,0,0,0,0,0,0,0,0,0,0
420676,1,1,0,0,0,0,0,0,0,15,0,0
420676,2,1,0,0,0,0,0,0,0,0,0,0
420677,1,1,4,4,4,4,4,4,4,4,4,4
420677,2,1,0,0,0,0,0,0,0,0,0,0
420678,1,1,0,0,0,0,0,0,0,0,0,0
420679,1,1,15,23,23,10,18,25,31,14,18,29
420680,0,1,0,0,0,0,0,0,0,0,0,0
420680,1,1,0,0,0,0,0,0,0,0,0,0
420681,1,1,5,50,0,14,15,6,28,20,6,16
420682,1,1,15,15,15,15,15,15,15,15,15,15
420682,2,1,0,0,0,0,0,0,0,0,0,0
420683,0,1,21,21,9,5,0,0,0,0,18,34
420683,1,1,0,0,0,0,0,0,0,0,0,0
420684,0,1,0,0,0,0,0,0,0,0,0,0
420685,0,1,23,23,23,23,23,23,23,23,23,23
420685,1,1,0,0,0,7,0,0,0,0,0,0
420686,1,1,0,0,0,0,0,0,0,0,0,0