ST_CASE,VEH_NO,PER_NO,P1,P2,P3,P4,P5,P6,P7,P8,P9,P10
470637,1,1,0,0,0,0,0,0,0,0,0,0
470637,2,1,0,0,0,0,0,16,0,0,0,0
470637,3,1,0,0,0,0,0,0,0,0,0,0
470638,0,1,4,4,4,4,4,4,4,4,4,4
470639,1,1,0,0,0,0,0,0,0,0,0,0
470639,2,1,0,0,0,0,0,0,0,0,0,0
470640,1,1,0,0,0,0,0,0,0,0,0,0
470640,2,1,0,0,0,0,0,0,0,0,0,0
470641,1,1,0,0,0,0,0,0,0,0,0,0
470641,2,1,0,0,0,0,0,0,0,0,0,0
470642,1,1,0,0,0,0,0,0,0,0,0,0
470642,2,1,0,0,0,0,0,0,0,0,0,0
470643,1,1,16,16,16,16,16,16,16,16,16,16
470644,1,1,0,0,0,0,0,0,0,0,0,0
470644,2,1,0,0,0,0,0,0,0,0,0,0
470645,1,1,22,22,22,22,22,22,22,22,22,22
470646,1,1,22,22,22,22,22,22,22,22,22,22
470647,1,1,0,0,5,0,0,0,0,15,0,0
470648,1,1,0,0,0,0,0,0,0,0,0,0
470649,1,1,0,0,19,0,0,0,0,0,0,0
470650,1,1,0,0,0,0,0,0,0,0,0,0
470650,2,1,0,0,0,0,0,0,0,0,0,0
470651,1,1,0,0,0,0,0,0,0,0,0,0
470652,1,1,0,0,0,0,0,0,0,0,0,0
470653,1,1,0,0,0,0,0,0,0,0,0,0
470654,1,1,23,23,23,23,23,23,23,23,23,23
470655,1,1,14,14,14,14,14,14,14,14,14,14
470655,2,1,0,0,0,0,0,0,0,0,0,0
470656,1,1,23,23,23,23,23,23,23,23,23,23
470657,1,1,18,0,0,0,0,0,0,0,0,0
470658,1,1,0,0,0,0,0,0,0,0,0,0
470658,2,1,0,0,0,0,0,0,0,0,0,0
470659,1,1,0,0,0,0,0,0,0,0,0,0
470659,2,1,0,0,0,0,0,0,0,0,0,0
470660,1,1,0,0,0,0,0,0,23,0,0,0
470660,2,1,0,10,19,14,0,0,14,13,0,0
470661,1,1,0,0,0,0,0,0,0,0,0,0
470661,2,1,0,0,0,0,0,0,0,0,0,0
470662,0,1,0,0,0,0,0,0,0,0,0,0
470662,1,1,0,0,0,0,0,0,0,0,0,0
470663,0,1,0,0,0,0,0,0,0,0,0,0
470663,1,1,0,28,0,0,0,11,11,0,0,16
470664,0,1,0,0,0,0,0,0,0,0,0,0
470664,1,1,20,0,0,0,9,0,15,10,6,17
470665,0,1,0,0,0,0,0,0,0,0,0,0
470665,1,1,0,0,0,0,0,0,0,0,0,0
470666,1,1,14,14,14,14,14,14,14,14,14,14
470667,1,1,7,7,7,7,7,7,7,7,7,7
470668,1,1,7,0,0,0,0,0,0,0,0,0
470668,2,1,15,0,0,0,0,17,0,0,0,0
470668,3,1,0,0,0,0,0,0,0,0,0,0
470669,1,1,0,0,0,0,0,0,0,0,0,0
470670,1,1,0,0,0,0,0,0,16,0,0,0
470670,2,1,0,0,0,0,0,0,0,0,0,0
470671,1,1,9,21,0,29,18,17,23,20,13,13
470672,1,1,0,0,0,0,0,0,0,0,0,0
470673,1,1,0,0,0,0,0,0,0,0,7,0
470673,2,1,0,0,0,0,0,0,0,0,0,0
470674,1,1,0,0,0,0,0,0,0,0,0,0
470674,2,1,0,0,0,0,0,0,0,0,0,0
470675,1,1,15,15,15,15,15,15,15,15,15,15
470676,1,1,0,0,0,0,0,0,0,0,0,0
470676,2,1,0,0,0,0,0,0,19,0,0,0
470677,1,1,0,0,0,0,0,0,0,0,0,0
470677,2,1,0,0,0,0,0,0,0,0,0,0
470678,0,1,0,0,0,0,0,0,0,0,0,0
470678,0,2,0,0,33,0,16,0,0,12,0,5
470678,1,1,0,0,0,0,0,0,0,0,0,0
470679,0,1,0,0,0,11,42,0,0,0,25,0
470679,1,1,5,0,0,8,0,0,0,12,0,12
470680,1,1,0,0,0,0,0,0,0,0,0,0
470681,1,1,14,14,14,14,14,14,14,14,14,14
470682,0,1,0,16,0,0,30,0,0,27,0,0
470682,1,1,17,0,0,0,10,0,0,0,0,0
470683,1,1,23,23,23,23,23,23,23,23,23,23
470684,1,1,36,36,36,36,36,36,36,36,36,36
470685,1,1,19,19,19,19,19,19,19,19,19,19
470686,1,1,0,0,0,0,0,0,0,0,0,0
470686,2,1,14,14,14,14,14,14,14,14,14,14
470686,3,1,0,0,0,0,0,0,0,0,0,0
470687,1,1,0,0,0,0,0,0,0,0,0,0
470687,2,1,0,0,0,0,0,0,0,0,0,0
470687,3,1,4,0,0,0,0,0,0,0,0,0
470688,1,1,25,25,25,25,25,25,25,25,25,25
470688,2,1,10,0,0,0,0,0,0,16,0,12
470689,1,1,0,0,0,0,6,0,0,16,0,0
470689,2,1,0,0,0,0,0,0,0,0,0,0
470690,1,1,19,19,19,19,19,19,19,19,19,19
470691,1,1,0,0,0,0,0,0,0,0,0,0
470692,1,1,0,0,0,0,0,0,0,0,0,0
470692,2,1,0,0,0,0,0,0,0,0,0,0
470693,0,1,23,23,23,23,23,23,23,23,23,23
470693,1,1,0,0,0,0,0,0,0,0,0,0
470693,2,1,0,0,0,0,8,0,0,0,0,0
470694,1,1,0,0,0,0,0,0,0,0,0,0
470694,2,1,0,0,0,0,0,0,0,0,0,0
470694,3,1,0,0,0,0,0,0,0,0,0,0
470694,4,1,0,0,0,0,0,0,0,0,0,0
470695,1,1,1,1,1,1,1,1,1,1,1,1
470695,2,1,11,0,0,0,0,0,0,0,0,0
470695,3,1,0,0,0,0,0,0,0,0,0,0
470696,1,1,0,0,0,0,0,0,0,0,0,0
470697,1,1,15,0,0,0,0,0,0,0,0,0
470698,1,1,0,0,0,0,0,0,0,0,0,0
470699,1,1,17,17,17,17,17,17,17,17,17,17
470699,2,1,0,0,0,0,0,0,0,0,0,0
470700,1,1,0,0,0,0,0,0,0,0,0,0
470700,2,1,0,0,0,0,0,0,0,0,0,0
470701,1,1,0,0,0,0,0,0,0,0,0,0
470701,2,1,0,0,0,0,0,0,0,0,0,0
470701,3,1,0,0,0,0,0,0,0,0,0,0
470702,1,1,0,0,18,0,0,0,0,0,0,12
470702,2,1,0,0,0,0,0,0,0,0,0,0
470703,1,1,0,0,0,0,0,0,0,0,0,0
470703,2,1,0,0,0,0,0,0,0,0,0,0
470704,0,1,17,17,17,17,17,17,17,17,17,17
470704,1,1,0,0,0,0,0,0,7,0,0,0
470705,1,1,0,0,0,0,0,0,0,0,20,0
470705,2,1,0,0,0,0,0,0,0,0,0,0
470706,1,1,0,0,0,0,0,0,0,0,0,0
470707,1,1,0,0,0,0,0,0,0,0,0,0
470707,2,1,0,0,0,0,0,0,0,0,0,0
470708,1,1,0,0,0,0,0,0,0,0,0,0
470708,2,1,0,0,0,0,0,0,0,0,0,0
470708,3,1,0,0,21,0,0,0,0,0,0,0
470709,0,1,0,0,21,0,0,0,0,0,0,0
470709,1,1,0,0,0,0,0,0,0,0,0,0
470710,0,1,17,43,1,23,28,27,22,22,18,42
470710,1,1,9,19,0,0,26,0,0,35,0,0
470711,1,1,24,11,11,37,10,8,25,14,17,18
470712,1,1,0,0,0,0,0,0,0,0,0,0
470713,1,1,0,0,0,0,0,0,0,0,0,0
470714,1,1,0,0,0,0,0,0,0,0,0,0
470715,1,1,0,0,0,0,0,0,0,0,0,0
470715,2,1,0,0,0,0,0,0,0,0,0,0
470716,1,1,0,0,0,0,0,0,0,0,0,0
470716,2,1,0,0,0,0,0,0,0,0,0,21
470716,3,1,0,0,0,0,0,0,0,0,0,0
470717,1,1,22,22,22,22,22,22,22,22,22,22
470718,1,1,0,0,0,0,0,0,0,0,0,0
470718,2,1,0,0,0,0,0,0,0,0,0,0
470719,1,1,0,0,0,0,0,0,0,0,0,0
470719,2,1,0,0,0,0,0,0,0,0,0,0
470720,1,1,0,0,0,14,0,0,0,0,0,16
470720,2,1,22,22,22,22,22,22,22,22,22,22
470721,1,1,22,22,22,22,22,22,22,22,22,22
470722,0,1,21,21,21,21,21,21,21,21,21,21
470722,1,1,0,0,0,0,0,0,0,0,0,0
470722,2,1,0,12,0,0,0,0,0,0,0,0
470722,3,1,0,0,0,0,0,0,0,0,0,17
470723,0,1,0,0,0,0,0,0,0,0,0,0
470723,1,1,0,0,0,0,0,0,0,0,0,0
470724,1,1,0,0,0,0,0,0,0,0,0,0
470724,2,1,0,0,0,0,0,0,0,0,5,0
470725,1,1,0,0,0,0,0,0,0,0,0,0
470725,2,1,0,0,0,0,0,0,0,0,0,0
470726,1,1,0,0,0,0,0,0,0,0,0,0
470727,1,1,0,0,0,0,0,0,0,0,0,0
470728,1,1,0,0,0,0,0,0,0,0,0,0
470728,2,1,0,0,26,29,0,11,0,0,14,6
470729,1,1,0,0,0,0,0,0,0,0,0,0
470730,0,1,22,22,22,22,22,22,22,22,22,22
470730,1,1,0,0,0,0,0,0,0,0,0,0
470731,1,1,0,0,0,0,0,0,0,0,0,0
470731,2,1,6,6,6,6,6,6,6,6,6,6
470732,1,1,0,0,0,0,0,0,0,0,0,0
470732,2,1,0,0,0,0,0,0,0,0,0,0
470733,1,1,0,0,0,0,0,0,0,0,43,2
470734,1,1,0,0,0,0,0,0,0,0,0,0
470734,2,1,0,0,0,0,0,0,0,0,0,0
470735,1,1,0,0,0,0,0,0,0,0,0,0
470736,0,1,30,30,30,30,30,30,30,30,30,30
470736,1,1,0,0,0,0,0,0,0,0,0,0
470737,1,1,0,0,37,8,0,0,50,6,19,0
470738,1,1,0,0,0,0,0,0,0,0,0,0
470738,2,1,0,0,0,0,0,0,0,0,0,0
470739,1,1,0,0,0,0,0,0,0,0,0,0
470739,2,1,0,0,0,0,0,0,0,0,0,0
470740,0,1,0,0,0,0,0,0,0,0,0,0
470740,1,1,0,0,4,0,0,0,0,6,3,0
470741,1,1,0,0,0,0,0,0,0,0,0,0
470742,1,1,0,0,0,0,0,0,0,0,0,0
470743,1,1,0,0,0,0,0,0,0,0,0,0
470743,2,1,5,5,5,5,5,5,5,5,5,5
470744,0,1,0,0,0,0,0,39,0,0,0,0
470744,1,1,0,0,0,0,0,0,0,0,0,0
470745,1,1,0,0,0,0,0,0,0,0,0,0
470745,2,1,0,0,0,0,0,0,0,0,0,0
470746,1,1,0,0,0,0,0,0,0,0,0,0
470746,2,1,0,0,0,0,0,0,0,0,0,0
470747,1,1,0,0,0,0,0,0,0,0,0,0
470747,2,1,0,10,0,0,0,0,0,0,0,13
470748,1,1,0,0,0,0,0,0,0,0,0,0
470748,2,1,0,0,0,0,0,0,0,0,0,0
470749,1,1,14,14,14,14,14,14,14,14,14,14
470750,0,1,29,29,29,29,29,29,29,29,29,29
470750,1,1,0,0,0,0,0,0,0,0,0,0
470751,1,1,1,1,1,1,1,1,1,1,1,1
470752,1,1,0,0,0,0,0,0,0,0,0,0
470753,1,1,19,19,19,19,19,19,19,19,19,19
470754,0,1,0,0,0,0,0,0,0,0,0,0
470754,0,2,0,0,0,0,0,0,0,0,35,0
470754,1,1,0,0,0,0,0,0,0,0,0,0
470755,1,1,0,0,0,0,0,0,0,0,0,0
470755,2,1,0,0,8,0,8,0,0,0,0,0
470756,1,1,0,0,0,0,0,0,0,0,0,34
470756,2,1,0,0,0,0,0,0,0,0,0,0
470757,1,1,7,7,7,7,7,7,7,7,7,7
470758,1,1,0,0,0,0,0,0,0,0,0,0
470758,2,1,0,15,0,0,32,0,0,0,0,14
470759,1,1,0,0,0,0,0,0,0,0,0,0
470759,2,1,0,0,0,0,0,0,0,0,0,0
470760,1,1,0,0,0,0,0,0,0,0,0,0
470760,2,1,0,0,0,0,0,0,0,0,20,0
470761,1,1,0,0,0,0,0,0,0,0,0,0
470762,1,1,0,0,0,0,0,0,0,0,0,0
470763,1,1,18,18,18,18,18,18,18,18,18,18
470764,1,1,0,0,25,0,0,0,0,0,0,0
470764,2,1,0,0,0,0,0,0,0,0,0,0
470765,1,1,7,6,0,0,0,13,20,3,0,0
470766,1,1,16,0,14,0,24,9,25,14,0,0
470766,2,1,0,0,0,0,0,0,0,0,0,0
470767,1,1,0,0,0,0,0,0,0,0,0,0
470768,1,1,12,12,12,12,12,12,12,12,12,12
470769,1,1,0,0,0,0,0,0,0,0,0,0
470769,2,1,0,0,0,0,0,0,0,0,0,0
470770,1,1,13,13,13,13,13,13,13,13,13,13
470770,2,1,0,38,0,0,0,0,0,16,0,0
470771,1,1,0,0,0,0,0,0,0,0,0,0
470771,2,1,0,0,0,0,0,0,0,0,0,0
470772,1,1,0,0,0,0,16,0,0,0,0,0
470772,2,1,0,8,0,19,0,0,0,0,0,0
470772,3,1,0,0,14,0,10,0,0,0,0,0
470773,0,1,0,0,0,20,0,0,0,0,0,0
470773,1,1,0,0,0,0,0,0,0,0,12,0
470774,0,1,24,24,24,24,24,24,24,24,24,24
470774,1,1,0,0,0,0,0,0,0,38,0,6
470774,2,1,3,23,0,15,5,0,5,0,0,0
470774,3,1,0,0,0,6,0,0,0,0,0,0
470775,1,1,0,0,0,0,0,0,0,0,0,0
470776,0,1,0,0,0,0,0,0,0,0,0,0
470776,1,1,0,0,0,0,0,0,0,0,0,0
470777,1,1,0,0,0,0,0,0,0,0,0,13
470778,1,1,0,22,0,0,0,0,0,0,0,0
470779,1,1,0,0,0,0,14,0,0,0,0,0
470780,1,1,0,0,17,0,0,0,0,0,27,0
470781,1,1,15,0,0,0,0,0,0,0,0,0
470781,2,1,0,0,0,0,0,0,0,0,0,0
470782,1,1,26,26,26,26,26,26,26,26,26,26
470783,1,1,13,13,13,13,13,13,13,13,13,13
470783,2,1,0,0,0,0,0,0,0,0,0,0
470783,3,1,0,0,0,0,0,0,0,0,0,0
470786,1,1,11,11,11,11,11,11,11,11,11,11
470787,1,1,0,0,0,0,0,0,0,0,0,0
470788,1,1,0,0,0,0,0,0,0,0,0,0
470788,2,1,0,0,0,0,0,0,0,0,0,0
470789,1,1,14,14,14,14,14,14,14,14,14,14
470790,1,1,0,0,0,0,0,0,0,0,0,0
470792,1,1,0,0,0,0,0,0,0,0,0,0
470792,2,1,0,0,0,0,0,0,0,0,0,0
470793,1,1,0,0,0,0,0,0,0,0,0,0
470794,1,1,0,0,0,0,0,0,0,0,0,36
470796,1,1,0,0,0,0,0,0,0,0,0,0
470797,1,1,0,0,0,0,0,0,0,0,0,0
470798,1,1,0,0,0,0,0,0,0,0,0,0
470799,1,1,0,0,0,0,0,0,0,0,0,0
470799,2,1,11,11,11,11,11,11,11,11,11,11
470800,1,1,21,21,21,21,21,21,21,21,21,21
470800,2,1,0,0,0,0,0,0,0,0,0,0
470801,1,1,0,0,0,0,0,0,0,0,0,0
470801,2,1,0,0,0,0,0,0,0,0,0,0
470801,3,1,6,6,6,6,6,6,6,6,6,6
470802,1,1,0,0,0,0,0,0,0,0,0,0
470803,1,1,0,0,5,0,0,30,0,5,21,14
470804,1,1,0,0,0,0,0,0,0,0,0,0
470804,2,1,0,0,0,0,0,0,0,0,0,0
470805,1,1,11,11,11,11,11,11,11,11,11,11
470806,1,1,0,0,0,0,0,8,0,0,24,0
470807,1,1,15,0,14,0,45,6,0,0,0,0
470808,1,1,0,0,0,0,0,0,0,0,0,0
470808,2,1,0,0,0,0,0,0,0,0,0,0
470809,1,1,17,17,17,17,17,17,17,17,17,17
470810,1,1,0,0,0,0,0,0,0,0,0,0
470811,1,1,0,0,0,0,0,0,0,0,0,0
470812,0,1,0,0,0,0,0,0,0,0,0,0
470812,1,1,0,0,0,0,0,0,0,0,0,0
470813,0,1,32,4,0,0,0,30,0,0,0,0
470813,1,1,0,0,0,0,0,0,0,0,0,0
470814,1,1,0,0,0,0,0,0,14,0,0,0
470814,2,1,0,0,0,0,0,0,0,0,0,0
470815,1,1,0,0,12,0,15,9,0,0,0,0
470817,1,1,0,0,0,0,0,0,0,0,0,0
470818,1,1,0,0,0,0,0,0,0,0,0,0
470818,2,1,0,0,0,0,0,0,0,0,0,0
470819,1,1,0,0,0,0,0,0,0,0,0,0
470819,2,1,0,0,0,0,0,0,0,0,0,0
470820,1,1,0,0,0,0,0,0,0,0,0,0
470820,2,1,0,0,0,0,0,0,0,0,0,0
470821,1,1,0,0,0,0,0,0,0,0,0,0
470821,2,1,0,0,0,0,0,0,0,0,0,0
470822,1,1,0,0,0,0,0,0,19,0,0,0
470822,2,1,0,0,0,0,0,0,0,0,0,0
470823,1,1,0,0,0,0,0,0,0,0,0,0
470823,2,1,0,0,0,0,0,0,0,0,0,0
470823,3,1,0,0,0,0,0,0,0,0,0,0
470824,1,1,0,0,0,0,0,0,0,0,0,0
470825,1,1,23,23,23,23,23,23,23,23,23,23
470826,1,1,0,0,0,0,0,0,0,0,0,29
470826,2,1,0,0,0,0,0,0,0,0,0,0
470827,1,1,0,0,0,0,0,0,0,0,0,0
470827,2,1,0,0,0,0,0,0,0,0,0,0
470828,1,1,0,0,0,0,0,0,0,0,0,0
470828,2,1,0,0,0,0,0,0,0,0,0,0
470829,1,1,0,0,0,0,0,0,0,0,0,0
470829,2,1,0,0,0,0,0,0,0,0,0,0
470830,1,1,0,16,0,0,0,0,20,0,21,0
470830,2,1,0,0,0,0,0,0,0,0,0,0
470831,1,1,0,0,0,0,0,0,0,0,0,0
470831,2,1,0,0,0,0,0,0,0,0,0,0
470832,1,1,0,0,0,0,0,0,0,0,0,0
470832,2,1,0,0,0,0,0,0,0,0,0,0
470833,1,1,1,1,1,1,1,1,1,1,1,1
470834,1,1,36,36,36,36,36,36,36,36,36,36
470835,1,1,0,0,0,0,0,0,0,0,0,0
470836,1,1,0,0,0,0,0,0,0,0,0,0
470836,2,1,0,0,0,0,0,0,0,0,0,0
470837,1,1,0,0,0,0,0,0,0,0,0,0
470837,2,1,0,0,0,0,0,0,0,0,20,0
470838,1,1,0,0,0,0,0,0,0,0,0,0
470839,1,1,0,0,0,0,0,0,0,0,0,0
470839,2,1,0,0,0,0,0,0,0,0,0,0
470839,3,1,0,0,0,0,0,0,0,0,0,0
470840,0,1,0,0,0,0,0,0,0,0,0,0
470840,1,1,0,0,0,0,8,0,0,0,0,0
470841,1,1,21,21,21,21,21,21,21,21,21,21
470842,1,1,0,0,0,0,0,0,0,0,0,0
470842,2,1,0,0,0,0,0,0,0,0,0,0
470843,1,1,0,0,0,0,0,0,0,0,0,0
470843,2,1,0,0,0,0,0,0,0,0,0,0
470844,1,1,0,0,0,0,0,0,0,0,0,0
470844,2,1,0,0,0,0,0,0,0,0,23,0
470845,1,1,12,12,12,12,12,12,12,12,12,12
470846,1,1,0,0,0,0,0,0,0,0,0,0
470847,0,1,17,0,24,17,24,0,9,12,0,21
470847,1,1,0,0,0,0,8,0,0,0,0,0
470848,1,1,0,0,0,0,0,0,0,0,0,0
470849,1,1,0,0,0,0,0,0,0,0,0,0
470849,2,1,0,0,0,0,0,0,0,0,0,0
470850,1,1,15,15,15,15,15,15,15,15,15,15
470851,1,1,0,0,0,0,11,10,0,0,0,0
470851,2,1,0,0,0,0,0,0,0,0,0,0
470851,3,1,0,0,0,0,0,0,0,0,0,0
470852,1,1,0,0,0,0,0,0,0,0,0,0
470854,1,1,0,0,0,0,0,0,0,0,0,0
470854,2,1,0,0,0,0,0,0,0,0,0,0
470854,3,1,0,0,0,0,0,0,0,0,0,0
470855,1,1,3,3,3,3,3,3,3,3,3,3
470856,1,1,0,0,0,0,0,0,0,0,0,0
470857,0,1,0,0,0,0,0,0,0,0,0,0
470857,1,1,0,0,0,0,0,0,0,0,0,0
470858,1,1,0,0,0,0,0,0,0,0,0,0
470859,1,1,0,0,0,0,0,0,0,0,0,26
470859,2,1,0,0,0,0,0,0,0,0,0,0
470860,1,1,4,4,4,4,4,4,4,4,4,4
470860,2,1,0,18,0,0,0,0,8,0,0,0
470861,1,1,0,0,0,0,0,0,0,0,0,0
470861,2,1,0,0,0,0,0,0,0,0,0,0
470861,3,1,0,0,0,0,0,0,0,0,0,0
470861,4,1,0,0,0,0,0,0,0,0,0,0
470862,1,1,0,0,0,0,0,0,0,0,0,0
470862,2,1,0,0,0,0,0,0,0,0,0,0
470863,1,1,22,22,22,22,22,22,22,22,22,22
470863,2,1,0,0,0,0,0,0,0,0,0,0
470864,1,1,1,1,1,1,1,1,1,1,1,1
470865,1,1,19,19,19,19,19,19,19,19,19,19
470866,1,1,0,0,0,0,0,0,0,0,0,0
470867,0,1,0,0,0,0,0,0,0,0,0,0
470867,1,1,0,0,0,0,0,0,0,0,0,0
470868,1,1,0,0,0,0,0,0,0,0,0,0
470869,1,1,6,6,6,6,6,6,6,6,6,6
470870,1,1,33,33,33,33,33,33,33,33,33,33
470871,1,1,1,1,1,1,1,1,1,1,1,1
470871,2,1,1,1,1,1,1,1,1,1,1,1
470871,3,1,0,0,0,39,0,0,0,0,0,0
470872,0,1,14,14,14,14,14,14,14,14,14,14
470872,1,1,0,0,0,0,0,0,0,25,0,0
470873,1,1,0,0,0,0,0,0,0,0,0,0
470873,2,1,0,0,0,0,0,0,0,0,0,0
470873,3,1,0,0,0,0,0,0,0,11,0,0
470874,1,1,0,0,0,0,0,0,0,0,0,0
470874,2,1,0,0,0,0,0,0,0,0,0,0
470875,1,1,0,0,0,0,0,0,0,0,0,0
470875,2,1,0,0,0,0,0,0,0,0,0,0
470876,1,1,2,2,2,2,2,2,2,2,2,2
470877,0,1,0,0,0,0,0,0,39,0,0,0
470877,1,1,0,0,0,0,0,0,0,0,0,0
470878,1,1,25,25,25,25,25,25,25,25,25,25
470879,1,1,0,0,0,0,0,0,0,0,0,0
470879,2,1,0,0,0,0,0,0,0,0,0,0
470879,3,1,0,0,0,0,0,0,0,0,0,0
470879,4,1,5,0,0,0,0,0,0,0,0,0
470880,1,1,0,0,0,0,0,0,0,0,0,0
470880,2,1,0,0,0,0,0,0,0,0,0,0
470881,1,1,0,0,0,0,0,0,0,0,0,0
470881,2,1,13,13,13,13,13,13,13,13,13,13
470882,1,1,0,0,0,0,0,0,0,0,0,0
470883,1,1,0,0,0,0,0,0,0,0,0,0
470884,1,1,0,0,0,6,0,0,0,0,0,0
470884,2,1,0,0,0,0,0,0,0,18,0,0
470885,1,1,0,31,20,10,0,18,12,44,13,0
470886,1,1,0,0,0,0,0,0,0,0,0,0
470887,1,1,0,0,0,0,0,0,0,0,0,0
470888,1,1,6,6,6,6,6,6,6,6,6,6
470888,2,1,0,0,0,0,0,0,0,0,0,0
470889,1,1,0,0,0,0,0,0,0,0,0,0
470889,2,1,0,0,0,0,0,0,0,0,0,0
470889,3,1,0,0,0,0,0,0,0,0,0,0
470890,1,1,0,0,0,0,0,0,0,0,0,0
470890,5,1,0,0,0,0,14,0,0,0,0,31
470891,1,1,31,31,31,31,31,31,31,31,31,31
470892,1,1,0,0,0,0,0,0,0,0,0,0
470893,1,1,27,0,36,0,0,10,0,0,0,0
470894,1,1,0,0,0,0,0,0,0,0,0,0
470894,2,1,0,0,0,0,0,0,0,0,0,0
470894,3,1,0,0,0,0,0,0,0,0,0,0
470895,1,1,23,23,23,23,23,23,23,23,23,23
470895,2,1,0,8,13,0,0,0,0,0,10,0
470896,1,1,0,0,0,0,0,0,0,0,12,0
470896,2,1,0,0,0,0,0,0,0,0,0,0
470897,1,1,0,0,0,0,0,0,0,0,0,0
470897,2,1,0,0,0,0,0,0,0,0,0,0
470898,1,1,0,0,0,0,0,0,0,0,0,0
470899,1,1,0,0,0,0,0,0,0,0,0,0
470900,1,1,13,0,0,0,0,8,0,0,0,0
470901,1,1,0,0,0,0,0,0,0,0,0,0
470902,1,1,0,0,0,0,0,0,0,0,0,0
470903,1,1,0,0,24,0,0,0,28,12,0,0
470904,1,1,26,23,0,0,0,0,0,16,0,0
470905,1,1,0,0,0,0,0,0,0,0,0,0
470906,0,1,0,0,0,0,0,0,0,0,0,0
470906,1,1,0,0,0,0,0,0,0,0,0,0
470907,1,1,0,0,0,0,0,0,0,0,0,0
470907,2,1,0,0,0,0,0,0,0,0,0,0
470908,1,1,17,17,17,17,17,17,17,17,17,17
470908,2,1,0,0,0,0,0,0,0,0,0,0
470909,1,1,0,0,9,0,0,0,2,0,0,0
470909,2,1,0,34,0,0,0,0,0,0,0,0
470910,1,1,2,2,2,2,2,2,2,2,2,2
470910,2,1,0,0,0,0,0,0,0,0,0,0
470911,0,1,15,15,15,15,15,15,15,15,15,15
470911,1,1,0,0,0,0,0,0,0,0,0,0
470912,1,1,14,11,26,17,12,16,0,15,8,15
470912,2,1,0,0,0,0,0,0,0,0,0,0
470913,1,1,7,20,0,0,0,9,0,0,0,7
470915,1,1,0,0,0,0,0,0,0,0,0,0
470916,1,1,0,0,0,0,0,0,0,0,0,0
470917,1,1,0,0,0,0,0,0,0,0,0,0
470918,0,1,40,40,40,40,40,40,40,40,40,40
470918,1,1,0,0,0,0,0,0,0,0,0,0
470919,0,1,0,0,0,0,0,0,0,0,0,0
470919,1,1,0,0,10,0,0,0,0,0,9,0
470920,1,1,11,0,0,9,0,15,5,0,0,0
470921,1,1,2,2,2,2,2,2,2,2,2,2
470922,1,1,0,0,0,0,0,0,0,0,0,0
470922,2,1,0,0,0,0,0,0,0,0,0,0
470923,1,1,0,0,0,0,0,0,0,0,0,0
470924,1,1,0,0,0,0,0,0,0,0,0,0
470924,2,1,0,0,0,0,0,0,0,0,18,0
470924,3,1,0,0,0,0,0,0,0,0,0,0
470925,1,1,15,15,15,15,15,15,15,15,15,15
470926,1,1,0,18,0,12,33,0,17,4,0,0
470927,1,1,0,0,0,0,0,0,0,0,0,0
470927,2,1,0,0,0,0,0,0,0,0,0,0
470928,1,1,0,0,0,0,0,0,0,18,0,0
470928,2,1,0,0,0,0,0,0,0,0,0,0
470929,1,1,16,0,0,0,0,0,4,0,0,3
470929,2,1,24,24,24,24,24,24,24,24,24,24
470930,0,1,31,0,0,0,0,0,7,0,0,0
470930,1,1,0,0,0,0,0,0,0,0,0,0
470931,1,1,26,26,26,26,26,26,26,26,26,26
470931,2,1,0,0,0,0,0,0,0,0,0,0
470931,3,1,11,0,0,0,0,0,0,0,29,0
470932,1,1,0,0,0,0,0,0,0,0,0,0
470932,2,1,0,0,0,0,0,0,0,0,0,0
470933,1,1,0,0,0,0,0,0,0,0,0,0
470933,2,1,0,0,0,0,0,0,0,0,0,0
470934,1,1,22,22,22,22,22,22,22,22,22,22
470935,1,1,0,0,22,0,0,0,7,0,26,0
470935,2,1,0,0,0,0,0,0,0,0,0,0
470936,1,1,0,0,0,0,0,0,0,0,0,0
470936,2,1,0,0,0,11,0,0,0,0,0,0
470936,3,1,0,0,0,12,0,0,0,0,0,0
470937,0,1,0,0,0,0,0,0,0,0,0,0
470937,0,2,0,0,0,0,0,0,0,15,0,0
470937,1,1,0,0,0,0,0,0,0,0,0,0
470938,1,1,0,0,0,0,0,0,0,0,0,0
470938,2,1,0,0,0,0,0,0,0,0,0,0
470939,1,1,0,0,0,0,0,0,0,0,0,0
470939,2,1,0,0,0,0,0,0,0,0,0,0
470940,1,1,0,0,0,0,0,0,0,0,0,0
470941,1,1,3,3,3,3,3,3,3,3,3,3
470943,1,1,0,0,0,0,0,0,0,0,0,0
470943,2,1,0,0,0,0,0,0,0,0,0,0
470944,1,1,29,29,29,29,29,29,29,29,29,29
470945,1,1,0,0,0,0,0,0,0,0,0,0
470945,2,1,0,0,0,0,0,0,0,0,0,0
470946,0,1,0,0,0,0,0,0,0,0,0,0
470946,1,1,0,0,0,0,0,0,0,0,0,0
470947,0,1,0,0,0,0,0,0,0,0,0,0
470947,1,1,0,7,14,0,0,21,0,0,0,0
470948,0,1,0,0,0,0,0,0,0,0,0,0
470948,1,1,0,0,15,0,0,0,0,12,0,0
470949,1,1,0,0,0,0,0,0,0,0,0,0
470950,1,1,20,20,20,20,20,20,20,20,20,20
470951,1,1,0,0,0,0,0,0,0,0,0,0
470952,1,1,0,0,0,0,0,0,0,0,0,0
470953,0,1,35,35,35,35,35,35,35,35,35,35
470953,1,1,0,0,28,13,0,0,0,0,0,0