ST_CASE,VEH_NO,PER_NO,P1,P2,P3,P4,P5,P6,P7,P8,P9,P10
470954,1,1,0,0,24,0,0,0,0,0,0,0
470955,1,1,0,0,0,0,0,0,0,0,0,0
470956,0,1,0,0,26,0,0,0,0,0,0,0
470956,1,1,0,0,0,0,0,0,0,0,0,0
470957,1,1,0,0,0,0,0,0,0,0,0,0
470957,2,1,0,0,0,0,0,0,0,0,0,0
470958,1,1,0,0,21,0,0,13,0,0,0,10
470958,2,1,0,0,0,0,0,0,0,0,0,0
470959,1,1,0,0,0,0,0,0,0,0,0,0
470959,2,1,0,0,0,0,0,0,0,0,0,0
470960,0,1,0,0,0,0,0,0,0,0,0,0
470960,1,1,0,0,0,0,0,0,0,0,0,9
470961,0,1,0,0,13,0,0,0,0,19,0,45
470961,1,1,0,0,0,0,0,0,0,0,0,0
470962,1,1,0,0,0,13,0,28,0,0,0,0
470963,0,1,10,10,10,10,10,10,10,10,10,10
470963,1,1,0,0,0,0,0,0,0,0,0,0
470964,1,1,0,12,0,20,0,19,0,0,0,0
470965,1,1,0,0,0,0,0,0,0,0,0,0
470965,2,1,0,0,0,0,0,0,0,0,0,0
470967,1,1,0,0,0,0,0,0,0,0,0,0
470967,2,1,0,0,0,0,0,0,0,0,0,0
470968,1,1,0,0,0,0,0,0,0,0,0,0
470968,2,1,0,0,0,0,0,0,0,0,0,0
470969,1,1,16,16,16,16,16,16,16,16,16,16
470970,1,1,18,18,18,18,18,18,18,18,18,18
470971,1,1,0,0,11,0,0,12,0,0,0,0
470972,1,1,15,15,15,15,15,15,15,15,15,15
470973,1,1,0,0,0,0,0,0,0,0,0,0
470974,1,1,0,0,0,0,0,0,0,0,28,0
470975,1,1,23,0,0,0,0,0,0,0,13,37
470976,1,1,0,0,0,0,0,0,0,0,0,0
470977,1,1,0,0,12,0,0,0,0,0,0,0
470978,1,1,9,12,0,8,3,16,11,13,6,25
470979,1,1,0,0,0,0,0,0,0,0,0,0
470980,1,1,0,0,0,0,0,0,7,0,0,0
470981,1,1,0,0,0,0,0,0,0,0,0,0
470982,1,1,0,0,0,0,22,14,19,0,0,0
470984,1,1,0,0,0,0,0,0,0,0,0,0
470984,2,1,0,0,0,0,0,0,16,0,0,0
470984,3,1,0,0,0,0,0,0,0,0,0,0
470984,4,1,0,0,0,0,0,0,0,0,0,0
470985,1,1,17,0,0,0,0,0,17,0,0,0
470986,1,1,25,25,25,25,25,25,25,25,25,25
470987,1,1,5,0,0,0,0,0,0,0,0,0
470987,2,1,0,0,0,0,0,0,0,0,0,0
470988,1,1,0,0,0,0,0,0,0,0,0,0
470988,2,1,0,0,0,0,0,0,0,0,0,0
470989,1,1,0,0,0,0,0,0,0,0,0,0
470990,1,1,0,0,0,0,0,0,0,0,0,0
470990,2,1,0,0,0,0,0,0,0,0,0,0
470991,1,1,0,0,0,0,0,0,0,0,0,0
470991,2,1,0,0,0,0,0,0,0,0,0,0
470992,1,1,0,0,0,0,0,0,0,0,0,0
470992,2,1,0,0,0,0,0,0,0,20,11,0
480001,1,1,4,8,14,13,13,0,11,15,11,18
480001,2,1,0,6,9,13,11,0,11,13,0,12
480001,3,1,0,4,9,0,14,0,10,0,0,0
480002,1,1,0,0,0,0,0,0,0,0,0,0
480003,1,1,17,17,17,17,17,17,17,17,17,17
480004,1,1,6,6,6,6,6,6,6,6,6,6
480004,2,1,0,0,0,8,0,0,0,0,0,4
480005,1,1,27,0,0,0,0,22,0,0,0,0
480006,0,1,13,27,9,32,0,38,16,21,0,0
480006,1,1,3,32,9,20,0,0,0,0,7,0
480007,1,1,0,0,0,0,0,0,0,0,0,0
480008,1,1,11,11,11,11,11,11,11,11,11,11
480009,1,1,0,0,0,0,0,0,0,0,16,0
480010,1,1,0,0,0,0,0,0,0,0,0,0
480011,0,1,0,0,0,0,0,0,0,0,0,0
480011,1,1,0,0,0,0,19,4,0,0,0,0
480012,1,1,0,0,0,0,0,0,0,0,0,0
480012,2,1,0,0,0,0,0,0,0,0,0,7
480013,0,1,0,0,0,0,0,0,0,0,0,0
480013,1,1,0,0,0,0,0,0,0,0,0,0
480014,0,1,24,24,24,24,24,24,24,24,24,24
480014,1,1,38,0,11,12,21,0,0,23,0,18
480015,1,1,0,0,0,0,0,0,0,0,0,0
480016,1,1,0,0,31,0,0,0,0,0,0,0
480017,1,1,17,17,17,17,17,17,17,17,17,17
480018,1,1,7,7,18,6,0,29,7,0,0,10
480019,1,1,35,0,0,22,0,0,0,0,0,7
480020,1,1,0,0,0,0,0,0,0,0,0,0
480020,2,1,0,0,0,0,0,0,0,0,0,0
480021,1,1,21,21,21,21,21,21,21,21,21,21
480022,1,1,0,0,0,0,0,6,0,0,0,0
480023,1,1,8,8,8,8,8,8,8,8,8,8
480023,2,1,33,0,0,0,0,0,0,0,0,0
480024,1,1,0,0,0,0,0,0,0,0,0,0
480024,2,1,16,0,0,0,0,0,18,0,0,0
480025,0,1,0,0,0,0,0,0,0,0,0,0
480025,1,1,0,0,0,0,0,0,11,0,0,0
480026,1,1,23,23,23,23,23,23,23,23,23,23
480026,2,1,0,0,0,0,0,0,0,0,0,0
480027,1,1,0,0,0,0,0,21,0,0,0,0
480028,0,1,0,0,0,0,0,0,0,0,0,0
480028,1,1,0,0,0,0,0,0,0,0,0,0
480029,1,1,0,0,0,0,0,0,12,0,0,0
480029,2,1,0,0,0,0,0,0,0,0,0,0
480030,0,1,30,20,0,0,0,0,0,0,30,9
480030,1,1,0,27,0,16,8,0,21,10,0,17
480031,0,1,0,0,0,20,20,34,36,0,0,27
480031,1,1,0,0,16,0,0,0,0,15,0,0
480032,1,1,0,0,0,0,0,0,7,0,23,0
480032,2,1,0,0,0,0,0,0,0,0,8,0
480033,0,1,20,0,0,43,18,0,24,0,16,20
480033,1,1,6,0,0,12,0,0,0,19,0,14
480034,1,1,0,0,0,0,0,0,0,0,0,0
480034,2,1,0,0,0,0,0,0,0,0,0,0
480034,3,1,0,0,0,0,0,0,0,0,0,0
480035,0,1,0,0,0,0,0,0,0,0,0,0
480035,1,1,10,0,0,0,0,0,0,0,0,0
480036,0,1,6,6,6,6,6,6,6,6,6,6
480036,1,1,0,3,4,0,0,0,5,6,0,36
480037,1,1,0,25,0,0,15,0,0,30,0,0
480037,2,1,0,0,15,0,0,21,0,13,0,0
480038,1,1,9,9,9,9,9,9,9,9,9,9
480040,1,1,23,17,0,19,8,0,26,30,0,0
480041,1,1,24,38,0,16,0,27,21,5,11,0
480042,0,1,0,0,0,0,0,0,0,0,0,0
480042,1,1,0,0,0,0,0,0,0,0,0,0
480043,1,1,0,18,0,27,35,0,13,0,0,0
480043,2,1,31,31,31,31,31,31,31,31,31,31
480044,1,1,0,0,0,0,0,0,0,0,0,0
480045,1,1,0,0,0,0,0,0,0,0,0,0
480045,2,1,0,0,0,0,0,0,0,0,0,0
480046,0,1,0,0,0,0,0,0,0,0,0,0
480046,1,1,0,0,0,3,0,0,0,0,0,0
480047,1,1,0,0,0,0,0,0,0,0,11,0
480047,2,1,0,0,0,11,0,0,0,0,0,0
480047,3,1,0,0,0,0,8,0,0,0,0,0
480048,1,1,0,0,0,4,0,0,3,0,0,0
480048,2,1,1,1,1,1,1,1,1,1,1,1
480049,1,1,0,0,0,0,0,0,0,0,0,0
480050,1,1,0,4,0,0,26,0,22,0,20,36
480051,1,1,0,0,0,0,0,0,0,0,0,0
480052,1,1,17,17,17,17,17,17,17,17,17,17
480052,2,1,0,0,0,0,0,0,0,0,26,0
480053,1,1,0,0,0,0,15,23,0,0,0,0
480053,2,1,0,0,9,0,0,0,0,0,12,0
480054,1,1,17,17,17,17,17,17,17,17,17,17
480055,1,1,0,0,0,0,0,0,0,0,0,0
480055,2,1,0,0,0,0,0,0,0,0,0,0
480056,1,1,1,1,1,1,1,1,1,1,1,1
480056,2,1,6,6,6,6,6,6,6,6,6,6
480057,0,1,1,1,1,1,1,1,1,1,1,1
480057,1,1,0,29,0,8,0,16,0,14,15,0
480058,1,1,19,19,19,19,19,19,19,19,19,19
480058,2,1,0,32,0,0,0,26,0,0,0,0
480059,1,1,0,33,0,0,0,0,0,24,21,0
480059,2,1,0,0,0,0,0,0,0,0,0,0
480060,1,1,15,15,15,15,15,15,15,15,15,15
480060,2,1,0,0,0,0,0,0,0,7,0,17
480061,0,1,0,0,0,0,0,0,0,0,0,0
480061,1,1,0,0,0,0,34,16,0,0,0,0
480062,1,1,0,0,0,0,0,0,0,0,0,0
480063,1,1,0,0,15,0,0,0,0,0,0,0
480063,2,1,0,0,0,0,0,0,0,0,0,0
480064,1,1,14,0,30,22,15,5,10,10,8,12
480064,2,1,0,0,14,0,0,0,0,22,0,0
480065,1,1,25,25,25,25,25,25,25,25,25,25
480066,1,1,29,29,29,29,29,29,29,29,29,29
480067,1,1,0,0,0,0,0,0,26,0,23,0
480068,1,1,0,7,9,10,0,9,12,12,0,0
480069,1,1,0,18,0,0,0,16,0,0,19,0
480070,0,1,0,0,0,0,0,0,0,0,0,0
480070,1,1,0,0,13,0,0,0,0,0,0,0
480071,0,1,0,0,0,0,0,0,0,0,0,0
480071,1,1,0,0,0,0,0,0,0,0,0,0
480073,0,1,0,0,0,0,0,0,0,0,0,0
480073,1,1,0,9,0,0,0,0,0,0,0,0
480074,1,1,0,0,0,0,0,0,0,0,0,0
480074,2,1,0,0,0,0,0,0,15,0,0,0
480075,0,1,0,0,0,0,0,0,0,0,0,0
480075,1,1,0,0,0,0,0,0,0,0,0,0
480076,1,1,0,13,3,21,0,0,0,0,0,10
480076,2,1,27,0,8,0,0,0,0,0,0,9
480076,3,1,13,0,0,0,12,12,7,14,17,19
480077,0,1,0,0,0,0,0,0,0,0,0,0
480077,1,1,0,0,25,11,0,5,0,0,12,9
480078,0,1,0,0,0,0,0,0,0,0,0,0
480078,1,1,14,16,20,0,13,0,0,0,26,16
480079,0,1,5,20,26,0,6,0,0,0,24,0
480079,1,1,0,0,13,32,16,0,12,0,0,0
480080,1,1,19,10,12,18,5,35,12,7,18,5
480081,0,1,0,0,0,0,0,0,0,0,0,0
480081,1,1,0,0,0,24,20,0,0,0,23,37
480082,1,1,41,41,41,41,41,41,41,41,41,41
480082,2,1,0,11,0,18,10,0,0,0,0,0
480082,3,1,0,0,0,0,0,0,0,0,0,0
480083,1,1,12,18,13,3,10,0,6,11,14,21
480084,0,1,0,0,0,0,0,0,0,0,0,0
480084,1,1,0,0,0,0,0,0,0,0,0,0
480085,1,1,0,0,0,0,0,0,0,5,0,0
480085,2,1,0,0,0,0,0,0,0,0,0,0
480086,0,1,0,0,0,0,0,0,0,0,0,0
480086,1,1,0,8,0,0,0,0,29,0,0,0
480086,2,1,0,0,0,0,0,0,0,0,0,0
480087,1,1,0,0,0,0,0,0,0,0,0,0
480088,0,1,0,0,13,0,50,0,20,0,0,0
480088,1,1,0,18,18,0,14,0,0,19,0,5
480089,1,1,0,0,0,0,0,0,0,9,0,0
480089,2,1,18,0,0,0,12,0,11,0,0,0
480090,1,1,29,29,29,29,29,29,29,29,29,29
480091,1,1,16,16,16,16,16,16,16,16,16,16
480092,1,1,8,0,0,0,3,4,11,18,0,0
480092,2,1,0,0,0,0,0,0,0,12,0,7
480093,1,1,0,8,0,0,0,0,0,0,0,0
480094,0,1,0,0,0,0,0,0,26,0,15,18
480094,1,1,0,8,3,11,6,42,0,15,0,20
480095,0,1,15,15,15,15,15,15,15,15,15,15
480095,1,1,0,19,0,0,15,0,0,0,0,0
480096,1,1,0,0,0,0,0,0,0,0,0,0
480096,2,1,0,27,0,0,0,0,0,0,0,30
480097,1,1,0,0,0,0,0,0,0,0,0,0
480098,1,1,0,0,0,0,0,0,0,0,0,0
480098,2,1,0,0,0,0,0,0,0,0,10,0
480099,1,1,23,23,23,23,23,23,23,23,23,23
480100,1,1,17,0,18,11,10,0,20,16,28,0
480101,1,1,0,0,0,0,0,0,0,0,0,0
480102,0,1,19,0,0,0,0,29,32,14,0,0
480102,1,1,19,0,13,0,0,0,11,0,12,0
480103,1,1,0,0,0,0,0,0,0,0,0,0
480103,2,1,0,0,0,0,0,0,0,0,0,0
480104,1,1,0,0,0,30,0,0,0,0,0,0
480104,2,1,0,0,0,0,0,0,0,0,0,0
480105,1,1,0,10,0,0,0,0,0,12,0,0
480106,1,1,0,0,0,0,0,0,0,14,0,0
480106,2,1,0,0,0,0,0,0,25,0,0,0
480107,1,1,22,0,0,0,0,0,7,0,0,21
480107,2,1,0,0,0,14,0,10,0,0,7,12
480107,3,1,16,11,0,17,0,10,0,0,0,0
480108,1,1,8,8,8,8,8,8,8,8,8,8
480109,1,1,20,20,20,20,20,20,20,20,20,20
480110,1,1,22,22,22,22,22,22,22,22,22,22
480111,0,1,0,16,0,0,0,26,0,0,0,17
480111,1,1,0,0,25,0,0,0,0,0,0,0
480112,1,1,0,0,0,0,0,0,0,35,18,0
480112,2,1,0,0,0,0,27,0,0,0,13,15
480113,1,1,0,0,5,0,0,0,4,0,0,0
480113,2,1,0,0,0,0,0,0,0,0,0,0
480114,1,1,23,23,23,23,23,23,23,23,23,23
480115,1,1,0,0,0,0,0,0,0,0,0,0
480115,2,1,0,0,0,0,0,0,0,0,0,0
480115,3,1,0,0,0,0,0,0,0,0,0,0
480116,1,1,28,28,28,28,28,28,28,28,28,28
480117,1,1,0,0,0,0,0,0,0,0,0,0
480117,2,1,0,0,0,0,22,0,0,0,0,0
480118,0,1,0,0,0,0,0,0,0,0,9,0
480118,0,2,0,0,0,0,0,0,0,0,32,0
480118,1,1,0,0,0,0,0,0,0,0,0,0
480119,1,1,22,22,22,22,22,22,22,22,22,22
480120,1,1,0,0,0,0,0,0,0,0,0,0
480120,2,1,0,0,0,0,0,0,0,0,0,15
480121,1,1,0,0,0,0,0,0,0,0,0,0
480121,2,1,0,0,0,0,14,0,0,0,0,0
480122,1,1,0,0,0,0,0,0,0,0,0,0
480122,2,1,0,14,0,0,0,0,0,0,0,0
480122,3,1,0,0,0,0,0,0,0,0,0,0
480123,1,1,0,0,0,0,0,0,0,0,0,0
480124,1,1,7,7,7,7,7,7,7,7,7,7
480125,0,1,0,0,0,0,0,48,0,0,0,0
480125,1,1,1,1,1,1,1,1,1,1,1,1
480126,1,1,10,10,10,10,10,10,10,10,10,10
480127,0,1,0,0,0,0,0,0,0,0,0,0
480127,2,1,0,0,0,25,0,0,0,5,0,0
480128,1,1,0,0,0,0,0,0,0,0,0,0
480129,1,1,19,0,0,0,0,0,0,0,0,0
480129,2,1,0,0,0,0,0,0,0,0,0,0
480130,1,1,0,0,0,0,0,0,0,0,0,0
480130,2,1,0,19,18,0,0,0,0,0,17,0
480131,1,1,0,0,0,0,0,0,0,0,0,0
480132,0,1,24,24,24,24,24,24,24,24,24,24
480132,1,1,0,0,0,0,8,0,0,24,0,0
480133,1,1,12,12,12,12,12,12,12,12,12,12
480133,2,1,0,33,0,23,0,0,0,15,4,23
480134,1,1,0,0,0,0,0,0,0,0,0,0
480134,2,1,0,0,0,0,0,0,0,0,0,0
480135,1,1,0,0,0,0,0,0,0,0,0,0
480135,2,1,0,0,0,12,0,6,0,16,18,0
480136,1,1,18,28,0,0,10,0,0,0,0,0
480136,2,1,0,0,0,0,0,0,0,0,0,0
480137,1,1,0,0,0,0,0,0,0,0,0,0
480137,2,1,24,24,24,24,24,24,24,24,24,24
480138,1,1,0,0,0,0,0,0,0,0,0,0
480138,2,1,0,0,0,0,0,0,0,0,0,0
480138,3,1,0,0,10,15,0,16,0,0,0,16
480139,1,1,0,0,0,0,0,0,0,0,0,0
480139,2,1,0,6,0,0,0,0,0,0,0,0
480140,1,1,14,14,14,14,14,14,14,14,14,14
480141,1,1,0,0,0,0,0,0,0,0,0,0
480142,1,1,0,0,0,0,0,0,0,0,0,0
480142,2,1,0,0,0,0,0,0,0,0,0,0
480143,1,1,24,24,24,24,24,24,24,24,24,24
480144,1,1,0,0,0,0,0,0,0,0,0,0
480145,0,1,0,0,7,0,0,0,0,0,19,0
480145,1,1,0,0,0,0,0,0,23,0,0,0
480146,1,1,14,15,12,27,16,14,31,22,19,20
480147,1,1,17,17,17,17,17,17,17,17,17,17
480148,1,1,0,16,0,0,0,0,0,17,0,0
480149,1,1,20,20,20,20,20,20,20,20,20,20
480150,1,1,15,15,15,15,15,15,15,15,15,15
480151,1,1,13,13,13,13,13,13,13,13,13,13
480152,1,1,0,0,0,0,0,0,0,0,0,0
480153,1,1,15,21,6,23,10,22,22,23,30,26
480154,0,1,0,0,0,0,0,0,0,0,0,0
480154,1,1,0,0,5,16,0,0,0,0,0,0
480155,0,1,0,51,0,31,16,47,23,0,7,27
480155,0,2,7,0,0,0,0,8,0,0,0,48
480155,1,1,23,23,23,23,23,23,23,23,23,23
480156,0,1,0,0,0,0,0,0,0,0,0,0
480156,1,1,0,0,0,0,0,0,0,0,0,0
480157,1,1,0,0,0,0,0,0,21,13,17,16
480157,2,1,0,0,0,8,0,0,0,0,18,0
480159,0,1,37,37,37,37,37,37,37,37,37,37
480159,1,1,0,2,0,0,0,11,0,0,0,0
480159,2,1,0,0,0,0,20,0,0,0,0,0
480160,0,1,18,18,18,18,18,18,18,18,18,18
480160,1,1,0,0,0,0,0,0,0,0,14,0
480161,0,1,31,31,31,31,31,31,31,31,31,31
480161,1,1,19,20,0,3,0,0,0,0,16,0
480162,1,1,0,0,0,0,0,0,0,0,0,0
480163,1,1,0,0,0,0,0,21,0,0,0,9
480163,2,1,0,0,0,0,0,0,0,0,0,0
480164,1,1,0,13,0,0,0,0,0,18,9,0
480164,2,1,11,13,0,16,0,0,12,6,14,0
480165,0,1,0,0,0,0,0,0,0,0,0,0
480165,1,1,0,0,0,0,0,0,0,0,0,0
480166,1,1,0,0,0,0,0,0,0,0,0,0
480166,2,1,0,0,0,0,0,0,0,11,0,0
480167,1,1,0,0,0,0,0,0,0,0,0,0
480167,2,1,0,29,0,0,18,0,0,0,0,19
480168,1,1,0,0,15,0,0,24,11,0,6,0
480169,1,1,0,5,0,0,39,41,17,0,0,0
480170,1,1,0,0,0,0,0,0,0,0,0,0
480171,0,1,0,0,0,0,0,0,0,0,26,0
480171,1,1,0,0,0,0,0,0,0,0,0,12
480172,0,1,0,0,0,0,0,0,0,0,0,0
480172,1,1,0,0,0,0,0,0,0,0,0,0
480174,0,1,0,0,0,0,13,23,0,42,25,14
480174,1,1,0,24,10,11,0,0,26,0,0,14
480175,1,1,23,23,23,23,23,23,23,23,23,23
480176,1,1,18,18,18,18,18,18,18,18,18,18
480177,1,1,0,0,0,0,0,19,22,11,25,0
480178,1,1,15,15,15,15,15,15,15,15,15,15
480179,1,1,0,0,0,0,0,0,0,0,9,0
480180,0,1,1,1,1,1,1,1,1,1,1,1
480180,1,1,7,3,0,0,18,16,0,0,0,16
480181,1,1,12,12,12,12,12,12,12,12,12,12
480182,1,1,0,12,15,10,0,20,0,0,0,7
480182,2,1,0,0,0,20,0,0,8,0,0,0
480183,0,1,0,0,0,0,0,0,0,0,0,0
480183,1,1,0,6,0,0,12,0,0,0,0,0
480184,1,1,19,19,19,19,19,19,19,19,19,19
480185,1,1,24,24,24,24,24,24,24,24,24,24
480186,1,1,0,0,0,0,0,0,0,0,0,0
480186,2,1,10,0,0,0,0,0,0,0,0,0
480187,0,1,11,7,30,0,0,0,0,0,0,0
480187,1,1,0,0,17,19,0,0,0,0,0,0
480188,1,1,0,0,0,0,0,16,10,14,0,0
480188,2,1,0,0,0,0,0,0,17,23,0,0
480189,1,1,13,13,13,13,13,13,13,13,13,13
480190,1,1,0,0,21,0,0,0,0,0,0,0
480190,2,1,0,0,0,0,0,0,0,0,0,0
480191,0,1,0,0,0,0,21,24,36,0,0,0
480191,1,1,0,0,0,17,0,14,14,0,0,0
480191,2,1,0,13,28,23,12,25,0,0,10,0
480192,1,1,0,0,0,0,0,0,0,0,0,0
480192,2,1,0,0,0,0,0,0,0,0,0,0
480192,3,1,0,0,0,0,0,0,0,0,9,0
480193,0,1,23,23,23,23,23,23,23,23,23,23
480193,1,1,0,0,0,23,0,0,20,9,0,23
480195,1,1,0,0,0,0,0,0,0,0,0,0
480195,2,1,0,0,0,0,0,0,0,0,0,0
480196,0,1,0,13,0,0,32,21,0,0,0,0
480196,1,1,0,0,0,0,0,0,0,0,0,0
480197,0,1,31,31,31,31,31,31,31,31,31,31
480197,1,1,15,15,28,18,5,0,0,0,0,0
480198,0,1,30,30,30,30,30,30,30,30,30,30
480198,1,1,0,0,0,14,0,0,0,0,0,0
480199,1,1,22,0,0,0,46,28,0,0,0,0
480199,2,1,0,0,0,8,0,18,0,0,0,0
480200,1,1,0,0,0,0,0,0,0,0,0,0
480200,2,1,0,0,0,0,0,0,0,0,0,0
480201,1,1,0,0,0,0,0,0,0,0,0,0
480202,1,1,24,0,0,0,0,0,15,0,8,0
480203,1,1,0,0,0,0,0,0,0,0,0,0
480204,0,1,2,2,2,2,2,2,2,2,2,2
480204,1,1,4,31,25,0,15,0,21,9,0,4
480205,0,1,15,0,0,0,0,0,42,0,0,0
480205,1,1,0,0,0,0,0,11,0,20,34,0
480206,0,1,16,0,0,11,19,0,0,0,0,11
480206,1,1,0,4,14,0,0,0,20,8,7,0
480207,1,1,0,8,0,0,0,0,0,0,0,0
480207,2,1,0,0,0,0,0,0,0,0,0,0
480208,0,1,0,0,0,0,0,0,0,0,0,0
480208,1,1,0,26,24,0,0,0,0,0,0,0
480209,1,1,0,0,0,0,0,0,0,0,0,0
480210,1,1,0,16,0,19,0,0,0,0,24,0
480211,1,1,0,0,0,0,0,0,0,0,0,0
480213,0,1,26,26,26,26,26,26,26,26,26,26
480213,1,1,0,0,0,0,0,8,0,0,20,0
480214,1,1,0,0,0,0,0,0,0,0,0,0
480214,2,1,0,0,0,0,0,0,0,0,0,0
480215,1,1,0,0,0,0,0,0,0,0,0,0
480215,2,1,0,0,0,41,0,0,0,0,0,0
480216,0,1,0,0,0,0,0,0,0,0,0,0
480216,1,1,0,8,0,0,7,16,9,0,0,13
480217,0,1,4,4,4,4,4,4,4,4,4,4
480217,1,1,0,10,0,0,0,0,3,0,6,0
480218,1,1,13,13,13,13,13,13,13,13,13,13
480219,0,1,28,28,28,28,28,28,28,28,28,28
480219,1,1,0,0,0,0,15,0,19,0,7,0
480220,1,1,21,21,21,21,21,21,21,21,21,21
480221,0,1,30,33,0,0,0,19,43,0,0,8
480221,1,1,0,26,0,11,25,0,22,24,18,0
480222,1,1,15,15,15,15,15,15,15,15,15,15
480222,2,1,0,0,0,0,0,0,0,0,0,0
480223,1,1,0,0,0,0,0,0,0,0,0,0
480224,1,1,10,10,10,10,10,10,10,10,10,10
480224,2,1,0,0,15,0,0,0,0,0,0,0
480225,1,1,0,0,0,0,0,0,0,0,0,0
480226,0,1,0,0,0,0,32,0,0,0,0,13
480227,0,1,0,0,0,0,0,0,0,0,42,0
480228,1,1,13,0,0,0,0,0,14,0,0,0
480228,2,1,0,0,0,0,0,0,0,0,0,0
480229,0,1,18,0,31,0,0,26,17,14,0,10
480229,1,1,0,0,4,20,5,0,6,19,0,20
480230,1,1,0,0,7,17,0,0,0,0,0,0
480230,2,1,0,0,7,0,0,0,0,0,0,0
480231,1,1,24,24,24,24,24,24,24,24,24,24
480231,2,1,0,0,0,0,0,0,0,0,0,0
480232,1,1,0,0,0,0,0,0,0,0,0,0
480232,2,1,0,0,0,0,0,0,0,0,0,0
480233,1,1,18,18,18,18,18,18,18,18,18,18
480234,1,1,0,0,0,0,0,0,0,0,0,0
480234,2,1,0,0,6,0,0,0,0,0,16,0
480234,3,1,0,0,0,0,8,0,0,0,0,0
480235,0,1,0,0,0,0,0,0,0,0,0,0
480235,1,1,0,0,0,0,0,0,0,0,0,0
480236,1,1,0,10,0,0,0,0,0,0,0,0
480237,0,1,0,0,0,0,0,0,0,0,0,0
480237,1,1,0,0,0,0,0,0,0,0,0,0
480238,1,1,0,0,3,0,0,0,0,0,0,0
480239,1,1,19,19,19,19,19,19,19,19,19,19
480240,1,1,0,0,0,0,0,0,0,0,0,0
480240,2,1,0,0,0,0,0,0,0,0,0,0
480241,1,1,0,16,0,2,11,0,0,0,0,0
480241,2,1,7,11,0,0,0,0,6,0,0,0
480242,1,1,20,0,0,0,0,0,0,0,0,0
480242,2,1,0,0,0,0,0,0,0,0,0,0
480243,1,1,24,24,24,24,24,24,24,24,24,24
480243,2,1,4,8,0,0,0,0,0,15,0,0
480243,3,1,0,0,0,0,0,20,9,8,0,0
480244,1,1,23,31,0,25,0,0,0,0,6,0
480245,1,1,0,0,0,0,0,0,0,0,0,0
480245,2,1,18,18,18,18,18,18,18,18,18,18
480246,1,1,0,0,0,0,0,0,0,0,0,0
480246,2,1,0,0,0,0,0,0,0,0,0,0
480246,3,1,0,0,0,7,0,0,0,0,0,0
480248,0,1,0,0,0,17,0,25,34,0,0,4
480248,1,1,0,0,0,0,0,0,0,0,16,0
480249,0,1,0,0,0,0,0,0,0,0,0,0
480249,1,1,5,14,6,0,14,0,0,0,0,0
480250,0,1,0,0,0,0,0,0,0,0,0,0
480250,1,1,7,9,15,0,9,22,10,11,0,15
480251,0,1,19,5,0,0,12,25,0,0,23,22
480251,1,1,0,0,0,0,0,0,0,0,0,0
480252,1,1,0,0,0,18,0,0,13,0,0,0
480252,2,1,0,0,0,0,0,22,0,6,4,0
480254,1,1,0,0,0,0,0,0,0,0,0,0
480255,1,1,0,0,0,0,0,0,0,0,0,0
480256,1,1,9,16,0,0,0,11,0,15,0,0
480257,0,1,0,0,4,0,0,45,0,0,18,16
480257,1,1,0,0,0,13,0,0,0,0,0,0
480258,1,1,4,4,4,4,4,4,4,4,4,4
480259,0,1,0,30,0,17,0,14,17,0,0,0
480259,1,1,0,0,0,12,26,0,0,0,0,0
480260,1,1,0,0,0,0,0,0,0,0,0,0
480261,0,1,0,0,0,0,0,0,0,0,0,0
480261,1,1,0,0,0,0,0,0,0,0,0,0
480262,1,1,0,0,0,0,15,0,0,19,0,0
480262,2,1,0,0,0,10,26,21,0,30,0,0
480263,1,1,0,0,0,0,0,0,17,7,15,15
480263,2,1,0,0,0,0,0,0,0,0,0,0
480264,1,1,23,23,23,23,23,23,23,23,23,23
480265,1,1,0,0,0,0,0,0,0,0,0,0
480266,1,1,0,0,0,0,0,0,0,0,0,0
480267,1,1,0,0,0,0,0,0,0,0,0,0
480267,2,1,0,0,0,0,0,0,0,21,18,0
480268,0,1,0,0,0,0,0,0,0,0,0,0
480268,1,1,0,0,0,24,17,0,0,7,0,0
480269,1,1,22,22,22,22,22,22,22,22,22,22
480270,1,1,1,1,1,1,1,1,1,1,1,1
480270,2,1,0,0,15,0,12,0,0,0,0,8
480271,1,1,0,0,0,22,0,0,0,0,0,0
480272,1,1,17,0,0,0,4,20,23,4,10,0
480273,1,1,0,0,14,0,0,0,0,12,0,23
480273,2,1,0,0,0,0,0,6,0,0,0,0
480273,3,1,0,3,0,30,0,0,0,0,0,0
480273,4,1,0,0,0,0,22,0,0,0,0,0
480274,1,1,16,16,16,16,16,16,16,16,16,16
480275,1,1,18,0,6,0,28,13,0,0,34,38
480276,1,1,0,17,0,0,7,0,0,0,0,0
480277,1,1,11,11,11,11,11,11,11,11,11,11
480278,1,1,16,0,0,20,0,0,0,18,0,6