ST_CASE,VEH_NO,PER_NO,P1,P2,P3,P4,P5,P6,P7,P8,P9,P10
481453,1,1,22,22,22,22,22,22,22,22,22,22
481453,2,1,0,10,0,0,0,21,15,9,7,0
481454,1,1,22,22,22,22,22,22,22,22,22,22
481455,1,1,12,12,12,12,12,12,12,12,12,12
481456,1,1,19,19,19,19,19,19,19,19,19,19
481457,1,1,0,0,17,0,0,0,11,0,16,0
481458,1,1,18,18,18,18,18,18,18,18,18,18
481458,2,1,19,14,0,0,0,0,19,0,0,9
481458,3,1,0,12,0,0,0,0,0,0,0,5
481458,4,1,5,0,0,0,21,0,0,0,0,20
481458,5,1,0,39,0,0,20,0,0,0,0,0
481458,6,1,0,0,0,0,0,0,0,0,0,0
481459,1,1,0,22,0,0,0,6,0,0,0,0
481459,2,1,0,0,0,0,21,0,0,0,0,14
481459,3,1,0,0,0,0,0,0,0,6,0,0
481459,4,1,0,0,0,8,0,0,0,0,9,0
481459,5,1,0,0,32,0,0,10,0,0,0,0
481459,6,1,0,7,0,0,0,0,25,0,0,0
481459,7,1,0,0,0,0,0,0,21,0,0,0
481459,8,1,0,0,0,0,0,0,0,0,36,15
481459,9,1,0,6,0,17,0,0,0,0,0,0
481459,10,1,0,0,0,23,5,0,0,0,0,0
481459,11,1,0,0,0,0,3,0,0,0,0,0
481459,12,1,0,0,0,0,0,0,0,0,0,0
481460,1,1,0,0,0,0,0,0,0,0,0,0
481460,2,1,0,0,0,0,0,0,0,0,0,0
481461,0,1,23,0,0,0,0,20,0,0,0,0
481461,1,1,11,0,0,0,0,0,0,0,9,0
481462,0,1,8,8,8,8,8,8,8,8,8,8
481462,1,1,0,5,3,20,14,10,11,6,0,15
481463,0,1,20,0,0,0,32,17,0,19,9,11
481463,1,1,8,0,18,0,0,15,16,9,22,5
481464,1,1,0,0,13,15,0,22,0,0,25,0
481464,2,1,0,0,0,0,0,0,0,0,0,0
481465,1,1,19,19,19,19,19,19,19,19,19,19
481466,1,1,0,0,0,0,0,0,0,0,0,0
481466,2,1,11,0,8,0,0,0,0,0,0,7
481467,1,1,0,0,0,0,0,0,0,0,0,0
481467,2,1,0,0,0,0,0,0,0,0,0,0
481468,1,1,0,0,0,0,0,0,0,0,0,0
481468,2,1,0,0,0,18,0,16,24,0,15,15
481469,1,1,4,0,0,0,6,0,0,0,0,0
481469,2,1,0,0,0,0,0,0,18,0,0,19
481469,3,1,0,0,0,0,0,0,0,0,0,0
481470,1,1,20,23,0,19,10,11,8,0,18,0
481471,1,1,0,0,0,0,0,0,0,0,0,0
481471,2,1,0,0,0,0,0,0,0,0,0,0
481472,0,1,24,24,24,24,24,24,24,24,24,24
481472,1,1,13,8,11,0,5,4,0,24,10,3
481473,0,1,10,0,0,0,25,21,19,0,14,0
481473,1,1,0,21,15,0,0,0,0,18,0,28
481474,1,1,0,0,0,0,2,0,0,2,0,0
481474,2,1,32,32,32,32,32,32,32,32,32,32
481475,1,1,0,0,0,0,0,0,0,0,0,0
481475,2,1,0,21,0,0,0,0,0,20,0,0
481476,1,1,3,0,0,0,0,0,5,0,0,0
481476,2,1,15,0,18,22,0,0,0,0,0,0
481477,1,1,0,16,12,5,0,18,23,20,0,9
481477,2,1,0,0,0,0,0,20,10,0,17,0
481478,0,1,0,0,0,0,0,0,0,0,0,0
481478,1,1,0,18,0,0,0,0,0,0,12,10
481479,1,1,0,8,0,0,0,0,0,0,0,0
481479,2,1,0,0,0,0,0,0,0,0,14,0
481480,1,1,0,0,0,0,0,0,0,0,0,0
481481,1,1,0,0,0,0,0,0,0,0,0,0
481481,2,1,0,0,14,0,0,0,0,14,0,0
481482,1,1,0,0,0,0,0,6,32,0,0,0
481483,1,1,0,0,0,0,23,0,0,0,0,0
481483,2,1,0,0,0,0,9,0,0,0,0,0
481484,1,1,0,0,0,0,0,0,0,0,0,0
481484,2,1,0,0,14,0,0,6,0,0,5,0
481485,1,1,36,36,36,36,36,36,36,36,36,36
481486,1,1,0,0,0,0,0,0,0,0,0,0
481486,2,1,0,0,0,0,0,0,0,0,0,0
481487,0,1,21,21,21,21,21,21,21,21,21,21
481487,1,1,0,0,0,0,20,0,0,0,0,0
481488,0,1,0,0,0,0,0,0,0,0,0,0
481488,1,1,0,0,29,0,0,0,19,0,34,0
481489,1,1,0,0,0,27,0,0,0,0,0,0
481489,2,1,0,0,0,0,20,0,0,0,0,0
481490,1,1,0,0,0,21,0,0,0,0,15,5
481490,2,1,14,0,0,0,0,0,0,9,0,0
481491,1,1,0,32,0,0,0,0,0,0,0,0
481491,2,1,0,23,0,0,0,0,0,0,0,7
481492,1,1,0,0,0,0,0,0,0,0,0,0
481492,2,1,41,41,41,41,41,41,41,41,41,41
481493,1,1,25,25,25,25,25,25,25,25,25,25
481494,1,1,0,0,0,0,0,0,0,0,0,0
481494,2,1,0,0,0,0,0,0,0,0,16,0
481495,0,1,4,0,21,26,0,30,0,0,26,21
481495,1,1,0,0,0,13,0,0,0,14,0,0
481497,1,1,21,7,14,0,0,18,5,7,20,0
481498,1,1,0,0,0,0,0,0,0,0,0,0
481498,2,1,0,0,0,0,0,0,0,0,0,0
481498,3,1,0,0,0,0,0,0,50,0,0,0
481499,1,1,14,14,14,14,14,14,14,14,14,14
481501,1,1,0,0,0,0,0,0,0,0,0,0
481501,2,1,0,0,0,0,0,0,0,0,0,0
481502,1,1,9,9,9,9,9,9,9,9,9,9
481502,2,1,5,0,0,0,0,9,0,0,11,8
481503,0,1,18,19,8,0,13,0,17,0,0,0
481503,1,1,0,0,9,0,15,0,0,0,26,6
481504,1,1,28,20,0,7,8,0,20,0,19,20
481505,1,1,16,16,16,16,16,16,16,16,16,16
481506,1,1,11,11,11,11,11,11,11,11,11,11
481506,2,1,0,12,11,0,20,0,25,0,0,16
481507,0,1,29,0,0,0,0,9,0,37,0,0
481507,1,1,0,0,0,22,0,18,0,0,0,0
481508,1,1,0,0,0,0,0,0,0,0,0,0
481509,0,1,24,25,0,10,0,22,8,11,0,0
481509,1,1,23,0,0,0,0,0,3,16,12,24
481509,2,1,0,0,0,17,7,0,0,0,13,18
481509,3,1,0,0,0,0,0,0,0,0,0,0
481509,4,1,0,25,0,0,0,0,0,0,0,0
481509,5,1,0,21,0,0,0,0,10,18,0,0
481510,0,1,18,18,18,18,18,18,18,18,18,18
481510,1,1,3,3,3,3,3,3,3,3,3,3
481511,1,1,18,18,18,18,18,18,18,18,18,18
481512,1,1,0,0,0,0,0,0,0,0,14,5
481513,1,1,22,22,22,22,22,22,22,22,22,22
481514,0,1,0,0,21,17,0,9,0,14,0,26
481514,1,1,0,43,0,0,0,0,0,0,0,0
481515,1,1,0,0,0,12,0,28,10,0,19,0
481516,1,1,0,0,0,0,0,0,0,0,0,0
481517,1,1,0,0,3,0,0,0,0,0,0,0
481517,2,1,0,0,0,0,0,0,0,0,0,0
481518,1,1,0,0,0,0,0,0,0,0,0,0
481518,2,1,0,0,20,0,13,0,0,0,0,0
481519,1,1,0,0,8,0,0,0,0,0,0,0
481519,2,1,20,0,0,0,0,0,0,0,14,0
481520,1,1,0,0,0,0,0,22,6,14,0,0
481520,2,1,0,0,12,0,0,0,0,0,0,0
481521,1,1,0,15,0,0,10,0,0,0,15,0
481522,1,1,12,12,12,12,12,12,12,12,12,12
481524,1,1,0,0,0,0,0,0,0,0,0,0
481525,1,1,21,18,24,24,5,13,15,13,25,10
481525,2,1,15,0,0,15,9,20,26,9,16,0
481525,3,1,10,19,22,15,14,34,0,0,14,14
481525,4,1,16,11,24,0,0,0,18,0,20,19
481526,0,1,26,26,26,26,26,26,26,26,26,26
481526,1,1,19,8,0,0,0,0,0,0,0,0
481527,1,1,0,0,0,0,0,0,0,0,0,0
481527,2,1,0,0,13,0,0,0,0,0,0,0
481528,0,1,0,0,0,0,0,0,0,0,0,0
481528,1,1,0,0,0,0,0,0,0,0,0,0
481529,0,1,0,0,19,0,0,0,0,0,0,0
481529,1,1,9,0,7,0,0,0,0,0,5,2
481531,1,1,0,0,0,0,0,0,0,0,0,0
481531,2,1,0,0,0,0,0,0,0,0,0,0
481532,1,1,0,0,0,0,0,0,0,0,16,0
481532,2,1,17,0,0,2,14,0,9,0,0,8
481533,1,1,0,19,0,0,0,0,0,17,0,0
481533,2,1,0,5,0,0,0,0,12,26,0,0
481534,1,1,0,0,0,0,0,0,0,0,0,0
481534,2,1,0,0,0,0,0,0,0,0,0,0
481535,1,1,18,12,6,0,0,0,13,0,25,9
481535,2,1,0,0,12,0,0,0,0,26,0,0
481536,1,1,0,0,0,0,37,0,23,0,0,0
481536,2,1,0,0,0,0,0,0,0,0,0,0
481537,1,1,0,0,0,10,0,0,0,0,23,18
481538,1,1,23,23,23,23,23,23,23,23,23,23
481539,0,1,0,0,0,0,0,0,0,0,0,0
481539,1,1,0,12,0,19,0,0,9,0,0,0
481539,2,1,0,12,15,0,4,2,0,0,14,0
481540,1,1,20,20,20,20,20,20,20,20,20,20
481540,2,1,18,0,12,0,0,0,19,0,12,0
481540,3,1,0,0,0,11,18,12,14,0,0,0
481541,0,1,0,0,0,0,0,0,0,0,0,0
481541,1,1,0,0,0,0,5,0,0,13,0,0
481542,1,1,0,0,0,0,0,0,0,0,0,0
481542,2,1,0,0,0,0,0,0,0,0,0,0
481543,2,1,0,15,0,0,13,0,0,0,0,19
481543,3,1,7,0,0,0,0,14,0,0,0,0
481543,4,1,0,0,0,0,0,0,0,0,0,0
481544,1,1,0,0,0,0,10,0,0,0,0,0
481544,2,1,0,0,0,10,0,0,0,16,0,0
481544,3,1,0,0,0,0,0,0,0,0,0,0
481545,1,1,0,0,0,0,0,0,0,0,0,0
481545,2,1,0,18,0,0,0,0,0,0,0,0
481545,3,1,0,0,0,0,0,0,0,0,0,0
481546,1,1,14,14,14,14,14,14,14,14,14,14
481547,0,1,0,0,0,0,0,0,0,0,0,0
481547,1,1,35,24,0,12,15,0,21,15,0,0
481548,1,1,0,0,0,0,0,0,0,0,0,0
481548,2,1,0,0,0,0,0,0,0,10,0,18
481549,1,1,16,16,16,16,16,16,16,16,16,16
481549,2,1,2,2,2,2,2,2,2,2,2,2
481550,0,1,11,11,11,11,11,11,11,11,11,11
481550,1,1,0,0,0,0,0,0,0,0,0,0
481551,1,1,0,0,0,0,0,0,0,0,0,0
481552,0,1,0,0,0,0,0,0,0,0,0,0
481552,1,1,0,7,0,0,4,5,0,12,0,12
481553,1,1,0,0,0,0,0,0,0,0,22,0
481553,2,1,0,0,0,0,0,0,0,0,0,0
481554,1,1,0,0,13,39,14,24,17,5,11,0
481555,1,1,0,26,0,0,0,0,0,0,16,0
481555,2,1,0,0,0,0,0,0,0,0,0,0
481556,1,1,0,22,11,0,0,16,13,31,11,0
481557,1,1,0,0,0,0,0,0,0,0,0,0
481557,2,1,0,0,0,0,0,0,0,0,0,0
481558,1,1,0,0,0,10,0,6,13,9,44,14
481559,1,1,0,0,0,0,0,0,0,0,0,0
481559,2,1,0,0,0,0,0,0,0,0,0,0
481559,3,1,0,0,0,0,0,0,0,0,0,0
481560,0,1,0,0,0,0,0,0,0,0,0,0
481560,1,1,0,0,0,0,0,0,0,0,0,26
481561,1,1,0,0,0,0,23,0,11,0,0,27
481561,2,1,22,0,0,0,0,24,21,0,0,0
481562,1,1,0,12,0,0,0,0,0,0,0,0
481562,2,1,0,0,0,0,0,0,14,0,0,0
481562,3,1,0,0,0,0,0,0,0,0,17,17
481563,1,1,0,0,0,0,0,0,0,0,0,0
481563,2,1,0,0,9,0,0,17,0,0,0,0
481564,1,1,0,0,14,0,35,0,0,0,0,0
481565,1,1,0,0,0,0,0,0,0,0,0,0
481565,2,1,0,0,0,0,0,0,0,0,0,0
481566,1,1,0,0,0,0,0,0,0,0,0,0
481567,1,1,0,0,0,26,19,0,0,0,0,10
481567,2,1,0,0,13,0,0,26,0,0,12,0
481567,3,1,0,0,0,0,0,0,0,0,0,0
481568,0,1,19,0,46,8,31,23,33,6,24,19
481568,1,1,7,0,7,3,2,0,12,10,0,0
481569,1,1,7,0,0,0,10,21,0,0,25,0
481569,2,1,0,0,0,0,0,25,25,0,0,0
481570,1,1,18,18,18,18,18,18,18,18,18,18
481570,2,1,0,0,6,0,34,19,0,6,0,7
481571,1,1,0,0,0,0,0,0,0,15,0,0
481571,2,1,0,0,0,0,0,0,0,0,0,0
481571,3,1,15,0,13,0,0,0,0,0,0,0
481572,0,1,24,24,24,24,24,24,24,24,24,24
481572,1,1,0,21,9,0,10,0,12,11,0,0
481573,1,1,0,0,0,0,0,0,0,0,0,0
481574,1,1,14,14,14,14,14,14,14,14,14,14
481575,1,1,0,0,0,17,0,22,0,0,0,0
481575,2,1,0,0,0,0,0,0,12,0,0,0
481576,1,1,0,29,0,6,0,0,0,0,0,0
481576,2,1,0,0,0,0,0,0,0,0,0,0
481577,0,1,0,0,0,0,0,0,0,0,0,0
481577,1,1,0,0,0,0,0,0,0,0,0,19
481578,1,1,0,0,0,0,0,0,0,17,0,0
481578,2,1,0,0,0,0,0,0,0,0,0,0
481579,1,1,8,8,8,8,8,8,8,8,8,8
481580,1,1,10,10,10,10,10,10,10,10,10,10
481581,0,1,0,26,0,0,0,0,0,0,0,0
481581,1,1,0,0,10,25,0,0,19,0,0,0
481582,1,1,0,0,0,0,0,0,0,0,0,0
481582,2,1,0,0,0,0,0,0,0,0,0,0
481583,1,1,22,0,0,0,0,0,31,0,10,0
481583,2,1,11,10,0,0,27,8,14,0,11,43
481583,3,1,0,0,0,0,0,0,0,0,0,0
481584,1,1,0,0,0,0,0,0,0,0,0,0
481584,2,1,0,0,0,0,0,0,22,0,0,0
481585,0,1,14,14,14,14,14,14,14,14,14,14
481585,1,1,0,37,0,27,11,0,5,0,17,0
481586,1,1,0,0,0,0,0,0,0,0,0,0
481586,2,1,0,0,0,0,0,0,0,0,0,0
481587,1,1,27,33,10,8,6,11,23,20,0,14
481588,0,1,0,17,0,0,0,0,0,0,0,0
481588,1,1,9,0,9,27,18,11,0,0,0,0
481589,0,1,0,31,0,0,13,0,0,0,0,0
481589,1,1,0,0,0,39,0,0,0,0,0,0
481590,0,1,0,0,0,0,0,0,0,0,0,0
481590,1,1,0,0,0,0,0,0,0,12,0,0
481591,1,1,17,7,30,0,0,0,0,27,20,0
481592,1,1,0,0,15,0,0,0,0,0,44,0
481593,1,1,20,7,0,0,0,0,0,18,0,22
481594,1,1,0,0,0,0,0,0,0,0,8,0
481595,1,1,0,0,0,0,34,0,0,0,0,0
481596,1,1,0,0,3,22,0,0,11,0,0,0
481597,0,1,31,12,0,0,0,46,0,0,0,0
481597,1,1,0,0,0,0,0,0,0,0,0,0
481598,1,1,0,0,0,0,0,0,0,0,0,0
481598,2,1,0,0,0,0,0,0,0,0,0,0
481599,1,1,38,16,0,7,0,0,0,0,0,0
481599,2,1,0,0,0,16,15,2,0,6,0,0
481600,1,1,13,0,0,0,0,0,0,0,0,0
481600,2,1,0,0,0,0,12,0,0,0,0,0
481601,1,1,15,13,5,0,12,18,25,15,2,5
481601,2,1,10,0,0,4,0,6,0,0,0,0
481602,1,1,0,0,11,13,14,25,0,11,13,26
481602,2,1,0,0,0,8,0,0,0,5,24,0
481603,1,1,5,17,23,17,0,6,0,0,0,0
481604,1,1,8,0,0,0,0,0,0,0,0,0
481604,2,1,0,0,0,0,0,0,0,0,0,0
481605,1,1,0,0,0,0,0,0,0,0,0,0
481605,2,1,0,0,0,0,0,0,0,0,0,0
481606,1,1,0,0,0,0,0,11,0,0,4,0
481607,1,1,0,0,0,0,0,0,0,0,0,0
481607,2,1,0,0,0,0,0,0,0,0,0,0
481608,1,1,0,0,0,0,0,0,0,0,31,0
481609,1,1,0,0,24,0,0,0,0,13,0,0
481609,2,1,0,0,0,4,0,0,0,0,0,9
481610,1,1,22,22,22,22,22,22,22,22,22,22
481611,1,1,0,0,0,0,0,0,0,0,0,0
481611,2,1,0,31,0,0,0,0,0,0,0,0
481612,1,1,0,0,0,0,0,0,0,0,0,0
481612,2,1,0,0,0,0,0,0,0,0,0,0
481612,3,1,0,16,0,0,0,14,8,0,21,0
481613,1,1,0,0,0,0,10,7,12,15,0,0
481614,1,1,0,0,0,0,0,0,0,0,0,0
481614,2,1,0,0,0,0,0,0,0,0,0,0
481615,1,1,0,0,0,0,0,12,0,14,0,12
481615,2,1,0,0,0,0,0,0,0,0,0,9
481615,3,1,0,0,0,16,0,0,8,0,0,0
481616,1,1,0,0,0,0,0,0,0,0,0,3
481616,2,1,0,0,0,0,0,0,0,0,0,0
481617,1,1,18,7,0,25,0,0,0,0,34,0
481617,2,1,39,0,0,0,12,27,0,0,0,0
481618,1,1,0,0,0,0,0,0,0,0,0,0
481618,2,1,0,0,0,0,0,0,17,6,0,0
481619,1,1,0,0,0,0,0,0,0,0,0,0
481619,2,1,0,0,0,0,0,0,0,0,0,0
481620,1,1,0,0,0,0,0,0,0,0,0,0
481620,2,1,0,11,14,0,0,0,0,0,0,0
481622,1,1,0,0,11,0,0,7,0,18,0,12
481623,1,1,13,13,0,0,8,0,0,0,0,33
481623,2,1,0,27,0,0,0,0,16,0,0,0
481624,1,1,0,20,0,0,20,7,0,0,4,32
481624,2,1,10,15,0,0,0,0,12,0,0,23
481624,3,1,0,0,0,0,0,0,0,0,0,0
481625,1,1,25,25,25,25,25,25,25,25,25,25
481625,2,1,10,10,10,10,10,10,10,10,10,10
481626,1,1,12,0,0,23,21,32,0,0,0,10
481627,1,1,6,6,6,6,6,6,6,6,6,6
481628,1,1,30,30,30,30,30,30,30,30,30,30
481628,2,1,0,0,0,0,9,8,20,6,0,0
481629,1,1,0,19,0,15,0,0,0,18,0,0
481629,2,1,0,0,0,0,0,0,0,6,0,0
481630,0,1,0,0,0,0,0,0,0,0,0,0
481630,1,1,0,3,0,0,0,0,0,0,8,0
481631,1,1,29,29,29,29,29,29,29,29,29,29
481632,1,1,23,23,23,23,23,23,23,23,23,23
481632,2,1,0,0,0,0,0,0,0,0,0,0
481633,1,1,2,2,2,2,2,2,2,2,2,2
481634,0,1,9,9,9,9,9,9,9,9,9,9
481634,1,1,0,0,0,0,26,0,0,0,0,0
481635,0,1,0,25,0,0,0,0,16,0,34,7
481635,1,1,6,0,0,19,0,0,0,0,2,27
481636,1,1,11,6,0,0,0,7,11,7,32,35
481636,2,1,11,15,22,4,14,38,13,6,5,11
481637,1,1,0,22,18,10,0,0,0,0,30,8
481637,2,1,11,16,7,14,10,34,21,6,6,0
481638,1,1,8,8,8,8,8,8,8,8,8,8
481638,2,1,0,0,0,0,0,0,0,0,0,0
481639,1,1,17,0,0,38,26,29,0,8,12,27
481640,1,1,0,22,0,0,0,6,16,0,0,0
481641,1,1,17,27,10,12,28,26,6,26,23,17
481641,2,1,0,0,0,0,0,0,0,0,0,0
481642,1,1,9,0,0,20,3,11,13,0,10,0
481642,2,1,0,0,0,0,0,0,0,0,0,0
481643,0,1,0,0,0,0,0,0,0,0,0,0
481643,1,1,23,0,20,24,0,0,16,0,0,0
481644,0,1,15,0,0,0,0,0,0,19,0,0
481644,1,1,0,0,0,13,9,18,0,0,0,20
481645,1,1,30,30,30,30,30,30,30,30,30,30
481646,0,1,0,0,0,0,0,0,0,0,0,29
481646,1,1,0,7,11,5,9,0,4,2,0,8
481647,1,1,12,12,12,12,12,12,12,12,12,12
481648,1,1,14,20,5,7,0,0,12,7,15,16
481649,1,1,11,11,11,11,11,11,11,11,11,11
481650,0,1,0,0,0,0,0,0,0,0,0,0
481650,1,1,0,6,15,8,25,0,15,0,0,9
481651,0,1,4,4,4,4,4,4,4,4,4,4
481651,1,1,0,0,0,0,0,0,0,17,8,0
481651,2,1,13,0,0,14,26,0,0,0,0,0
481652,1,1,17,17,17,17,17,17,17,17,17,17
481653,1,1,0,0,0,0,0,0,18,0,0,0
481654,1,1,0,0,0,0,0,0,0,0,0,0
481655,1,1,0,0,0,19,0,0,7,0,0,0
481655,2,1,0,0,0,0,0,0,0,0,0,0
481656,1,1,0,0,0,0,0,0,0,0,0,0
481657,1,1,0,0,0,0,0,0,0,0,0,0
481658,1,1,0,0,0,0,0,0,0,0,0,0
481658,2,1,0,0,0,0,0,0,0,0,0,0
481659,1,1,0,0,0,0,0,0,0,0,0,0
481660,1,1,8,10,0,0,19,12,0,0,0,17
481661,0,1,0,0,0,0,0,0,0,0,0,0
481661,1,1,0,0,0,0,0,0,0,0,0,0
481662,1,1,20,20,20,20,20,20,20,20,20,20
481662,2,1,21,0,0,13,4,0,0,0,14,9
481663,1,1,0,56,11,8,0,0,0,0,0,0
481663,2,1,0,0,0,0,0,0,2,7,0,0
481664,1,1,7,6,16,6,6,0,12,6,23,9
481665,1,1,0,0,0,0,0,0,10,0,0,0
481666,1,1,9,0,0,0,26,19,0,5,0,0
481667,1,1,0,0,0,0,0,0,0,0,0,7
481667,2,1,0,17,0,0,0,0,0,0,0,0
481668,1,1,28,15,19,27,12,23,20,19,13,20
481669,1,1,0,0,0,0,0,0,0,0,23,23
481669,2,1,0,0,0,0,0,0,0,0,0,0
481670,1,1,0,0,0,0,0,0,0,0,0,0
481670,2,1,0,0,0,0,0,0,0,0,0,0
481671,1,1,0,0,0,0,0,0,0,0,0,0
481671,2,1,0,0,0,0,0,0,0,0,0,0
481672,1,1,0,4,8,0,0,0,0,0,0,0
481673,1,1,0,17,0,6,0,0,9,16,0,0
481673,2,1,0,0,0,3,0,0,0,0,0,0
481674,1,1,0,0,0,0,0,0,0,0,0,0
481674,2,1,8,0,0,0,0,0,0,0,9,0
481675,1,1,0,0,0,0,0,0,0,0,0,0
481675,2,1,2,2,2,2,2,2,2,2,2,2
481676,0,1,19,19,19,19,19,19,19,19,19,19
481676,1,1,8,8,8,8,8,8,8,8,8,8
481677,1,1,2,2,2,2,2,2,2,2,2,2
481678,1,1,0,0,0,0,0,0,0,0,0,0
481678,2,1,0,0,0,0,0,0,0,0,0,0
481679,1,1,0,0,0,2,0,16,0,0,0,0
481679,2,1,0,0,0,0,0,0,0,0,0,0
481680,1,1,0,0,0,0,0,0,0,0,0,0
481680,2,1,15,0,0,0,6,0,0,19,0,0
481681,1,1,0,0,0,0,0,0,0,0,0,0
481682,1,1,17,17,17,17,17,17,17,17,17,17
481682,2,1,0,0,0,0,0,0,0,0,0,0
481682,3,1,16,16,16,16,16,16,16,16,16,16
481683,1,1,0,0,0,0,0,0,18,9,0,0
481683,2,1,9,0,0,0,0,0,0,0,5,12
481684,1,1,9,11,22,25,0,0,14,12,31,17
481684,2,1,16,11,11,0,0,0,13,8,7,0
481685,1,1,0,0,0,0,0,0,0,0,0,0
481686,1,1,0,0,0,0,9,0,0,2,0,0
481686,2,1,0,0,0,0,0,0,0,0,0,0
481687,1,1,0,0,0,0,15,0,8,0,0,7
481687,2,1,0,0,8,0,0,0,0,0,0,0
481688,1,1,0,0,0,0,0,0,0,0,0,0
481688,2,1,0,0,0,0,0,0,0,0,0,0
481689,1,1,4,15,10,11,19,27,0,12,14,0
481689,2,1,12,7,15,20,29,11,9,0,18,21
481689,3,1,0,0,12,0,50,0,0,22,13,11
481690,1,1,0,0,0,0,0,0,0,0,0,0
481691,1,1,10,0,0,0,23,0,0,0,0,12
481691,2,1,0,0,0,0,0,0,0,0,0,0
481691,3,1,0,0,0,0,0,0,15,0,0,0
481692,1,1,0,0,0,0,0,0,0,0,0,0
481692,2,1,0,0,0,0,15,0,0,0,22,19
481693,1,1,0,0,0,0,0,0,0,0,0,0
481693,2,1,0,0,0,28,0,13,0,0,0,0
481694,1,1,0,0,0,19,0,0,13,23,6,0
481694,2,1,0,5,13,0,9,13,0,3,7,0
481695,1,1,23,23,23,23,23,23,23,23,23,23
481696,1,1,0,0,0,0,0,0,6,0,0,0
481696,2,1,0,0,0,0,0,0,0,0,5,0
481697,1,1,16,16,16,16,16,16,16,16,16,16
481697,2,1,27,27,27,27,27,27,27,27,27,27
481697,3,1,21,14,0,7,19,0,0,0,13,0
481698,1,1,0,0,6,0,20,16,0,18,0,0
481698,2,1,0,0,0,0,0,0,0,0,0,0
481699,1,1,0,0,0,0,0,0,0,0,0,0
481700,0,1,0,0,0,0,29,8,0,22,26,0
481700,1,1,0,0,25,18,0,10,27,0,0,0
481701,1,1,0,0,34,0,0,0,0,0,0,11
481702,1,1,0,8,0,0,45,0,0,0,0,0
481702,2,1,15,11,0,33,0,0,0,0,0,45
481703,1,1,0,0,0,0,0,0,0,15,0,0
481704,1,1,0,23,0,0,26,0,21,0,0,0
481705,1,1,0,0,0,21,0,0,0,28,0,0
481705,2,1,0,0,0,0,0,0,0,0,0,0
481705,3,1,0,0,0,0,0,0,0,0,0,0
481706,1,1,0,34,0,29,0,0,0,0,0,0
481706,2,1,0,6,7,0,0,0,0,9,0,0
481707,1,1,0,0,0,0,0,0,0,12,0,19
481707,2,1,0,0,0,0,0,0,0,0,0,0
481708,1,1,0,0,0,0,0,20,0,0,0,0
481709,1,1,15,15,15,15,15,15,15,15,15,15
481710,1,1,17,18,9,19,7,18,7,14,12,20
481711,1,1,0,0,0,0,0,0,0,0,0,0
481711,2,1,8,0,0,0,0,0,0,5,0,0
481712,0,1,0,19,0,0,0,0,0,0,0,0
481712,1,1,0,0,0,0,0,0,0,17,0,0
481713,0,1,27,0,0,16,0,19,26,15,0,36
481713,1,1,0,14,7,12,14,0,13,0,0,6
481714,1,1,12,0,38,0,39,22,0,0,0,0
481715,1,1,0,0,0,0,0,0,0,5,0,0
481715,2,1,16,0,0,0,0,0,0,0,0,0
481716,1,1,30,21,0,27,0,24,22,0,18,35
481717,1,1,23,23,23,23,23,23,23,23,23,23
481718,1,1,20,20,20,20,20,20,20,20,20,20
481719,1,1,11,0,0,0,21,0,0,0,25,0
481719,2,1,0,0,0,15,13,0,4,28,15,8
481719,3,1,0,22,0,0,20,0,0,0,13,6
481719,4,1,13,8,0,16,17,0,0,12,0,12
481720,1,1,0,0,0,0,0,0,0,0,0,0
481720,2,1,0,0,0,0,0,0,0,0,0,0
481720,3,1,0,27,0,0,0,0,0,0,0,0
481721,1,1,0,0,0,17,0,0,0,0,0,0
481722,1,1,0,0,0,0,0,0,0,0,0,35
481722,2,1,0,0,0,0,0,15,0,0,0,0
481722,3,1,13,0,0,30,0,0,0,0,0,0
481723,1,1,5,5,5,5,5,5,5,5,5,5
481724,1,1,21,28,0,7,2,0,0,15,0,0
481725,1,1,0,0,0,0,0,0,24,0,0,21
481726,1,1,0,0,0,0,0,0,0,9,0,0
481726,2,1,0,13,0,0,0,15,0,0,0,0
481727,1,1,0,0,0,0,0,0,0,0,0,0
481727,2,1,0,0,0,0,0,0,0,0,0,0
481728,0,1,0,0,0,0,0,0,0,0,0,0
481728,1,1,0,0,0,0,16,0,10,8,0,8
481729,1,1,27,27,27,27,27,27,27,27,27,27
481730,1,1,0,0,0,0,0,0,0,0,0,0
481731,1,1,9,9,9,9,9,9,9,9,9,9
481732,1,1,4,4,4,4,4,4,4,4,4,4
481733,1,1,13,60,17,33,42,7,8,18,18,9
481734,1,1,0,0,0,0,0,0,0,0,0,0
481735,1,1,8,0,0,0,0,2,0,0,0,0
481735,2,1,9,9,9,9,9,9,9,9,9,9
481736,0,1,0,0,8,0,0,26,0,26,0,0
481736,1,1,0,0,11,16,0,0,0,0,0,0
481737,1,1,0,0,0,0,0,0,0,0,0,0