ST_CASE,VEH_NO,PER_NO,P1,P2,P3,P4,P5,P6,P7,P8,P9,P10
482031,1,1,3,0,0,23,10,34,4,45,0,18
482032,1,1,0,0,0,0,0,0,0,0,0,0
482032,2,1,12,0,0,0,0,0,0,0,0,0
482033,1,1,12,0,21,0,0,16,19,0,0,0
482034,1,1,0,8,0,8,0,11,0,11,0,0
482035,0,1,0,0,0,0,0,0,0,0,0,0
482035,3,1,0,0,0,0,0,0,0,0,0,0
482036,0,1,21,18,13,6,37,16,12,15,21,20
482036,1,1,0,10,0,22,5,0,0,0,0,23
482037,1,1,0,0,0,6,0,0,0,0,0,0
482037,2,1,0,8,0,22,0,0,0,0,0,0
482038,0,1,0,26,0,0,0,0,0,0,7,19
482038,1,1,18,0,0,19,16,20,0,0,0,0
482039,1,1,17,20,27,12,23,23,7,17,38,26
482040,1,1,17,20,0,14,25,17,17,25,33,18
482041,1,1,16,16,16,16,16,16,16,16,16,16
482041,2,1,0,0,0,0,0,0,0,0,0,0
482042,1,1,3,3,3,3,3,3,3,3,3,3
482043,1,1,0,0,0,0,0,0,0,0,0,0
482043,2,1,0,0,0,0,17,0,0,0,21,14
482044,1,1,31,3,0,8,0,16,0,25,0,6
482044,2,1,5,0,0,0,0,0,0,0,0,0
482044,3,1,0,0,0,0,0,0,0,0,0,22
482045,1,1,0,0,0,0,0,0,0,0,0,0
482045,2,1,0,0,0,4,9,0,14,19,0,0
482046,1,1,21,21,21,21,21,21,21,21,21,21
482047,0,1,14,14,14,14,14,14,14,14,14,14
482047,1,1,0,0,8,19,0,0,0,27,0,10
482048,1,1,19,19,19,19,19,19,19,19,19,19
482048,2,1,0,0,0,25,0,0,0,0,0,0
482049,1,1,0,10,19,0,0,0,0,0,19,0
482049,2,1,21,0,19,16,0,21,0,0,0,0
482050,0,1,0,0,0,18,38,0,0,26,17,34
482050,1,1,0,34,0,0,0,0,36,0,16,0
482051,1,1,0,0,0,0,0,0,0,0,0,0
482051,2,1,0,0,0,0,0,0,0,0,0,0
482052,0,1,0,0,0,0,0,0,0,0,0,0
482052,1,1,0,18,19,13,0,0,17,14,4,0
482053,1,1,0,0,0,3,0,0,0,0,0,0
482053,2,1,0,0,0,0,9,0,0,0,0,0
482054,1,1,0,0,0,0,0,0,0,30,14,0
482054,2,1,6,0,10,0,2,7,13,0,0,8
482055,1,1,0,0,0,0,0,0,0,0,0,0
482055,2,1,0,0,0,0,0,0,0,0,0,0
482056,1,1,0,0,0,0,0,0,0,30,0,0
482056,2,1,0,0,0,0,0,10,0,0,0,32
482056,3,1,0,0,0,13,0,0,7,8,0,0
482057,0,1,13,13,13,13,13,13,13,13,13,13
482057,1,1,0,2,0,27,0,8,0,5,14,9
482058,1,1,0,14,0,23,6,10,0,17,14,0
482058,2,1,0,37,13,0,18,5,12,0,14,0
482059,1,1,24,24,24,24,24,24,24,24,24,24
482059,2,1,0,0,0,0,0,19,0,0,0,13
482060,1,1,0,14,0,0,0,0,0,12,24,18
482061,0,1,28,21,33,0,29,0,0,4,0,0
482061,1,1,0,0,0,0,13,14,0,0,0,0
482062,1,1,0,0,0,45,4,0,0,0,0,0
482063,1,1,0,7,15,0,0,0,0,0,0,0
482063,2,1,0,0,0,0,0,0,0,0,0,0
482064,1,1,0,0,0,0,0,0,0,0,0,0
482064,2,1,0,5,0,0,0,0,4,0,0,0
482065,0,1,0,0,13,21,0,0,0,0,0,29
482065,1,1,0,3,0,0,0,0,0,0,0,0
482066,1,1,12,0,0,0,25,0,0,0,19,0
482067,1,1,0,0,0,28,0,0,0,0,0,0
482067,2,1,0,0,0,0,0,0,0,0,0,0
482068,1,1,0,0,37,0,0,17,20,15,0,0
482068,2,1,23,0,17,18,12,0,22,0,13,0
482068,3,1,0,0,11,0,12,0,0,0,0,19
482068,4,1,20,0,0,30,0,0,0,0,0,0
482069,0,1,9,11,27,14,20,0,7,18,0,0
482069,1,1,0,0,0,0,0,0,23,0,0,0
482070,0,1,0,0,21,18,0,0,0,0,0,0
482070,1,1,0,21,0,0,0,0,0,4,0,0
482071,1,1,13,13,13,13,13,13,13,13,13,13
482072,1,1,11,11,11,11,11,11,11,11,11,11
482073,0,1,0,0,0,0,0,0,0,0,0,0
482073,1,1,0,3,0,6,0,0,0,15,0,3
482074,0,1,11,11,11,11,11,11,11,11,11,11
482074,1,1,16,16,16,16,16,16,16,16,16,16
482075,0,1,0,27,0,18,23,0,0,19,23,0
482075,1,1,0,12,0,0,0,0,0,0,20,0
482076,0,1,8,17,15,26,8,25,27,13,0,47
482076,1,1,0,6,0,0,9,11,0,18,6,10
482076,2,1,0,0,9,8,0,0,12,0,11,0
482078,1,1,26,26,26,26,26,26,26,26,26,26
482079,1,1,12,12,12,12,12,12,12,12,12,12
482080,0,1,0,0,0,0,0,0,0,0,0,0
482080,1,1,0,4,0,0,0,0,0,0,11,0
482081,1,1,0,0,0,0,0,0,0,0,0,0
482082,1,1,0,0,0,0,0,12,0,0,0,0
482082,2,1,0,0,0,15,0,0,0,0,0,0
482083,1,1,10,10,10,10,10,10,10,10,10,10
482083,2,1,0,0,0,0,0,0,0,15,0,0
482084,1,1,0,0,0,0,0,0,0,0,0,0
482084,3,1,0,0,0,16,0,0,40,0,12,0
482085,1,1,0,0,0,0,0,0,0,0,0,0
482085,2,1,0,0,0,0,0,0,0,0,0,0
482086,1,1,0,0,0,0,0,0,0,0,0,0
482086,2,1,18,18,18,18,18,18,18,18,18,18
482087,1,1,0,0,0,15,12,0,0,0,17,0
482087,2,1,0,0,0,0,0,0,0,0,0,0
482087,3,1,0,0,0,0,0,0,0,0,0,0
482088,1,1,0,0,0,0,0,0,0,0,0,0
482088,2,1,9,0,0,0,0,0,0,0,0,0
482089,0,1,0,22,0,0,19,0,0,17,0,0
482089,1,1,0,25,13,5,0,0,0,0,17,0
482090,0,1,33,33,33,33,33,33,33,33,33,33
482090,1,1,7,0,16,0,0,13,0,0,0,21
482091,1,1,0,0,0,11,0,16,0,0,0,0
482092,1,1,0,29,17,0,0,11,0,0,28,0
482093,0,1,20,0,0,0,0,21,36,0,0,0
482093,1,1,0,0,0,0,12,0,27,25,0,0
482094,1,1,0,0,0,0,0,0,0,0,0,0
482094,2,1,0,0,0,0,0,0,0,0,0,0
482095,1,1,0,0,0,0,0,0,0,0,0,30
482096,1,1,25,0,0,0,0,0,0,0,0,0
482096,2,1,14,14,14,14,14,14,14,14,14,14
482097,0,1,21,0,0,0,0,0,22,0,0,0
482097,1,1,0,15,0,0,16,8,6,23,0,13
482098,0,1,0,0,0,0,0,0,0,0,0,0
482098,1,1,34,34,34,34,34,34,34,34,34,34
482098,2,1,0,0,0,0,0,0,0,0,0,0
482098,3,1,0,0,0,0,0,0,15,10,0,4
482099,1,1,25,0,0,0,0,0,38,0,0,0
482100,1,1,0,0,0,0,0,0,0,0,0,0
482100,2,1,0,0,0,0,0,0,0,0,0,0
482101,1,1,0,0,0,0,0,0,0,0,0,0
482102,1,1,16,16,16,16,16,16,16,16,16,16
482103,1,1,0,0,0,0,0,12,12,0,0,0
482103,2,1,0,0,0,0,0,0,0,0,0,0
482104,1,1,0,0,0,0,0,0,0,0,0,21
482105,1,1,16,16,16,16,16,16,16,16,16,16
482105,2,1,10,10,10,10,10,10,10,10,10,10
482106,1,1,0,29,0,0,0,0,0,42,0,0
482107,1,1,24,19,0,0,0,0,20,0,0,0
482107,2,1,15,0,0,0,0,0,16,0,0,8
482108,0,1,0,0,11,0,0,0,0,0,0,0
482108,1,1,0,0,0,0,0,0,0,0,0,0
482109,1,1,10,10,10,10,10,10,10,10,10,10
482110,1,1,0,0,0,0,0,0,0,0,0,0
482111,0,1,0,0,0,0,0,0,0,0,0,0
482111,1,1,4,0,0,0,0,5,17,20,0,12
482112,1,1,0,0,0,0,0,0,0,33,0,0
482113,1,1,9,9,9,9,9,9,9,9,9,9
482114,1,1,0,0,0,0,0,0,0,0,0,0
482115,0,1,0,0,0,0,0,31,0,0,0,0
482115,1,1,0,0,0,0,0,0,0,0,0,0
482116,0,1,0,0,21,0,0,0,19,0,0,0
482116,1,1,0,0,0,0,0,0,0,0,0,0
482117,1,1,0,0,0,0,0,0,0,0,0,0
482117,2,1,0,0,0,0,0,0,0,0,0,0
482118,0,1,0,0,0,0,0,0,0,0,0,0
482118,1,1,0,0,0,0,0,0,0,0,0,0
482119,1,1,0,24,0,0,0,15,9,0,26,14
482120,0,1,0,0,0,0,0,0,0,0,0,0
482120,1,1,0,0,0,0,0,0,0,0,0,0
482121,1,1,0,0,0,0,0,0,0,0,0,0
482122,0,1,0,0,0,0,0,0,0,0,0,0
482122,1,1,14,19,0,0,0,0,0,18,0,24
482123,1,1,17,10,11,8,8,26,26,30,13,12
482124,1,1,0,0,0,0,0,0,0,0,0,0
482124,2,1,0,6,18,12,0,0,0,0,0,12
482125,1,1,17,34,26,18,38,6,10,0,23,0
482126,1,1,0,0,0,0,0,0,0,0,13,0
482127,1,1,0,18,0,0,0,0,0,0,0,0
482127,2,1,0,0,0,0,0,0,0,0,0,0
482128,0,1,18,25,0,2,21,0,15,0,0,0
482128,1,1,0,0,0,0,0,0,0,0,0,0
482129,1,1,17,17,17,17,17,17,17,17,17,17
482130,1,1,20,20,20,20,20,20,20,20,20,20
482130,2,1,0,27,0,9,0,0,0,0,0,0
482131,0,1,18,18,18,18,18,18,18,18,18,18
482131,1,1,0,0,0,0,0,0,0,0,0,0
482132,0,1,18,0,11,6,18,0,14,0,16,10
482132,1,1,0,0,0,0,23,14,0,0,20,20
482133,1,1,0,0,0,22,0,0,17,0,0,0
482133,2,1,0,0,0,14,0,0,0,0,0,0
482134,1,1,31,0,0,0,0,0,0,0,18,0
482134,2,1,0,0,0,12,2,0,0,0,0,0
482135,0,1,0,0,0,0,0,0,0,0,0,0
482135,1,1,0,0,0,0,0,0,0,0,0,0
482136,1,1,0,0,0,0,0,0,0,0,0,0
482136,2,1,4,0,0,0,18,23,0,4,47,0
482136,3,1,0,0,0,0,19,0,0,0,14,10
482137,1,1,0,0,0,0,0,0,0,0,0,0
482138,0,1,0,0,0,0,0,0,0,0,0,0
482138,0,2,0,12,0,0,19,0,0,0,22,0
482138,1,1,25,0,0,7,5,17,0,4,37,2
482139,0,1,0,0,0,0,0,0,0,0,0,0
482139,1,1,0,0,0,0,0,0,0,0,0,0
482140,1,1,0,0,0,0,0,0,0,0,0,11
482140,2,1,8,8,8,8,8,8,8,8,8,8
482141,1,1,0,28,0,0,0,0,0,23,13,0
482142,1,1,0,0,0,0,0,15,0,0,0,0
482142,2,1,0,9,26,0,0,0,0,8,0,0
482143,1,1,19,19,19,19,19,19,19,19,19,19
482144,1,1,11,11,11,11,11,11,11,11,11,11
482145,1,1,37,0,0,0,0,21,0,28,37,0
482146,1,1,0,0,0,0,0,25,0,0,0,16
482146,2,1,0,0,0,0,0,0,0,0,0,0
482147,0,1,0,0,0,0,0,0,0,0,0,0
482147,1,1,0,0,0,0,33,0,0,34,0,0
482148,1,1,0,0,0,0,0,0,0,0,0,0
482149,1,1,0,0,0,0,0,0,11,0,0,0
482149,2,1,0,0,0,0,31,0,0,0,17,0
482150,1,1,0,0,0,0,0,0,0,0,0,0
482150,2,1,0,0,0,0,0,0,0,0,0,0
482151,1,1,0,0,0,0,0,0,0,0,0,0
482152,1,1,0,0,0,0,0,0,0,0,0,0
482152,2,1,0,0,0,0,0,0,0,0,0,0
482152,3,1,0,0,0,0,0,0,0,0,0,0
482153,0,1,0,0,0,0,0,0,0,0,0,0
482153,1,1,0,0,0,5,0,0,0,0,21,0
482154,1,1,0,0,0,0,0,0,0,0,0,0
482155,1,1,9,13,11,0,35,23,16,14,14,36
482156,1,1,0,0,0,0,0,0,0,0,0,8
482156,2,1,0,19,0,0,0,0,0,0,0,0
482157,1,1,0,0,11,5,0,0,0,17,0,0
482157,2,1,0,0,0,0,0,17,0,0,0,0
482158,0,1,0,0,53,39,18,0,21,0,25,25
482158,0,2,0,0,0,0,0,0,0,0,0,0
482158,1,1,0,0,0,0,0,0,0,0,0,0
482159,1,1,0,0,0,0,0,0,0,0,0,0
482159,2,1,0,0,0,0,0,0,0,0,0,0
482160,0,1,17,57,26,33,0,0,34,0,22,0
482160,1,1,0,0,0,0,0,0,0,0,0,0
482161,0,1,0,0,0,0,15,5,0,10,17,24
482161,1,1,37,0,13,0,12,0,14,6,0,0
482162,1,1,0,0,0,0,0,0,0,0,0,0
482163,1,1,0,26,0,0,0,11,0,0,0,0
482163,2,1,0,8,0,23,19,0,13,0,0,0
482164,1,1,0,0,0,0,0,0,0,0,0,0
482164,2,1,0,0,0,0,0,0,0,0,0,0
482164,3,1,0,0,0,0,0,0,0,0,0,0
482164,4,1,0,0,0,0,0,0,0,0,0,0
482164,5,1,0,0,0,0,0,0,0,20,0,0
482164,6,1,0,0,0,0,0,0,0,0,0,0
482165,1,1,0,0,0,0,0,0,0,0,0,0
482166,1,1,17,17,17,17,17,17,17,17,17,17
482166,2,1,5,0,0,3,0,0,0,0,0,0
482167,1,1,0,0,0,0,40,0,13,0,0,0
482167,2,1,0,34,0,0,0,0,0,0,0,0
482167,3,1,31,0,0,0,0,0,0,0,12,0
482168,1,1,9,9,9,9,9,9,9,9,9,9
482169,1,1,5,5,5,5,5,5,5,5,5,5
482170,0,1,0,0,0,26,0,0,0,0,0,0
482170,1,1,0,9,0,0,0,10,11,25,0,12
482171,1,1,0,0,0,0,0,0,0,0,0,23
482171,2,1,0,0,5,0,0,13,18,0,0,0
482172,1,1,15,15,15,15,15,15,15,15,15,15
482173,1,1,19,17,0,0,0,0,0,0,3,14
482174,1,1,0,0,0,4,0,0,0,19,0,0
482174,2,1,0,0,0,33,6,0,0,0,0,0
482175,1,1,12,25,0,4,0,18,11,0,14,0
482177,1,1,15,0,16,0,0,0,0,15,17,0
482178,0,1,0,4,0,11,0,0,0,29,0,12
482178,1,1,0,16,13,7,8,0,6,0,23,0
482179,1,1,0,0,0,0,0,0,0,0,0,0
482179,2,1,15,11,0,0,0,0,13,0,0,0
482180,1,1,22,15,23,0,13,30,16,16,0,13
482181,0,1,0,0,0,0,0,0,0,0,0,0
482181,1,1,0,0,11,0,0,0,0,7,17,0
482182,1,1,0,0,0,0,0,0,0,0,0,0
482182,2,1,0,0,0,0,0,0,0,0,0,0
482183,1,1,0,0,0,0,0,0,0,0,0,0
482184,1,1,19,19,19,19,19,19,19,19,19,19
482184,2,1,6,0,22,16,0,20,12,0,0,14
482185,1,1,0,0,0,0,0,0,0,0,0,0
482186,1,1,14,14,14,14,14,14,14,14,14,14
482187,1,1,0,0,0,16,0,18,0,0,5,0
482188,1,1,16,16,16,16,16,16,16,16,16,16
482189,1,1,14,14,14,14,14,14,14,14,14,14
482189,2,1,5,0,15,12,0,0,0,0,6,17
482190,0,1,14,17,26,25,0,0,30,10,0,7
482190,1,1,0,0,0,0,0,12,29,0,0,0
482191,1,1,24,24,24,24,24,24,24,24,24,24
482192,1,1,0,0,0,0,0,0,0,0,0,0
482192,2,1,0,0,0,0,0,0,0,0,0,0
482192,3,1,0,0,0,0,22,0,0,17,0,0
482192,4,1,0,0,0,0,0,0,0,0,0,0
482192,5,1,0,0,12,0,0,0,0,0,0,0
482193,1,1,0,0,0,32,17,31,0,0,0,0
482193,2,1,0,0,0,0,0,0,0,0,0,0
482194,1,1,0,20,30,11,27,0,0,0,13,0
482195,1,1,12,15,23,7,26,0,7,18,0,25
482196,0,1,0,19,22,19,9,12,27,0,0,0
482196,1,1,0,7,9,14,27,16,9,0,7,0
482196,2,1,0,7,0,0,0,0,0,0,0,0
482197,1,1,12,12,12,12,12,12,12,12,12,12
482198,1,1,0,0,0,0,6,0,5,0,0,0
482198,2,1,0,0,0,0,0,0,0,0,0,0
482199,1,1,0,0,0,19,10,0,0,0,0,0
482199,2,1,0,0,0,0,0,0,0,0,0,0
482200,1,1,0,0,24,0,0,0,0,0,0,0
482200,2,1,0,0,0,0,0,0,0,0,0,0
482201,1,1,0,0,0,0,0,0,0,0,0,10
482202,0,1,0,0,0,0,0,0,0,0,0,0
482202,1,1,0,0,14,15,0,0,0,0,23,0
482203,1,1,0,0,0,0,0,0,0,0,0,0
482203,2,1,0,0,0,0,0,0,5,0,0,0
482204,1,1,0,3,8,0,15,0,0,20,14,30
482204,2,1,0,0,13,0,3,0,0,0,0,0
482205,1,1,17,17,17,17,17,17,17,17,17,17
482206,1,1,0,0,0,17,0,0,8,0,0,0
482207,1,1,0,0,0,0,0,0,0,31,0,17
482207,2,1,0,0,0,0,0,0,0,0,0,0
482208,1,1,0,5,0,0,15,31,0,0,14,0
482208,2,1,0,17,0,0,0,0,16,0,0,15
482209,0,1,20,20,20,20,20,20,20,20,20,20
482209,1,1,9,15,0,6,2,25,0,0,15,5
482210,1,1,0,0,0,0,0,0,0,0,0,0
482210,2,1,0,0,0,0,0,0,0,0,0,31
482211,1,1,18,18,18,18,18,18,18,18,18,18
482212,1,1,18,18,18,18,18,18,18,18,18,18
482213,1,1,0,0,0,0,0,0,0,0,0,0
482213,2,1,0,0,0,0,0,0,0,0,0,0
482214,0,1,24,0,34,0,0,0,29,0,0,0
482214,1,1,0,0,0,15,0,0,0,0,0,0
482215,1,1,0,0,0,0,0,0,0,0,0,0
482215,2,1,0,0,0,0,0,0,0,0,0,0
482216,1,1,0,0,0,0,0,0,0,0,0,0
482216,2,1,0,0,17,0,0,0,0,0,0,11
482217,0,1,0,0,0,0,0,0,0,0,0,0
482217,1,1,0,0,10,0,0,0,0,0,0,0
482218,0,1,39,39,39,39,39,39,39,39,39,39
482218,1,1,13,0,0,0,0,0,26,28,0,8
482219,1,1,0,14,0,12,0,7,0,0,17,0
482220,1,1,0,0,0,0,0,0,0,0,0,0
482221,1,1,0,0,0,0,0,0,0,0,0,0
482221,2,1,7,0,0,0,0,0,0,0,0,0
482222,1,1,0,0,26,20,25,0,28,0,10,16
482223,0,1,0,0,0,19,21,0,18,0,26,27
482223,1,1,0,0,0,0,0,0,0,0,0,0
482224,1,1,6,16,0,10,23,0,0,10,0,0
482224,2,1,0,0,0,13,6,12,0,0,0,10
482225,0,1,13,12,9,0,0,0,8,0,0,0
482225,0,2,21,0,0,16,0,0,0,35,0,0
482225,1,1,10,12,0,0,0,0,18,0,9,0
482226,1,1,12,12,12,12,12,12,12,12,12,12
482227,0,1,0,0,0,0,0,0,0,0,0,0
482227,1,1,0,0,0,0,0,0,0,0,0,0
482228,1,1,17,16,26,13,11,19,15,15,4,21
482229,1,1,15,20,23,23,13,8,21,13,38,12
482229,2,1,0,17,6,16,0,0,21,14,0,0
482230,0,1,0,0,0,0,0,0,0,0,0,0
482230,1,1,10,7,0,0,15,17,13,0,0,7
482231,1,1,14,0,0,0,0,35,28,22,20,0
482232,1,1,0,7,0,0,0,0,8,16,10,0
482233,1,1,0,0,0,0,0,0,0,0,0,0
482233,2,1,0,0,0,0,0,0,0,0,0,0
482234,1,1,0,0,0,0,0,0,0,0,0,0
482235,1,1,0,0,0,32,17,0,0,0,0,0
482236,1,1,0,0,5,33,0,0,16,0,0,0
482237,1,1,1,1,1,1,1,1,1,1,1,1
482237,2,1,3,0,0,0,17,12,0,19,0,0
482238,1,1,0,0,6,0,24,17,0,0,11,0
482239,1,1,0,0,12,0,21,0,0,6,0,5
482240,1,1,21,21,21,21,21,21,21,21,21,21
482241,0,1,30,25,12,0,24,34,21,25,36,18
482241,1,1,14,14,14,14,14,14,14,14,14,14
482242,1,1,34,17,0,0,0,10,4,29,0,0
482243,0,1,0,0,0,32,8,0,0,0,0,27
482243,1,1,0,12,6,8,9,12,20,14,34,33
482244,0,1,0,0,0,0,0,0,0,0,0,0
482244,0,2,0,0,0,0,0,0,0,0,0,9
482244,1,1,0,0,8,11,0,0,8,0,27,0
482245,0,1,0,0,31,0,0,0,22,0,0,0
482245,1,1,0,0,0,37,0,0,0,7,17,0
482246,0,1,0,0,0,0,0,0,0,0,0,0
482246,1,1,0,0,0,0,10,8,0,0,6,0
482247,1,1,0,0,0,0,0,0,0,0,0,0
482247,2,1,0,3,0,0,0,0,0,0,0,0
482248,1,1,12,23,13,5,17,0,0,0,44,12
482248,2,1,0,0,0,12,0,0,0,0,14,0
482248,3,1,0,0,0,11,0,0,0,0,0,0
482249,1,1,0,0,0,0,0,0,0,0,0,0
482249,2,1,0,0,0,0,0,0,0,0,0,0
482249,3,1,0,0,0,0,0,0,0,0,0,0
482249,4,1,0,0,0,23,0,0,12,0,19,0
482249,5,1,0,0,0,0,0,0,0,0,0,0
482250,1,1,8,0,0,0,0,0,0,0,0,11
482250,2,1,0,0,0,0,0,0,0,10,0,0
482251,1,1,0,0,0,8,0,0,8,22,0,0
482251,2,1,9,9,9,9,9,9,9,9,9,9
482252,1,1,14,14,14,14,14,14,14,14,14,14
482253,0,1,28,22,0,17,0,0,32,0,28,11
482253,1,1,0,0,0,0,10,0,18,0,0,0
482253,3,1,8,0,0,0,2,0,16,14,0,0
482254,1,1,0,16,0,0,0,13,0,0,0,0
482254,2,1,3,21,0,0,17,0,0,23,0,0
482255,1,1,0,8,11,6,0,0,7,0,9,11
482256,1,1,0,0,0,0,0,0,0,0,0,0
482256,2,1,0,0,0,0,0,0,0,0,0,0
482257,1,1,10,10,10,10,10,10,10,10,10,10
482258,1,1,23,0,0,0,0,0,0,0,0,0
482258,2,1,0,0,0,0,26,0,0,0,0,9
482258,3,1,0,24,13,0,8,0,0,0,5,0
482259,1,1,0,0,0,8,0,0,0,18,0,0
482260,1,1,6,6,6,6,6,6,6,6,6,6
482260,2,1,0,6,12,5,18,13,0,4,10,23
482262,0,1,12,0,0,21,8,37,0,0,0,4
482262,1,1,0,0,0,12,0,0,0,8,25,0
482263,1,1,0,0,0,0,0,0,0,0,0,0
482263,2,1,0,0,0,0,0,0,0,0,0,0
482264,0,1,7,0,0,0,0,27,0,0,0,0
482264,1,1,0,0,0,0,0,0,0,0,0,0
482265,0,1,0,0,24,0,0,0,15,14,0,0
482265,0,2,0,0,23,0,0,0,0,0,21,0
482265,1,1,0,0,0,0,0,0,0,0,0,0
482266,0,1,0,0,0,0,0,0,26,0,0,20
482266,1,1,0,12,0,7,0,0,25,0,5,7
482266,2,1,8,16,0,0,17,0,11,7,0,15
482267,1,1,0,0,0,0,0,0,0,0,0,0
482267,2,1,0,0,0,0,0,0,0,0,0,0
482268,1,1,0,0,0,21,0,0,0,19,10,22
482268,2,1,0,11,10,0,14,11,0,0,6,18
482268,3,1,39,0,0,0,21,0,0,0,26,3
482269,1,1,10,10,10,10,10,10,10,10,10,10
482271,1,1,10,10,10,10,10,10,10,10,10,10
482271,2,1,0,28,0,11,0,0,12,17,0,12
482271,3,1,0,0,0,18,0,0,0,0,0,0
482272,1,1,0,0,0,0,0,0,0,0,0,0
482272,2,1,0,13,0,0,0,7,0,0,0,0
482272,3,1,0,0,0,0,0,0,0,0,0,0
482272,4,1,0,0,0,0,0,0,0,0,0,0
482273,0,1,0,0,8,0,0,18,48,17,0,0
482273,0,2,28,15,36,14,0,7,0,0,0,0
482273,1,1,0,12,4,0,0,0,0,0,0,0
482273,2,1,0,7,0,5,0,0,0,0,0,0
482274,1,1,0,0,0,0,0,27,0,0,0,0
482275,1,1,0,0,0,0,0,0,0,0,0,0
482275,2,1,0,0,0,0,0,0,0,0,0,0
482275,3,1,0,24,0,0,0,0,0,5,0,0
482275,4,1,0,0,11,0,22,0,0,0,13,0
482275,5,1,0,12,0,7,14,15,0,0,0,0
482276,1,1,0,0,0,0,0,0,0,0,0,0
482276,2,1,0,0,0,0,27,0,0,0,0,0
482277,1,1,0,0,16,0,0,0,0,0,0,0
482278,1,1,19,19,19,19,19,19,19,19,19,19
482279,1,1,0,0,0,0,0,0,0,0,0,0
482279,2,1,0,0,0,0,0,0,0,0,0,0
482279,3,1,0,0,0,0,0,0,0,0,0,0
482280,0,1,2,2,2,2,2,2,2,2,2,2
482280,1,1,0,0,0,0,0,0,0,0,0,0
482281,0,1,0,0,0,0,0,0,0,0,0,0
482281,1,1,0,0,0,0,0,0,0,0,0,0
482282,0,1,0,0,0,0,0,0,0,0,0,0
482282,1,1,0,0,0,0,0,0,21,0,0,0
482283,1,1,0,11,0,0,13,13,20,0,0,17
482284,1,1,0,12,0,0,9,0,14,0,5,13
482284,2,1,0,0,0,0,14,0,0,0,0,6
482285,1,1,0,0,0,0,0,0,0,0,0,0
482285,2,1,0,0,0,0,0,0,0,0,0,0
482286,1,1,16,16,16,16,16,16,16,16,16,16
482287,1,1,0,0,0,0,18,0,0,0,0,0
482287,2,1,0,0,17,0,0,0,0,19,0,0
482288,1,1,0,0,0,0,0,0,0,0,0,0
482288,2,1,0,0,0,0,0,0,0,0,0,0
482289,1,1,0,0,0,0,0,0,0,0,0,0
482289,2,1,0,10,0,0,20,0,0,0,0,0
482290,1,1,21,0,0,9,7,10,0,15,4,0
482290,2,1,0,0,0,0,0,0,0,0,0,0
482291,1,1,6,31,7,27,9,10,18,23,17,18
482292,1,1,0,0,0,0,0,0,0,0,0,0
482294,0,1,0,0,0,0,0,0,0,0,0,0
482294,1,1,0,0,0,0,9,0,0,0,13,0
482295,1,1,24,24,24,24,24,24,24,24,24,24
482296,1,1,0,0,0,0,0,0,0,0,0,0
482297,1,1,10,10,10,10,10,10,10,10,10,10
482298,1,1,0,0,0,0,0,0,0,0,0,0
482299,1,1,0,0,0,0,0,0,0,0,0,0
482300,1,1,0,0,0,7,0,0,0,0,0,23
482300,2,1,14,0,18,0,0,19,30,14,13,20
482301,1,1,0,0,0,34,0,24,0,0,0,0
482301,2,1,0,0,0,0,0,0,0,0,0,0
482302,1,1,7,7,7,7,7,7,7,7,7,7
482303,1,1,0,0,0,0,0,0,0,0,0,0
482303,2,1,0,0,0,0,0,0,0,0,0,10
482305,1,1,0,19,0,0,10,0,0,0,0,0
482305,2,1,0,0,0,0,15,0,0,0,0,0
482306,1,1,0,6,0,0,0,11,0,0,0,0
482306,2,1,0,0,0,0,0,4,0,0,3,0
482306,3,1,0,0,0,0,0,0,0,0,0,0
482307,1,1,18,7,15,8,0,8,0,36,26,13
482308,1,1,0,25,0,0,0,0,0,0,0,0
482308,2,1,0,8,15,0,0,0,0,0,0,0
482309,0,1,15,0,0,0,0,0,0,0,0,0
482309,1,1,0,0,0,0,0,0,4,0,18,7
482310,1,1,28,28,28,28,28,28,28,28,28,28
482311,1,1,15,29,0,0,0,0,21,0,0,0
482312,1,1,5,11,26,6,13,12,34,25,18,28
482313,0,1,0,0,0,0,0,0,0,0,0,0
482313,1,1,0,0,0,0,0,0,0,0,0,0
482314,1,1,0,0,16,0,0,0,0,0,0,0
482314,2,1,0,0,0,0,0,0,0,0,0,0
482315,1,1,0,14,19,0,0,0,11,0,11,0
482315,2,1,0,0,13,17,9,0,6,0,0,11
482316,1,1,12,12,12,12,12,12,12,12,12,12
482316,2,1,15,0,16,0,0,0,0,13,0,0
482317,1,1,2,14,18,17,4,4,0,0,15,0
482317,2,1,0,0,0,0,0,34,14,13,17,5
482318,1,1,0,37,0,0,0,0,0,0,0,0
482318,2,1,0,0,0,0,0,0,0,0,0,0
482319,1,1,0,8,0,0,0,0,0,0,0,0