ST_CASE,VEH_NO,PER_NO,P1,P2,P3,P4,P5,P6,P7,P8,P9,P10
482320,1,1,0,0,0,0,0,0,0,0,0,0
482320,2,1,0,0,0,20,0,0,0,0,0,0
482320,3,1,0,0,0,0,0,0,0,0,0,0
482320,4,1,0,0,0,0,0,0,0,9,0,0
482321,1,1,0,19,0,0,0,0,0,0,0,0
482321,2,1,0,0,0,11,0,19,28,0,5,0
482322,1,1,0,0,0,0,0,0,15,0,0,0
482323,1,1,6,6,6,6,6,6,6,6,6,6
482324,1,1,7,13,0,9,0,0,0,0,28,0
482325,1,1,0,0,0,0,0,0,0,0,0,0
482325,2,1,0,0,0,0,0,0,0,0,0,0
482326,0,1,25,0,0,20,24,0,25,0,19,0
482326,1,1,0,0,0,0,0,0,0,0,0,23
482327,1,1,0,0,0,0,0,0,0,0,0,0
482328,1,1,19,19,19,19,19,19,19,19,19,19
482328,2,1,22,0,0,8,0,0,0,0,20,0
482328,3,1,0,0,11,0,0,16,0,0,0,17
482329,1,1,0,0,0,0,0,0,0,0,0,0
482330,1,1,0,0,1,9,12,10,0,0,0,3
482330,2,1,0,0,23,22,0,0,0,3,0,21
482330,3,1,0,19,0,16,0,0,0,0,19,0
482331,1,1,0,0,7,0,0,0,0,0,0,0
482331,2,1,0,0,0,0,0,0,0,0,0,0
482332,1,1,0,0,0,0,0,20,0,0,13,0
482332,2,1,0,0,9,0,0,0,0,0,36,0
482333,1,1,0,0,0,0,20,0,0,0,0,10
482333,2,1,0,0,0,0,0,0,0,0,0,0
482334,1,1,14,0,0,8,11,19,4,18,10,26
482335,1,1,0,20,0,0,0,0,0,0,0,0
482336,0,1,26,18,0,19,38,9,0,0,0,12
482336,1,1,0,0,0,0,0,0,0,0,0,0
482337,1,1,0,0,0,0,0,0,0,0,0,0
482338,1,1,0,0,0,0,0,0,0,0,0,0
482338,2,1,0,0,0,0,14,0,0,0,0,9
482338,3,1,0,0,0,0,0,13,19,0,0,0
482338,4,1,0,18,0,0,15,0,0,14,0,12
482338,5,1,0,0,32,25,0,0,0,0,19,0
482339,1,1,0,0,0,0,0,0,0,0,0,0
482339,2,1,0,0,0,0,0,0,0,0,0,0
482342,1,1,0,0,0,0,0,0,0,0,0,0
482342,2,1,0,0,0,7,0,0,0,10,0,0
482343,1,1,0,0,0,0,0,0,11,0,0,0
482343,2,1,0,0,0,0,17,0,0,3,24,0
482344,1,1,11,0,0,0,0,0,0,0,0,0
482345,1,1,12,0,0,0,0,0,8,0,0,17
482346,1,1,0,0,0,0,14,0,0,0,0,0
482346,2,1,0,0,0,0,0,0,0,0,0,0
482346,3,1,0,0,14,0,0,0,0,0,0,0
482346,4,1,0,14,0,0,0,0,0,0,0,0
482346,5,1,0,0,0,0,0,0,0,0,0,0
482346,6,1,21,22,0,0,0,0,0,21,0,11
482346,7,1,3,0,0,0,0,0,17,0,25,0
482347,1,1,0,16,2,0,0,0,0,0,12,13
482348,1,1,10,0,0,0,6,20,14,0,0,0
482349,0,1,0,0,0,0,0,0,0,0,0,0
482349,1,1,0,0,0,0,0,0,0,0,0,0
482350,1,1,15,9,0,0,20,0,26,21,0,9
482351,1,1,0,17,19,19,15,0,0,0,11,0
482352,1,1,0,0,0,0,0,0,0,0,0,0
482352,2,1,0,0,0,0,0,0,0,0,0,0
482353,1,1,0,0,0,0,0,0,0,0,0,0
482354,0,1,3,3,3,3,3,3,3,3,3,3
482354,1,1,0,0,8,0,0,0,0,0,10,0
482355,1,1,15,15,15,15,15,15,15,15,15,15
482355,2,1,20,20,20,20,20,20,20,20,20,20
482356,1,1,25,17,0,16,16,0,13,20,8,0
482357,1,1,21,21,21,21,21,21,21,21,21,21
482358,1,1,17,17,17,17,17,17,17,17,17,17
482358,2,1,0,0,6,0,0,0,0,0,0,0
482359,1,1,0,0,0,0,0,0,0,0,0,0
482359,2,1,0,0,0,0,19,0,0,0,26,0
482360,1,1,0,0,0,0,0,0,0,0,0,0
482360,2,1,16,0,0,0,0,0,0,0,24,0
482361,1,1,0,0,0,0,0,0,0,0,0,0
482361,2,1,4,4,4,4,4,4,4,4,4,4
482362,1,1,14,14,14,14,14,14,14,14,14,14
482363,1,1,0,0,0,0,0,22,0,11,0,0
482364,0,1,0,0,0,0,0,0,0,0,0,0
482364,1,1,0,0,0,16,0,5,0,0,0,0
482365,1,1,25,25,25,25,25,25,25,25,25,25
482366,0,1,23,23,23,23,23,23,23,23,23,23
482366,1,1,11,19,0,18,10,22,26,16,7,10
482366,2,1,9,0,21,9,35,0,22,0,14,0
482367,1,1,16,0,7,0,2,21,13,0,2,16
482367,2,1,10,7,6,8,0,9,0,4,0,0
482368,1,1,0,0,0,0,0,0,0,0,0,0
482369,1,1,0,0,0,0,0,0,14,0,0,0
482370,0,1,0,0,0,0,0,0,0,0,0,0
482370,1,1,0,0,0,0,0,0,0,0,0,0
482371,0,1,0,0,0,0,0,0,0,0,0,0
482371,1,1,8,8,8,8,8,8,8,8,8,8
482372,0,1,0,0,0,0,13,17,0,0,34,20
482372,1,1,0,0,0,0,0,0,0,0,0,0
482373,1,1,36,36,36,36,36,36,36,36,36,36
482374,0,1,16,16,16,16,16,16,16,16,16,16
482374,1,1,0,14,0,11,0,0,0,19,0,0
482375,1,1,17,17,17,17,17,17,17,17,17,17
482375,2,1,7,0,0,0,22,19,0,17,10,24
482375,3,1,0,14,0,0,15,19,9,0,0,0
482375,4,1,0,11,0,0,0,5,0,17,9,0
482375,5,1,22,10,22,0,13,0,0,18,0,0
482376,0,1,47,0,0,0,0,0,0,0,0,0
482376,1,1,0,0,0,0,0,0,0,0,0,8
482377,0,1,25,25,25,25,25,25,25,25,25,25
482377,1,1,0,0,0,0,0,0,0,0,0,0
482378,0,1,0,0,0,0,0,0,0,0,0,0
482378,1,1,0,0,0,0,0,0,0,0,0,0
482379,1,1,0,0,0,0,0,0,0,0,0,0
482379,2,1,0,0,0,7,0,0,12,0,0,9
482380,1,1,21,21,21,21,21,21,21,21,21,21
482381,1,1,27,0,26,51,0,0,21,21,21,35
482382,0,1,24,0,0,0,19,0,32,0,25,14
482382,1,1,30,18,6,0,10,0,13,17,0,11
482383,1,1,0,0,13,5,0,16,0,0,0,0
482383,2,1,0,0,0,0,0,0,0,0,0,0
482384,1,1,0,0,21,5,0,0,0,0,0,0
482385,1,1,0,9,0,0,0,0,0,0,0,0
482386,1,1,0,0,0,0,0,0,0,0,0,0
482386,2,1,0,0,0,0,0,0,0,0,0,0
482387,1,1,2,2,2,2,2,2,2,2,2,2
482387,2,1,0,0,18,16,0,49,0,18,0,0
482388,0,1,0,0,0,0,0,0,0,0,0,0
482388,1,1,8,10,8,7,13,0,5,0,0,16
482389,1,1,0,0,0,0,0,0,0,0,0,0
482389,2,1,0,0,0,0,0,0,0,0,0,0
482390,1,1,0,24,0,0,0,0,0,0,0,0
482390,2,1,0,0,0,0,0,0,0,0,0,0
482391,1,1,0,0,0,0,6,17,0,0,0,0
482391,2,1,0,0,0,0,0,0,0,0,0,0
482392,1,1,0,0,0,0,0,0,0,0,0,0
482392,2,1,0,0,0,0,0,0,0,0,16,0
482393,1,1,0,11,9,3,0,0,26,0,0,0
482394,1,1,0,0,0,4,0,9,0,0,21,0
482394,2,1,0,0,0,0,16,0,0,17,0,0
482395,0,1,0,0,0,26,18,16,0,26,0,0
482395,1,1,0,0,0,10,31,0,14,23,0,0
482396,1,1,9,9,9,9,9,9,9,9,9,9
482396,2,1,0,0,0,0,0,0,0,0,0,0
482397,1,1,0,0,0,0,0,0,0,0,0,0
482397,2,1,0,0,0,0,0,0,0,0,0,0
482398,1,1,0,0,0,0,0,0,0,0,0,0
482398,2,1,0,0,0,0,0,12,0,0,0,0
482399,1,1,0,0,0,0,0,0,0,0,0,0
482399,2,1,0,0,0,0,0,0,0,0,0,0
482400,1,1,15,15,15,15,15,15,15,15,15,15
482401,1,1,0,0,0,0,0,0,0,0,0,0
482401,2,1,0,0,0,0,0,0,0,0,0,0
482402,0,1,29,15,0,12,30,12,7,0,0,12
482402,0,2,21,0,34,17,0,38,0,0,0,12
482402,2,1,0,12,0,0,0,10,11,9,33,20
482403,1,1,0,0,0,0,0,0,0,14,0,0
482404,1,1,0,0,0,0,23,0,6,35,0,0
482405,1,1,0,0,0,0,0,0,0,0,0,0
482406,1,1,0,0,0,0,0,0,0,0,0,0
482406,2,1,0,0,0,0,0,0,0,0,0,0
482407,1,1,14,14,14,14,14,14,14,14,14,14
482408,1,1,26,26,26,26,26,26,26,26,26,26
482409,1,1,0,0,0,0,0,0,0,0,0,0
482410,1,1,9,0,0,0,0,20,0,26,3,0
482411,1,1,9,9,9,9,9,9,9,9,9,9
482411,2,1,0,0,7,0,6,13,0,0,15,15
482412,1,1,0,0,0,0,0,0,0,0,0,0
482413,1,1,22,0,14,0,39,23,7,11,17,13
482414,1,1,0,0,0,0,0,0,0,0,0,0
482415,1,1,0,0,0,0,0,0,0,0,0,0
482415,2,1,0,0,0,0,0,0,0,0,0,0
482416,1,1,0,20,0,0,0,0,0,0,0,13
482416,2,1,0,0,5,0,0,0,0,0,0,0
482417,1,1,27,0,19,0,23,7,10,10,0,5
482418,1,1,0,0,0,0,0,0,0,0,0,0
482418,2,1,0,0,0,0,0,0,0,0,0,0
482419,1,1,0,0,0,0,0,0,0,0,0,0
482419,2,1,0,0,0,0,0,0,0,0,0,0
482419,3,1,0,0,0,0,0,0,0,0,0,0
482420,1,1,20,20,20,20,20,20,20,20,20,20
482422,0,1,0,0,31,24,0,0,0,30,0,8
482422,1,1,16,3,0,0,0,35,0,11,14,6
482423,1,1,0,0,0,0,0,0,0,0,0,0
482423,2,1,11,30,18,0,15,0,0,0,0,0
482424,0,1,42,7,13,19,6,22,10,0,14,26
482424,1,1,0,0,0,0,0,20,0,0,0,0
482425,0,1,0,0,0,0,0,0,0,0,0,0
482425,1,1,0,0,0,23,0,17,0,0,21,13
482426,1,1,0,0,0,0,0,0,0,0,0,0
482426,2,1,0,0,0,0,0,0,0,0,0,0
482427,0,1,15,15,15,15,15,15,15,15,15,15
482427,1,1,0,0,0,0,6,0,24,0,0,9
482428,1,1,22,22,22,22,22,22,22,22,22,22
482429,1,1,19,19,19,19,19,19,19,19,19,19
482429,2,1,0,0,0,0,0,0,0,0,0,0
482430,1,1,17,24,16,22,8,15,27,10,0,36
482431,1,1,22,22,22,22,22,22,22,22,22,22
482432,1,1,13,13,13,13,13,13,13,13,13,13
482433,1,1,25,25,25,25,25,25,25,25,25,25
482434,1,1,0,0,0,0,0,0,0,0,0,0
482434,2,1,0,0,0,0,0,0,0,0,0,0
482435,1,1,11,0,20,0,22,0,0,0,26,0
482436,1,1,0,0,0,0,0,11,19,0,7,9
482437,1,1,0,40,0,13,20,0,0,14,0,0
482438,0,1,0,19,14,0,29,0,7,0,0,0
482438,1,1,20,0,0,16,0,0,0,0,0,0
482439,0,1,0,0,0,0,0,0,0,0,0,0
482439,1,1,6,6,6,6,6,6,6,6,6,6
482440,0,1,0,0,0,0,0,0,0,0,0,0
482440,1,1,9,6,14,0,0,0,0,0,0,0
482441,1,1,14,0,0,0,0,0,0,0,0,0
482442,0,1,17,0,17,0,29,0,0,0,0,0
482442,1,1,0,0,0,3,16,0,0,0,12,5
482443,0,1,14,14,14,14,14,14,14,14,14,14
482443,1,1,0,0,0,0,25,0,18,0,5,0
482444,1,1,0,0,0,0,0,0,0,0,0,0
482444,2,1,0,0,0,0,0,0,0,0,0,0
482445,0,1,14,0,9,4,12,0,0,22,8,0
482445,1,1,0,0,17,0,0,0,0,0,0,0
482446,1,1,0,0,0,0,0,0,0,0,0,0
482446,2,1,0,0,0,0,0,0,8,0,0,0
482447,1,1,0,0,0,0,0,0,0,0,0,0
482447,2,1,18,0,10,0,0,0,0,0,0,0
482448,0,1,9,0,9,42,19,9,0,0,11,16
482448,1,1,8,9,11,29,0,17,14,21,0,0
482449,1,1,0,0,0,0,0,0,0,0,3,0
482449,2,1,0,0,0,0,0,0,0,0,0,0
482450,1,1,14,24,0,0,0,0,0,0,0,38
482450,2,1,0,0,0,0,0,0,0,0,0,0
482451,1,1,0,0,0,0,0,0,0,0,0,0
482451,2,1,0,0,0,5,0,0,0,0,0,0
482452,1,1,23,0,18,27,32,0,0,19,15,30
482453,1,1,0,0,0,0,0,0,0,0,0,0
482453,2,1,0,5,0,26,0,20,0,0,0,22
482454,1,1,8,0,4,0,0,20,0,0,27,0
482455,1,1,8,8,8,8,8,8,8,8,8,8
482456,0,1,0,21,16,0,17,33,0,8,11,0
482456,1,1,0,0,29,36,0,0,0,0,0,0
482457,1,1,0,0,0,0,19,0,0,16,13,0
482458,1,1,0,0,0,0,0,0,0,0,0,0
482459,1,1,0,0,0,0,0,0,0,0,0,0
482460,1,1,0,0,6,19,0,0,0,0,0,12
482461,1,1,0,0,0,0,0,0,9,0,0,0
482461,2,1,0,0,0,0,0,18,0,0,0,0
482462,1,1,23,23,23,23,23,23,23,23,23,23
482463,1,1,17,0,0,0,0,0,0,0,0,0
482464,0,1,17,17,17,17,17,17,17,17,17,17
482464,1,1,17,28,0,0,18,0,0,13,5,0
482464,2,1,0,19,0,0,0,0,0,0,0,0
482464,3,1,0,21,0,0,20,0,5,5,15,0
482465,1,1,17,17,17,17,17,17,17,17,17,17
482465,2,1,0,9,0,0,0,0,0,12,18,0
482466,1,1,0,0,0,0,0,0,0,0,0,0
482466,2,1,23,6,2,0,16,0,18,0,0,0
482467,0,1,0,0,13,0,0,0,0,0,0,0
482467,1,1,0,0,0,0,0,0,0,0,0,5
482468,1,1,0,0,0,0,0,0,0,0,0,0
482468,2,1,0,0,0,0,0,0,0,0,0,0
482469,1,1,0,21,0,0,0,0,0,9,0,0
482470,1,1,0,0,0,0,0,0,13,0,16,0
482470,2,1,0,0,14,0,0,0,0,0,11,0
482471,0,1,24,0,21,20,0,16,20,14,0,2
482471,0,2,0,15,16,16,13,0,0,0,20,0
482471,0,3,18,0,0,0,0,12,0,29,7,0
482471,1,1,0,0,10,0,0,0,6,0,10,13
482473,1,1,31,27,0,0,0,0,16,12,0,0
482474,1,1,0,0,19,0,0,0,0,11,17,0
482474,2,1,0,0,19,0,0,0,0,0,0,0
482475,1,1,0,0,0,0,0,0,0,0,0,0
482475,2,1,0,0,0,0,0,0,0,0,0,0
482475,3,1,0,0,0,0,0,0,0,0,4,24
482475,4,1,0,27,0,0,0,0,0,0,0,0
482476,1,1,22,0,30,7,0,0,0,13,0,0
482477,1,1,0,0,0,0,0,0,0,0,0,0
482477,2,1,0,0,0,0,0,0,0,0,0,0
482477,3,1,0,0,0,0,0,0,0,0,0,0
482478,1,1,0,0,0,0,0,0,0,0,0,0
482478,2,1,0,0,0,0,0,0,15,0,0,0
482478,3,1,0,0,0,0,0,0,0,0,0,15
482479,1,1,0,0,0,0,0,5,0,0,0,0
482479,2,1,7,0,0,0,0,0,0,0,0,0
482480,0,1,18,18,18,18,18,18,18,18,18,18
482480,1,1,15,0,0,0,0,20,0,0,21,9
482481,1,1,0,0,3,0,0,0,0,0,0,0
482481,2,1,0,0,0,0,0,0,0,0,0,19
482482,1,1,0,0,0,0,0,0,0,0,0,0
482482,2,1,0,0,0,0,0,0,0,0,0,0
482483,0,1,0,0,0,0,0,0,0,0,0,0
482483,1,1,0,18,0,0,0,0,25,0,0,0
482484,1,1,0,0,0,0,0,0,0,0,0,0
482485,0,1,0,0,0,0,0,0,0,0,0,0
482485,1,1,0,0,0,0,18,0,0,6,0,30
482486,1,1,0,0,0,0,0,0,0,0,0,0
482486,2,1,0,0,0,0,0,0,0,10,0,0
482487,1,1,0,0,0,0,0,16,0,0,0,0
482487,2,1,0,0,0,0,25,0,0,0,0,16
482488,1,1,18,18,18,18,18,18,18,18,18,18
482488,2,1,0,0,0,0,0,0,0,0,0,0
482488,3,1,0,0,0,0,15,25,0,17,0,11
482489,1,1,12,12,12,12,12,12,12,12,12,12
482489,2,1,0,0,0,0,0,0,0,0,0,16
482490,1,1,14,14,14,14,14,14,14,14,14,14
482491,0,1,15,0,20,14,0,24,0,0,11,0
482491,1,1,0,0,0,0,7,6,0,0,15,0
482492,1,1,20,0,10,7,4,19,6,0,13,17
482492,2,1,0,0,0,0,0,0,0,0,0,0
482493,1,1,0,9,0,19,0,0,0,11,0,0
482493,2,1,0,18,10,9,30,0,0,0,0,5
482494,1,1,0,0,12,0,4,0,0,0,17,22
482494,2,1,0,8,0,0,0,0,0,21,0,0
482495,1,1,0,0,0,20,0,0,0,0,0,12
482495,2,1,0,16,0,0,0,27,0,14,0,0
482496,0,1,25,25,25,25,25,25,25,25,25,25
482496,1,1,0,0,0,20,0,0,13,4,0,0
482497,0,1,21,21,21,21,21,21,21,21,21,21
482497,1,1,25,0,17,0,13,12,0,13,21,4
482498,0,1,27,26,0,0,13,0,26,0,0,0
482498,0,2,12,22,0,16,0,8,14,0,11,0
482498,1,1,15,12,0,0,2,27,11,12,29,5
482499,1,1,12,12,12,12,12,12,12,12,12,12
482500,0,1,0,0,0,0,0,0,0,0,0,0
482500,1,1,0,0,0,0,0,0,0,0,12,0
482501,1,1,0,0,0,0,0,0,0,0,0,0
482502,1,1,14,14,14,14,14,14,14,14,14,14
482502,2,1,0,35,0,0,0,0,10,0,0,0
482503,0,1,13,0,0,23,20,0,0,53,14,13
482503,1,1,14,0,0,0,7,0,0,12,0,0
482504,1,1,13,13,13,13,13,13,13,13,13,13
482505,1,1,0,3,0,0,0,0,8,0,0,0
482505,2,1,0,0,0,0,0,0,10,17,0,0
482506,1,1,0,0,0,0,0,0,0,0,5,26
482506,2,1,0,0,0,0,29,0,0,0,0,9
482507,1,1,24,14,13,13,15,9,13,24,10,25
482507,2,1,0,12,27,0,23,5,0,0,8,0
482507,3,1,0,14,17,15,0,11,0,0,0,0
482508,1,3,24,0,17,16,0,0,21,0,17,15
482509,1,1,0,0,31,0,0,0,29,0,22,0
482509,2,1,0,0,0,0,2,0,0,0,0,0
482510,1,1,22,22,22,22,22,22,22,22,22,22
482511,1,1,17,17,17,17,17,17,17,17,17,17
482512,1,1,0,25,16,0,8,0,7,0,0,24
482512,2,1,0,0,0,0,10,0,23,0,20,0
482512,3,1,23,10,17,26,0,0,0,0,0,3
482513,1,1,0,0,0,0,0,0,0,0,0,0
482513,2,1,0,0,0,0,0,0,0,0,0,0
482514,0,1,0,0,0,0,0,0,0,0,0,0
482514,1,1,0,6,0,0,0,0,0,0,0,0
482515,1,1,3,3,3,3,3,3,3,3,3,3
482515,2,1,0,0,0,0,0,0,0,0,0,0
482516,0,1,5,28,23,18,11,0,27,14,15,14
482516,2,1,15,15,15,15,15,15,15,15,15,15
482517,1,1,0,0,0,0,0,0,0,0,0,0
482517,2,1,0,0,0,0,0,0,0,0,0,0
482518,1,1,25,25,25,25,25,25,25,25,25,25
482518,2,1,15,0,0,24,0,18,13,24,0,21
482519,0,1,0,35,0,18,0,0,19,22,11,0
482519,1,1,0,0,0,0,0,0,0,0,0,0
482520,0,1,0,0,0,0,0,0,0,0,0,0
482520,1,1,10,0,21,0,0,0,0,0,0,0
482520,2,1,0,18,0,0,22,0,0,0,0,0
482521,1,1,10,15,33,17,5,7,18,23,10,0
482522,1,1,21,0,0,0,0,0,0,0,0,0
482522,2,1,0,0,0,38,0,0,0,0,0,0
482523,1,1,0,0,18,0,0,0,0,0,0,0
482523,2,1,0,0,0,0,0,0,0,0,0,0
482524,0,1,0,24,0,9,0,9,20,12,20,35
482524,1,1,17,15,0,0,0,0,0,20,0,0
482525,1,1,0,0,0,0,0,0,0,0,0,0
482526,0,1,0,0,0,0,0,0,0,0,0,0
482526,1,1,0,16,0,0,17,0,0,0,11,0
482526,2,1,0,0,0,0,0,0,14,0,0,0
482526,3,1,0,0,0,0,0,0,0,0,0,0
482526,4,1,0,17,18,0,0,0,17,28,0,20
482527,0,1,29,17,0,17,0,17,0,0,0,0
482527,1,1,17,0,18,0,0,0,0,25,7,9
482528,1,1,0,0,0,0,0,0,0,0,0,0
482529,1,1,1,1,1,1,1,1,1,1,1,1
482530,1,1,0,0,0,14,0,0,0,15,0,0
482530,2,1,13,20,0,35,0,0,0,20,0,0
482530,3,1,0,22,0,4,0,0,0,0,0,0
482530,4,1,13,7,0,0,0,0,20,0,0,0
482531,1,1,28,28,28,28,28,28,28,28,28,28
482532,0,1,0,0,0,0,0,0,0,0,0,0
482532,1,1,0,0,13,0,20,0,0,26,0,0
482532,2,1,13,14,0,0,3,15,0,7,0,13
482533,1,1,0,0,0,0,16,10,0,0,16,0
482533,2,1,0,0,0,0,0,0,0,0,0,0
482534,1,1,0,0,0,0,0,0,0,0,0,0
482534,2,1,0,0,0,0,0,0,0,0,0,0
482536,1,1,24,24,24,24,24,24,24,24,24,24
482537,0,1,0,0,7,0,0,0,0,0,0,37
482537,0,2,11,0,0,14,0,10,0,0,0,0
482537,1,1,6,20,17,15,0,0,14,15,4,8
482538,1,1,0,0,0,0,0,0,0,0,0,0
482538,2,1,0,0,0,0,0,0,0,0,0,0
482539,1,1,0,14,12,0,0,12,26,5,0,25
482539,2,1,0,12,0,7,19,10,12,0,15,0
482540,1,1,0,0,0,0,0,0,0,0,0,0
482540,2,1,15,0,24,6,0,0,22,0,14,0
482541,1,1,32,32,32,32,32,32,32,32,32,32
482542,1,1,14,14,14,14,14,14,14,14,14,14
482543,1,1,0,18,0,0,13,0,0,0,0,28
482544,0,1,0,0,0,0,0,0,0,0,0,0
482544,1,1,5,29,5,0,6,9,9,6,7,25
482545,1,1,30,0,0,0,0,0,0,32,0,0
482545,2,1,0,0,0,0,0,0,0,7,11,11
482546,1,1,22,22,22,22,22,22,22,22,22,22
482547,1,1,25,25,25,25,25,25,25,25,25,25
482547,2,1,0,0,3,0,0,0,0,0,0,0
482548,1,1,1,1,1,1,1,1,1,1,1,1
482548,2,1,0,0,0,0,0,0,0,0,0,0
482549,1,1,17,0,0,0,0,0,0,0,0,0
482550,1,1,0,19,0,0,0,0,0,0,0,0
482550,2,1,0,0,0,0,25,0,0,7,0,5
482551,1,1,0,0,0,0,0,0,0,0,0,0
482551,2,1,0,0,0,0,0,0,0,0,0,0
482552,1,1,8,8,8,8,8,8,8,8,8,8
482552,2,1,1,1,1,1,1,1,1,1,1,1
482553,1,1,0,0,31,0,20,0,22,16,20,0
482553,2,1,35,0,14,0,0,14,0,0,0,0
482554,0,1,0,30,20,38,0,26,0,21,0,31
482554,1,1,0,0,13,0,0,0,0,0,7,10
482555,1,1,0,0,0,0,0,0,0,0,0,0
482556,0,1,18,19,28,16,12,10,14,15,11,40
482556,1,1,0,0,8,0,2,19,4,0,15,0
482557,0,1,0,0,0,19,0,35,0,16,23,0
482557,1,1,0,27,9,0,0,0,0,37,4,0
482558,1,1,0,33,0,0,7,0,0,0,0,0
482559,0,1,8,0,0,0,0,0,0,15,30,0
482559,1,1,0,0,7,0,0,0,0,0,0,0
482560,0,1,9,9,9,9,9,9,9,9,9,9
482560,1,1,0,11,3,16,7,13,0,21,10,0
482561,1,1,17,17,17,17,17,17,17,17,17,17
482561,2,1,0,0,0,0,0,0,0,0,0,0
482561,3,1,0,16,0,0,0,0,0,0,0,0
482562,1,1,0,11,7,15,0,14,3,2,15,18
482562,2,1,3,3,3,3,3,3,3,3,3,3
482563,1,1,0,0,0,22,0,0,17,0,0,13
482563,2,1,0,0,0,0,0,0,0,26,0,0
482564,1,1,0,0,0,0,0,0,0,0,0,0
482565,1,1,0,27,0,0,18,0,15,13,0,15
482566,1,1,0,0,0,0,0,0,0,0,0,0
482567,1,1,20,0,0,0,0,17,0,0,0,8
482568,1,1,0,0,0,0,0,0,0,0,0,0
482568,2,1,0,0,0,0,0,0,0,0,0,4
482569,1,1,0,0,0,0,0,0,0,0,0,0
482570,1,1,0,0,0,0,0,0,0,0,0,0
482571,1,1,0,0,0,0,0,4,0,0,0,21
482571,2,1,0,8,0,0,20,0,0,3,0,0
482571,3,1,0,16,0,0,0,10,22,0,0,16
482571,4,1,0,0,0,0,0,0,10,0,0,0
482572,1,1,0,8,0,0,0,24,0,0,0,0
482573,1,1,14,21,4,12,18,14,11,17,8,12
482574,1,1,0,0,0,0,0,30,0,33,0,11
482574,2,1,0,0,0,0,0,0,0,0,0,0
482574,3,1,0,0,0,0,0,0,0,0,0,0
482574,4,1,0,0,0,0,0,0,0,0,13,0
482575,0,1,38,38,38,38,38,38,38,38,38,38
482575,1,1,15,0,0,0,0,13,0,0,0,0
482576,1,1,3,0,0,14,9,0,13,0,12,10
482576,2,1,0,9,0,12,0,0,0,0,0,0
482577,1,1,21,21,21,21,21,21,21,21,21,21
482578,1,1,0,0,0,0,0,0,0,0,0,0
482579,1,1,34,34,34,34,34,34,34,34,34,34
482579,2,1,0,5,9,13,0,0,0,0,0,0
482580,1,1,0,0,0,0,18,0,0,0,0,0
482580,2,1,0,0,0,0,0,0,0,0,0,0
482581,1,1,0,0,0,0,0,21,0,0,0,0
482581,3,1,23,0,0,0,14,0,0,0,0,0
482582,1,1,0,3,32,18,22,18,0,29,0,18
482582,2,1,18,0,0,5,12,10,15,0,14,0
482583,0,1,0,0,24,27,0,0,23,0,0,0
482583,1,1,0,0,0,0,0,0,0,0,0,0
482584,0,1,28,28,28,28,28,28,28,28,28,28
482584,1,1,0,0,0,8,0,0,0,0,0,8
482585,1,1,0,0,0,0,0,15,22,0,11,15
482586,1,1,0,0,0,0,0,0,0,0,0,0
482587,1,1,24,24,24,24,24,24,24,24,24,24
482588,1,1,12,12,12,12,12,12,12,12,12,12
482588,2,1,0,0,0,0,0,0,0,7,0,0
482589,1,1,0,24,0,0,0,0,0,0,0,0
482589,2,1,0,0,0,0,0,17,11,0,0,0
482590,0,1,0,0,0,0,0,0,0,0,0,0
482590,0,2,0,0,0,0,0,0,0,0,0,0
482590,1,1,0,0,0,0,0,0,0,0,0,0
482591,1,1,12,12,12,12,12,12,12,12,12,12
482592,1,1,28,0,0,16,21,0,0,0,0,24
482592,2,1,0,0,0,0,0,0,0,0,0,0
482593,0,1,0,0,0,0,0,0,0,0,0,0
482593,1,1,0,0,17,0,0,0,0,0,25,0
482594,0,1,41,0,0,0,0,0,15,0,0,0
482594,1,1,0,0,0,0,0,0,0,0,0,0
482595,1,1,0,0,0,0,0,0,0,0,0,0
482595,2,1,9,0,43,24,11,16,0,20,24,0
482596,1,1,0,0,0,0,0,0,0,0,0,0
482596,2,1,1,1,1,1,1,1,1,1,1,1
482597,1,1,14,14,14,14,14,14,14,14,14,14
482598,1,1,12,12,12,12,12,12,12,12,12,12
482599,1,1,0,0,0,0,13,0,0,0,0,0
482600,0,1,4,25,8,15,31,23,11,10,21,18
482600,1,1,0,0,15,19,7,0,10,0,14,11
482601,0,1,0,0,0,0,0,0,0,0,0,0
482601,1,1,0,0,0,16,0,0,0,0,0,0
482602,1,1,8,8,8,8,8,8,8,8,8,8
482602,2,1,11,0,0,0,0,0,0,0,0,0
482603,0,1,0,0,0,0,0,0,0,0,0,0
482603,1,1,0,0,0,0,0,0,0,0,0,0
482604,1,1,0,5,0,0,0,0,17,0,0,0