ST_CASE,VEH_NO,PER_NO,P1,P2,P3,P4,P5,P6,P7,P8,P9,P10
482604,2,1,0,15,22,0,0,0,0,14,0,0
482605,1,1,0,0,0,0,0,0,11,0,0,0
482606,0,1,0,0,0,0,0,0,0,0,0,0
482606,1,1,0,19,20,22,9,14,7,0,0,0
482607,1,1,12,0,0,0,0,0,0,0,0,0
482608,1,1,0,0,0,0,0,0,0,17,0,0
482608,2,1,15,0,0,0,0,0,0,0,19,0
482609,0,1,0,0,0,0,0,0,0,0,0,0
482609,1,1,0,0,25,0,13,18,0,0,9,7
482609,2,1,0,0,0,0,0,0,0,0,0,0
482609,3,1,0,7,20,11,0,0,25,15,0,0
482609,4,1,0,0,29,0,0,0,0,0,11,0
482609,5,1,0,0,0,0,0,0,0,0,0,0
482609,6,1,0,15,0,0,0,0,0,0,0,0
482609,7,1,12,0,0,0,0,0,0,0,0,0
482610,1,1,0,0,0,0,0,0,0,0,0,0
482611,0,1,0,0,0,0,0,0,0,0,0,0
482611,1,1,0,0,0,0,0,0,0,21,0,0
482612,0,1,4,20,0,0,21,18,0,42,0,62
482612,1,1,16,15,5,0,0,0,0,13,0,0
482613,1,1,0,0,0,0,14,0,0,0,0,0
482613,2,1,0,0,0,0,0,0,0,0,0,0
482613,3,1,0,0,0,0,0,0,0,29,0,0
482614,1,1,0,0,0,0,0,0,0,0,0,0
482615,1,1,0,0,0,0,0,0,0,0,0,0
482615,2,1,25,0,0,13,13,18,0,20,0,0
482615,3,1,0,0,0,0,0,0,0,0,0,0
482616,1,1,0,0,0,0,0,0,0,0,0,0
482617,1,1,0,0,0,7,19,0,8,0,0,17
482617,2,1,3,39,0,0,10,0,35,16,16,0
482618,1,1,14,14,14,14,14,14,14,14,14,14
482619,1,1,12,18,27,34,8,39,18,21,11,0
482620,1,1,0,0,0,0,0,0,0,0,0,0
482621,1,1,11,0,12,0,13,18,23,0,24,20
482621,2,1,15,4,0,0,12,0,15,0,17,10
482622,1,1,0,15,0,0,0,0,0,0,0,0
482622,2,1,19,19,19,19,19,19,19,19,19,19
482623,0,1,0,0,0,0,0,0,0,0,0,0
482623,1,1,29,24,35,31,6,10,0,0,0,0
482624,1,1,0,0,0,0,0,0,0,0,0,0
482625,1,1,31,31,31,31,31,31,31,31,31,31
482625,2,1,0,0,0,0,0,0,0,0,0,0
482626,1,1,20,20,20,20,20,20,20,20,20,20
482627,0,1,0,0,0,0,0,0,0,0,0,0
482627,1,1,10,0,0,0,10,21,10,24,11,0
482628,1,1,0,0,0,0,11,5,12,0,20,10
482629,1,1,8,0,0,8,0,0,0,14,0,20
482630,1,1,0,0,0,0,0,0,0,0,0,10
482630,2,1,0,0,0,0,0,0,0,17,0,0
482631,1,1,24,24,24,24,24,24,24,24,24,24
482631,2,1,0,25,4,18,0,0,13,10,0,2
482632,1,1,32,14,17,13,0,17,12,9,8,13
482633,1,1,29,29,29,29,29,29,29,29,29,29
482634,1,1,0,0,0,0,0,0,0,0,0,0
482634,2,1,0,0,0,0,0,0,0,0,0,0
482635,0,1,4,4,4,4,4,4,4,4,4,4
482635,1,1,15,19,0,0,0,22,29,0,0,10
482636,1,1,0,0,0,0,0,0,0,0,0,0
482636,2,1,0,0,0,0,0,0,0,0,0,0
482636,3,1,0,0,0,0,0,0,0,0,0,0
482637,1,1,0,0,0,0,0,0,0,0,0,0
482637,2,1,0,0,0,0,0,0,0,0,0,0
482637,3,1,0,0,0,0,0,0,0,0,0,0
482638,0,1,9,34,36,15,0,8,0,35,8,0
482638,1,1,0,0,16,20,30,0,13,0,0,0
482639,1,1,0,0,0,0,0,0,16,0,0,0
482639,2,1,0,0,0,0,14,0,0,14,0,0
482640,1,1,0,7,0,0,12,0,15,0,16,0
482640,2,1,11,0,0,0,0,17,0,0,0,0
482641,1,1,2,16,11,26,11,16,11,14,18,7
482642,1,1,0,0,20,14,0,0,30,18,0,29
482643,1,1,0,0,0,0,0,0,0,0,0,0
482644,1,1,17,3,4,0,9,8,0,0,14,0
482644,2,1,0,0,0,23,0,0,20,0,11,0
482645,0,1,0,0,0,0,0,0,0,0,0,0
482645,1,1,0,0,0,0,0,0,0,0,0,0
482646,1,1,32,0,18,0,0,0,0,0,0,0
482647,1,1,11,0,0,0,13,0,26,17,0,10
482648,1,1,1,1,1,1,1,1,1,1,1,1
482649,1,1,0,0,0,0,0,0,0,0,0,0
482651,1,1,0,0,0,0,0,0,0,0,0,0
482651,2,1,0,0,0,0,0,0,0,0,0,0
482652,1,1,0,0,0,9,0,0,0,0,0,0
482652,2,1,0,0,0,0,0,0,3,0,21,0
482653,1,1,0,0,0,0,0,0,0,0,0,0
482655,1,1,16,16,16,16,16,16,16,16,16,16
482656,1,1,8,8,8,8,8,8,8,8,8,8
482657,1,1,0,0,18,0,0,0,0,0,0,0
482657,2,1,0,0,0,0,0,0,0,0,0,0
482658,1,1,0,0,0,0,0,0,0,0,11,0
482658,2,1,0,0,0,0,0,0,0,0,0,0
482659,1,1,4,26,0,10,0,0,0,0,0,7
482660,1,1,22,22,22,22,22,22,22,22,22,22
482661,0,1,0,0,0,0,0,0,0,0,0,0
482661,1,1,0,13,0,17,0,0,0,0,19,0
482663,1,1,0,0,0,0,0,0,0,0,0,0
482663,2,1,0,0,0,0,0,0,0,0,0,0
482664,1,1,0,0,0,0,0,0,0,0,0,0
482664,2,1,0,0,0,0,0,2,0,0,0,0
482665,1,1,0,0,0,0,0,24,0,0,0,0
482665,2,1,0,0,0,0,0,0,5,0,0,0
482666,0,1,0,0,0,0,0,0,0,0,0,0
482666,1,1,0,0,0,0,0,0,0,0,0,0
482667,1,1,13,13,13,13,13,13,13,13,13,13
482668,1,1,0,0,0,0,0,0,0,6,0,0
482668,2,1,0,10,0,0,0,0,0,0,19,0
482668,3,1,0,15,0,0,21,0,0,0,0,0
482669,1,1,0,0,0,0,0,0,0,0,0,0
482669,2,1,0,0,4,0,0,0,0,0,0,0
482670,1,1,11,0,6,18,0,0,0,0,0,0
482670,2,1,0,0,0,0,0,0,0,0,0,0
482671,1,1,0,0,0,0,0,0,0,0,0,0
482671,2,1,0,0,0,0,0,0,0,11,0,0
482672,1,1,0,0,0,0,0,0,0,0,0,0
482673,1,1,0,0,0,0,0,0,0,0,0,0
482673,2,1,0,0,0,0,0,0,0,10,0,0
482674,1,1,0,0,0,0,0,0,11,0,0,0
482674,2,1,0,0,0,0,0,0,0,0,0,0
482675,0,1,0,0,0,0,0,0,0,0,0,0
482675,1,1,0,0,0,0,0,0,0,0,7,0
482676,1,1,12,12,12,12,12,12,12,12,12,12
482676,2,1,0,0,0,0,0,0,0,0,0,0
482676,3,1,10,29,13,14,8,0,0,0,0,0
482677,1,1,0,13,0,0,0,0,0,0,0,0
482678,1,1,0,0,0,0,0,0,0,0,0,0
482679,0,1,0,0,0,0,0,0,31,0,0,0
482679,1,1,22,22,22,22,22,22,22,22,22,22
482679,3,1,0,0,0,0,0,0,0,0,18,30
482680,1,1,0,0,0,0,0,0,0,0,14,0
482681,1,1,23,23,23,23,23,23,23,23,23,23
482682,1,1,0,0,0,14,0,0,0,0,0,0
482682,2,1,0,0,0,0,0,0,0,0,0,0
482683,1,1,14,14,14,14,14,14,14,14,14,14
482684,1,1,0,0,0,0,0,0,0,0,0,0
482685,1,1,5,10,10,7,0,0,27,0,15,0
482686,1,1,21,11,0,26,11,0,15,6,12,12
482687,1,1,0,0,0,13,0,21,0,0,0,0
482687,2,1,0,13,21,10,26,0,0,0,0,0
482688,1,1,14,3,17,24,0,24,7,0,2,8
482689,1,1,0,0,0,0,0,0,0,0,0,0
482689,2,1,0,0,0,0,0,0,0,0,0,0
482690,1,1,0,0,0,0,15,0,0,0,0,0
482690,2,1,0,0,0,17,0,0,0,0,0,0
482691,0,1,0,0,0,0,0,0,0,0,0,0
482691,1,1,0,0,0,0,0,20,0,0,0,0
482692,0,1,38,27,18,26,8,6,0,4,20,11
482692,1,1,21,11,0,0,0,0,25,24,0,0
482692,2,1,0,0,0,0,10,0,0,0,0,0
482693,0,1,0,0,0,50,0,0,9,0,26,20
482693,1,1,0,0,0,0,0,0,0,0,0,0
482694,1,1,0,0,0,0,0,0,0,0,0,0
482694,2,1,0,0,0,0,0,0,0,0,0,0
482695,1,1,0,0,0,0,0,0,0,15,0,0
482695,2,1,0,0,0,0,0,0,0,0,0,0
482696,0,1,0,0,27,35,22,0,0,0,0,0
482696,1,1,11,0,13,26,14,0,0,0,8,0
482697,0,1,0,0,0,42,0,27,0,0,9,0
482697,1,1,0,0,0,0,0,0,0,0,0,0
482697,2,1,0,0,15,0,0,0,0,0,0,8
482698,0,1,0,0,0,0,0,0,0,0,0,0
482698,1,1,0,9,0,0,0,0,0,0,0,0
482699,1,1,13,0,0,35,0,0,0,0,0,19
482700,1,1,20,20,20,20,20,20,20,20,20,20
482700,2,1,47,0,26,0,0,0,19,0,21,0
482701,1,1,11,10,14,18,36,24,15,19,26,16
482702,1,1,14,14,14,14,14,14,14,14,14,14
482702,2,1,0,17,0,11,0,0,0,0,13,0
482702,3,1,0,28,12,0,16,0,25,8,10,0
482703,1,1,10,10,10,10,10,10,10,10,10,10
482704,0,1,0,0,0,0,0,0,0,0,0,0
482704,1,1,0,21,0,0,10,0,0,0,0,0
482705,1,1,26,26,26,26,26,26,26,26,26,26
482706,1,1,21,21,21,21,21,21,21,21,21,21
482706,2,1,0,0,0,0,0,0,0,0,0,0
482707,1,1,15,18,7,8,0,0,0,13,0,24
482708,1,1,0,0,0,0,0,0,14,0,0,0
482708,2,1,17,17,17,17,17,17,17,17,17,17
482709,1,1,0,0,0,0,0,0,0,0,0,0
482709,2,1,0,6,0,6,0,7,0,0,15,0
482710,1,1,24,24,24,24,24,24,24,24,24,24
482711,1,1,12,20,26,0,30,0,26,0,0,13
482712,0,1,0,0,0,0,0,0,0,0,0,0
482712,1,1,0,0,0,19,12,0,0,0,0,0
482713,1,1,7,7,7,7,7,7,7,7,7,7
482713,2,1,0,0,0,0,0,0,0,0,0,0
482714,1,1,21,0,5,0,0,28,8,22,20,4
482715,1,1,4,4,4,4,4,4,4,4,4,4
482716,1,1,11,25,7,32,27,7,0,0,4,11
482717,1,1,0,0,9,28,0,0,16,0,0,0
482718,1,1,0,0,0,0,0,0,0,0,0,0
482718,2,1,0,0,0,0,0,0,14,0,0,25
482719,1,1,0,0,0,0,0,0,0,0,0,0
482720,0,1,14,0,0,0,23,21,5,0,0,38
482720,1,1,0,8,0,11,24,0,0,0,0,0
482720,2,1,0,15,16,0,0,19,10,0,0,0
482721,0,1,0,0,0,0,0,0,44,26,11,0
482721,0,2,0,0,0,0,0,0,12,14,0,0
482721,1,1,0,0,0,0,0,0,0,0,0,0
482722,1,1,10,17,0,6,10,25,13,0,20,13
482723,1,1,0,0,0,0,0,0,2,0,0,0
482723,2,1,0,0,0,0,22,0,0,0,0,0
482724,1,1,0,0,0,0,0,0,0,25,12,0
482724,2,1,16,16,16,16,16,16,16,16,16,16
482726,1,1,0,0,0,0,0,0,0,0,0,0
482727,1,1,0,0,0,0,0,0,0,0,0,0
482727,2,1,0,0,0,0,27,0,0,33,0,0
482728,0,1,0,35,0,0,0,9,0,0,0,20
482728,1,1,14,16,0,0,9,0,0,20,0,2
482729,1,1,0,0,0,0,0,0,0,0,17,0
482730,1,1,0,0,13,0,6,0,0,19,0,0
482730,2,1,13,0,0,14,12,0,24,0,3,0
482730,3,1,0,0,0,14,7,0,0,0,28,0
482731,1,1,0,0,0,0,0,0,0,0,0,0
482731,2,1,0,0,0,0,0,0,0,0,0,0
482731,3,1,0,0,7,0,0,0,0,0,15,0
482731,4,1,0,0,0,22,9,0,0,13,0,16
482732,1,1,0,12,0,0,0,0,0,0,0,12
482733,0,1,24,24,24,24,24,24,24,24,24,24
482733,1,1,0,20,0,9,6,13,10,0,10,0
482733,2,1,0,0,0,24,21,0,0,0,0,14
482734,1,1,18,18,18,18,18,18,18,18,18,18
482735,1,1,0,0,0,0,0,0,0,0,0,0
482735,2,1,0,0,0,0,0,0,0,0,0,0
482736,0,1,0,0,17,0,0,22,0,21,0,0
482736,1,1,2,13,0,0,0,18,0,4,0,6
482737,1,1,20,20,20,20,20,20,20,20,20,20
482737,2,1,12,17,0,0,7,0,3,0,0,17
482738,0,1,0,0,0,0,0,0,0,0,0,0
482738,1,1,11,0,0,17,0,0,5,0,0,0
482739,1,1,0,0,0,0,0,0,0,0,0,0
482739,2,1,0,0,0,0,0,0,0,0,0,0
482740,1,1,0,0,0,0,0,0,0,0,0,0
482741,1,1,16,0,21,19,0,0,0,0,0,20
482742,1,1,0,15,0,21,8,0,0,0,5,45
482742,2,1,0,6,5,0,0,0,21,6,0,0
482743,1,1,0,0,0,0,0,0,0,0,0,20
482743,2,1,12,0,6,12,0,0,0,0,0,0
482744,0,1,21,21,21,21,21,21,21,21,21,21
482744,1,1,2,0,0,0,0,0,0,0,0,0
482745,1,1,0,0,0,0,0,0,0,0,0,0
482745,2,1,0,0,0,0,0,0,0,0,0,0
482745,3,1,0,0,0,0,0,0,0,0,0,0
482746,1,1,0,0,0,0,19,0,0,14,0,0
482746,2,1,0,0,0,0,0,0,0,0,0,0
482747,1,1,0,0,0,0,0,0,0,0,0,0
482747,2,1,0,0,0,0,0,0,0,0,0,0
482748,1,1,0,0,0,0,0,0,7,0,0,20
482748,2,1,0,21,13,0,0,0,0,0,0,0
482749,0,1,0,0,0,0,0,0,0,0,0,0
482749,1,1,0,0,0,0,0,0,0,0,0,0
482750,1,1,0,0,0,0,0,0,0,12,0,11
482751,1,1,0,16,0,0,14,0,22,22,0,21
482752,0,1,11,15,0,15,0,0,0,0,0,23
482752,1,1,0,11,0,0,0,0,11,0,0,0
482753,1,1,0,0,0,0,0,6,17,0,0,0
482754,1,1,13,13,13,13,13,13,13,13,13,13
482755,1,1,0,0,0,0,0,4,14,11,20,21
482756,1,1,0,0,0,0,0,0,0,0,0,0
482756,2,1,21,21,21,21,21,21,21,21,21,21
482757,1,1,6,0,0,0,0,0,0,14,0,0
482757,2,1,12,0,0,0,0,0,0,0,10,0
482757,3,1,0,0,0,0,0,0,0,0,0,0
482758,1,1,19,19,19,19,19,19,19,19,19,19
482758,2,1,0,0,12,10,0,0,0,8,0,0
482759,0,1,0,0,0,0,0,0,0,0,0,0
482759,1,1,0,16,0,0,36,0,14,0,0,0
482760,1,1,0,11,27,5,15,0,0,0,22,21
482761,1,1,13,11,0,12,18,15,19,8,0,30
482761,2,1,0,6,0,0,28,23,0,5,0,27
482762,1,1,0,0,0,0,0,0,0,15,0,0
482762,2,1,0,0,22,0,0,0,0,0,0,0
482763,1,1,0,0,0,0,0,22,0,0,0,0
482763,2,1,0,0,0,0,0,0,7,0,0,0
482764,0,1,0,0,0,0,0,0,0,0,0,0
482764,1,1,0,7,27,14,0,0,0,0,0,17
482765,1,1,0,0,0,22,24,0,0,0,0,0
482765,2,1,10,0,0,9,0,0,13,0,12,0
482766,1,1,0,0,0,0,0,0,0,0,0,0
482767,1,1,15,15,15,15,15,15,15,15,15,15
482768,0,1,0,14,0,0,0,20,0,0,0,9
482768,0,2,0,0,0,0,0,16,0,0,0,0
482768,1,1,0,0,0,0,0,0,0,10,0,0
482768,2,1,0,0,0,0,0,0,0,0,0,0
482769,1,1,0,0,0,12,27,0,0,16,0,26
482770,1,1,0,0,16,9,8,7,13,10,11,8
482771,1,1,9,0,0,0,0,13,0,0,0,14
482771,2,1,0,0,0,0,0,0,0,0,0,0
482772,1,1,28,26,23,15,9,12,15,33,15,16
482773,1,1,9,0,0,0,0,0,0,0,0,0
482773,2,1,9,12,21,0,0,0,0,19,10,0
482774,1,1,14,13,37,24,24,24,11,26,23,22
482775,1,1,0,0,0,0,0,0,0,0,0,24
482776,1,1,0,0,0,0,0,0,0,0,0,0
482776,2,1,0,0,0,0,0,0,0,0,0,0
482777,0,1,0,0,32,0,22,0,0,0,0,0
482777,1,1,0,0,0,0,0,0,18,22,13,0
482778,1,1,0,0,0,0,0,0,0,0,0,0
482779,1,1,0,13,0,0,0,0,0,0,0,0
482779,2,1,0,9,21,0,0,9,0,0,5,0
482780,1,1,0,0,0,0,31,0,0,0,0,0
482780,2,1,0,10,0,0,0,0,0,0,0,0
482781,1,1,16,16,16,16,16,16,16,16,16,16
482781,2,1,0,0,0,0,0,0,0,0,0,0
482782,1,1,0,0,0,30,0,0,0,0,0,0
482782,2,1,0,0,0,0,28,0,0,0,0,0
482783,1,1,0,9,0,0,0,0,4,0,0,0
482783,2,1,0,0,0,0,13,0,0,0,0,0
482784,1,1,0,0,0,0,0,0,6,0,0,0
482784,2,1,0,0,0,19,21,16,0,12,0,0
482785,0,1,0,0,0,41,0,0,0,0,0,9
482785,1,1,0,0,0,9,7,0,0,0,0,7
482787,1,1,0,0,15,0,0,28,0,27,0,0
482787,2,1,0,0,0,0,0,0,0,0,0,0
482788,1,1,0,5,0,0,0,0,0,0,0,0
482789,1,1,3,3,3,3,3,3,3,3,3,3
482789,2,1,3,0,0,0,0,0,0,0,0,0
482790,1,1,0,0,0,9,0,0,0,0,0,14
482791,1,1,16,16,16,16,16,16,16,16,16,16
482791,2,1,20,12,0,16,24,0,15,21,0,12
482792,1,1,0,15,0,21,0,0,0,0,8,0
482792,2,1,0,0,0,0,0,0,0,0,8,0
482793,1,1,0,15,13,0,14,22,11,10,0,0
482794,0,1,17,17,17,17,17,17,17,17,17,17
482794,1,1,3,19,3,2,0,9,0,0,7,10
482794,2,1,12,0,11,0,0,21,18,0,18,0
482795,1,1,0,0,0,18,0,9,9,10,9,8
482795,2,1,0,12,0,0,15,0,17,0,0,0
482796,1,1,25,12,0,10,0,0,12,19,23,0
482797,1,1,0,0,0,0,0,18,7,16,0,11
482798,1,1,0,15,15,0,0,11,0,28,0,0
482799,1,1,12,19,0,19,0,12,12,10,0,0
482800,1,1,0,0,0,0,0,0,0,0,16,0
482801,1,1,18,18,18,18,18,18,18,18,18,18
482801,2,1,0,0,6,0,0,0,0,0,0,0
482802,1,1,9,0,0,16,25,9,6,0,10,22
482803,1,1,25,25,25,25,25,25,25,25,25,25
482804,1,1,4,4,4,4,4,4,4,4,4,4
482804,2,1,0,16,10,0,0,0,0,19,15,0
482804,3,1,0,0,0,0,0,0,0,0,0,0
482805,0,1,0,0,0,0,0,0,0,0,7,0
482805,1,1,0,0,0,0,0,14,0,0,0,23
482806,1,1,11,11,11,11,11,11,11,11,11,11
482807,1,1,0,11,0,10,0,0,42,0,0,23
482808,1,1,0,0,0,0,0,0,0,0,0,0
482808,2,1,0,0,0,27,0,0,0,0,0,0
482809,1,1,0,6,10,30,10,14,0,0,0,0
482809,2,1,0,0,0,0,0,0,0,0,0,0
482810,1,1,0,0,4,0,11,0,0,0,0,0
482811,1,1,0,0,0,0,0,0,0,0,0,0
482812,1,1,11,11,11,11,11,11,11,11,11,11
482813,1,1,0,0,0,0,0,0,0,0,0,0
482813,2,1,0,0,0,0,0,6,0,0,0,0
482815,1,1,23,23,23,23,23,23,23,23,23,23
482816,1,1,11,11,11,11,11,11,11,11,11,11
482816,2,1,0,0,0,17,0,18,0,0,0,0
482817,1,1,24,15,0,0,0,0,0,11,14,0
482817,2,1,0,0,0,0,0,0,0,0,0,0
482818,1,1,0,0,0,0,0,0,0,0,0,0
482818,2,1,0,0,0,0,0,0,0,0,9,0
482819,1,1,41,41,41,41,41,41,41,41,41,41
482819,2,1,0,0,0,0,0,0,0,0,0,0
482820,0,1,19,0,0,0,10,0,19,42,23,0
482820,1,1,0,0,0,11,0,5,10,0,10,10
482821,1,1,0,0,0,0,0,0,0,0,0,0
482821,2,1,18,0,0,0,0,21,0,0,0,0
482821,3,1,0,0,26,0,0,0,0,0,0,0
482822,1,1,22,22,22,22,22,22,22,22,22,22
482822,2,1,0,0,0,0,0,14,0,0,12,22
482822,3,1,0,0,0,0,0,0,0,0,0,0
482823,1,1,0,0,0,0,0,0,0,0,0,0
482824,1,1,0,0,0,0,0,0,0,0,0,0
482824,2,1,0,0,0,0,0,0,0,0,9,0
482825,1,1,21,21,21,21,21,21,21,21,21,21
482825,2,1,0,0,0,0,0,0,0,0,0,0
482825,3,1,16,0,0,0,0,0,0,0,0,0
482825,4,1,8,17,14,0,0,0,29,0,16,0
482826,0,1,0,0,0,0,0,0,0,0,0,0
482826,1,1,2,2,2,2,2,2,2,2,2,2
482826,2,1,0,0,0,0,0,0,0,0,0,0
482827,1,1,0,0,8,0,0,0,0,0,0,0
482827,2,1,0,0,0,0,20,0,0,0,0,12
482827,3,1,0,0,0,31,0,15,0,0,0,0
482828,1,1,8,8,8,8,8,8,8,8,8,8
482829,1,1,0,0,6,0,0,20,0,19,0,0
482829,2,1,25,25,25,25,25,25,25,25,25,25
482830,1,1,13,13,13,13,13,13,13,13,13,13
482831,0,1,30,30,30,30,30,30,30,30,30,30
482831,1,1,0,0,10,20,0,0,0,0,21,0
482832,1,1,0,0,0,0,0,0,0,0,0,0
482833,1,1,16,14,11,17,6,24,12,16,13,40
482834,1,1,0,8,0,22,24,0,20,23,0,0
482834,2,1,12,0,0,19,0,0,0,11,0,32
482835,1,1,1,1,1,1,1,1,1,1,1,1
482835,2,1,0,0,0,16,0,0,14,0,16,16
482836,1,1,0,30,21,23,0,0,0,0,0,14
482837,1,1,0,0,0,0,0,0,0,0,0,0
482838,1,1,0,0,0,0,0,0,0,0,0,0
482838,2,1,0,0,0,0,0,0,0,0,0,0
482839,1,1,0,0,0,0,0,0,0,0,0,0
482840,0,1,0,0,0,0,0,0,0,0,0,0
482840,1,1,0,0,0,0,0,0,0,0,0,0
482840,2,1,0,0,0,0,0,0,0,0,6,0
482841,1,1,0,0,0,0,0,0,0,0,0,0
482841,2,1,0,0,0,0,0,0,0,0,0,0
482842,1,1,3,3,3,3,3,3,3,3,3,3
482843,1,1,23,23,23,23,23,23,23,23,23,23
482844,0,1,0,0,0,0,0,0,0,0,0,0
482844,1,1,0,14,22,19,0,0,36,9,0,0
482845,1,1,0,0,0,0,0,0,0,0,0,4
482845,2,1,0,0,0,0,0,0,4,0,0,0
482846,1,1,0,0,0,0,0,0,0,0,0,0
482847,1,1,14,14,14,14,14,14,14,14,14,14
482847,2,1,0,0,0,0,0,0,4,0,0,12
482848,1,1,0,0,0,0,21,0,0,9,18,0
482848,2,1,0,0,0,0,0,0,0,0,0,0
482849,0,1,0,0,0,0,0,0,0,0,0,0
482849,0,2,0,0,0,0,0,0,0,0,0,0
482849,1,1,9,9,9,9,9,9,9,9,9,9
482850,1,1,0,0,0,0,0,5,0,10,5,6
482850,2,1,15,15,15,15,15,15,15,15,15,15
482851,1,1,0,0,0,0,0,0,0,0,0,0
482851,2,1,0,0,0,0,0,0,0,0,0,0
482852,1,1,0,0,0,0,0,0,0,0,0,0
482852,2,1,0,0,0,0,0,0,0,0,0,0
482853,1,1,0,0,0,0,0,0,0,0,0,0
482854,1,1,0,0,0,13,16,0,0,0,0,23
482855,1,1,2,34,3,0,9,0,0,0,0,0
482856,0,1,7,0,17,26,0,22,30,0,0,6
482856,1,1,19,0,0,0,0,0,0,0,11,0
482857,1,1,0,0,0,37,15,0,0,0,0,0
482857,2,1,0,0,0,0,0,0,0,0,28,0
482858,0,1,20,20,20,20,20,20,20,20,20,20
482858,1,1,10,0,0,0,13,0,0,0,0,17
482859,1,1,18,15,12,11,22,21,17,23,9,18
482859,2,1,14,12,0,19,0,20,4,0,10,0
482860,0,1,0,0,0,21,0,0,0,0,0,0
482860,1,1,0,0,6,0,0,0,0,0,0,0
482861,1,1,0,0,0,0,0,0,0,0,21,0
482861,2,1,19,0,0,0,0,0,0,0,0,0
482862,0,1,10,3,9,16,58,9,28,26,30,26
482862,1,1,0,0,0,20,0,21,0,0,0,0
482863,1,1,19,19,19,19,19,19,19,19,19,19
482863,2,1,0,0,10,0,0,0,0,0,0,0
482864,1,1,0,0,0,0,0,0,24,0,0,19
482865,0,1,0,0,0,0,0,0,0,0,0,0
482865,1,1,0,0,0,0,0,0,0,0,0,0
482866,0,1,0,0,0,0,16,7,0,11,8,0
482866,1,1,5,5,5,5,5,5,5,5,5,5
482867,1,1,23,23,23,23,23,23,23,23,23,23
482867,2,1,0,0,0,0,0,22,0,0,0,18
482868,1,1,0,0,0,0,0,0,0,0,0,0
482868,2,1,24,0,0,0,0,0,0,10,22,0
482869,1,1,15,15,15,15,15,15,15,15,15,15
482869,2,1,0,0,0,0,0,0,0,0,0,0
482869,3,1,15,22,0,0,0,0,5,0,0,0
482870,1,1,15,15,15,15,15,15,15,15,15,15
482871,1,1,0,0,14,0,7,0,0,0,0,0
482871,2,1,0,0,0,0,0,0,0,0,0,0
482872,0,1,0,0,0,0,0,0,0,0,0,0
482872,1,1,0,0,0,0,0,15,0,0,0,0
482873,0,1,0,0,0,0,0,18,0,0,14,0
482873,1,1,0,0,0,0,0,0,0,0,0,0
482873,2,1,0,0,0,0,0,0,0,0,0,0
482874,0,1,0,0,0,0,0,0,0,0,0,0
482874,1,1,0,0,0,0,0,0,0,0,12,11
482874,2,1,0,0,0,4,0,0,0,0,0,0
482874,3,1,0,0,6,0,0,0,0,0,0,0
482874,4,1,0,0,0,0,0,0,0,0,0,18
482875,1,1,21,21,21,21,21,21,21,21,21,21
482875,2,1,4,28,0,0,17,0,0,0,0,0
482876,1,1,0,0,0,0,0,0,0,0,0,0
482876,2,1,16,0,0,0,0,0,0,0,0,0
482877,0,1,0,0,0,0,0,0,0,0,0,0
482877,0,2,28,0,0,0,0,0,0,27,0,0
482877,0,3,0,24,0,0,12,0,31,0,0,0
482877,1,1,9,19,6,0,7,0,0,0,0,0
482877,2,1,27,27,27,27,27,27,27,27,27,27
482878,1,1,6,6,6,6,6,6,6,6,6,6
482879,1,1,0,12,12,0,0,0,32,4,32,4
482880,1,1,0,17,0,0,0,0,0,0,0,0
482880,2,1,0,0,11,0,0,0,0,0,0,0
482881,1,1,12,0,0,0,0,0,0,13,0,0
482881,2,1,0,6,0,0,0,0,0,0,0,0
482881,3,1,0,0,0,0,0,0,0,0,0,0
482882,1,1,0,0,0,0,0,0,0,0,0,0
482882,2,1,0,0,0,0,0,0,0,0,0,0
482883,1,1,0,0,0,0,8,0,0,0,0,0
482883,2,1,0,0,0,0,0,0,0,0,0,0
482884,0,1,27,27,27,27,27,27,27,27,27,27
482884,1,1,22,0,12,13,4,0,0,0,0,26
482885,1,1,0,0,0,9,0,0,0,0,0,0
482885,2,1,0,0,0,0,0,0,0,0,0,0
482886,0,1,7,7,7,7,7,7,7,7,7,7
482886,1,1,0,42,17,18,14,0,0,18,0,0
482887,1,1,0,19,0,15,0,0,17,0,0,0
482888,1,1,0,0,0,10,0,0,0,0,0,15
482888,2,1,0,0,6,0,0,17,15,8,0,0
482889,1,1,0,0,0,0,0,0,0,0,9,0
482890,0,1,16,16,16,16,16,16,16,16,16,16
482890,0,2,0,0,0,0,0,0,0,0,0,0
482890,1,1,8,8,8,8,8,8,8,8,8,8
482891,1,1,0,0,0,0,0,0,0,0,0,0
482891,2,1,5,0,0,0,0,0,0,0,0,0
482892,1,1,7,16,0,5,5,0,34,39,0,18
482893,0,1,0,0,0,21,11,0,0,0,21,25