ST_CASE,VEH_NO,PER_NO,P1,P2,P3,P4,P5,P6,P7,P8,P9,P10
490257,1,1,18,18,18,18,18,18,18,18,18,18
490257,2,1,0,0,0,0,0,0,0,0,0,0
490258,0,1,24,24,24,24,24,24,24,24,24,24
490258,1,1,0,0,0,0,0,0,0,0,0,0
490259,1,1,0,0,0,0,0,0,0,0,0,0
490259,2,1,0,0,0,0,0,0,0,22,0,0
490260,0,1,0,15,0,0,0,0,0,0,16,0
490260,1,1,0,0,0,0,0,0,0,0,0,0
490261,1,1,0,0,0,0,0,0,0,0,0,0
490261,2,1,0,0,0,0,0,0,0,0,0,0
490261,3,1,0,0,0,0,0,0,0,0,0,0
490261,4,1,0,0,0,0,0,0,0,0,0,0
490261,5,1,6,0,0,0,0,0,0,0,0,0
490262,1,1,40,40,40,40,40,40,40,40,40,40
490263,1,1,7,7,7,7,7,7,7,7,7,7
490264,1,1,0,0,0,0,0,0,0,0,0,0
490264,2,1,0,0,0,0,0,0,0,0,0,0
490264,3,1,0,0,0,0,0,0,0,0,0,0
490265,1,1,14,20,0,0,4,0,27,0,0,16
490266,0,1,37,0,0,12,0,9,14,0,16,0
490266,1,1,0,0,0,0,0,9,0,0,0,0
490267,1,1,0,0,0,0,0,0,0,0,0,0
490268,1,1,0,0,0,0,0,0,0,0,0,0
490268,2,1,0,0,0,0,0,0,0,0,0,0
500001,1,1,0,0,0,0,0,0,0,0,0,0
500002,1,1,0,0,0,0,0,0,0,0,0,0
500002,2,1,0,0,0,0,0,0,0,0,0,0
500003,1,1,23,23,23,23,23,23,23,23,23,23
500004,1,1,0,0,0,0,0,0,0,0,0,0
500005,1,1,15,15,15,15,15,15,15,15,15,15
500006,1,1,17,17,17,17,17,17,17,17,17,17
500007,1,1,25,25,25,25,25,25,25,25,25,25
500008,1,1,0,0,0,0,0,0,0,0,0,0
500008,2,1,0,0,0,0,0,0,0,0,0,0
500009,0,1,0,0,0,0,0,0,0,0,0,0
500009,1,1,0,0,0,0,0,0,0,0,0,0
500010,1,1,0,0,0,0,0,0,0,0,0,0
500011,1,1,18,18,18,18,18,18,18,18,18,18
500012,1,1,11,11,11,11,11,11,11,11,11,11
500012,2,1,0,0,0,0,0,0,0,0,0,0
500013,0,1,17,17,17,17,17,17,17,17,17,17
500013,1,1,0,0,0,0,0,0,0,0,0,0
500014,1,1,21,21,21,21,21,21,21,21,21,21
500015,0,1,0,0,0,9,0,0,0,0,0,0
500015,1,1,0,0,0,0,0,25,0,0,0,5
500016,1,1,0,0,0,0,0,0,0,0,0,0
500017,1,1,0,0,0,0,0,0,0,0,0,0
500017,2,1,0,0,0,0,0,0,0,0,0,0
500017,3,1,0,0,0,0,0,0,0,0,0,0
500018,1,1,0,0,0,0,0,0,0,0,0,0
500018,2,1,0,0,0,0,0,0,0,0,0,0
500019,1,1,0,0,0,0,0,0,0,0,0,0
500019,2,1,0,0,0,0,0,0,0,0,0,0
500020,1,1,0,0,0,0,0,0,0,0,0,0
500021,1,1,6,6,6,6,6,6,6,6,6,6
500022,1,1,22,22,22,22,22,22,22,22,22,22
500023,1,1,8,8,8,8,8,8,8,8,8,8
500024,1,1,23,23,23,23,23,23,23,23,23,23
500024,2,1,0,0,11,0,0,0,0,0,0,0
500024,3,1,0,0,0,0,0,0,0,0,0,0
500025,1,1,0,0,0,0,0,0,0,0,0,0
500026,0,1,0,0,0,0,0,0,0,0,0,0
500026,0,2,0,0,0,0,0,0,0,3,0,0
500026,1,1,0,0,0,0,0,0,0,0,0,0
500027,1,1,8,8,8,8,8,8,8,8,8,8
500028,1,1,0,0,0,0,0,0,0,21,0,5
500028,2,1,0,0,0,0,0,0,11,0,0,0
500029,1,1,19,19,19,19,19,19,19,19,19,19
500030,1,1,0,0,15,0,0,0,0,0,0,0
500030,2,1,0,0,0,0,0,0,0,0,0,0
500030,3,1,9,0,0,0,0,0,0,0,0,0
500031,1,1,12,12,12,12,12,12,12,12,12,12
500032,1,1,23,23,23,23,23,23,23,23,23,23
500033,1,1,8,8,8,8,8,8,8,8,8,8
500033,2,1,0,0,0,0,0,0,0,0,0,0
500034,1,1,16,16,16,16,16,16,16,16,16,16
500035,1,1,9,9,9,9,9,9,9,9,9,9
500036,1,1,0,0,0,0,0,0,0,0,0,0
500037,1,1,23,23,23,23,23,23,23,23,23,23
500038,1,1,26,26,26,26,26,26,26,26,26,26
500039,1,1,6,6,6,6,6,6,6,6,6,6
500040,1,1,8,8,8,8,8,8,8,8,8,8
500041,1,1,0,0,0,0,0,0,0,0,0,0
500041,2,1,0,0,0,0,0,0,0,0,0,0
500042,1,1,0,0,0,0,0,0,0,0,0,0
500043,1,1,0,0,0,0,0,0,0,0,0,0
500044,1,1,12,12,12,12,12,12,12,12,12,12
500045,0,1,0,0,0,0,0,0,0,21,0,0
500045,1,1,0,0,0,0,0,0,0,0,0,0
500046,1,1,0,0,0,0,0,0,0,0,0,0
500046,2,1,3,3,3,3,3,3,3,3,3,3
500047,1,1,19,19,19,19,19,19,19,19,19,19
500048,1,1,0,0,0,0,0,0,0,0,0,0
500048,2,1,0,0,0,0,0,0,0,0,0,0
500049,1,1,19,19,19,19,19,19,19,19,19,19
500050,1,1,0,0,0,0,0,0,0,0,0,0
500051,1,1,0,0,17,0,14,0,0,0,0,0
500051,2,1,0,0,0,0,0,0,0,0,0,0
500051,3,1,0,0,0,0,0,0,0,0,0,0
500052,1,1,28,28,28,28,28,28,28,28,28,28
500053,1,1,0,0,0,0,0,0,0,0,0,0
500053,2,1,0,0,0,0,0,0,0,0,0,0
500054,1,1,0,0,0,0,0,0,0,0,0,0
500055,1,1,0,0,0,0,0,0,0,0,0,0
500056,1,1,0,0,0,0,0,0,0,0,0,0
500056,2,1,0,0,0,0,0,0,0,0,0,0
500057,1,1,0,0,0,0,0,0,0,0,0,0
510001,1,1,0,0,0,0,0,0,0,0,0,0
510001,2,1,0,0,0,0,0,0,0,0,0,0
510001,3,1,0,9,0,0,0,0,8,0,0,0
510002,1,1,0,0,0,0,11,0,0,0,0,0
510002,2,1,0,0,0,0,0,0,0,0,0,0
510002,3,1,0,0,0,0,0,0,0,0,0,0
510003,1,1,0,0,0,0,0,0,0,0,0,0
510003,2,1,0,0,0,0,0,0,0,0,0,0
510004,1,1,19,19,19,19,19,19,19,19,19,19
510005,0,1,0,0,0,0,0,0,0,0,0,0
510005,1,1,0,0,9,0,0,0,0,0,0,0
510006,1,1,0,0,0,0,0,0,0,0,0,0
510006,2,1,0,0,0,0,0,0,0,0,0,0
510007,0,1,0,0,0,0,0,0,0,0,0,0
510007,1,1,0,0,0,0,0,0,0,7,0,0
510008,1,1,0,0,0,0,0,0,0,0,0,0
510009,1,1,0,0,0,0,0,0,0,0,0,0
510009,2,1,0,0,0,0,0,0,0,0,0,0
510010,1,1,0,0,0,0,0,0,0,0,0,0
510010,2,1,0,0,0,0,0,0,0,0,0,0
510011,1,1,23,23,23,23,23,23,23,23,23,23
510011,2,1,0,0,0,0,0,0,0,0,0,0
510012,1,1,24,24,24,24,24,24,24,24,24,24
510012,2,1,0,0,0,0,0,0,0,0,0,0
510013,1,1,0,0,0,0,0,0,0,0,0,0
510014,0,1,1,1,1,1,1,1,1,1,1,1
510014,1,1,0,0,0,0,0,0,0,0,0,0
510015,1,1,17,16,0,17,0,8,16,0,16,8
510016,1,1,31,0,0,0,0,0,0,0,0,0
510016,2,1,0,9,0,0,0,11,0,0,0,11
510017,1,1,0,0,0,0,0,0,0,0,0,0
510017,2,1,0,0,0,0,0,0,0,0,0,0
510018,1,1,0,0,0,0,0,0,0,0,0,0
510019,1,1,0,0,0,0,0,0,0,0,0,0
510020,1,1,26,26,26,26,26,26,26,26,26,26
510021,1,1,22,22,22,22,22,22,22,22,22,22
510022,1,1,0,0,0,0,0,0,0,0,0,0
510023,0,1,28,28,28,28,28,28,28,28,28,28
510023,1,1,0,0,0,0,0,0,0,0,0,0
510024,1,1,0,0,0,0,0,0,0,0,0,0
510024,2,1,0,0,0,0,0,0,0,0,0,14
510024,3,1,0,0,0,0,0,0,0,0,0,0
510025,1,1,0,0,0,0,0,0,0,0,0,0
510026,1,1,14,14,14,14,14,14,14,14,14,14
510027,1,1,0,0,0,0,0,0,0,0,0,0
510027,2,1,0,0,0,0,0,0,0,0,0,0
510028,1,1,13,13,13,13,13,13,13,13,13,13
510029,1,1,19,19,19,19,19,19,19,19,19,19
510030,1,1,0,0,0,0,0,0,0,0,0,0
510030,2,1,0,0,0,0,20,0,0,0,0,0
510031,1,1,0,0,0,0,0,0,0,0,0,0
510031,2,1,0,0,0,0,0,0,0,0,0,0
510032,1,1,19,0,0,10,26,0,0,23,16,12
510033,1,1,0,0,0,0,0,0,0,0,0,0
510033,2,1,0,0,0,0,0,0,14,0,0,0
510034,1,1,5,5,5,5,5,5,5,5,5,5
510034,2,1,0,0,0,0,0,0,0,0,11,0
510035,1,1,8,8,8,8,8,8,8,8,8,8
510035,2,1,0,0,0,0,0,0,0,0,0,0
510036,1,1,0,0,0,0,0,0,0,0,0,0
510037,1,1,25,25,25,25,25,25,25,25,25,25
510038,1,1,8,8,8,8,8,8,8,8,8,8
510038,2,1,0,0,0,0,0,0,0,0,0,0
510039,1,1,8,10,18,17,11,10,17,12,23,17
510040,1,1,0,0,0,0,0,0,0,0,0,0
510040,2,1,7,16,12,12,31,5,21,4,4,0
510041,1,1,0,0,0,0,0,0,0,0,0,0
510041,2,1,0,0,0,0,0,0,9,11,0,0
510042,0,1,21,21,21,21,21,21,21,21,21,21
510042,1,1,0,23,19,0,0,0,0,0,0,0
510043,1,1,20,20,20,20,20,20,20,20,20,20
510044,0,1,12,28,27,5,11,22,27,39,3,20
510044,1,1,0,18,0,0,0,0,0,0,0,0
510046,1,1,21,21,21,21,21,21,21,21,21,21
510047,1,1,0,0,0,0,0,0,0,0,0,0
510047,2,1,0,0,0,0,0,0,0,0,0,0
510047,3,1,0,29,0,0,0,0,0,0,0,0
510048,1,1,11,11,11,11,11,11,11,11,11,11
510049,0,1,0,0,0,0,0,0,0,0,0,13
510049,0,2,0,0,0,0,0,0,0,0,0,0
510049,0,3,0,0,0,0,0,0,0,0,0,0
510049,0,4,0,0,0,0,0,0,0,0,18,0
510049,2,1,0,0,0,0,0,0,0,0,15,0
510050,1,1,0,0,0,0,0,0,0,0,0,0
510051,1,1,9,9,9,9,9,9,9,9,9,9
510052,1,1,0,0,0,0,0,0,0,0,0,0
510053,1,1,0,0,0,0,0,0,0,0,0,0
510055,1,1,7,7,7,7,7,7,7,7,7,7
510056,1,1,19,19,19,19,19,19,19,19,19,19
510057,1,1,20,20,20,20,20,20,20,20,20,20
510057,2,1,0,0,0,0,0,0,0,0,29,9
510058,1,1,0,0,0,0,0,0,0,0,0,0
510058,2,1,0,0,0,0,0,0,0,0,0,0
510059,1,1,0,0,0,0,0,0,0,0,0,0
510059,2,1,1,1,1,1,1,1,1,1,1,1
510060,1,1,0,0,0,0,0,26,23,0,0,28
510061,0,1,29,29,29,29,29,29,29,29,29,29
510061,1,1,26,12,19,24,16,19,11,26,0,4
510062,1,1,0,0,0,0,0,0,0,0,0,0
510062,2,1,0,0,0,0,0,0,0,0,0,0
510063,1,1,0,0,0,0,0,0,0,0,12,0
510063,2,1,0,31,0,0,0,0,0,0,0,0
510064,1,1,0,0,0,0,0,0,0,0,0,0
510064,2,1,0,0,0,0,0,0,0,0,0,0
510065,1,1,0,0,0,0,0,0,0,0,0,0
510066,1,1,0,0,0,0,0,0,0,0,0,28
510067,1,1,0,0,0,0,0,0,0,0,0,0
510068,0,1,8,8,8,8,8,8,8,8,8,8
510068,1,1,0,0,0,0,5,0,0,0,0,0
510069,1,1,8,7,15,12,11,18,8,16,8,20
510070,1,1,0,0,0,0,0,0,0,0,0,0
510071,1,1,0,0,0,0,0,0,0,0,0,0
510072,1,1,0,0,0,0,0,0,0,0,0,0
510072,2,1,0,0,0,0,0,0,0,0,0,0
510073,1,1,7,7,7,7,7,7,7,7,7,7
510073,2,1,0,0,0,0,0,0,0,0,0,0
510074,1,1,15,21,0,0,34,16,0,9,0,0
510075,1,1,0,0,0,0,0,0,0,0,0,0
510075,2,1,0,0,0,0,0,0,0,0,0,0
510076,1,1,0,0,0,0,0,0,0,0,0,0
510076,2,1,0,0,0,0,0,0,0,0,0,0
510077,1,1,0,0,0,0,0,0,0,0,0,0
510078,0,1,0,0,0,0,0,0,0,0,0,0
510078,0,2,0,0,0,0,0,0,0,0,0,0
510078,1,1,0,0,0,0,0,0,0,0,0,0
510079,1,1,0,0,0,0,0,0,0,0,0,0
510080,1,1,24,24,24,24,24,24,24,24,24,24
510081,1,1,0,0,0,0,0,0,0,0,0,0
510082,1,1,9,9,9,9,9,9,9,9,9,9
510083,1,1,0,0,0,0,0,0,0,0,0,0
510084,1,1,0,0,0,0,0,16,0,11,0,0
510084,2,1,0,0,0,0,0,0,0,0,0,0
510084,3,1,0,0,0,0,0,0,0,0,0,0
510085,1,1,0,0,0,0,0,0,0,0,0,0
510085,2,1,0,0,0,0,0,0,0,0,0,0
510085,3,1,0,0,0,0,0,0,0,0,0,0
510085,4,1,0,0,0,0,0,0,0,0,0,0
510085,5,1,0,0,0,0,0,0,0,0,0,0
510085,6,1,0,0,0,0,0,0,0,0,0,0
510085,7,1,0,0,16,0,0,0,0,0,0,0
510086,0,1,0,0,0,0,0,0,0,0,0,0
510086,1,1,0,0,0,0,0,0,0,0,0,0
510087,1,1,0,0,0,0,0,0,0,13,0,0
510087,2,1,0,33,0,0,0,0,0,0,0,0
510088,1,1,0,0,0,0,0,0,0,0,0,0
510089,1,1,0,0,0,0,0,0,0,0,0,0
510090,1,1,0,0,0,0,0,0,0,0,0,0
510090,2,1,0,18,0,0,0,0,0,0,20,0
510091,1,1,6,6,6,6,6,6,6,6,6,6
510092,1,1,0,0,0,0,0,0,0,0,0,0
510092,2,1,0,0,0,0,0,0,0,0,0,0
510093,1,1,20,20,20,20,20,20,20,20,20,20
510094,1,1,0,0,0,0,0,0,0,0,0,0
510094,2,1,0,0,0,0,0,0,0,0,0,0
510095,1,1,21,21,21,21,21,21,21,21,21,21
510096,1,1,0,0,0,0,0,0,0,0,0,0
510097,1,1,0,0,0,0,0,0,0,0,0,0
510097,2,1,0,0,0,0,0,0,0,0,0,0
510098,1,1,0,0,0,0,0,0,0,0,0,0
510099,1,1,0,0,0,0,0,0,0,0,0,0
510099,2,1,0,0,0,0,0,0,0,0,0,0
510100,1,1,0,0,0,0,0,0,0,0,0,0
510101,1,1,0,0,0,0,0,0,0,0,0,0
510101,2,1,3,0,14,0,0,2,0,6,7,0
510102,1,1,0,0,0,0,0,0,0,0,0,0
510102,2,1,0,16,0,0,0,0,12,0,0,0
510103,1,1,0,0,0,0,0,0,0,0,0,0
510104,0,1,0,0,0,0,0,0,0,0,0,0
510104,0,2,0,0,0,0,0,0,0,0,0,0
510104,1,1,0,0,0,0,0,0,0,0,0,0
510105,1,1,18,18,18,18,18,18,18,18,18,18
510106,1,1,0,0,0,0,0,0,0,0,0,0
510107,0,1,0,0,0,0,0,0,0,0,0,0
510107,1,1,0,0,0,0,0,0,19,0,0,0
510108,1,1,20,20,20,20,20,20,20,20,20,20
510108,2,1,12,22,0,0,0,0,0,18,21,0
510109,0,1,0,0,0,0,0,0,0,0,0,0
510109,1,1,0,0,0,0,0,0,0,0,0,0
510109,2,1,0,0,0,0,0,0,0,0,0,0
510110,1,1,0,0,0,0,0,0,0,0,0,0
510111,1,1,13,13,13,13,13,13,13,13,13,13
510112,0,1,8,8,8,8,8,8,8,8,8,8
510112,1,1,0,0,0,0,0,0,0,0,0,0
510113,1,1,17,0,25,27,16,20,21,15,25,9
510113,2,1,0,0,0,0,0,0,0,0,0,0
510113,3,1,0,0,0,0,0,0,0,0,0,0
510114,1,1,0,0,0,0,0,0,0,0,0,0
510115,1,1,0,0,0,0,0,0,0,0,0,0
510115,2,1,0,0,0,0,0,0,0,0,0,0
510116,1,1,0,0,0,0,0,0,0,0,0,0
510117,1,1,0,0,0,0,0,0,0,0,0,0
510118,1,1,27,27,27,27,27,27,27,27,27,27
510119,1,1,0,0,0,0,0,0,0,0,0,0
510120,0,1,15,24,19,21,34,18,0,17,7,13
510120,1,1,0,0,0,0,0,11,9,0,0,0
510121,1,1,0,0,0,0,0,0,0,0,0,0
510122,1,1,12,12,9,22,26,3,0,8,23,24
510122,2,1,0,0,0,0,0,0,0,0,0,0
510123,0,1,24,24,24,24,24,24,24,24,24,24
510123,0,2,11,34,14,23,15,14,17,0,0,15
510123,1,1,0,0,15,0,0,0,0,0,0,0
510124,1,1,29,29,29,29,29,29,29,29,29,29
510124,2,1,9,13,14,5,10,9,6,4,16,12
510125,0,1,0,0,0,0,0,0,0,0,0,0
510125,1,1,0,0,0,0,0,0,0,0,0,0
510125,2,1,0,0,0,0,0,0,0,0,0,0
510126,1,1,0,0,0,0,0,0,0,0,0,0
510126,2,1,0,0,0,0,0,0,0,0,0,0
510127,1,1,0,0,0,0,0,0,0,0,0,0
510127,2,1,0,0,0,0,0,0,0,0,0,0
510128,1,1,33,25,0,6,16,0,28,5,5,12
510129,0,1,23,26,11,34,0,18,13,22,18,0
510129,1,1,0,0,0,0,27,0,0,0,0,0
510130,0,1,0,0,0,0,0,0,0,0,0,0
510130,1,1,0,0,0,0,0,0,0,0,0,14
510131,1,1,0,0,0,0,0,0,0,0,0,0
510132,1,1,0,0,0,0,0,0,0,0,0,0
510132,2,1,0,0,0,0,0,0,0,0,0,0
510132,3,1,0,0,0,0,0,0,0,0,0,0
510133,1,1,0,0,0,0,0,0,0,0,0,0
510133,2,1,0,0,0,0,0,0,0,0,0,0
510134,0,1,0,0,0,0,0,0,0,0,0,0
510134,1,1,0,0,0,26,0,0,0,0,0,0
510135,1,1,0,0,0,0,0,0,0,0,0,0
510135,2,1,0,0,0,22,0,0,0,0,0,0
510136,1,1,10,10,10,10,10,10,10,10,10,10
510137,1,1,20,20,20,20,20,20,20,20,20,20
510138,1,1,8,8,8,8,8,8,8,8,8,8
510138,2,1,0,0,0,0,0,0,0,0,0,0
510139,1,1,9,9,9,9,9,9,9,9,9,9
510141,0,1,0,0,0,0,0,0,0,0,0,0
510141,1,1,0,0,19,23,0,0,0,0,0,0
510142,0,1,0,0,0,0,0,0,0,0,0,0
510142,1,1,28,0,0,9,0,0,0,0,0,0
510143,0,1,32,32,32,32,32,32,32,32,32,32
510143,1,1,0,0,0,18,0,0,0,0,29,0
510144,0,1,0,0,0,0,0,0,0,0,0,0
510144,0,2,0,0,20,29,0,0,0,0,0,32
510144,1,1,0,0,0,0,0,0,0,0,0,0
510145,1,1,23,23,23,23,23,23,23,23,23,23
510146,1,1,14,14,14,14,14,14,14,14,14,14
510147,1,1,4,4,4,4,4,4,4,4,4,4
510148,1,1,20,20,20,20,20,20,20,20,20,20
510149,1,1,21,21,21,21,21,21,21,21,21,21
510150,1,1,0,0,0,0,0,13,0,0,0,0
510150,2,1,0,0,0,0,0,0,0,0,0,0
510151,1,1,0,0,0,0,0,0,0,0,0,0
510152,1,1,17,17,17,17,17,17,17,17,17,17
510153,1,1,0,0,0,0,0,0,0,0,0,0
510153,2,1,0,0,0,0,0,0,0,3,0,0
510154,0,1,0,0,0,0,0,0,0,0,0,0
510154,1,1,0,0,0,0,0,0,0,0,0,0
510155,1,1,26,26,26,26,26,26,26,26,26,26
510156,1,1,14,26,0,11,0,13,9,0,9,0
510157,1,1,20,20,20,20,20,20,20,20,20,20
510158,1,1,0,0,0,0,0,0,0,0,0,0
510158,2,1,0,0,0,0,0,0,0,0,0,0
510159,1,1,0,0,0,0,0,0,0,0,0,0
510159,2,1,0,0,0,0,0,0,0,0,0,0
510160,1,1,21,21,21,21,21,21,21,21,21,21
510161,0,1,0,0,0,0,0,0,0,0,0,0
510161,1,1,0,0,0,0,0,0,0,0,0,8
510161,2,1,19,2,0,0,5,0,7,28,17,5
510162,1,1,0,0,0,0,0,0,0,0,0,0
510163,1,1,38,8,11,20,15,9,12,9,18,0
510163,2,1,0,0,0,0,0,0,0,0,0,0
510164,1,1,1,1,1,1,1,1,1,1,1,1
510164,2,1,0,0,0,0,0,0,0,0,0,0
510165,1,1,0,0,0,0,0,0,0,0,0,0
510166,0,1,25,25,25,25,25,25,25,25,25,25
510166,1,1,30,0,0,0,0,0,8,12,0,0
510167,1,1,0,0,0,0,0,0,0,14,12,0
510168,0,1,0,0,0,0,0,0,0,0,0,0
510168,1,1,0,0,0,17,0,0,18,14,9,0
510169,1,1,38,38,38,38,38,38,38,38,38,38
510170,1,1,0,0,0,0,0,0,0,0,0,0
510171,1,1,0,0,0,0,0,0,0,0,0,0
510171,2,1,0,0,0,0,0,0,0,0,0,0
510172,1,1,18,10,19,0,0,0,0,0,0,0
510172,2,1,11,11,11,11,11,11,11,11,11,11
510173,0,1,22,22,22,22,22,22,22,22,22,22
510173,1,1,0,0,0,0,0,0,0,0,0,0
510174,1,1,0,0,0,0,0,0,0,0,0,0
510175,1,1,0,0,0,0,0,15,0,0,0,24
510176,1,1,0,0,0,0,0,0,0,0,0,0
510176,2,1,0,0,0,0,0,0,0,0,0,0
510177,1,1,0,0,0,0,0,0,0,0,0,0
510177,2,1,0,0,0,0,0,0,0,0,0,0
510178,1,1,24,24,24,24,24,24,24,24,24,24
510179,1,1,0,0,0,0,0,0,0,0,0,0
510179,2,1,0,0,0,0,0,0,0,0,0,0
510180,1,1,0,0,0,0,0,0,0,0,0,0
510180,2,1,0,0,0,0,0,0,0,15,0,0
510181,1,1,0,0,0,0,0,0,0,0,0,0
510182,1,1,0,0,0,0,0,0,0,0,0,0
510182,2,1,0,0,0,0,0,0,0,0,0,0
510183,1,1,0,0,0,0,0,0,0,0,0,0
510183,2,1,0,0,0,15,0,0,0,0,0,3
510183,3,1,0,0,0,0,0,18,0,21,0,0
510184,1,1,13,13,13,13,13,13,13,13,13,13
510185,1,1,0,0,0,0,0,0,0,0,0,0
510185,2,1,0,0,0,0,0,0,0,0,0,0
510186,0,1,9,9,9,9,9,9,9,9,9,9
510186,1,1,13,0,0,0,0,0,0,0,0,0
510187,1,1,0,0,0,0,0,0,0,0,0,0
510187,2,1,0,0,0,0,0,0,0,0,0,0
510188,1,1,0,0,0,0,0,0,0,0,0,0
510189,0,1,31,31,31,31,31,31,31,31,31,31
510189,1,1,0,0,0,0,0,0,0,0,0,0
510190,1,1,22,22,22,22,22,22,22,22,22,22
510191,0,1,34,34,34,34,34,34,34,34,34,34
510191,1,1,0,0,0,0,0,0,19,0,12,0
510193,1,1,24,6,9,9,17,10,8,16,10,12
510193,2,1,0,0,0,0,0,0,0,0,0,0
510194,1,1,0,0,0,0,0,0,0,0,0,0
510194,2,1,0,0,0,0,0,0,0,0,0,0
510195,1,1,0,0,0,0,0,0,0,0,0,0
510196,1,1,0,0,0,0,0,0,0,0,0,0
510196,2,1,0,0,0,0,0,0,0,0,0,0
510197,1,1,19,5,27,15,44,21,13,0,11,12
510198,1,1,16,0,0,15,41,0,0,14,19,14
510199,1,1,15,15,15,15,15,15,15,15,15,15
510200,1,1,22,22,22,22,22,22,22,22,22,22
510201,1,1,0,0,0,0,0,0,0,0,0,0
510201,2,1,0,0,0,0,0,0,0,0,0,0
510202,1,1,0,0,0,0,0,0,0,0,0,0
510202,2,1,0,0,0,0,0,0,0,0,0,0
510203,1,1,23,23,23,23,23,23,23,23,23,23
510204,1,1,23,10,10,13,9,19,12,7,9,14
510205,1,1,22,22,22,22,22,22,22,22,22,22
510205,2,1,0,0,0,0,0,0,0,0,0,0
510206,1,1,0,19,31,0,26,17,45,18,25,28
510206,2,1,0,0,0,0,14,0,0,0,0,18
510207,1,1,5,5,5,5,5,5,5,5,5,5
510208,0,1,28,30,16,42,17,16,31,23,19,18
510208,0,2,0,4,26,14,17,25,20,6,23,20
510208,1,1,22,0,0,0,0,0,0,0,0,0
510209,1,1,0,0,0,0,0,0,0,0,0,0
510209,2,1,0,0,0,0,0,0,0,0,0,0
510210,0,1,0,0,0,0,0,0,0,0,0,0
510210,1,1,0,0,0,0,0,0,0,0,0,0
510211,1,1,11,31,9,18,17,35,18,7,27,26
510212,1,1,20,20,20,20,20,20,20,20,20,20
510213,1,1,0,0,0,0,0,0,0,0,0,0
510214,0,1,0,0,0,0,0,0,0,0,0,0
510214,1,1,0,0,0,0,0,0,0,0,0,0
510215,1,1,0,0,0,0,0,0,0,0,0,0
510216,1,1,0,0,0,0,0,0,0,0,0,0
510216,2,1,0,0,0,0,0,0,0,0,0,0
510217,1,1,30,30,30,30,30,30,30,30,30,30
510217,2,1,0,0,0,0,0,0,9,11,0,0
510218,1,1,0,0,0,0,0,0,0,0,0,0
510219,0,1,28,28,28,28,28,28,28,28,28,28
510219,1,1,0,0,0,0,0,0,0,0,0,0
510220,0,1,7,7,7,7,7,7,7,7,7,7
510220,1,1,0,23,0,0,0,0,0,0,0,0
510221,1,1,2,3,10,12,20,7,29,14,8,16
510221,2,1,0,0,0,0,0,0,0,0,0,0
510222,1,1,17,17,17,17,17,17,17,17,17,17
510222,2,1,0,0,0,0,0,0,0,0,0,0
510222,3,1,0,0,0,0,0,0,0,0,0,0
510222,4,1,0,0,0,0,0,0,0,0,0,0
510223,1,1,0,0,0,0,0,0,0,0,0,0
510223,2,1,0,0,0,0,0,0,0,0,0,0
510224,1,1,28,28,28,28,28,28,28,28,28,28
510225,1,1,19,19,19,19,19,19,19,19,19,19
510226,1,1,10,21,0,15,15,9,4,11,0,10
510227,0,1,15,15,15,15,15,15,15,15,15,15
510227,1,1,20,22,16,21,12,11,21,18,20,12
510228,1,1,0,0,0,0,0,0,0,0,0,0
510228,2,1,0,0,0,0,0,0,0,0,0,0
510229,1,1,3,3,3,3,3,3,3,3,3,3
510230,1,1,11,11,11,11,11,11,11,11,11,11
510231,1,1,20,20,20,20,20,20,20,20,20,20
510232,1,1,0,0,0,0,0,0,0,0,0,0
510233,1,1,0,0,0,0,0,0,0,0,0,0
510234,1,1,0,0,0,0,0,0,0,0,0,0
510235,1,1,17,17,17,17,17,17,17,17,17,17
510236,0,1,11,11,11,11,11,11,11,11,11,11
510236,1,1,9,25,0,3,5,0,11,5,22,11
510237,1,1,28,28,28,28,28,28,28,28,28,28
510237,2,1,0,0,0,0,0,0,0,0,0,12
510238,1,1,0,0,0,0,0,0,0,0,12,0
510238,2,1,0,0,0,0,0,0,0,0,0,0
510239,1,1,30,30,30,30,30,30,30,30,30,30
510240,1,1,0,0,0,0,0,0,0,0,0,0
510241,0,1,0,0,0,0,0,0,0,0,0,0
510241,1,1,0,0,0,0,0,0,0,0,17,15
510242,1,1,25,25,25,25,25,25,25,25,25,25
510243,1,1,0,0,0,0,0,0,0,0,0,0
510244,0,1,32,32,32,32,32,32,32,32,32,32
510244,1,1,8,0,0,0,0,0,0,0,0,0
510245,1,1,14,14,14,14,14,14,14,14,14,14
510246,1,1,30,30,30,30,30,30,30,30,30,30
510247,1,1,0,0,0,0,0,0,0,0,0,0
510248,1,1,0,0,0,0,0,0,0,0,0,0
510248,2,1,0,0,0,0,0,0,0,0,0,0
510249,1,1,0,0,0,0,0,0,0,0,0,0
510250,1,1,0,0,0,0,0,0,0,0,0,0
510250,2,1,0,0,0,0,0,0,0,10,0,0