ST_CASE,VEH_NO,PER_NO,P1,P2,P3,P4,P5,P6,P7,P8,P9,P10
510251,1,1,18,18,18,18,18,18,18,18,18,18
510252,1,1,0,0,0,0,0,0,0,0,0,0
510252,2,1,0,0,0,0,6,0,0,0,0,0
510253,1,1,0,0,0,0,0,0,0,0,0,0
510253,2,1,0,0,0,0,0,0,0,17,0,0
510254,1,1,16,16,16,16,16,16,16,16,16,16
510255,1,1,0,0,0,0,0,0,0,0,0,0
510255,2,1,0,0,0,0,0,0,0,0,0,0
510256,1,1,15,0,0,11,0,18,0,0,0,27
510257,1,1,15,15,15,15,15,15,15,15,15,15
510258,1,1,13,14,2,15,19,24,0,16,9,0
510259,1,1,0,0,0,0,0,0,0,0,0,0
510260,1,1,0,0,0,0,0,0,0,0,0,0
510260,2,1,0,0,0,0,0,0,0,0,0,0
510260,3,1,0,0,0,0,0,0,0,0,0,0
510261,1,1,44,21,10,4,4,18,11,0,0,0
510262,1,1,0,0,0,0,0,0,0,0,0,0
510262,2,1,0,18,0,0,0,0,0,0,0,0
510263,0,1,0,0,0,0,0,0,0,0,0,0
510263,1,1,0,0,0,0,0,0,0,19,11,18
510264,0,1,0,0,0,0,0,0,0,0,0,0
510264,1,1,0,0,0,0,0,0,0,0,0,0
510265,0,1,26,26,26,26,26,26,26,26,26,26
510265,1,1,0,0,29,0,5,0,18,22,0,5
510266,0,1,0,0,0,0,0,0,0,0,0,0
510266,1,1,0,0,0,0,0,0,0,0,0,0
510267,1,1,0,0,0,0,0,0,0,0,0,0
510267,2,1,0,0,0,0,0,0,0,0,0,0
510268,1,1,0,0,0,0,0,0,0,0,0,0
510269,1,1,0,23,0,0,0,0,0,0,0,0
510270,1,1,0,0,0,0,0,0,0,0,0,0
510271,1,1,0,0,0,0,16,9,0,0,0,0
510271,2,1,0,0,0,0,0,0,0,0,0,0
510272,1,1,0,0,0,0,0,0,0,0,0,0
510273,1,1,1,1,1,1,1,1,1,1,1,1
510273,2,1,0,0,0,0,0,0,19,0,0,0
510274,1,1,16,22,12,7,9,13,10,13,7,19
510274,2,1,0,0,0,0,12,0,0,0,0,5
510274,3,1,0,0,0,0,0,0,0,35,0,0
510275,1,1,0,0,0,0,0,0,0,0,0,0
510275,2,1,0,0,0,0,0,0,0,0,4,0
510276,1,1,0,0,0,0,0,0,0,0,0,18
510276,2,1,0,0,0,0,0,0,0,0,0,0
510277,1,1,0,0,0,0,0,0,0,0,0,0
510278,1,1,4,15,24,14,4,12,36,30,19,20
510278,2,1,6,6,6,6,6,6,6,6,6,6
510279,1,1,0,0,0,0,0,0,0,0,0,0
510279,2,1,0,0,0,0,0,0,0,0,0,0
510280,1,1,20,20,20,20,20,20,20,20,20,20
510280,2,1,0,0,0,0,0,0,0,0,0,0
510281,1,1,0,0,0,0,0,0,0,0,0,0
510282,1,1,0,0,0,0,0,0,0,0,0,0
510283,0,1,2,2,2,2,2,2,2,2,2,2
510283,1,1,0,0,0,0,0,0,0,0,0,0
510284,1,1,20,20,20,20,20,20,20,20,20,20
510285,1,1,0,0,0,0,0,0,0,25,0,0
510285,2,1,0,0,0,0,0,0,0,0,0,0
510286,1,1,0,0,0,0,0,31,0,0,0,0
510287,1,1,0,0,0,0,0,0,0,0,0,0
510287,2,1,0,0,0,0,0,0,0,0,0,0
510288,1,1,0,0,0,0,0,0,0,0,0,0
510288,2,1,0,0,0,0,0,0,0,0,0,0
510289,1,1,0,0,0,0,0,0,0,0,0,0
510290,1,1,0,0,0,0,0,0,0,0,0,0
510291,1,1,18,18,18,18,18,18,18,18,18,18
510292,1,1,15,13,16,24,9,14,0,9,0,13
510292,2,1,0,0,0,0,0,0,0,22,0,0
510293,1,1,0,0,0,0,0,0,0,0,0,0
510293,2,1,0,0,0,0,0,0,0,0,0,0
510294,1,1,0,0,0,0,0,0,0,0,0,0
510294,2,1,0,0,7,0,0,0,0,0,0,0
510295,1,1,0,0,0,0,0,0,0,0,0,0
510295,2,1,0,0,0,0,0,5,0,0,0,0
510295,3,1,0,0,0,0,0,0,32,0,0,0
510296,1,1,0,0,0,0,0,0,0,0,0,0
510296,2,1,0,0,0,0,0,0,0,0,0,0
510297,1,1,0,0,0,0,0,0,0,0,0,0
510297,2,1,0,5,0,0,0,0,0,0,0,0
510298,1,1,0,0,0,0,0,0,11,0,0,37
510298,2,1,0,0,0,0,0,0,22,11,0,0
510299,1,1,20,17,17,21,9,6,20,8,7,25
510299,2,1,0,0,0,0,0,0,0,0,0,0
510300,1,1,17,17,17,17,17,17,17,17,17,17
510301,1,1,0,0,0,0,0,0,0,0,0,0
510302,1,1,0,0,0,0,0,0,0,0,0,0
510302,2,1,0,0,0,0,0,0,0,0,0,0
510302,3,1,0,0,0,0,0,0,0,0,0,0
510302,4,1,0,0,0,0,0,0,0,0,0,0
510303,1,1,0,0,0,0,0,0,4,0,0,0
510304,1,1,0,0,0,0,0,0,0,0,0,0
510304,2,1,0,0,0,0,0,0,0,0,0,0
510305,1,1,0,0,0,0,0,0,0,0,0,0
510306,0,1,14,14,14,14,14,14,14,14,14,14
510306,1,1,0,0,0,0,0,0,0,0,0,0
510306,2,1,11,0,0,10,15,15,2,0,3,18
510306,3,1,0,0,14,0,0,0,0,0,0,0
510306,4,1,0,0,0,0,0,0,0,0,11,0
510307,1,1,25,25,25,25,25,25,25,25,25,25
510308,1,1,0,0,0,0,0,0,0,0,0,0
510309,1,1,0,0,0,0,0,0,0,0,0,0
510310,1,1,24,0,0,0,0,10,0,0,0,17
510311,1,1,9,9,9,9,9,9,9,9,9,9
510312,1,1,0,0,0,0,0,0,10,0,0,0
510312,2,1,0,0,0,0,0,0,0,0,0,0
510313,1,1,0,0,0,0,0,0,0,0,0,0
510313,2,1,0,0,0,0,0,0,0,0,0,0
510313,3,1,0,0,0,0,0,0,0,0,0,0
510314,1,1,0,0,23,0,0,12,0,0,0,0
510315,1,1,0,0,6,0,0,0,0,0,0,0
510315,2,1,0,0,0,0,0,0,0,5,0,0
510316,1,1,20,20,20,20,20,20,20,20,20,20
510317,1,1,0,0,0,0,0,0,0,0,0,0
510318,1,1,0,0,0,0,0,0,0,0,0,0
510319,1,1,11,11,11,11,11,11,11,11,11,11
510320,1,1,0,0,0,0,0,0,0,0,0,0
510321,0,1,24,24,24,24,24,24,24,24,24,24
510321,1,1,9,24,19,7,17,20,5,11,23,14
510322,0,1,0,0,0,0,0,0,0,0,0,0
510322,0,2,0,0,0,0,0,0,0,0,0,0
510322,1,1,0,0,0,0,0,0,0,0,0,0
510323,1,1,0,17,0,0,0,31,0,0,0,0
510323,2,1,0,0,0,0,0,0,0,0,0,0
510324,1,1,0,0,0,0,0,0,0,0,0,0
510325,1,1,0,0,0,0,0,0,0,0,0,0
510325,2,1,0,0,0,0,0,0,0,0,0,0
510326,1,1,0,0,0,0,0,0,0,0,0,0
510326,2,1,0,0,0,0,0,0,0,0,0,0
510326,3,1,0,0,0,0,0,0,0,0,0,0
510327,1,1,0,0,0,0,10,0,0,0,0,0
510327,2,1,0,0,0,0,0,0,0,0,0,0
510328,1,1,0,0,0,0,0,0,0,0,0,0
510329,1,1,0,0,0,4,0,0,0,0,14,0
510330,1,1,0,0,0,0,0,0,0,0,0,0
510330,2,1,0,0,0,0,0,0,0,0,0,0
510331,1,1,0,0,0,0,0,6,0,0,0,4
510332,0,1,0,0,0,0,0,0,0,0,0,0
510332,1,1,37,9,0,0,19,0,0,0,0,0
510333,1,1,0,0,0,0,0,0,0,0,0,0
510333,2,1,0,0,0,0,0,0,0,19,0,0
510334,0,1,13,13,13,13,13,13,13,13,13,13
510334,1,1,0,0,0,0,0,7,5,9,0,0
510335,1,1,0,0,0,0,0,0,0,0,0,0
510336,1,1,0,0,0,0,0,0,0,0,0,0
510337,1,1,21,21,21,21,21,21,21,21,21,21
510338,1,1,0,0,0,0,0,0,0,0,0,0
510339,1,1,0,0,19,0,27,0,0,0,0,0
510339,2,1,0,0,0,0,0,0,0,0,0,0
510340,1,1,0,0,0,0,0,0,0,0,0,0
510341,0,1,0,0,0,0,0,0,0,0,0,0
510341,1,1,0,0,3,0,0,0,4,30,0,0
510342,1,1,14,14,14,14,14,14,14,14,14,14
510343,0,1,2,2,2,2,2,2,2,2,2,2
510343,1,1,0,0,0,0,0,0,0,0,0,0
510344,1,1,0,0,0,0,0,0,0,0,0,0
510344,2,1,0,0,0,0,0,0,0,0,0,0
510345,1,1,22,22,22,22,22,22,22,22,22,22
510346,0,1,0,0,0,0,0,0,0,0,0,0
510346,1,1,0,0,0,0,0,0,0,0,0,0
510346,2,1,0,0,0,0,0,0,0,0,0,0
510347,1,1,0,0,0,0,0,0,0,0,0,0
510347,2,1,0,0,0,0,0,0,0,0,0,0
510348,1,1,9,9,9,9,9,9,9,9,9,9
510349,1,1,17,13,6,20,14,16,21,34,7,2
510350,0,1,12,12,12,12,12,12,12,12,12,12
510350,1,1,0,0,0,0,0,0,0,0,0,0
510351,1,1,0,0,0,0,0,0,0,0,0,0
510352,1,1,0,0,0,0,0,0,0,0,0,0
510352,2,1,0,0,0,0,0,0,0,0,0,0
510352,3,1,0,0,0,0,0,0,0,0,0,0
510353,1,1,0,0,0,0,0,0,0,0,0,0
510354,1,1,0,0,0,0,0,0,0,0,0,0
510354,2,1,0,0,0,0,0,0,0,0,0,0
510354,3,1,0,0,0,0,0,0,0,0,0,0
510354,4,1,0,0,0,0,0,0,0,0,0,0
510355,1,1,29,0,0,21,0,0,0,0,0,21
510356,1,1,18,18,18,18,18,18,18,18,18,18
510357,1,1,0,0,0,0,0,0,0,0,0,0
510358,1,1,0,0,0,0,0,0,0,0,0,0
510359,0,1,35,35,35,35,35,35,35,35,35,35
510359,1,1,0,0,0,0,0,0,0,0,0,0
510360,1,1,0,0,0,0,0,0,0,0,0,0
510361,0,1,1,1,1,1,1,1,1,1,1,1
510361,1,1,0,0,0,0,0,0,0,0,0,0
510362,1,1,0,0,0,0,0,0,0,0,0,0
510363,1,1,16,16,16,16,16,16,16,16,16,16
510364,1,1,32,25,16,17,14,18,20,15,13,0
510364,2,1,0,0,0,0,0,0,0,0,0,0
510364,3,1,0,0,0,0,0,0,33,0,0,0
510365,1,1,0,0,0,0,0,0,0,0,0,0
510366,1,1,14,14,14,14,14,14,14,14,14,14
510367,1,1,0,0,0,0,0,0,0,0,0,0
510367,2,1,0,0,0,0,0,0,0,0,0,0
510368,1,1,0,0,0,0,0,0,0,19,0,0
510368,2,1,0,0,0,0,0,0,0,0,0,0
510368,3,1,0,0,0,0,0,0,0,0,0,0
510369,0,1,6,6,6,6,6,6,6,6,6,6
510369,1,1,22,18,9,16,14,26,23,11,8,10
510369,2,1,0,0,0,0,0,0,0,0,0,0
510370,1,1,0,0,0,0,0,0,0,0,0,0
510371,1,1,15,15,15,15,15,15,15,15,15,15
510372,1,1,19,19,19,19,19,19,19,19,19,19
510373,1,1,18,18,18,18,18,18,18,18,18,18
510374,1,1,0,0,0,0,0,0,19,0,0,0
510374,2,1,0,0,0,0,0,0,0,0,0,0
510375,1,1,0,0,0,0,0,0,0,0,0,0
510375,2,1,0,0,0,0,0,0,0,0,0,0
510375,3,1,0,39,0,0,0,0,0,0,0,0
510376,1,1,0,0,0,0,0,0,0,0,0,0
510376,2,1,0,0,0,0,0,0,0,0,0,0
510377,1,1,0,0,0,0,0,0,0,0,0,0
510378,1,1,18,18,18,18,18,18,18,18,18,18
510379,1,1,0,0,0,0,0,0,0,0,0,0
510379,2,1,0,0,0,0,0,0,0,0,0,0
510380,1,1,1,1,1,1,1,1,1,1,1,1
510380,2,1,0,0,0,0,0,0,0,0,0,0
510381,1,1,0,0,0,0,0,0,0,0,0,0
510381,2,1,0,0,0,0,0,0,0,0,0,0
510382,1,1,0,0,0,0,0,0,0,0,0,0
510383,0,1,0,0,0,0,0,0,0,0,0,0
510383,1,1,0,0,0,0,0,14,0,0,0,0
510384,1,1,0,0,0,0,0,0,0,0,0,0
510384,2,1,10,10,10,10,10,10,10,10,10,10
510385,1,1,0,0,0,0,0,0,0,0,0,0
510386,1,1,0,0,0,0,0,0,0,0,0,0
510387,1,1,25,7,9,17,25,16,2,11,13,0
510387,2,1,0,0,0,0,0,0,0,0,0,0
510388,1,1,0,0,0,0,0,13,0,0,14,0
510389,1,1,10,10,10,10,10,10,10,10,10,10
510389,2,1,19,19,19,19,19,19,19,19,19,19
510390,1,1,0,0,0,0,0,0,0,0,0,0
510390,2,1,0,0,0,0,0,0,0,0,0,0
510391,1,1,0,0,0,0,0,0,0,0,0,0
510391,2,1,0,0,0,7,12,28,0,0,0,0
510392,1,1,10,5,0,0,0,0,0,0,0,0
510392,2,1,0,0,0,0,0,0,0,0,0,0
510393,1,1,0,0,0,0,0,0,0,0,0,0
510393,2,1,0,0,0,0,0,0,0,0,0,0
510394,1,1,0,0,0,0,0,0,0,0,0,0
510395,0,1,7,7,7,7,7,7,7,7,7,7
510395,1,1,0,0,0,0,0,7,0,0,0,0
510396,1,1,8,8,8,8,8,8,8,8,8,8
510397,1,1,0,0,0,0,0,0,0,18,0,0
510397,2,1,0,0,0,0,0,0,0,0,0,0
510398,1,1,8,0,0,0,0,0,0,0,0,0
510399,1,1,11,11,11,11,11,11,11,11,11,11
510400,1,1,0,0,0,0,0,0,0,0,0,0
510400,2,1,0,0,0,0,0,0,0,0,0,0
510400,3,1,0,0,0,0,0,0,0,0,0,0
510400,4,1,0,0,0,0,0,0,0,0,0,0
510401,1,1,0,0,0,0,0,0,0,0,0,0
510402,1,1,3,3,3,3,3,3,3,3,3,3
510403,1,1,0,0,0,0,0,0,17,0,0,0
510403,2,1,0,0,0,0,0,0,0,0,0,0
510404,0,1,0,0,0,0,0,0,0,0,0,0
510404,0,2,0,0,0,0,0,0,0,0,0,0
510404,0,3,29,0,0,0,0,30,0,0,0,0
510404,1,1,0,0,0,0,0,0,0,0,0,0
510405,1,1,0,0,0,0,0,0,0,0,0,0
510406,1,1,0,0,0,0,0,0,0,0,0,0
510406,2,1,0,0,0,0,0,0,0,0,0,0
510407,1,1,10,10,10,10,10,10,10,10,10,10
510407,2,1,0,0,0,0,0,0,0,0,0,0
510408,1,1,0,0,0,0,0,0,0,0,0,0
510408,2,1,0,0,0,0,0,0,0,0,0,0
510409,1,1,0,0,0,0,0,0,0,0,0,0
510409,2,1,0,0,0,12,0,0,0,0,0,0
510410,1,1,0,0,0,0,0,0,0,0,0,0
510410,2,1,0,0,0,0,0,0,0,0,0,0
510410,3,1,0,0,0,0,0,0,0,0,0,11
510410,4,1,0,0,0,0,0,0,0,0,0,0
510410,5,1,0,0,0,0,0,0,0,0,0,0
510410,6,1,0,0,0,0,0,0,0,0,0,0
510410,7,1,0,0,0,0,0,0,0,0,0,0
510410,8,1,0,0,0,0,0,0,0,0,0,0
510411,1,1,15,15,15,15,15,15,15,15,15,15
510412,1,1,21,8,22,0,15,14,16,15,12,0
510413,1,1,0,0,0,0,0,0,0,0,0,0
510414,1,1,0,0,0,0,0,0,0,0,0,0
510415,1,1,0,0,0,0,0,0,0,0,0,0
510416,1,1,0,0,0,0,0,0,0,0,0,0
510417,1,1,0,17,0,0,0,0,0,0,0,0
510417,2,1,0,0,0,0,0,0,0,0,0,0
510418,1,1,13,13,13,13,13,13,13,13,13,13
510419,1,1,21,21,21,21,21,21,21,21,21,21
510420,1,1,0,0,0,0,0,0,0,0,0,0
510420,2,1,0,0,0,0,0,0,0,0,0,0
510420,3,1,0,0,0,0,0,0,0,0,0,0
510421,1,1,29,12,17,16,8,5,30,13,9,25
510421,2,1,0,0,0,0,0,0,0,0,0,0
510422,1,1,0,0,0,0,0,0,0,0,0,0
510422,2,1,0,0,0,0,0,0,0,0,0,0
510422,3,1,0,0,0,27,19,0,0,0,0,0
510424,1,1,21,21,21,21,21,21,21,21,21,21
510425,1,1,5,0,0,0,0,0,0,0,0,0
510425,2,1,4,4,4,4,4,4,4,4,4,4
510425,3,1,0,0,0,0,0,0,0,0,0,0
510426,1,1,4,4,4,4,4,4,4,4,4,4
510427,1,1,0,0,0,0,9,0,0,0,0,0
510427,2,1,0,17,0,0,0,0,20,0,0,0
510428,0,1,31,31,31,31,31,31,31,31,31,31
510428,1,1,0,0,0,0,0,36,0,0,0,0
510429,1,1,0,0,0,0,0,0,0,0,0,0
510430,1,1,27,27,27,27,27,27,27,27,27,27
510431,1,1,0,0,0,0,0,0,0,0,0,0
510432,1,1,30,30,30,30,30,30,30,30,30,30
510433,0,1,0,0,0,0,0,0,0,0,0,0
510433,0,2,0,0,0,0,0,0,0,0,0,0
510433,1,1,0,0,0,0,0,0,0,0,0,0
510434,1,1,9,9,9,9,9,9,9,9,9,9
510434,2,1,0,0,0,0,0,0,0,0,0,24
510434,3,1,19,0,6,0,12,0,0,0,14,0
510435,1,1,28,28,28,28,28,28,28,28,28,28
510436,0,1,0,0,0,0,0,0,0,0,0,0
510436,1,1,0,0,0,0,0,0,0,0,0,0
510437,1,1,0,0,0,0,0,0,0,0,0,4
510438,1,1,4,12,22,20,22,11,10,11,22,23
510438,2,1,0,0,0,0,0,0,0,0,28,0
510439,0,1,23,23,23,23,23,23,23,23,23,23
510439,1,1,23,23,23,23,23,23,23,23,23,23
510440,1,1,0,0,0,0,0,0,0,0,0,0
510441,0,1,0,0,0,0,0,0,0,0,0,0
510441,1,1,0,0,0,0,0,0,0,0,0,0
510442,1,1,20,34,22,26,19,16,9,16,17,27
510443,1,1,20,13,4,13,8,6,8,6,7,26
510443,2,1,0,0,0,0,0,0,0,0,0,0
510444,1,1,0,0,0,0,0,0,0,0,0,0
510444,2,1,0,0,0,0,0,0,0,0,9,0
510445,0,1,18,18,18,18,18,18,18,18,18,18
510445,1,1,0,0,0,0,0,0,0,0,0,0
510446,1,1,0,0,0,0,0,0,0,0,0,0
510447,1,1,1,1,1,1,1,1,1,1,1,1
510448,1,1,0,0,0,0,0,0,0,0,0,0
510449,1,1,0,0,0,0,0,0,0,0,0,0
510450,0,1,0,0,0,0,0,0,0,0,0,0
510451,1,1,0,0,0,0,0,0,0,0,0,0
510452,1,1,0,0,0,0,0,0,0,0,0,0
510452,2,1,0,0,0,27,0,0,0,0,0,0
510453,1,1,13,13,13,13,13,13,13,13,13,13
510454,1,1,0,0,0,0,0,0,0,0,0,0
510454,2,1,0,0,0,0,0,0,0,0,0,0
510454,3,1,0,0,0,0,0,0,0,0,0,0
510454,4,1,0,0,0,0,0,0,0,0,0,0
510455,1,1,0,0,0,0,0,0,0,0,0,0
510455,2,1,0,0,0,0,0,0,0,0,0,0
510456,0,1,25,25,25,25,25,25,25,25,25,25
510456,1,1,0,0,0,0,0,0,0,0,0,0
510456,2,1,0,0,0,0,0,0,0,0,0,0
510457,1,1,0,0,0,0,0,0,0,0,0,0
510458,1,1,0,0,0,0,0,0,0,0,0,0
510459,1,1,0,0,0,0,0,0,0,0,0,0
510459,2,1,0,0,0,0,0,0,0,0,0,0
510460,1,1,0,0,0,0,0,0,0,0,0,0
510460,2,1,0,20,0,0,0,0,0,0,0,0
510461,1,1,0,0,0,0,0,0,0,0,0,0
510462,1,1,12,12,13,11,27,0,8,13,38,18
510463,0,1,12,12,12,12,12,12,12,12,12,12
510463,1,1,0,0,0,0,0,0,0,0,0,0
510464,1,1,0,16,0,0,0,0,0,0,0,0
510464,2,1,0,0,0,0,0,0,0,0,0,0
510465,1,1,0,0,0,0,0,0,0,0,0,0
510466,1,1,0,0,18,16,13,11,0,16,21,30
510467,1,1,0,0,0,0,0,0,0,0,0,0
510468,1,1,0,0,0,0,0,0,0,0,0,0
510469,1,1,0,0,0,0,0,0,0,0,0,0
510470,1,1,0,0,0,0,0,0,0,0,0,0
510471,1,1,0,16,0,10,13,0,0,0,0,0
510471,2,1,0,0,0,0,0,0,0,28,0,0
510472,1,1,0,0,0,0,0,0,0,0,0,0
510473,0,1,0,0,0,0,0,0,0,0,0,0
510473,1,1,0,0,0,0,0,0,0,0,0,0
510474,1,1,0,0,0,0,0,0,15,0,0,0
510475,1,1,18,22,11,3,21,9,40,14,21,8
510475,2,1,0,0,0,0,8,0,0,18,0,0
510476,1,1,17,16,7,14,13,10,13,24,16,17
510477,1,1,0,0,0,0,0,0,0,0,0,0
510478,1,1,17,17,17,17,17,17,17,17,17,17
510479,1,1,0,0,0,0,0,0,0,0,0,0
510479,2,1,0,0,0,0,0,0,29,0,0,0
510480,1,1,0,0,0,0,0,0,0,0,0,0
510481,1,1,14,14,19,20,18,16,10,14,11,0
510482,1,1,0,0,0,0,0,0,0,0,0,0
510482,2,1,0,0,0,0,0,0,0,0,0,0
510483,1,1,16,30,22,34,24,18,8,56,13,32
510483,2,1,0,0,0,0,0,0,0,0,0,0
510484,1,1,0,0,0,0,9,0,18,20,0,0
510484,2,1,0,0,0,0,0,0,0,0,0,0
510485,0,1,13,13,13,13,13,13,13,13,13,13
510485,1,1,0,0,0,0,0,0,0,0,0,0
510486,1,1,21,21,21,21,21,21,21,21,21,21
510487,0,1,37,37,37,37,37,37,37,37,37,37
510487,1,1,0,0,0,10,11,0,0,0,0,27
510488,0,1,0,0,0,0,0,0,0,0,0,0
510488,1,1,0,0,9,0,0,0,18,0,0,0
510489,1,1,0,0,0,0,0,0,0,0,0,0
510489,2,1,0,0,0,0,0,0,0,0,0,0
510490,1,1,0,0,0,0,0,0,0,0,0,0
510490,2,1,0,0,0,0,0,0,0,0,0,0
510491,0,1,0,0,0,0,0,0,0,0,0,0
510491,1,1,0,0,0,0,0,0,0,0,0,0
510492,1,1,9,9,9,9,9,9,9,9,9,9
510493,1,1,0,0,0,0,0,0,0,0,0,0
510493,2,1,0,0,0,0,0,0,0,0,0,0
510493,3,1,0,0,0,0,0,0,0,0,0,0
510494,0,1,27,27,27,27,27,27,27,27,27,27
510494,1,1,0,0,0,0,0,0,0,17,0,0
510495,0,1,18,18,18,18,18,18,18,18,18,18
510495,1,1,0,0,0,18,0,0,0,0,0,0
510496,1,1,0,0,0,0,0,0,0,0,0,0
510496,2,1,0,0,0,0,0,0,0,0,0,0
510497,1,1,17,17,17,17,17,17,17,17,17,17
510498,1,1,10,28,23,7,14,19,0,0,32,17
510499,1,1,0,0,0,0,0,0,0,0,0,0
510499,2,1,0,0,0,0,0,0,0,0,0,0
510500,1,1,0,0,0,0,0,0,0,0,0,0
510500,2,1,0,0,0,0,0,0,0,0,0,0
510501,1,1,0,0,0,0,0,0,0,0,0,0
510501,2,1,0,0,0,0,0,0,0,0,0,0
510502,1,1,0,0,0,0,0,0,0,0,0,0
510502,2,1,0,0,0,0,0,0,0,0,0,0
510503,1,1,0,0,0,0,0,0,0,0,0,0
510503,2,1,0,0,0,0,0,0,0,0,0,0
510504,1,1,0,37,6,26,0,19,17,16,12,23
510504,2,1,12,12,12,12,12,12,12,12,12,12
510505,1,1,0,0,23,12,0,0,0,22,0,0
510506,1,1,0,0,0,0,0,0,0,0,0,0
510506,2,1,0,0,0,0,0,0,0,0,0,0
510507,1,1,15,15,15,15,15,15,15,15,15,15
510508,0,1,23,23,23,23,23,23,23,23,23,23
510508,1,1,0,0,0,24,0,0,0,0,0,0
510510,0,1,33,33,33,33,33,33,33,33,33,33
510510,1,1,12,0,0,0,0,0,0,0,0,0
510511,1,1,0,0,0,0,0,0,0,0,0,0
510512,1,1,36,36,36,36,36,36,36,36,36,36
510512,2,1,0,0,0,0,0,6,0,0,0,0
510513,1,1,24,24,24,24,24,24,24,24,24,24
510514,1,1,0,0,0,0,0,0,0,0,0,0
510514,2,1,0,0,0,0,0,0,0,0,0,0
510515,1,1,0,0,0,0,0,0,0,0,0,0
510515,2,1,0,0,0,0,0,0,0,0,9,0
510516,1,1,0,0,0,0,0,0,0,0,0,0
510517,1,1,18,18,18,18,18,18,18,18,18,18
510518,1,1,0,0,0,0,0,0,0,0,0,0
510519,1,1,0,0,0,0,0,0,0,0,0,0
510520,1,1,0,0,0,0,0,0,0,0,0,0
510520,2,1,0,10,0,0,0,0,0,0,0,0
510521,1,1,2,2,2,2,2,2,2,2,2,2
510521,2,1,0,0,0,0,0,0,0,21,0,0
510522,1,1,0,0,0,0,0,0,0,0,0,0
510522,2,1,0,0,0,0,0,0,0,0,0,0
510522,3,1,0,0,0,0,0,0,0,0,0,0
510523,1,1,0,0,0,0,0,0,0,0,0,0
510523,2,1,0,0,0,0,0,0,0,0,0,0
510524,0,1,0,0,0,0,0,0,0,0,0,0
510524,1,1,0,0,0,0,0,0,0,15,0,10
510525,0,1,0,0,0,0,0,0,0,0,0,0
510525,2,1,6,0,12,22,24,34,14,19,14,21
510526,1,1,1,1,1,1,1,1,1,1,1,1
510527,1,1,0,0,0,0,0,0,0,0,0,0
510527,2,1,0,0,0,0,0,0,0,0,0,0
510528,1,1,0,0,0,0,0,0,0,0,0,0
510529,1,1,28,28,28,28,28,28,28,28,28,28
510530,1,1,15,15,15,15,15,15,15,15,15,15
510530,2,1,0,0,0,0,0,0,0,0,0,0
510531,1,1,0,0,0,0,0,0,0,0,0,0
510531,2,1,0,0,7,0,0,0,0,0,0,0
510532,0,1,18,18,18,18,18,18,18,18,18,18
510532,1,1,0,0,0,0,0,0,0,0,0,0
510533,1,1,0,0,0,0,0,0,0,0,0,0
510534,0,1,0,0,0,0,0,0,0,0,0,0
510534,1,1,0,0,0,0,0,0,0,0,0,0
510535,1,1,0,0,0,0,0,0,0,0,0,0
510536,1,1,0,0,0,0,0,0,0,0,0,0
510537,1,1,21,21,21,21,21,21,21,21,21,21
510538,1,1,13,13,13,13,13,13,13,13,13,13
510539,1,1,0,0,0,0,0,0,0,0,0,0
510540,1,1,0,0,0,0,0,0,0,0,0,0
510541,1,1,0,0,0,0,0,0,0,0,0,0
510541,2,1,0,0,0,0,0,0,0,0,0,0
510542,0,1,0,0,0,0,0,0,0,0,0,0
510542,1,1,0,0,0,0,0,0,0,0,0,0
510543,1,1,0,0,0,0,0,0,0,0,0,0
510543,2,1,0,0,0,0,0,0,0,0,0,0
510544,1,1,0,0,0,0,0,0,0,0,0,0
510545,1,1,0,0,0,0,0,0,0,0,0,0
510546,1,1,0,0,0,0,0,0,0,0,0,0
510546,2,1,0,0,0,0,0,0,0,0,0,0
510546,3,1,0,0,0,0,0,0,0,0,0,0
510547,0,1,0,0,0,0,0,0,0,0,0,0
510547,1,1,2,15,0,0,0,6,5,0,0,15
510548,1,1,0,0,0,0,14,0,0,0,0,0
510549,1,1,0,0,0,0,0,0,0,0,0,0
510550,1,1,22,22,22,22,22,22,22,22,22,22
510551,0,1,21,21,21,21,21,21,21,21,21,21
510551,1,1,0,0,0,0,0,0,0,0,0,0
510552,1,1,0,0,0,0,0,0,0,0,0,0
510553,1,1,10,0,0,0,0,18,0,17,0,0
510553,2,1,0,0,0,0,0,0,0,0,0,0
510553,3,1,16,16,16,16,16,16,16,16,16,16
510554,1,1,37,37,37,37,37,37,37,37,37,37
510555,0,1,0,0,0,0,0,0,0,0,0,0
510555,1,1,0,0,0,0,13,0,0,0,0,0
510556,0,1,0,0,0,0,0,0,0,0,0,0
510556,1,1,0,0,0,0,0,0,0,0,0,0
510557,1,1,0,0,0,0,0,0,0,0,0,0
510558,1,1,0,0,0,0,0,0,0,0,0,0
510558,2,1,0,0,0,0,0,0,0,0,0,0
510559,1,1,0,0,0,0,14,0,0,0,0,0
510560,1,1,0,0,0,0,0,0,0,0,0,0
510561,1,1,0,21,5,25,0,22,13,9,0,0
510562,1,1,0,0,0,0,0,0,0,0,0,0
510563,1,1,0,0,0,0,0,0,0,0,0,0
510564,0,1,0,0,0,0,0,0,0,0,0,0
510564,1,1,0,0,0,0,0,0,0,0,0,0
510565,1,1,0,0,0,0,0,0,0,0,0,0