ST_CASE,VEH_NO,PER_NO,P1,P2,P3,P4,P5,P6,P7,P8,P9,P10
530142,1,1,0,0,0,0,0,0,0,0,0,0
530143,1,1,0,0,0,0,0,0,0,0,0,0
530143,2,1,0,0,0,0,0,0,0,0,0,0
530145,0,1,0,0,0,0,0,0,0,0,0,0
530145,1,1,0,0,0,0,0,0,0,0,0,0
530146,1,1,0,0,0,0,0,0,0,0,0,0
530146,2,1,0,0,0,0,0,0,0,0,0,0
530147,1,1,0,0,0,0,0,0,0,0,0,0
530148,1,1,22,22,22,22,22,22,22,22,22,22
530148,2,1,0,0,25,0,0,0,0,0,0,0
530149,0,1,0,0,0,0,0,0,0,0,0,0
530149,1,1,0,0,0,0,0,0,0,0,0,0
530150,1,1,22,22,22,22,22,22,22,22,22,22
530150,2,1,7,19,17,25,21,23,29,12,15,9
530151,1,1,3,3,3,3,3,3,3,3,3,3
530151,2,1,0,0,0,0,0,0,11,0,0,0
530152,1,1,0,0,18,13,38,0,26,17,0,0
530153,1,1,0,0,0,0,0,0,0,0,0,0
530153,2,1,0,0,0,0,0,0,0,0,0,0
530154,1,1,0,0,0,0,0,0,0,0,0,0
530156,1,1,25,25,25,25,25,25,25,25,25,25
530157,0,1,0,0,0,0,0,0,0,0,0,0
530157,1,1,0,0,0,0,0,0,0,0,0,0
530158,1,1,0,0,0,0,0,0,0,0,0,0
530159,1,1,0,0,0,0,0,0,0,0,0,0
530160,1,1,18,18,18,18,18,18,18,18,18,18
530160,2,1,0,0,0,0,0,0,0,0,0,0
530161,1,1,21,21,21,21,21,21,21,21,21,21
530162,1,1,16,16,16,16,16,16,16,16,16,16
530163,1,1,0,0,0,0,0,0,0,0,0,0
530164,1,1,31,31,31,31,31,31,31,31,31,31
530166,1,1,0,0,0,0,0,0,0,0,0,0
530166,2,1,0,0,0,20,0,24,12,0,0,0
530167,1,1,0,0,0,0,0,0,0,0,0,0
530169,1,1,0,0,0,0,20,0,0,0,0,0
530169,2,1,0,0,0,2,0,0,0,0,0,0
530170,0,1,0,0,0,0,0,0,0,0,0,0
530170,1,1,0,0,0,0,0,0,0,0,0,0
530171,0,1,9,9,9,9,9,9,9,9,9,9
530171,1,1,0,0,0,0,0,0,0,0,0,0
530172,1,1,0,0,0,0,0,0,23,0,0,21
530173,1,1,14,14,14,14,14,14,14,14,14,14
530173,2,1,0,34,0,0,10,0,0,0,0,0
530174,1,1,0,0,0,0,0,0,0,0,0,0
530175,1,1,19,19,19,19,19,19,19,19,19,19
530176,1,1,0,0,0,0,0,0,0,0,0,0
530176,2,1,0,0,0,0,0,0,0,0,0,0
530176,3,1,0,0,0,0,0,0,0,0,0,0
530177,1,1,0,0,0,0,0,0,0,0,0,0
530178,0,1,0,0,19,0,0,0,0,0,23,0
530178,1,1,0,0,0,0,0,0,0,0,0,0
530179,1,1,25,25,25,25,25,25,25,25,25,25
530180,1,1,0,31,0,0,18,12,0,0,0,0
530180,2,1,0,0,0,0,0,0,0,0,0,0
530180,3,1,0,0,0,0,0,0,0,0,0,0
530181,1,1,0,0,0,0,0,0,0,0,0,0
530181,2,1,0,0,0,0,0,0,0,0,0,0
530181,3,1,0,0,0,0,0,0,13,0,0,0
530182,0,1,27,27,27,27,27,27,27,27,27,27
530182,1,1,0,0,0,0,0,0,0,0,0,0
530183,1,1,0,0,0,0,0,0,0,0,0,0
530184,1,1,21,21,21,21,21,21,21,21,21,21
530185,1,1,0,0,0,0,0,0,0,0,0,0
530185,2,1,0,0,0,0,0,0,0,0,0,0
530186,1,1,0,0,0,0,0,0,0,0,0,0
530187,1,1,0,0,0,0,0,0,0,0,0,0
530187,2,1,0,0,0,0,0,0,0,0,0,0
530188,1,1,14,14,14,14,14,14,14,14,14,14
530190,1,1,0,0,0,0,0,0,27,0,0,0
530190,2,1,0,0,0,0,0,0,0,0,0,0
530191,1,1,0,0,0,0,0,0,0,0,0,0
530191,2,1,0,0,0,0,0,0,0,0,0,0
530192,1,1,0,0,0,0,0,0,0,0,0,0
530193,1,1,0,0,0,0,0,0,0,0,0,0
530193,2,1,0,0,0,0,0,0,0,0,0,0
530194,0,1,12,12,12,12,12,12,12,12,12,12
530194,1,1,19,19,19,19,19,19,19,19,19,19
530195,1,1,0,0,0,0,0,0,0,0,0,0
530195,2,1,0,0,0,0,0,0,0,0,0,0
530196,1,1,15,15,15,15,15,15,15,15,15,15
530197,1,1,0,0,0,0,0,0,0,0,0,0
530197,2,1,0,0,0,0,0,0,0,0,0,0
530198,1,1,5,5,5,5,5,5,5,5,5,5
530199,0,1,25,25,25,25,25,25,25,25,25,25
530199,1,1,0,0,0,0,0,0,0,0,0,0
530200,1,1,0,0,19,6,0,14,17,0,12,14
530201,1,1,0,0,0,0,0,0,0,0,0,0
530202,1,1,11,11,11,11,11,11,11,11,11,11
530202,2,1,0,0,0,0,0,0,0,0,0,0
530203,1,1,0,0,0,0,0,0,0,0,0,0
530204,0,1,0,0,0,0,0,0,0,0,0,0
530204,1,1,0,0,0,0,0,0,0,0,0,0
530205,1,1,13,13,13,13,13,13,13,13,13,13
530205,2,1,9,9,9,9,9,9,9,9,9,9
530206,0,1,0,11,10,8,0,0,21,0,11,16
530206,1,1,0,0,0,0,0,0,25,0,0,0
530207,1,1,0,0,0,0,0,0,0,0,0,0
530208,1,1,18,18,18,18,18,18,18,18,18,18
530208,2,1,7,0,0,0,0,0,0,0,0,0
530209,1,1,0,0,0,0,0,0,0,0,0,0
530210,1,1,25,25,25,25,25,25,25,25,25,25
530210,2,1,0,0,0,0,0,0,0,0,0,0
530211,1,1,0,0,0,0,0,0,0,0,0,0
530212,1,1,0,0,0,0,0,0,0,0,0,0
530212,2,1,0,0,0,0,0,0,0,0,0,7
530214,1,1,0,9,0,0,25,0,0,0,0,16
530214,2,1,0,0,0,0,0,0,0,0,0,0
530214,3,1,0,0,0,0,0,0,0,0,0,0
530215,1,1,0,0,0,0,0,0,0,0,0,0
530215,2,1,0,0,0,0,0,0,0,0,0,0
530216,1,1,0,0,0,0,0,0,0,0,0,0
530217,1,1,0,0,0,0,0,0,0,0,0,0
530217,2,1,0,0,0,0,0,0,0,0,0,0
530218,1,1,0,0,0,0,0,0,0,0,0,0
530218,2,1,0,0,0,0,0,0,0,0,0,0
530218,3,1,0,0,0,0,0,0,0,0,0,0
530218,4,1,15,0,0,0,0,0,0,10,0,0
530218,5,1,0,0,0,0,0,0,0,0,0,0
530218,6,1,0,0,0,0,0,0,11,0,0,0
530218,7,1,0,0,0,0,15,0,0,0,0,0
530218,8,1,0,19,0,0,0,0,0,0,0,0
530219,1,1,0,0,0,0,0,0,0,0,0,0
530220,1,1,7,7,7,7,7,7,7,7,7,7
530220,2,1,0,9,0,0,0,0,0,0,0,0
530221,1,1,0,0,0,0,0,0,0,0,0,0
530222,1,1,0,0,0,0,0,0,0,0,0,0
530222,2,1,0,0,0,0,0,0,0,0,0,0
530223,0,1,11,11,11,11,11,11,11,11,11,11
530223,1,1,0,18,0,0,0,15,16,19,19,0
530224,0,1,25,25,25,25,25,25,25,25,25,25
530224,0,2,8,0,15,0,16,0,0,19,0,20
530224,1,1,0,0,0,0,0,0,0,0,0,0
530225,1,1,16,16,16,16,16,16,16,16,16,16
530226,1,1,0,0,0,0,0,0,0,0,0,0
530226,2,1,24,0,0,0,0,0,0,0,0,0
530227,1,1,0,0,0,0,0,0,0,0,0,0
530227,2,1,0,0,0,0,0,0,0,0,0,0
530228,1,1,0,0,0,0,0,0,0,0,0,0
530228,2,1,0,0,0,0,0,0,0,0,0,0
530229,1,1,0,0,0,0,0,0,0,0,0,0
530230,1,1,0,0,0,0,0,0,0,0,0,0
530230,2,1,0,0,0,0,0,0,0,0,0,0
530230,3,1,0,0,0,0,0,0,0,0,0,0
530230,4,1,0,0,14,0,13,5,0,0,16,0
530230,5,1,0,0,0,0,0,8,0,0,0,0
530230,6,1,0,0,0,0,21,0,0,0,0,0
530230,7,1,0,0,0,0,0,0,0,0,0,0
530230,8,1,0,0,2,0,0,0,0,0,0,11
530230,9,1,11,0,0,0,0,12,0,0,0,17
530230,10,1,0,0,0,0,20,0,11,0,17,0
530230,11,1,0,26,0,0,0,13,0,0,0,0
530230,12,1,0,0,0,0,0,0,0,0,0,0
530232,1,1,13,13,13,13,13,13,13,13,13,13
530233,1,1,0,0,0,0,0,0,0,0,0,0
530233,2,1,0,0,0,0,11,0,0,0,0,0
530234,1,1,2,2,2,2,2,2,2,2,2,2
530234,2,1,0,0,0,0,0,0,0,0,0,0
530235,0,1,0,0,0,0,0,0,0,0,0,0
530235,1,1,0,0,0,0,0,0,0,0,0,0
530236,1,1,12,12,12,12,12,12,12,12,12,12
530237,1,1,0,0,0,0,0,0,0,18,0,0
530237,2,1,0,0,0,0,0,0,0,0,0,0
530238,1,1,0,0,0,0,0,0,0,0,0,0
530239,1,1,11,11,11,11,11,11,11,11,11,11
530239,2,1,0,0,0,0,0,0,0,0,0,0
530240,1,1,15,15,15,15,15,15,15,15,15,15
530241,1,1,0,0,0,0,0,0,0,0,0,0
530241,2,1,0,0,0,0,0,0,0,0,0,0
530241,3,1,14,0,0,0,12,0,0,0,0,0
530241,4,1,0,0,0,0,0,0,0,0,0,0
530242,1,1,0,0,0,0,0,0,0,0,0,0
530243,0,1,0,0,0,0,0,0,0,0,0,0
530243,0,2,0,0,23,0,23,0,0,0,0,0
530243,1,1,0,0,0,0,0,0,0,0,0,0
530244,1,1,24,15,0,20,26,17,9,15,26,20
530245,0,1,0,0,0,0,0,0,0,0,0,0
530245,1,1,0,0,0,0,0,0,0,0,0,0
530246,0,1,15,15,15,15,15,15,15,15,15,15
530246,1,1,0,0,0,0,0,0,0,0,0,0
530247,1,1,0,0,0,0,0,0,0,0,0,0
530247,2,1,0,0,0,0,4,0,0,0,12,0
530247,3,1,0,0,0,0,0,0,0,0,0,0
530247,4,1,0,0,0,0,0,0,25,0,0,0
530248,1,1,10,0,0,20,0,0,0,0,0,15
530248,2,1,5,5,5,5,5,5,5,5,5,5
530248,3,1,0,0,0,0,0,0,0,0,0,0
530249,1,1,0,0,0,0,0,0,0,0,0,0
530250,1,1,0,0,0,0,0,0,0,0,0,0
530250,2,1,0,0,0,0,0,0,0,0,0,0
530250,3,1,0,0,0,0,0,0,0,0,0,0
530251,1,1,0,0,0,0,0,0,0,0,0,0
530252,1,1,0,0,0,0,0,0,0,0,0,0
530252,2,1,0,0,0,0,0,0,0,0,0,0
530253,1,1,0,0,0,0,0,0,0,0,0,0
530253,2,1,0,0,0,0,0,0,0,0,0,0
530254,1,1,0,0,0,0,0,0,0,0,0,0
530254,2,1,0,0,0,0,0,0,0,0,0,0
530255,1,1,17,17,17,17,17,17,17,17,17,17
530256,1,1,18,18,18,18,18,18,18,18,18,18
530256,2,1,0,0,0,0,0,0,0,0,0,0
530257,1,1,0,0,0,0,0,0,0,0,0,0
530257,2,1,0,0,0,0,0,0,0,0,0,0
530258,1,1,24,24,24,24,24,24,24,24,24,24
530259,0,1,0,0,0,0,0,0,0,0,0,0
530259,1,1,0,0,0,0,0,0,0,0,0,0
530260,1,1,0,0,0,0,0,0,0,0,0,0
530261,1,1,0,0,0,0,0,0,0,0,0,0
530261,2,1,0,0,0,0,0,0,0,0,0,0
530262,1,1,0,0,0,0,0,0,0,0,0,0
530262,2,1,0,0,0,0,0,0,0,0,4,0
530263,1,1,0,0,0,0,0,0,0,0,0,0
530263,2,1,0,0,0,0,0,0,20,0,0,0
530264,1,1,15,15,15,15,15,15,15,15,15,15
530265,1,1,15,15,15,15,15,15,15,15,15,15
530266,1,1,0,0,0,0,0,0,0,0,0,0
530267,1,1,0,0,0,0,0,0,0,0,0,0
530268,1,1,0,0,0,0,0,0,0,0,0,0
530269,1,1,2,2,2,2,2,2,2,2,2,2
530270,1,1,0,0,0,0,0,0,0,0,0,0
530271,0,1,17,17,17,17,17,17,17,17,17,17
530271,1,1,0,0,0,0,0,0,0,0,0,0
530272,0,1,0,0,0,0,0,0,0,0,0,0
530272,1,1,0,0,0,0,0,0,0,0,0,0
530273,1,1,0,0,0,0,0,0,0,0,0,0
530273,2,1,0,13,0,0,0,0,0,0,0,16
530274,1,1,0,0,0,0,0,0,0,0,0,0
530275,1,1,24,24,24,24,24,24,24,24,24,24
530276,1,1,11,11,11,11,11,11,11,11,11,11
530276,2,1,0,0,0,0,0,0,0,0,17,0
530277,1,1,0,0,0,0,0,0,0,0,0,0
530277,2,1,13,0,0,0,25,0,0,0,0,0
530278,1,1,11,11,11,11,11,11,11,11,11,11
530278,2,1,23,0,0,7,0,0,0,6,0,0
530279,1,1,0,0,0,0,0,0,0,0,0,0
530279,2,1,0,0,0,0,0,0,0,0,0,0
530280,1,1,0,6,0,0,0,0,0,0,0,21
530281,1,1,0,29,0,0,0,0,0,0,0,0
530283,0,1,0,0,0,0,0,0,0,0,0,0
530283,1,1,0,0,0,0,0,0,0,0,0,0
530284,1,1,14,10,33,25,10,0,0,36,0,21
530285,1,1,0,5,11,6,0,9,0,0,9,8
530286,1,1,0,0,0,0,0,0,0,0,0,0
530286,2,1,0,0,0,0,0,0,0,0,0,0
530287,1,1,11,21,21,9,27,8,29,14,25,17
530288,1,1,0,0,0,0,0,0,0,0,0,0
530289,0,1,13,13,13,13,13,13,13,13,13,13
530289,1,1,0,0,0,0,0,0,0,0,0,0
530290,1,1,0,0,0,0,0,0,0,0,0,0
530291,1,1,4,0,18,9,7,30,15,0,0,5
530291,2,1,0,0,0,0,0,0,0,0,0,0
530292,1,1,19,19,19,19,19,19,19,19,19,19
530293,1,1,0,0,0,0,0,0,0,0,0,0
530293,2,1,0,0,0,0,0,0,0,0,0,0
530294,1,1,0,0,0,0,0,0,0,0,0,0
530294,2,1,0,0,0,0,0,0,0,0,0,0
530295,1,1,0,0,0,0,0,0,0,0,0,0
530295,2,1,0,0,0,0,0,0,0,0,0,0
530296,1,1,29,29,29,29,29,29,29,29,29,29
530297,1,1,0,0,0,0,0,0,0,0,0,0
530297,2,1,0,0,0,0,0,0,0,0,0,0
530298,1,1,0,0,0,0,0,0,0,0,0,0
530298,2,1,0,0,0,0,0,0,0,0,0,0
530299,1,1,5,5,5,5,5,5,5,5,5,5
530300,1,1,0,0,0,0,0,0,0,0,0,0
530301,1,1,0,0,0,0,0,0,0,0,0,0
530302,1,1,0,0,0,0,0,0,0,0,0,0
530303,1,1,0,0,0,0,0,0,0,0,0,0
530304,1,1,0,0,0,0,0,0,0,0,0,0
530305,1,1,0,0,0,0,0,0,0,0,0,0
530305,2,1,0,0,0,0,0,0,0,0,0,0
530306,1,1,0,0,0,0,0,0,0,0,0,0
530306,2,1,0,0,0,0,0,0,0,0,0,0
530307,1,1,0,0,0,0,0,0,0,0,0,0
530308,1,1,0,0,0,0,0,0,0,0,0,0
530310,1,1,0,0,0,0,0,0,0,0,0,0
530310,2,1,0,0,0,0,0,0,0,0,0,0
530311,1,1,0,0,0,0,0,0,0,0,0,0
530311,2,1,0,0,0,0,0,0,0,0,0,0
530312,1,1,0,0,0,0,11,0,0,9,0,4
530312,2,1,0,0,0,0,0,0,0,0,0,0
530313,1,1,0,0,0,0,0,0,0,0,0,0
530313,2,1,0,0,20,15,0,0,0,0,0,0
530314,1,1,0,0,0,0,0,0,0,0,0,0
530314,2,1,0,0,0,0,0,0,0,0,0,0
530315,1,1,0,13,21,30,14,0,6,0,20,0
530316,1,1,0,0,0,0,0,0,0,0,0,0
530316,2,1,0,0,0,0,0,0,0,0,0,0
530317,1,1,17,17,17,17,17,17,17,17,17,17
530318,1,1,25,25,25,25,25,25,25,25,25,25
530318,2,1,0,0,0,0,7,0,0,0,0,0
530319,1,1,0,0,0,0,0,0,0,0,0,0
530319,2,1,0,0,0,0,0,0,0,0,0,0
530319,3,1,0,0,0,0,0,0,0,0,0,0
530320,1,1,0,0,0,0,0,0,0,0,0,0
530320,2,1,0,0,0,0,0,0,0,0,0,0
530320,3,1,0,0,0,0,0,0,0,0,0,0
530321,1,1,0,0,0,0,0,0,0,0,0,0
530322,0,1,27,0,0,12,0,0,0,0,0,0
530322,1,1,27,27,27,27,27,27,27,27,27,27
530323,1,1,3,3,3,3,3,3,3,3,3,3
530323,2,1,0,0,0,0,0,0,0,0,0,0
530324,1,1,0,0,0,0,0,0,0,0,0,0
530325,1,1,0,0,0,0,0,0,0,0,0,0
530326,1,1,0,0,0,0,0,0,0,0,0,0
530326,2,1,0,0,0,0,0,0,7,0,0,0
530327,1,1,27,27,27,27,27,27,27,27,27,27
530328,1,1,13,13,13,13,13,13,13,13,13,13
530329,0,1,17,14,14,22,12,20,30,19,16,38
530329,1,1,0,0,0,0,0,0,0,0,0,0
530330,0,1,21,21,21,21,21,21,21,21,21,21
530330,1,1,0,0,0,0,0,0,0,0,0,0
530331,1,1,25,25,25,25,25,25,25,25,25,25
530332,0,1,25,25,25,25,25,25,25,25,25,25
530332,1,1,6,16,30,15,23,13,21,15,12,9
530333,1,1,12,12,12,12,12,12,12,12,12,12
530334,1,1,0,0,0,0,0,0,0,0,0,0
530334,2,1,0,0,0,23,14,0,0,0,0,0
530335,1,1,0,0,0,0,0,0,0,0,0,0
530335,2,1,0,0,0,0,0,0,0,0,0,0
530335,3,1,0,0,0,0,0,0,10,0,0,0
530337,1,1,3,3,3,3,3,3,3,3,3,3
530338,1,1,0,0,0,0,0,0,0,0,0,0
530338,2,1,0,0,0,0,0,0,0,0,0,0
530339,1,1,0,0,0,0,0,0,0,0,0,0
530339,2,1,0,0,0,0,0,0,0,0,0,0
530339,3,1,0,0,0,0,0,0,0,0,0,0
530340,1,1,0,0,0,0,0,0,0,0,0,0
530340,2,1,0,0,0,0,0,9,0,0,0,0
530341,1,1,23,23,23,23,23,23,23,23,23,23
530342,1,1,0,0,0,0,0,0,0,0,0,0
530343,1,1,0,0,0,0,0,0,0,0,0,0
530344,1,1,0,0,0,0,0,0,0,0,0,0
530344,2,1,0,0,0,0,0,0,0,0,0,0
530345,0,1,25,25,25,25,25,25,25,25,25,25
530345,1,1,0,0,0,0,0,0,0,0,0,0
530346,1,1,0,0,0,0,0,0,0,0,0,0
530346,2,1,0,0,0,0,0,0,0,0,0,0
530347,0,1,0,0,0,0,0,0,0,0,0,0
530347,0,2,0,0,0,0,0,0,0,0,0,0
530347,1,1,0,0,0,0,0,0,0,0,0,0
530348,1,1,0,0,0,0,0,0,0,0,0,0
530348,2,1,0,0,0,0,0,0,0,0,0,0
530348,3,1,0,0,0,0,0,0,0,0,0,0
530349,1,1,9,9,9,9,9,9,9,9,9,9
530350,1,1,22,22,22,22,22,22,22,22,22,22
530351,0,1,0,0,0,0,0,0,0,0,0,0
530351,1,1,14,14,14,14,14,14,14,14,14,14
530352,0,1,0,0,0,0,0,0,0,0,0,0
530352,1,1,0,0,0,0,0,0,0,0,0,0
530353,1,1,0,7,0,0,0,0,0,13,14,23
530354,1,1,15,15,15,15,15,15,15,15,15,15
530355,0,1,14,14,14,14,14,14,14,14,14,14
530355,1,1,0,0,0,0,0,0,0,0,0,0
530356,1,1,16,16,16,16,16,16,16,16,16,16
530357,1,1,12,12,12,12,12,12,12,12,12,12
530357,2,1,0,0,0,0,0,0,0,0,0,0
530358,0,1,12,12,12,12,12,12,12,12,12,12
530358,1,1,0,0,0,0,5,0,0,0,0,0
530359,1,1,10,10,10,10,10,10,10,10,10,10
530360,1,1,0,0,0,0,0,0,0,0,0,0
530360,2,1,0,0,0,0,0,0,0,0,0,0
530360,3,1,0,0,0,0,0,0,0,0,0,0
530361,0,1,0,0,0,0,0,0,0,0,0,0
530361,1,1,0,0,0,0,0,0,0,0,0,0
530362,0,1,2,2,2,2,2,2,2,2,2,2
530362,1,1,0,0,0,0,0,0,0,0,0,0
530363,0,1,0,0,0,0,0,0,0,0,0,0
530363,1,1,0,0,0,0,0,0,0,0,0,0
530364,0,1,0,0,0,0,0,0,0,0,0,0
530364,1,1,0,0,0,0,0,0,0,0,0,0
530365,1,1,0,0,0,0,0,0,0,0,0,0
530365,2,1,0,0,0,0,0,0,0,0,0,0
530365,3,1,0,0,0,0,0,0,0,0,0,0
530366,0,1,0,0,0,0,0,0,0,0,0,0
530366,1,1,0,0,0,11,0,0,0,0,0,26
530367,1,1,0,0,0,0,0,0,0,0,0,0
530368,1,1,0,0,14,0,0,0,0,0,0,0
530369,1,1,0,0,0,0,0,0,0,0,0,0
530369,2,1,0,0,0,0,0,0,0,0,0,0
530369,3,1,0,0,0,0,0,0,0,0,0,0
530370,0,1,0,0,0,0,0,0,0,0,0,0
530370,1,1,0,0,6,0,0,0,0,6,0,0
530371,0,1,0,0,0,0,0,0,0,0,0,0
530371,1,1,0,0,0,0,0,0,0,0,0,0
530372,1,1,0,0,0,0,0,0,0,0,9,20
530372,2,1,27,21,12,19,6,20,12,11,17,24
530373,1,1,0,0,0,0,0,0,0,0,0,0
530373,2,1,2,0,4,0,0,0,0,0,0,0
530374,0,1,0,0,0,0,0,0,0,0,0,0
530374,1,1,0,0,0,0,0,0,0,0,0,0
530375,1,1,0,0,0,0,0,0,0,0,0,0
530376,1,1,0,0,0,0,0,0,0,0,0,0
530376,2,1,0,0,0,0,0,0,15,0,0,0
530376,3,1,0,0,0,5,0,0,0,0,12,0
530377,0,1,0,0,0,0,0,0,0,0,0,0
530377,1,1,7,3,12,6,8,15,18,16,10,31
530378,1,1,0,0,0,0,0,0,0,0,0,0
530379,1,1,0,0,0,0,0,0,0,0,0,0
530379,2,1,0,0,0,0,0,0,0,0,0,0
530380,1,1,0,0,0,0,0,0,0,0,0,0
530380,2,1,0,0,0,0,0,0,0,0,0,0
530381,0,1,0,0,0,0,0,0,0,0,0,0
530381,1,1,0,0,0,0,0,0,0,0,0,0
530382,1,1,0,0,0,0,0,0,0,0,0,0
530382,2,1,0,0,0,0,0,0,0,0,0,0
530383,1,1,22,22,22,22,22,22,22,22,22,22
530383,2,1,0,0,0,0,0,0,0,0,0,0
530384,1,1,20,20,20,20,20,20,20,20,20,20
530384,2,1,0,0,0,0,0,0,0,0,0,0
530385,0,1,0,0,0,0,0,0,0,0,0,0
530385,1,1,0,0,0,0,0,0,0,0,0,0
530386,1,1,17,17,17,17,17,17,17,17,17,17
530387,1,1,0,0,0,0,0,0,0,0,0,0
530387,2,1,0,0,0,0,0,0,0,0,0,0
530388,1,1,0,21,22,0,23,7,7,0,11,13
530389,0,1,0,0,0,0,0,0,0,0,0,0
530389,1,1,0,0,0,0,0,0,0,0,0,0
530390,1,1,3,3,3,3,3,3,3,3,3,3
530390,2,1,0,0,0,0,0,0,0,0,0,0
530391,1,1,26,26,26,26,26,26,26,26,26,26
530392,0,1,0,0,0,0,0,0,0,0,0,0
530392,1,1,0,0,0,0,0,0,0,0,0,0
530393,1,1,0,0,0,0,0,0,0,0,0,0
530394,1,1,27,27,27,27,27,27,27,27,27,27
530394,2,1,0,0,0,0,0,0,0,0,0,0
530395,1,1,20,20,20,20,20,20,20,20,20,20
530396,0,1,17,17,17,17,17,17,17,17,17,17
530396,1,1,0,0,0,0,24,0,0,0,0,0
530396,2,1,0,0,0,0,0,0,0,0,0,19
530397,1,1,21,21,21,21,21,21,21,21,21,21
530397,2,1,0,0,0,0,0,0,0,0,0,0
530398,0,1,37,37,37,37,37,37,37,37,37,37
530398,1,1,10,0,6,0,2,0,0,0,2,2
530399,1,1,8,8,8,8,8,8,8,8,8,8
530400,0,1,28,26,0,0,0,0,0,0,0,0
530400,1,1,0,0,0,0,0,0,0,0,0,0
530401,1,1,0,0,0,0,0,0,0,0,0,0
530402,1,1,0,0,0,0,0,0,0,0,0,14
530402,2,1,14,14,14,14,14,14,14,14,14,14
530403,1,1,21,21,21,21,21,21,21,21,21,21
530404,0,1,30,30,30,30,30,30,30,30,30,30
530404,1,1,0,0,0,0,24,0,0,0,0,0
530405,0,1,0,0,0,0,0,0,0,0,0,0
530405,1,1,0,0,0,0,0,0,0,0,0,0
530406,1,1,0,0,0,0,0,0,0,0,0,0
530406,2,1,0,0,0,0,0,0,0,0,0,0
530407,1,1,0,0,0,0,0,0,0,0,0,0
530407,2,1,0,0,0,0,0,0,0,0,0,0
530408,0,1,0,0,0,0,0,0,0,0,0,0
530408,1,1,13,13,13,13,13,13,13,13,13,13
530409,1,1,0,0,0,0,0,0,0,0,0,0
530410,1,1,14,14,14,14,14,14,14,14,14,14
530410,2,1,0,0,0,0,0,0,0,0,0,0
530411,1,1,9,9,9,9,9,9,9,9,9,9
530412,1,1,0,0,0,37,42,0,0,0,0,0
530413,1,1,0,0,0,0,0,0,0,0,0,0
530413,2,1,0,0,0,0,0,0,0,0,0,0
530414,0,1,15,15,15,15,15,15,15,15,15,15
530414,1,1,0,0,0,0,0,0,0,0,0,0
530415,1,1,0,0,0,0,0,0,0,0,0,0
530416,1,1,0,0,0,0,0,0,0,0,0,0
530416,2,1,0,0,0,0,0,0,0,0,0,0
530417,0,1,0,0,0,0,0,0,0,0,0,0
530417,1,1,0,0,0,0,0,0,0,0,0,0
530418,1,1,0,0,0,0,0,0,0,0,0,0
530419,1,1,0,0,0,0,0,0,0,0,0,0
530419,2,1,0,0,0,0,0,0,0,0,0,0
530420,1,1,0,0,0,0,0,0,0,0,0,0
530421,0,1,22,22,22,22,22,22,22,22,22,22
530421,1,1,0,0,0,0,0,0,0,0,0,0
530422,1,1,9,9,9,9,9,9,9,9,9,9
530423,1,1,0,0,0,0,0,0,0,0,0,0
530423,2,1,0,0,0,0,0,0,0,0,0,0
530424,1,1,0,0,0,0,0,0,0,0,0,0
530424,2,1,0,0,0,0,0,0,0,0,0,0
530425,1,1,16,16,16,16,16,16,16,16,16,16
530426,1,1,0,0,0,0,0,0,0,0,0,0
530427,0,1,0,0,0,0,0,0,0,0,0,0
530427,1,1,0,0,0,0,0,0,0,0,0,0
530428,1,1,21,0,0,0,0,29,0,0,0,0
530430,0,1,0,0,0,0,0,0,0,0,0,0
530430,1,1,0,0,0,0,0,0,0,0,0,0
530431,0,1,0,0,13,0,0,16,0,0,0,0
530431,1,1,0,16,15,0,0,0,0,0,0,0
530431,2,1,0,0,0,0,0,0,0,0,0,0
530431,3,1,0,8,0,0,0,0,0,7,0,0
530431,4,1,0,0,0,0,0,0,0,0,0,0
530431,5,1,0,0,0,0,0,0,0,0,0,0
530432,1,1,0,0,0,0,0,0,0,0,0,0
530432,2,1,8,8,8,8,8,8,8,8,8,8
530432,3,1,0,0,0,0,0,0,0,0,0,0
530433,1,1,0,0,0,0,0,0,0,0,0,0
530434,1,1,0,0,0,0,0,0,0,0,0,0
530435,1,1,0,0,0,0,0,0,0,0,0,0
530436,1,1,0,0,0,0,0,0,0,0,0,0
530436,2,1,0,0,0,0,0,0,0,0,13,0
530436,3,1,0,0,0,0,0,0,0,0,0,0
530437,0,1,0,0,0,0,0,0,0,0,0,0
530437,1,1,0,0,0,0,0,0,0,0,0,0
530438,1,1,0,0,0,0,0,0,0,0,0,0
530438,2,1,0,0,0,0,0,0,0,0,0,0
530439,1,1,0,0,0,0,0,0,0,0,0,0
530439,2,1,30,0,0,0,0,0,0,0,0,0
530440,0,1,0,0,0,0,0,0,0,0,0,0
530440,1,1,13,7,6,0,8,0,12,0,0,0
530441,0,1,0,0,0,0,0,0,0,0,0,0
530441,1,1,0,12,0,0,25,20,0,0,0,0
530442,0,1,0,0,0,0,0,0,0,0,0,0
530442,1,1,0,0,0,0,0,0,0,0,0,0
530443,0,1,36,36,36,36,36,36,36,36,36,36
530443,1,1,0,0,0,0,0,26,0,0,0,0
530444,0,1,0,0,0,0,0,0,0,0,0,0
530444,1,1,0,0,0,0,0,0,0,0,0,0
530445,1,1,0,0,0,0,0,0,0,0,0,0