ST_CASE,VEH_NO,PER_NO,P1,P2,P3,P4,P5,P6,P7,P8,P9,P10
530446,1,1,22,22,22,22,22,22,22,22,22,22
530447,1,1,0,0,0,0,0,0,0,0,0,0
530447,2,1,0,0,1,0,0,0,0,0,0,0
530448,1,1,10,10,10,10,10,10,10,10,10,10
530449,0,1,15,15,15,15,15,15,15,15,15,15
530449,1,1,0,0,0,0,0,0,0,0,0,0
530450,0,1,0,0,0,0,0,13,0,0,0,0
530450,1,1,0,0,0,0,0,0,0,0,0,0
530451,1,1,0,0,0,0,0,0,0,0,15,0
530451,2,1,0,0,0,0,0,0,0,0,0,0
530452,1,1,0,0,0,0,0,0,0,0,0,0
530452,2,1,0,0,0,0,0,0,0,14,0,5
530453,0,1,0,0,0,0,0,0,0,0,0,0
530453,1,1,0,0,0,0,0,0,0,0,0,0
530454,1,1,20,20,20,20,20,20,20,20,20,20
530454,2,1,0,0,0,0,0,0,0,0,0,0
530455,1,1,2,2,2,2,2,2,2,2,2,2
530455,2,1,0,0,0,0,0,0,0,0,0,0
530456,1,1,21,21,21,21,21,21,21,21,21,21
530457,1,1,0,0,0,0,0,0,0,0,0,0
530457,2,1,0,0,0,0,0,0,0,0,0,0
530458,1,1,0,0,0,0,0,0,0,0,0,0
530458,2,1,18,0,9,0,0,0,0,0,0,0
530459,1,1,13,13,13,13,13,13,13,13,13,13
530460,1,1,0,11,0,0,0,0,0,17,13,19
530461,0,1,0,0,0,0,0,0,0,0,0,0
530461,0,2,0,0,0,0,0,0,0,26,0,0
530461,1,1,0,9,0,0,0,0,0,0,0,0
530461,2,1,0,0,11,0,0,0,0,0,0,0
530462,1,1,8,8,8,8,8,8,8,8,8,8
530463,1,1,0,0,0,0,0,0,0,0,0,0
530463,2,1,0,0,0,0,0,0,0,0,0,0
530464,1,1,0,0,0,0,0,0,0,0,0,0
530465,1,1,0,0,0,0,0,0,0,0,0,0
530466,0,1,29,29,29,29,29,29,29,29,29,29
530466,1,1,0,0,0,16,8,0,0,0,0,0
530467,1,1,0,0,0,0,0,0,0,0,0,0
530468,1,1,0,0,0,0,0,0,0,0,0,0
530468,2,1,0,14,0,0,0,0,0,0,0,0
530468,3,1,0,0,0,0,0,0,0,0,0,0
530469,1,1,0,0,0,0,0,0,0,0,0,0
530469,2,1,0,0,0,0,0,0,0,0,0,0
530470,0,1,0,0,0,0,0,0,0,0,0,0
530470,1,1,0,0,0,0,0,0,0,0,11,0
530471,1,1,0,0,0,0,0,0,0,0,0,0
530471,2,1,0,0,0,0,0,0,0,8,0,0
530471,3,1,0,0,0,0,0,0,0,0,0,0
530473,1,1,17,17,17,17,17,17,17,17,17,17
530473,2,1,0,0,0,0,0,10,0,0,0,0
530474,1,1,21,47,16,20,14,18,18,15,18,21
530475,1,1,6,6,6,6,6,6,6,6,6,6
530476,1,1,22,22,22,22,22,22,22,22,22,22
530477,0,1,0,0,0,0,0,0,0,0,0,0
530477,1,1,0,0,0,0,0,0,0,0,0,0
530478,1,1,0,0,0,0,0,0,0,0,0,0
530478,2,1,12,12,12,12,12,12,12,12,12,12
530479,1,1,12,12,12,12,12,12,12,12,12,12
530480,1,1,7,7,7,7,7,7,7,7,7,7
530480,2,1,0,0,0,0,0,0,0,0,0,0
530481,1,1,0,0,0,0,0,0,0,0,0,0
530482,0,1,0,0,0,0,0,0,0,0,0,0
530482,1,1,0,0,0,0,0,0,0,0,0,20
530483,0,1,0,0,0,0,0,0,0,0,0,0
530483,1,1,0,0,0,0,0,0,0,0,0,0
530484,1,1,0,0,0,0,0,0,0,0,0,0
530484,2,1,0,0,0,0,0,0,0,0,0,34
530485,1,1,29,29,29,29,29,29,29,29,29,29
530486,0,1,0,0,0,0,0,0,0,0,0,0
530486,1,1,0,0,0,0,0,0,0,0,0,0
530488,1,1,0,0,0,0,0,0,0,0,0,0
530488,2,1,0,0,0,0,0,0,0,0,0,0
530489,1,1,0,0,0,0,0,0,0,0,0,0
530489,2,1,0,0,0,0,0,0,0,0,0,0
530490,1,1,0,0,0,0,0,0,0,0,0,0
530491,1,1,15,15,15,15,15,15,15,15,15,15
530492,0,1,0,0,0,0,0,0,0,0,0,0
530492,1,1,4,4,4,4,4,4,4,4,4,4
530493,1,1,0,0,0,0,0,0,0,0,0,0
530493,3,1,0,0,0,0,0,0,0,0,0,0
530494,1,1,0,0,0,0,0,0,0,0,0,0
530495,1,1,10,10,10,10,10,10,10,10,10,10
530495,2,1,0,0,0,0,0,0,0,0,0,0
530495,3,1,0,0,0,0,0,0,0,0,0,0
530496,1,1,10,10,10,10,10,10,10,10,10,10
530497,0,1,0,0,0,0,0,0,0,0,0,0
530497,1,1,0,11,0,0,0,0,9,0,0,0
530498,1,1,0,0,0,0,0,0,0,0,0,0
530498,2,1,17,0,0,0,0,0,0,0,0,0
530499,1,1,0,0,0,0,0,0,0,0,0,0
530500,1,1,2,2,2,2,2,2,2,2,2,2
530500,2,1,0,0,0,0,0,0,0,0,0,0
530501,1,1,0,0,0,0,0,0,0,0,0,0
530502,1,1,0,0,0,0,0,0,0,0,0,0
530502,2,1,0,0,0,0,0,0,0,0,0,0
530502,3,1,0,0,0,0,0,0,0,0,0,0
530503,1,1,11,11,11,11,11,11,11,11,11,11
530503,2,1,0,21,0,0,0,0,0,0,0,0
530504,1,1,0,0,0,0,15,0,0,0,15,0
530504,2,1,0,0,0,0,0,0,0,0,0,0
530505,1,1,22,0,0,0,0,0,6,0,10,14
530506,1,1,0,0,0,0,0,0,0,0,0,0
530506,2,1,0,0,0,0,0,0,0,0,0,0
530507,1,1,0,0,0,0,0,0,0,0,0,0
530507,2,1,0,0,0,0,0,0,0,8,0,0
530508,1,1,0,0,0,0,0,0,0,0,0,0
530509,1,1,16,16,16,16,16,16,16,16,16,16
530510,0,1,0,0,0,0,0,0,0,0,0,0
530510,1,1,7,0,0,0,0,0,5,0,0,0
530511,1,1,0,0,0,0,0,0,0,0,0,0
530512,1,1,0,0,0,0,0,0,0,0,0,0
530512,2,1,0,0,0,0,0,0,0,0,0,0
530513,1,1,19,19,19,19,19,19,19,19,19,19
530513,2,1,0,0,0,0,0,0,0,0,0,0
530513,3,1,0,0,0,10,0,0,0,0,0,0
530514,0,1,0,5,21,5,19,6,4,27,7,21
530514,1,1,0,0,0,0,0,0,0,0,0,0
530515,1,1,0,0,0,0,0,0,0,0,0,0
530515,2,1,0,0,0,0,0,0,0,0,0,0
530515,3,1,0,0,0,0,0,0,0,0,0,0
530516,1,1,0,0,0,0,0,0,0,0,0,10
530517,1,1,25,25,25,25,25,25,25,25,25,25
530518,1,1,0,0,0,0,0,0,0,0,0,0
530518,2,1,0,0,0,0,0,2,0,0,0,0
530519,1,1,0,0,21,0,0,0,0,0,0,0
530519,2,1,0,0,0,0,0,0,0,0,0,0
530520,1,1,0,0,0,0,0,0,0,0,0,0
530521,1,1,0,0,0,0,0,0,0,0,0,0
530522,1,1,19,19,19,19,19,19,19,19,19,19
530523,1,1,0,0,0,0,0,0,0,0,0,0
530524,0,1,0,7,0,0,0,23,0,11,24,0
530524,1,1,0,0,14,0,0,0,0,0,0,0
540001,1,1,0,0,0,0,0,0,0,0,0,0
540002,1,1,0,0,0,0,0,0,0,0,0,0
540003,1,1,0,0,0,0,0,0,0,0,0,0
540004,1,1,11,11,11,11,11,11,11,11,11,11
540005,1,1,0,0,0,0,0,0,0,0,0,0
540005,2,1,0,0,0,0,0,0,0,0,0,0
540006,0,1,16,0,32,0,0,0,0,0,0,0
540006,1,1,0,0,0,0,0,0,0,0,21,0
540007,1,1,0,0,0,0,0,0,0,0,0,0
540007,2,1,0,0,0,0,0,0,0,0,20,0
540007,3,1,0,0,0,0,0,0,0,0,20,0
540008,1,1,25,25,25,25,25,25,25,25,25,25
540009,1,1,5,4,3,20,14,10,30,5,7,20
540010,0,1,0,0,0,0,0,0,0,0,0,0
540010,1,1,4,4,4,4,4,4,4,4,4,4
540011,1,1,0,0,0,0,0,0,0,0,0,0
540011,2,1,0,0,0,0,0,0,0,0,0,0
540012,1,1,0,0,0,0,0,0,0,0,0,0
540012,2,1,0,0,0,0,0,0,0,0,0,0
540014,0,1,0,0,0,0,0,0,0,0,0,0
540014,1,1,0,0,0,0,0,0,0,0,0,0
540016,1,1,0,0,0,0,0,0,0,0,0,0
540017,0,1,5,5,5,5,5,5,5,5,5,5
540017,1,1,20,14,17,0,0,29,0,15,0,13
540018,1,1,0,0,0,0,0,0,0,0,0,0
540019,1,1,0,0,0,0,0,0,0,0,0,0
540019,2,1,0,0,0,0,0,0,0,0,0,0
540020,1,1,18,18,18,18,18,18,18,18,18,18
540021,1,1,0,0,0,0,0,0,0,0,0,0
540022,1,1,0,0,0,0,0,0,0,0,0,0
540022,2,1,0,0,0,0,0,0,0,0,0,0
540023,1,1,4,4,4,4,4,4,4,4,4,4
540024,1,1,0,0,0,0,0,0,0,0,0,0
540024,2,1,0,0,0,0,0,0,0,0,0,0
540024,3,1,10,0,0,0,0,8,0,0,8,0
540024,4,1,0,0,0,0,0,0,0,0,0,0
540025,1,1,0,0,0,0,0,0,0,0,0,0
540026,1,1,0,0,0,0,0,0,0,0,0,0
540027,1,1,8,8,8,8,8,8,8,8,8,8
540027,2,1,0,0,0,0,0,0,0,0,0,0
540028,1,1,0,0,0,0,0,0,0,0,0,0
540029,1,1,0,0,0,0,2,0,0,0,0,0
540030,1,1,0,0,0,0,0,0,0,0,0,0
540031,1,1,0,0,0,0,0,0,0,0,0,0
540032,1,1,0,0,0,0,0,0,0,0,0,0
540032,2,1,3,0,0,0,0,0,0,0,0,0
540033,1,1,0,0,0,0,0,0,0,0,0,0
540033,2,1,0,0,0,0,0,0,0,0,0,0
540034,1,1,0,0,0,0,0,0,0,0,0,0
540034,2,1,0,0,0,0,0,0,0,0,0,0
540035,1,1,0,0,0,0,0,0,0,0,0,11
540035,2,1,0,0,0,0,0,0,0,0,0,0
540036,1,1,0,0,0,0,0,27,13,0,0,0
540036,2,1,0,0,0,0,0,0,0,0,0,0
540036,3,1,0,0,0,0,0,0,0,0,0,0
540037,1,1,0,0,0,0,0,0,0,0,0,0
540038,1,1,21,21,21,21,21,21,21,21,21,21
540039,1,1,17,24,22,10,8,0,16,6,20,12
540040,1,1,21,21,21,21,21,21,21,21,21,21
540041,1,1,14,0,0,0,0,0,0,16,0,0
540041,2,1,10,10,10,10,10,10,10,10,10,10
540042,1,1,0,0,0,0,0,0,11,0,0,0
540042,2,1,0,0,0,0,0,0,0,0,0,0
540043,1,1,0,0,0,0,0,10,0,0,0,0
540043,2,1,0,0,0,0,0,0,0,0,0,0
540044,1,1,23,23,23,23,23,23,23,23,23,23
540045,1,1,22,0,0,0,24,27,15,13,0,21
540046,1,1,0,0,0,0,0,0,0,0,0,0
540046,2,1,0,0,0,0,0,0,0,0,0,0
540047,1,1,0,0,0,0,0,0,0,0,0,0
540047,2,1,0,0,0,11,0,0,33,11,0,23
540048,1,1,0,0,0,0,0,0,0,0,0,0
540048,2,1,0,0,0,0,0,0,0,0,0,0
540049,1,1,0,0,0,0,0,0,0,0,27,0
540050,1,1,0,0,0,0,0,0,0,0,0,0
540050,2,1,11,20,17,12,18,14,11,11,2,13
540051,1,1,0,0,0,0,0,0,0,0,0,0
540052,1,1,0,0,0,0,0,0,0,0,0,0
540053,0,1,0,0,0,0,0,15,0,0,0,0
540053,0,2,0,0,0,25,0,0,0,0,7,0
540053,0,3,0,0,0,0,0,0,0,0,0,0
540053,1,1,0,0,0,0,0,0,0,0,0,0
540054,1,1,0,16,7,0,15,0,13,4,0,0
540055,1,1,0,0,0,0,0,0,0,0,0,0
540055,2,1,0,0,0,0,0,0,0,0,0,0
540056,1,1,0,0,0,0,0,0,0,0,0,0
540057,1,1,19,19,19,19,19,19,19,19,19,19
540058,1,1,0,0,0,0,0,0,0,0,0,0
540059,1,1,17,17,17,17,17,17,17,17,17,17
540060,1,1,0,0,21,0,13,0,0,0,0,0
540061,1,1,0,0,0,0,25,0,22,0,0,0
540062,1,1,0,0,0,0,0,0,0,0,0,0
540062,2,1,0,0,0,0,0,0,0,0,0,5
540063,0,1,27,27,27,27,27,27,27,27,27,27
540063,1,1,19,0,0,17,13,5,17,17,0,13
540064,1,1,39,39,39,39,39,39,39,39,39,39
540065,1,1,0,0,0,18,0,0,0,0,0,8
540066,0,1,18,18,18,18,18,18,18,18,18,18
540066,1,1,0,0,0,0,0,0,0,0,0,0
540067,1,1,0,0,0,0,0,0,0,0,0,0
540067,2,1,0,0,0,0,0,0,0,0,0,0
540068,1,1,0,0,0,0,0,0,0,0,0,0
540068,2,1,0,0,11,0,0,0,0,0,0,0
540069,1,1,0,0,0,0,0,0,0,0,0,0
540069,2,1,0,0,0,0,0,0,0,0,0,0
540070,1,1,15,15,15,15,15,15,15,15,15,15
540071,1,1,0,0,0,0,0,0,0,0,0,0
540072,1,1,27,27,27,27,27,27,27,27,27,27
540073,0,1,13,13,13,13,13,13,13,13,13,13
540073,1,1,3,0,0,12,17,0,7,4,24,0
540074,1,1,0,0,0,0,0,0,0,0,0,0
540075,1,1,0,0,0,0,0,0,0,0,0,0
540076,1,1,33,33,33,33,33,33,33,33,33,33
540077,1,1,0,0,0,0,0,0,0,0,0,0
540078,1,1,18,18,18,18,18,18,18,18,18,18
540079,1,1,0,0,0,0,0,0,0,0,0,0
540079,2,1,0,0,0,0,0,0,0,0,0,0
540080,0,1,23,23,23,23,23,23,23,23,23,23
540080,1,1,0,31,0,0,14,0,0,0,0,0
540081,1,1,0,0,0,0,0,0,0,0,0,0
540081,2,1,0,0,0,0,0,0,0,0,0,0
540082,1,1,0,0,0,0,0,0,0,0,0,0
540082,2,1,0,0,0,0,0,0,0,0,0,0
540083,1,1,17,17,17,17,17,17,17,17,17,17
540084,1,1,0,0,0,0,0,0,0,0,0,0
540085,1,1,0,0,0,0,0,0,0,0,0,0
540085,2,1,0,0,0,15,0,14,0,0,0,0
540086,1,1,22,22,22,22,22,22,22,22,22,22
540087,1,1,0,0,0,0,0,0,0,0,0,0
540088,1,1,0,0,0,0,0,0,0,0,0,0
540089,1,1,15,15,15,15,15,15,15,15,15,15
540090,1,1,0,0,0,0,0,0,0,0,0,0
540091,1,1,2,2,2,2,2,2,2,2,2,2
540092,1,1,0,0,0,0,0,0,0,0,0,0
540093,1,1,10,19,13,15,19,10,10,13,0,0
540094,1,1,30,30,30,30,30,30,30,30,30,30
540095,1,1,0,0,0,0,0,0,0,0,0,0
540096,1,1,0,0,0,0,0,0,0,0,0,0
540097,1,1,0,16,0,22,0,0,0,0,0,0
540098,1,1,0,0,0,0,0,0,0,0,0,0
540099,1,1,0,0,0,0,0,0,0,0,0,0
540100,1,1,0,0,0,0,0,0,0,0,0,0
540100,2,1,0,0,0,0,0,0,0,0,0,0
540101,1,1,0,0,0,0,0,0,0,0,0,0
540101,2,1,0,0,0,0,0,0,0,0,0,0
540102,1,1,0,0,0,0,0,0,0,0,0,0
540102,2,1,0,0,0,0,0,0,0,0,0,0
540103,1,1,0,0,0,0,0,0,0,0,0,0
540103,2,1,0,0,0,0,0,0,0,0,0,0
540104,0,1,0,0,0,0,0,0,0,0,0,0
540104,1,1,4,17,36,18,4,8,2,8,0,0
540105,1,1,0,9,0,0,0,0,0,0,0,0
540105,2,1,0,0,0,0,0,0,0,0,0,0
540106,1,1,0,0,0,0,0,0,0,0,0,0
540106,2,1,0,0,0,0,0,0,0,0,0,0
540106,3,1,0,0,0,0,0,0,0,0,0,0
540107,0,1,0,0,0,0,0,0,0,0,0,0
540107,1,1,0,0,0,0,0,0,0,0,0,0
540108,1,1,20,4,5,8,13,16,16,20,19,4
540109,0,1,0,0,0,0,0,0,0,0,0,0
540109,1,1,0,0,23,0,0,0,18,0,15,0
540109,2,1,0,0,0,0,0,0,0,0,0,0
540110,2,1,0,0,0,0,0,16,0,0,16,0
540111,1,1,0,0,0,0,0,0,0,0,0,0
540112,1,1,6,34,20,17,23,14,8,14,7,22
540113,1,1,7,0,9,0,17,7,5,0,0,0
540114,1,1,30,30,30,30,30,30,30,30,30,30
540115,1,1,0,0,0,0,0,0,0,0,0,0
540115,2,1,0,0,0,0,0,0,0,0,0,0
540116,1,1,11,11,11,11,11,11,11,11,11,11
540117,1,1,0,0,0,0,0,0,0,0,0,0
540118,1,1,20,20,20,20,20,20,20,20,20,20
540119,1,1,0,0,0,0,0,0,0,0,0,0
540119,2,1,0,0,0,0,0,0,0,0,0,0
540120,1,1,0,0,0,0,0,0,0,0,0,0
540121,1,1,0,0,0,0,0,0,0,0,0,0
540122,1,1,0,0,0,0,0,0,0,0,0,0
540122,2,1,0,0,0,0,0,0,0,0,0,0
540123,1,1,12,12,12,12,12,12,12,12,12,12
540124,1,1,0,0,0,0,0,0,0,0,0,0
540124,2,1,0,0,0,0,0,0,0,0,0,0
540125,1,1,0,0,0,0,0,0,0,0,0,0
540125,2,1,0,0,0,0,0,0,0,0,0,0
540126,1,1,7,7,7,7,7,7,7,7,7,7
540127,1,1,0,0,0,0,0,0,0,0,0,0
540128,1,1,15,15,15,15,15,15,15,15,15,15
540129,1,1,0,0,0,0,0,0,0,0,0,0
540130,1,1,20,20,20,20,20,20,20,20,20,20
540131,1,1,8,8,8,8,8,8,8,8,8,8
540132,1,1,0,0,0,0,0,0,0,0,0,0
540133,0,1,3,3,3,3,3,3,3,3,3,3
540133,1,1,0,0,0,0,0,0,0,0,0,0
540134,1,1,0,0,0,0,0,0,0,0,0,0
540135,1,1,0,0,0,0,0,0,0,0,0,0
540136,1,1,0,0,0,0,0,0,0,0,0,0
540137,0,1,14,14,14,14,14,14,14,14,14,14
540137,1,1,0,0,0,0,0,0,0,0,0,0
540138,1,1,0,0,0,0,0,0,0,0,0,0
540139,0,1,0,0,0,0,0,0,0,0,0,0
540139,1,1,35,0,0,0,16,24,0,0,0,0
540140,1,1,0,0,0,0,0,0,0,0,0,0
540141,1,1,18,18,18,18,18,18,18,18,18,18
540142,1,1,0,0,0,0,0,0,0,0,0,0
540143,1,1,6,6,6,6,6,6,6,6,6,6
540144,1,1,0,0,0,0,0,0,0,0,0,0
540145,1,1,0,0,0,0,0,0,0,0,0,0
540146,1,1,0,0,0,0,0,0,0,0,0,0
540147,1,1,0,0,0,0,0,0,0,0,0,0
540147,2,1,0,0,0,0,0,0,0,0,0,0
540148,1,1,0,0,0,0,0,0,0,0,0,0
540148,2,1,0,0,0,0,0,0,0,0,0,0
540149,1,1,22,22,22,22,22,22,22,22,22,22
540149,2,1,0,0,0,0,0,0,0,0,0,0
540150,1,1,0,0,0,0,0,0,0,0,0,0
540150,2,1,0,0,0,0,0,0,0,0,0,0
540151,1,1,0,0,0,0,0,0,0,0,0,0
540152,1,1,0,0,0,0,0,0,0,0,0,0
540153,1,1,11,11,11,11,11,11,11,11,11,11
540154,1,1,24,24,24,24,24,24,24,24,24,24
540155,1,1,0,0,0,0,0,0,0,0,0,0
540156,0,1,0,0,0,0,0,0,0,0,0,0
540156,1,1,0,0,0,0,0,0,0,0,0,0
540157,1,1,0,0,0,0,0,0,0,0,0,0
540158,1,1,16,0,0,0,0,3,2,0,38,0
540159,1,1,0,0,0,0,0,0,0,0,0,0
540160,1,1,0,0,0,0,0,0,0,0,0,0
540161,1,1,0,0,0,0,0,0,0,0,0,0
540162,1,1,23,23,23,23,23,23,23,23,23,23
540163,0,1,18,18,18,18,18,18,18,18,18,18
540163,1,1,0,0,0,0,0,0,0,0,0,0
540164,1,1,0,0,0,0,0,0,0,0,0,0
540165,1,1,18,18,18,18,18,18,18,18,18,18
540166,1,1,0,0,0,0,0,34,0,0,0,0
540167,1,1,0,0,0,0,0,0,0,0,0,0
540167,4,1,0,0,0,0,0,0,0,0,0,0
540168,1,1,0,0,0,0,0,0,0,0,7,0
540168,2,1,0,0,0,0,0,3,0,0,0,0
540168,3,1,15,0,0,0,0,0,0,0,0,0
540168,4,1,0,0,0,0,0,0,0,0,0,0
540168,5,1,0,0,0,0,0,4,0,0,0,0
540168,6,1,0,0,0,0,0,0,0,0,0,0
540169,1,1,0,0,0,0,0,0,0,0,0,0
540169,2,1,0,0,0,0,0,0,0,0,0,0
540170,1,1,0,0,0,0,0,0,0,0,0,0
540170,2,1,0,0,0,0,0,0,0,0,0,0
540171,1,1,0,0,0,0,0,0,0,0,0,0
540171,2,1,0,0,0,0,0,0,0,12,0,0
540172,1,1,0,0,0,0,0,0,0,0,0,0
540173,0,1,20,20,20,20,20,20,20,20,20,20
540173,1,1,10,10,10,10,10,10,10,10,10,10
540174,1,1,26,26,26,26,26,26,26,26,26,26
540174,2,1,0,0,0,0,0,0,0,0,0,0
540175,1,1,0,0,0,0,26,0,0,0,0,0
540175,2,1,0,0,0,0,0,0,0,0,0,0
540176,1,1,12,6,21,15,13,17,20,11,4,20
540176,2,1,0,0,0,0,0,0,0,0,0,0
540177,1,1,0,0,0,0,0,0,0,0,0,0
540177,2,1,10,0,0,0,0,0,0,0,0,0
540178,1,1,0,0,0,0,0,0,0,0,0,0
540178,2,1,0,0,0,0,0,0,0,0,0,0
540179,1,1,0,0,0,0,0,0,0,0,0,0
540179,2,1,0,0,0,0,0,0,0,0,0,0
540180,1,1,8,8,8,8,8,8,8,8,8,8
540180,2,1,0,0,0,0,0,0,0,0,0,0
540181,1,1,0,8,0,0,7,0,0,0,14,0
540181,2,1,0,0,0,0,0,0,0,0,0,0
540182,1,1,0,0,0,0,0,0,0,0,0,0
540182,2,1,0,0,0,0,0,0,0,0,0,0
540183,1,1,0,0,0,0,0,0,0,0,0,0
540183,2,1,0,0,0,0,0,0,0,0,0,0
540184,1,1,0,0,0,0,0,0,0,0,0,0
540184,2,1,0,0,0,0,0,0,0,0,0,0
540185,1,1,0,0,0,0,0,0,0,0,0,0
540185,2,1,0,0,0,0,0,0,0,0,0,0
540185,3,1,29,0,27,9,0,12,0,0,0,0
540185,4,1,0,0,0,0,0,0,0,0,0,0
540186,1,1,0,0,0,0,0,0,0,0,0,0
540187,1,1,11,11,11,11,11,11,11,11,11,11
540188,1,1,0,0,0,0,0,0,0,0,0,0
540189,1,1,0,0,0,0,0,0,0,0,0,0
540190,1,1,0,0,0,0,0,0,0,0,0,0
540191,1,1,0,0,0,0,0,0,0,13,0,0
540192,1,1,0,0,0,0,0,0,0,0,0,0
540193,1,1,29,29,29,29,29,29,29,29,29,29
540194,1,1,0,0,0,0,0,0,0,0,0,0
540195,1,1,0,0,0,0,0,0,0,0,0,0
540196,0,1,0,0,0,0,0,0,0,0,0,0
540196,1,1,0,0,0,0,0,0,0,0,0,0
540197,1,1,0,0,0,0,0,0,0,0,0,0
540198,1,1,18,18,18,18,18,18,18,18,18,18
540199,0,1,0,0,0,0,0,0,0,0,0,0
540199,1,1,0,0,0,0,0,0,0,0,0,0
540200,1,1,4,4,4,4,4,4,4,4,4,4
540200,2,1,0,0,0,0,0,0,0,0,0,0
540201,1,1,0,0,0,0,0,0,0,0,0,0
540201,2,1,2,2,2,2,2,2,2,2,2,2
540202,1,1,0,0,0,0,0,18,0,0,0,0
540202,2,1,0,0,0,0,0,0,0,0,0,0
540203,1,1,26,26,26,26,26,26,26,26,26,26
540204,1,1,11,11,11,11,11,11,11,11,11,11
540205,1,1,0,0,0,0,0,0,0,0,0,0
540205,2,1,0,0,0,0,0,0,0,0,0,0
540206,1,1,0,0,0,0,0,0,0,17,0,0
540206,2,1,0,0,14,0,0,0,0,0,0,0
540207,1,1,15,13,6,14,11,7,6,15,13,6
540207,2,1,0,0,0,0,0,0,0,0,0,0
540208,1,1,15,15,15,15,15,15,15,15,15,15
540208,2,1,0,0,0,0,0,0,0,0,0,0
540208,3,1,0,0,0,0,0,0,0,0,0,0
540208,4,1,0,0,0,0,0,0,0,0,0,0
540209,1,1,0,0,0,0,0,0,0,0,0,0
540209,2,1,0,0,0,0,0,0,0,0,0,0
540210,1,1,0,0,0,0,0,0,0,0,0,0
540210,2,1,0,0,0,0,0,0,0,0,0,0
540212,1,1,0,0,0,0,0,0,0,0,0,0
540212,2,1,0,0,0,0,0,0,0,0,0,0
540212,3,1,0,0,0,0,0,0,0,0,0,0
540212,4,1,0,0,0,0,0,0,16,0,0,0
540212,5,1,0,0,0,0,0,0,0,0,0,0
540212,6,1,0,0,0,0,0,0,0,0,0,0
540212,7,1,0,0,0,0,0,0,0,0,0,0
540212,8,1,0,0,0,0,0,0,0,0,0,19
540212,9,1,0,0,0,0,0,0,0,0,0,0
540212,10,1,0,0,0,0,0,0,0,0,0,0
540212,11,1,0,0,0,0,0,0,0,0,0,0
540212,12,1,0,0,0,0,0,0,0,0,0,0
540213,1,1,0,0,0,0,0,0,0,0,0,0
540214,1,1,0,0,0,0,0,0,0,0,14,0
540215,0,1,0,0,0,0,0,0,0,0,0,0
540215,1,1,0,0,0,0,0,0,0,0,0,0
540216,1,1,0,0,0,0,0,0,0,0,0,0
540217,1,1,0,34,0,0,0,0,0,17,0,0
540218,1,1,24,24,24,24,24,24,24,24,24,24
540219,1,1,0,0,0,0,0,0,0,0,0,0
540220,1,1,0,0,0,0,0,0,0,0,0,0
540221,1,1,0,0,0,0,0,0,0,0,0,0
540221,2,1,0,0,0,0,0,0,0,0,0,0
540222,1,1,0,0,5,0,0,0,0,0,0,0
540222,2,1,0,0,0,0,0,0,0,0,0,0
540223,1,1,0,0,0,0,0,0,0,0,0,0
540223,2,1,0,0,0,0,0,0,0,0,0,0
540224,1,1,0,0,0,0,0,0,0,0,0,0
540224,2,1,0,0,0,0,0,0,0,0,0,0
540225,1,1,0,0,0,0,0,0,0,0,0,0
540225,2,1,0,0,0,0,0,0,0,0,0,0
540226,1,1,24,24,24,24,24,24,24,24,24,24
540226,2,1,0,0,0,0,0,0,0,0,0,0
540227,1,1,0,0,0,0,0,0,0,0,0,0
540227,2,1,0,0,0,0,0,0,0,0,0,0
540228,1,1,0,0,0,0,0,0,9,0,34,0
540228,2,1,0,0,0,0,0,0,0,0,0,0
540229,0,1,6,6,6,6,6,6,6,6,6,6
540229,1,1,0,0,0,0,11,0,0,0,0,0
540230,0,1,28,28,28,28,28,28,28,28,28,28
540230,1,1,0,0,0,0,0,0,0,0,0,0
540231,1,1,14,14,14,14,14,14,14,14,14,14
540232,1,1,9,9,9,9,9,9,9,9,9,9
540233,1,1,0,0,0,0,0,0,0,0,0,0
540234,1,1,0,0,0,0,0,0,0,0,0,0
540236,1,1,37,37,37,37,37,37,37,37,37,37
540237,0,1,0,0,0,0,0,0,0,0,0,0
540237,1,1,0,0,0,0,0,0,0,0,0,0
540238,1,1,0,0,0,0,0,0,0,0,0,0
540238,2,1,11,11,11,11,11,11,11,11,11,11
540239,1,1,0,0,0,0,0,0,0,0,0,0
540240,1,1,0,7,0,0,0,0,0,0,0,15
540241,1,1,0,0,0,0,0,0,0,0,0,0
540241,2,1,0,0,0,0,0,0,0,0,0,0
540242,0,1,20,20,20,20,20,20,20,20,20,20
540242,1,1,0,0,0,0,0,0,0,0,0,0
540243,0,1,0,0,0,0,0,0,0,0,0,0
540243,1,1,0,0,0,0,0,0,0,0,0,0
540244,1,1,0,0,0,0,0,0,0,0,0,0
540245,1,1,13,13,13,13,13,13,13,13,13,13
540246,0,1,0,0,0,0,0,0,0,0,0,0
540246,1,1,0,0,0,9,0,0,0,0,0,0
540247,1,1,21,21,21,21,21,21,21,21,21,21
540248,1,1,0,0,0,0,0,0,0,0,0,0
540248,2,1,0,0,0,0,0,0,0,0,0,0
540249,1,1,0,0,0,0,0,0,0,0,0,0
540250,1,1,0,0,0,0,0,0,0,0,0,0
540251,1,1,0,0,0,0,0,0,0,0,0,0
540252,1,1,0,0,0,0,0,0,0,0,0,0
540252,2,1,0,0,0,0,0,0,0,0,0,0
540253,1,1,0,0,0,0,0,0,0,0,0,0