ST_CASE,VEH_NO,PER_NO,P1,P2,P3,P4,P5,P6,P7,P8,P9,P10
540253,2,1,0,0,0,0,0,0,0,0,0,0
540254,1,1,16,0,0,0,0,0,0,0,0,0
550001,1,1,15,15,15,15,15,15,15,15,15,15
550002,1,1,22,22,22,22,22,22,22,22,22,22
550003,1,1,0,0,0,0,0,0,0,0,0,0
550003,2,1,0,0,0,0,0,0,0,0,0,0
550004,1,1,0,0,0,0,0,0,0,0,0,0
550004,2,1,0,0,12,0,0,0,0,0,0,0
550005,1,1,0,0,0,0,0,0,0,0,0,0
550006,1,1,0,0,0,0,0,0,0,0,0,0
550006,2,1,10,10,10,10,10,10,10,10,10,10
550007,1,1,0,0,0,0,0,0,0,0,0,0
550008,1,1,0,0,0,0,0,0,0,0,0,0
550008,2,1,0,0,0,4,0,0,0,0,0,0
550009,1,1,0,0,0,0,0,0,0,0,0,0
550010,1,1,26,26,26,26,26,26,26,26,26,26
550011,1,1,0,0,0,0,0,0,0,0,0,0
550011,2,1,0,0,0,0,0,0,0,0,0,0
550012,1,1,0,0,0,0,0,0,0,0,0,0
550012,2,1,0,0,0,0,0,0,0,0,0,0
550013,1,1,0,0,0,0,0,0,0,0,0,0
550013,2,1,0,0,0,20,0,0,0,0,0,0
550014,1,1,4,4,4,4,4,4,4,4,4,4
550015,1,1,0,38,0,0,0,0,0,6,0,0
550015,2,1,0,0,0,0,0,0,0,0,0,0
550016,1,1,4,4,4,4,4,4,4,4,4,4
550016,2,1,0,0,0,0,0,0,0,0,0,0
550017,1,1,25,25,25,25,25,25,25,25,25,25
550017,2,1,0,0,0,0,0,9,12,0,0,0
550017,3,1,0,0,0,0,0,0,0,0,0,0
550018,1,1,0,0,0,0,0,0,0,0,0,0
550018,2,1,0,0,0,0,0,0,0,0,0,0
550019,1,1,0,0,0,19,0,0,0,0,0,0
550020,1,1,16,16,16,16,16,16,16,16,16,16
550021,0,1,0,0,0,0,0,0,0,0,0,0
550021,1,1,0,0,0,0,0,0,0,0,0,0
550022,1,1,0,0,0,0,0,0,0,0,0,18
550023,1,1,3,0,13,0,0,0,0,0,0,0
550023,2,1,0,0,0,0,0,0,0,0,0,0
550024,1,1,0,0,0,0,0,0,0,0,0,0
550024,2,1,0,0,0,0,0,0,0,0,0,0
550025,1,1,33,13,16,14,16,11,0,23,15,8
550025,2,1,0,0,0,0,0,0,0,0,0,0
550026,1,1,0,0,0,0,0,0,0,0,0,0
550027,1,1,0,0,0,0,0,0,0,0,0,0
550028,1,1,27,27,27,27,27,27,27,27,27,27
550029,0,1,22,22,22,22,22,22,22,22,22,22
550029,1,1,0,0,5,9,11,0,0,0,0,9
550030,1,1,5,5,5,5,5,5,5,5,5,5
550031,0,1,24,24,24,24,24,24,24,24,24,24
550031,1,1,0,0,0,0,0,0,0,0,0,0
550031,2,1,0,0,0,0,0,0,0,0,0,0
550032,1,1,0,0,0,0,0,0,0,0,0,0
550032,2,1,0,0,0,0,0,0,0,0,0,0
550033,1,1,23,23,23,23,23,23,23,23,23,23
550033,2,1,0,0,0,0,0,0,0,0,0,0
550034,1,1,13,13,13,13,13,13,13,13,13,13
550035,1,1,0,2,13,0,0,0,0,0,0,0
550035,2,1,0,0,0,0,0,0,0,0,0,0
550036,1,1,15,15,15,15,15,15,15,15,15,15
550037,1,1,18,18,18,18,18,18,18,18,18,18
550038,1,1,16,16,16,16,16,16,16,16,16,16
550039,1,1,0,0,0,0,0,0,0,0,0,0
550040,1,1,0,0,0,0,0,0,0,0,0,0
550040,2,1,0,0,0,0,0,0,0,0,0,0
550041,1,1,9,9,9,9,9,9,9,9,9,9
550041,2,1,0,0,0,0,0,0,0,0,0,0
550042,0,1,0,0,0,0,0,0,0,0,0,0
550042,1,1,0,0,0,0,0,0,0,0,0,0
550043,1,1,0,0,0,0,0,0,0,0,0,0
550044,1,1,0,0,0,0,0,0,9,0,0,0
550044,2,1,0,0,0,0,0,0,0,0,0,0
550045,1,1,0,0,0,0,0,0,0,0,0,0
550045,2,1,0,0,0,0,0,0,0,0,11,0
550046,1,1,0,0,0,0,0,0,0,0,0,0
550046,2,1,0,0,0,0,0,0,0,0,0,0
550047,1,1,20,20,20,20,20,20,20,20,20,20
550047,2,1,2,2,2,2,2,2,2,2,2,2
550048,1,1,0,0,0,0,0,0,0,0,0,0
550049,1,1,0,0,13,23,0,8,16,0,10,22
550050,0,1,36,36,36,36,36,36,36,36,36,36
550050,1,1,0,14,33,0,30,0,14,0,0,0
550051,1,1,0,0,0,0,0,0,0,0,0,0
550052,1,1,11,11,11,11,11,11,11,11,11,11
550053,0,1,0,0,0,0,0,0,0,0,0,0
550053,1,1,0,0,0,0,0,0,0,0,0,0
550054,1,1,0,0,0,0,0,0,0,0,0,0
550054,2,1,0,0,0,0,0,0,0,0,0,0
550055,1,1,23,23,23,23,23,23,23,23,23,23
550056,1,1,28,28,28,28,28,28,28,28,28,28
550057,1,1,0,0,0,0,0,0,0,0,0,0
550058,0,1,31,31,31,31,31,31,31,31,31,31
550058,1,1,0,0,0,0,0,0,0,0,0,0
550059,1,1,3,3,3,3,3,3,3,3,3,3
550060,1,1,0,0,0,9,0,0,0,0,0,0
550060,2,1,0,0,0,0,0,0,0,0,0,0
550061,1,1,0,0,0,0,0,0,0,0,0,0
550062,1,1,0,0,0,0,0,0,0,0,0,0
550062,2,1,0,0,20,0,0,0,14,0,0,0
550062,3,1,0,0,0,0,0,0,0,0,0,0
550063,1,1,0,8,18,20,0,22,0,22,0,0
550064,1,1,0,0,0,0,0,3,11,0,0,8
550065,1,1,0,0,0,0,0,0,0,0,0,0
550066,1,1,0,0,0,0,0,26,0,0,0,3
550068,1,1,0,27,0,0,0,0,0,12,0,0
550068,2,1,0,0,0,0,0,0,0,0,0,0
550069,1,1,0,0,0,0,0,0,0,0,0,0
550069,2,1,0,0,0,0,0,0,0,0,0,0
550070,1,1,19,19,19,19,19,19,19,19,19,19
550071,1,1,25,25,14,23,9,10,23,5,18,9
550071,2,1,0,5,0,0,0,0,0,0,0,0
550072,1,1,22,22,22,22,22,22,22,22,22,22
550072,2,1,0,0,0,0,0,0,0,0,0,0
550072,3,1,0,0,0,0,0,0,0,0,0,0
550073,1,1,0,0,0,13,0,0,0,20,0,0
550074,0,1,9,9,9,9,9,9,9,9,9,9
550074,1,1,19,0,0,0,20,0,0,14,14,0
550075,1,1,0,0,0,0,0,0,0,0,0,0
550075,2,1,0,0,0,0,0,0,0,0,0,0
550076,0,1,10,10,10,10,10,10,10,10,10,10
550076,1,1,0,0,0,0,0,6,0,0,0,0
550077,1,1,0,0,0,0,0,0,0,0,0,0
550078,1,1,26,26,26,26,26,26,26,26,26,26
550079,1,1,0,0,0,0,0,0,0,0,0,0
550079,2,1,0,0,0,0,0,0,0,0,0,0
550080,1,1,17,17,17,17,17,17,17,17,17,17
550081,0,1,0,0,0,0,0,0,0,0,0,0
550081,1,1,0,0,0,0,0,0,0,0,0,0
550082,1,1,37,37,37,37,37,37,37,37,37,37
550083,0,1,0,0,0,0,0,0,0,0,0,0
550083,1,1,0,0,0,0,0,0,0,0,0,0
550084,1,1,0,0,0,0,0,0,0,0,0,0
550085,1,1,16,16,16,16,16,16,16,16,16,16
550086,1,1,0,0,0,0,0,0,0,0,0,0
550086,2,1,0,0,0,0,0,0,0,0,0,0
550087,1,1,0,0,0,0,0,0,0,0,0,0
550087,2,1,0,0,0,0,0,0,0,0,0,0
550088,1,1,0,0,0,0,0,0,0,0,0,0
550088,2,1,0,0,0,0,0,0,0,0,0,0
550089,1,1,2,2,2,2,2,2,2,2,2,2
550089,2,1,0,14,0,0,0,0,0,0,17,0
550090,1,1,23,23,23,23,23,23,23,23,23,23
550091,1,1,25,25,25,25,25,25,25,25,25,25
550091,2,1,0,0,14,13,0,0,0,0,0,0
550092,1,1,0,0,0,0,0,0,0,0,0,0
550092,2,1,0,17,0,0,0,8,0,0,3,0
550093,1,1,0,20,0,0,0,0,0,0,0,0
550093,2,1,0,0,0,0,0,0,0,0,0,0
550094,0,1,35,35,35,35,35,35,35,35,35,35
550094,1,1,0,0,0,0,0,0,0,0,0,0
550095,1,1,21,21,21,21,21,21,21,21,21,21
550096,1,1,0,0,0,0,0,0,0,0,0,0
550096,2,1,0,0,0,0,0,0,0,0,0,0
550097,1,1,0,0,0,0,0,0,0,0,0,11
550097,2,1,0,0,0,0,0,0,0,0,0,0
550098,1,1,0,0,0,0,0,0,0,0,0,0
550099,0,1,32,32,32,32,32,32,32,32,32,32
550099,1,1,0,0,0,0,0,0,0,0,0,0
550100,1,1,6,6,6,6,6,6,6,6,6,6
550101,0,1,0,0,25,0,0,13,0,0,0,0
550102,1,1,4,4,4,4,4,4,4,4,4,4
550103,1,1,0,0,0,0,0,0,0,0,0,0
550103,2,1,0,2,0,0,0,0,0,0,0,0
550104,1,1,0,7,0,0,0,0,3,0,10,0
550105,1,1,31,31,31,31,31,31,31,31,31,31
550105,2,1,0,0,0,4,0,0,0,23,0,0
550106,1,1,0,0,0,0,0,0,0,0,0,0
550106,2,1,0,0,0,0,0,0,0,0,0,0
550107,1,1,0,0,0,0,0,0,0,0,0,0
550108,1,1,0,0,0,0,0,0,0,0,0,0
550109,0,1,0,0,0,0,0,0,0,0,0,0
550109,1,1,0,0,0,0,10,0,0,0,0,17
550110,1,1,0,0,0,0,0,0,0,0,0,0
550112,1,1,0,0,0,0,0,0,0,0,0,0
550113,0,1,0,0,0,0,0,0,0,0,0,0
550113,1,1,0,0,0,0,0,0,0,0,0,0
550114,1,1,0,0,0,0,0,0,0,0,0,0
550114,2,1,0,0,0,0,0,0,0,0,0,0
550115,1,1,0,0,0,0,0,0,0,0,0,0
550115,2,1,0,0,0,0,0,0,0,0,0,0
550115,3,1,0,0,0,0,0,0,0,0,0,0
550116,1,1,0,0,0,0,0,0,0,0,0,0
550116,2,1,0,0,0,0,0,0,0,0,0,0
550117,1,1,16,16,16,16,16,16,16,16,16,16
550119,1,1,0,0,0,0,0,0,0,0,0,0
550120,1,1,0,0,0,0,0,0,0,0,0,0
550120,2,1,0,0,0,0,0,0,0,0,0,0
550121,1,1,0,0,0,0,0,0,0,0,0,0
550122,1,1,0,0,0,0,0,0,0,0,0,0
550122,2,1,0,12,6,0,0,0,0,8,0,38
550122,3,1,0,0,0,0,0,0,0,0,0,0
550122,4,1,0,8,0,0,0,0,0,0,0,0
550122,5,1,0,0,0,0,0,0,0,0,0,0
550123,1,1,0,0,0,0,0,0,0,0,0,0
550124,1,1,0,0,0,0,0,0,0,0,0,20
550125,1,1,0,0,0,0,0,0,0,0,0,0
550126,0,1,16,16,16,16,16,16,16,16,16,16
550126,1,1,0,0,0,0,0,0,0,0,0,0
550127,1,1,0,0,0,0,0,0,0,0,0,0
550128,1,1,0,0,0,0,0,0,0,0,0,0
550128,2,1,0,0,0,0,0,0,0,0,0,0
550129,1,1,17,17,17,17,17,17,17,17,17,17
550130,1,1,4,4,4,4,4,4,4,4,4,4
550131,1,1,3,3,3,3,3,3,3,3,3,3
550132,1,1,0,0,0,0,0,0,0,0,0,0
550132,2,1,0,0,0,0,0,0,0,0,0,0
550133,1,1,0,0,0,0,0,0,0,0,0,0
550134,1,1,0,0,0,0,0,0,0,0,0,0
550135,1,1,0,0,0,0,0,14,28,0,0,0
550135,2,1,0,14,0,0,0,0,0,0,0,0
550136,1,1,0,0,0,0,0,0,0,0,0,0
550136,2,1,27,27,27,27,27,27,27,27,27,27
550137,1,1,17,17,17,17,17,17,17,17,17,17
550137,2,1,0,0,0,0,0,0,0,0,0,0
550137,3,1,0,0,15,0,0,0,0,0,0,0
550138,1,1,0,0,0,0,0,0,0,0,0,0
550139,0,1,0,0,0,0,7,0,0,0,0,0
550139,1,1,3,12,10,2,8,0,0,0,20,18
550140,1,1,20,20,20,20,20,20,20,20,20,20
550141,0,1,0,0,0,0,0,0,0,0,0,0
550141,1,1,0,0,48,0,0,0,0,0,0,0
550142,1,1,0,0,7,0,0,0,0,0,0,26
550143,1,1,0,0,0,0,0,0,0,0,0,0
550143,2,1,0,18,0,0,0,0,0,0,0,0
550143,3,1,0,0,0,0,0,0,0,0,0,0
550144,0,1,0,0,0,0,0,0,0,0,0,0
550144,1,1,0,0,0,0,0,0,0,0,0,19
550145,1,1,26,26,26,26,26,26,26,26,26,26
550146,1,1,0,0,0,0,0,0,0,0,0,0
550146,2,1,0,0,0,0,0,0,0,0,0,0
550147,1,1,0,0,0,0,0,0,7,0,0,0
550148,1,1,6,6,6,6,6,6,6,6,6,6
550148,2,1,0,0,0,0,0,0,0,0,0,0
550149,1,1,0,0,0,0,0,0,0,0,0,0
550150,1,1,0,0,7,24,0,0,10,7,5,0
550150,2,1,9,9,9,9,9,9,9,9,9,9
550151,1,1,13,13,13,13,13,13,13,13,13,13
550152,1,1,0,0,0,0,0,0,0,0,0,0
550153,1,1,20,20,20,20,20,20,20,20,20,20
550154,1,1,0,0,0,0,0,24,0,15,0,0
550154,2,1,0,0,0,0,0,0,0,0,0,0
550154,3,1,15,0,0,0,0,0,0,0,0,0
550155,1,1,18,18,18,18,18,18,18,18,18,18
550156,1,1,17,17,17,17,17,17,17,17,17,17
550157,1,1,0,0,0,0,0,0,0,0,0,0
550158,1,1,9,17,18,28,30,6,15,17,18,12
550159,1,1,13,13,13,13,13,13,13,13,13,13
550160,1,1,0,0,0,0,0,0,0,0,0,0
550161,1,1,0,0,0,0,0,0,0,0,0,0
550162,1,1,8,8,8,8,8,8,8,8,8,8
550162,2,1,0,0,0,0,0,0,0,0,0,0
550163,1,1,13,13,13,13,13,13,13,13,13,13
550163,2,1,0,0,0,0,0,0,0,0,0,0
550164,1,1,30,30,30,30,30,30,30,30,30,30
550165,1,1,19,19,19,19,19,19,19,19,19,19
550166,1,1,9,7,4,0,0,0,0,0,0,0
550166,2,1,0,0,0,0,0,0,0,0,0,0
550167,1,1,18,18,18,18,18,18,18,18,18,18
550167,2,1,6,6,6,6,6,6,6,6,6,6
550168,1,1,18,18,18,18,18,18,18,18,18,18
550169,1,1,0,0,0,0,0,0,0,0,0,0
550170,1,1,0,0,0,0,0,0,0,0,0,0
550170,2,1,0,0,0,0,0,0,0,0,0,16
550171,1,1,10,10,10,10,10,10,10,10,10,10
550172,1,1,30,30,30,30,30,30,30,30,30,30
550173,1,1,24,24,24,24,24,24,24,24,24,24
550174,1,1,0,0,0,0,0,0,0,0,0,0
550174,2,1,0,0,0,0,0,0,0,0,0,0
550175,1,1,0,0,0,0,0,0,0,0,0,0
550175,2,1,0,0,0,0,0,0,9,0,0,0
550176,1,1,0,0,0,0,0,0,0,0,0,13
550176,2,1,0,0,0,0,0,0,0,0,0,0
550177,1,1,8,8,8,8,8,8,8,8,8,8
550177,2,1,8,8,8,8,8,8,8,8,8,8
550178,1,1,12,12,12,12,12,12,12,12,12,12
550178,2,1,0,0,0,0,0,0,0,0,0,0
550179,0,1,0,0,0,0,15,0,0,0,0,0
550179,1,1,0,0,0,0,0,0,0,0,0,0
550180,1,1,0,0,0,0,0,0,0,0,0,0
550180,2,1,0,0,0,0,0,0,0,0,0,0
550180,3,1,0,0,0,0,0,0,0,0,0,0
550181,0,1,0,0,0,0,0,0,0,0,0,0
550181,1,1,0,0,0,0,0,0,0,0,0,0
550182,1,1,23,23,23,23,23,23,23,23,23,23
550183,1,1,0,0,0,15,26,0,20,16,15,18
550184,1,1,0,0,0,0,0,0,0,0,0,0
550185,1,1,0,0,0,0,0,0,0,0,0,0
550186,1,1,0,23,24,15,0,0,0,0,0,0
550186,2,1,0,0,0,0,0,0,0,0,0,0
550187,1,1,0,0,0,0,0,0,0,0,0,0
550187,2,1,0,0,0,0,0,0,0,0,0,0
550188,1,1,20,0,0,0,0,0,0,0,0,0
550188,2,1,0,0,0,0,0,0,0,0,0,0
550189,1,1,0,10,0,20,6,0,0,0,0,0
550190,1,1,0,0,0,0,0,0,0,0,0,0
550190,2,1,0,0,0,0,0,0,0,0,0,0
550190,3,1,0,0,0,0,0,0,0,0,0,0
550191,1,1,0,0,0,0,0,0,0,0,0,0
550191,2,1,0,18,0,0,0,0,0,0,0,0
550192,1,1,0,0,0,0,0,0,0,0,0,0
550193,1,1,31,31,31,31,31,31,31,31,31,31
550193,2,1,0,0,0,0,0,0,0,0,0,0
550194,1,1,0,0,0,0,0,0,0,0,0,0
550195,1,1,31,31,31,31,31,31,31,31,31,31
550196,1,1,0,0,0,0,0,0,0,0,0,0
550196,2,1,0,37,8,0,19,0,0,23,0,0
550197,1,1,0,0,0,0,0,0,0,0,0,0
550198,1,1,0,0,0,0,0,0,0,0,0,0
550198,2,1,0,0,0,0,0,0,0,0,17,0
550199,1,1,0,0,0,0,0,0,0,0,0,0
550199,2,1,0,0,0,0,0,0,0,0,0,0
550199,3,1,0,0,7,22,0,0,0,0,3,0
550200,1,1,0,0,0,0,0,0,0,0,0,0
550201,1,1,0,0,0,0,0,0,0,0,0,0
550202,1,1,18,18,18,18,18,18,18,18,18,18
550203,1,1,0,9,15,0,0,23,19,15,16,20
550204,0,1,0,0,0,0,0,0,0,0,0,0
550204,1,1,0,0,0,0,0,0,0,0,0,0
550205,1,1,0,0,0,0,0,0,0,0,0,0
550205,2,1,0,0,0,0,0,0,0,11,18,0
550205,3,1,13,15,5,18,0,0,9,0,0,0
550206,1,1,28,28,28,28,28,28,28,28,28,28
550207,1,1,0,0,0,0,0,0,0,0,0,0
550207,2,1,0,0,0,0,0,0,0,0,0,0
550208,1,1,0,0,0,0,0,0,0,0,0,0
550208,2,1,0,0,0,0,0,0,0,0,0,0
550209,0,1,31,31,31,31,31,31,31,31,31,31
550209,1,1,2,14,0,0,0,13,11,3,3,0
550210,1,1,0,0,0,0,0,0,0,12,0,0
550210,2,1,2,2,2,2,2,2,2,2,2,2
550211,1,1,0,0,0,0,0,0,0,0,0,0
550211,2,1,0,0,0,0,0,0,0,0,0,0
550212,1,1,22,22,22,22,22,22,22,22,22,22
550213,1,1,14,14,14,14,14,14,14,14,14,14
550214,1,1,0,0,0,0,0,0,0,0,0,0
550214,2,1,0,0,0,0,0,0,0,0,0,0
550215,1,1,0,0,0,0,0,0,0,0,0,0
550216,1,1,0,0,0,0,0,0,0,0,0,0
550216,2,1,0,0,0,0,0,0,0,0,0,0
550217,1,1,12,9,19,4,15,12,19,20,24,12
550218,0,1,0,0,0,0,0,0,0,0,0,0
550218,1,1,0,0,0,0,0,0,0,0,0,0
550219,1,1,0,0,0,0,0,0,0,0,0,0
550220,1,1,20,0,20,0,12,0,0,0,0,0
550221,1,1,0,0,0,0,0,0,0,0,0,0
550221,2,1,0,0,0,0,0,0,0,0,0,0
550221,3,1,0,0,0,0,0,0,0,0,0,0
550222,0,1,0,0,0,0,0,0,0,0,0,0
550222,1,1,0,0,0,0,0,0,0,0,0,0
550223,0,1,0,0,0,0,0,0,0,0,0,0
550223,0,2,0,0,0,0,0,0,0,0,0,0
550223,1,1,10,10,10,10,10,10,10,10,10,10
550224,1,1,7,7,7,7,7,7,7,7,7,7
550225,1,1,0,22,27,0,0,0,0,0,0,0
550225,2,1,0,0,0,0,0,0,0,0,0,0
550226,1,1,16,16,16,16,16,16,16,16,16,16
550227,1,1,0,0,0,0,0,0,0,0,0,0
550228,1,1,10,10,10,10,10,10,10,10,10,10
550228,2,1,0,0,0,0,0,0,0,0,0,0
550229,1,1,0,0,0,0,0,0,0,0,0,0
550229,2,1,0,0,0,0,25,0,9,0,0,0
550230,1,1,4,4,4,4,4,4,4,4,4,4
550231,1,1,0,0,8,0,0,0,0,16,0,0
550232,1,1,0,0,0,0,0,0,0,0,0,0
550232,2,1,0,0,0,0,0,0,0,0,0,0
550233,1,1,0,0,0,0,0,0,0,0,0,0
550234,1,1,0,0,0,0,0,0,0,0,0,0
550234,2,1,0,0,0,0,0,0,0,0,18,0
550234,3,1,0,0,0,0,13,9,9,13,30,0
550235,1,1,17,17,17,17,17,17,17,17,17,17
550236,0,1,0,0,0,0,0,0,0,0,0,0
550236,1,1,0,0,16,0,0,0,0,0,0,0
550237,1,1,0,0,18,15,12,0,18,0,0,0
550238,1,1,34,34,34,34,34,34,34,34,34,34
550239,1,1,0,0,0,0,0,0,0,0,0,0
550240,1,1,0,0,0,0,0,0,0,0,0,0
550241,1,1,0,0,0,0,0,0,0,0,0,0
550242,1,1,29,29,29,29,29,29,29,29,29,29
550243,1,1,32,32,32,32,32,32,32,32,32,32
550244,1,1,0,0,0,0,0,0,0,0,0,0
550245,1,1,0,0,0,0,0,0,0,0,0,0
550246,1,1,18,18,18,18,18,18,18,18,18,18
550247,0,1,10,10,10,10,10,10,10,10,10,10
550247,1,1,0,0,0,15,4,0,13,17,11,10
550248,1,1,0,0,0,0,0,0,0,0,0,0
550248,2,1,0,0,0,0,0,0,0,0,0,0
550249,1,1,0,0,0,0,0,0,0,0,0,0
550249,2,1,0,0,0,0,0,0,0,0,0,0
550250,1,1,0,0,0,0,0,0,0,0,0,0
550250,2,1,0,0,0,0,0,12,0,0,0,0
550251,1,1,0,0,0,0,0,0,0,0,0,0
550251,2,1,0,0,0,0,0,0,0,0,0,0
550252,1,1,0,0,0,0,0,0,0,0,0,0
550253,1,1,0,0,0,0,0,0,0,0,0,0
550253,2,1,0,0,0,0,0,0,0,0,0,0
550253,3,1,0,0,0,0,0,0,0,0,0,0
550254,1,1,0,7,0,0,0,0,0,0,0,0
550254,2,1,0,0,0,0,0,0,0,0,0,0
550255,1,1,0,0,0,0,0,0,0,0,0,0
550255,2,1,0,0,0,0,20,0,0,0,0,0
550256,1,1,0,0,0,0,0,0,0,0,0,0
550256,2,1,0,0,0,0,0,0,0,0,0,0
550257,1,1,0,0,0,0,0,0,0,0,0,0
550258,1,1,0,0,0,0,0,0,0,0,0,0
550258,2,1,0,0,0,0,0,0,0,0,0,0
550259,1,1,18,18,18,18,18,18,18,18,18,18
550260,1,1,14,14,14,14,14,14,14,14,14,14
550261,0,1,0,0,0,0,0,0,0,0,0,0
550261,1,1,0,0,18,0,0,0,0,0,0,0
550262,1,1,0,0,0,0,0,0,0,0,0,0
550262,2,1,0,0,0,0,0,0,0,0,0,0
550263,1,1,0,0,0,0,0,0,0,0,0,0
550264,1,1,0,0,0,0,0,0,0,0,0,0
550265,1,1,0,0,0,0,0,0,0,0,0,0
550265,2,1,0,14,18,0,0,0,0,0,16,18
550266,1,1,0,0,0,0,0,0,0,0,0,0
550266,2,1,0,0,0,0,0,0,0,0,0,0
550267,1,1,0,0,0,0,0,0,0,0,0,0
550268,1,1,0,0,0,0,0,0,0,0,0,0
550269,1,1,8,8,8,8,8,8,8,8,8,8
550270,1,1,0,6,0,0,4,0,0,13,0,0
550270,2,1,0,40,0,0,21,15,0,0,0,0
550271,0,1,0,0,0,0,0,0,0,0,0,0
550271,1,1,0,0,0,0,0,0,0,0,0,0
550272,1,1,0,0,0,0,0,0,0,0,0,0
550273,1,1,18,18,18,18,18,18,18,18,18,18
550274,1,1,25,25,25,25,25,25,25,25,25,25
550275,1,1,0,0,0,0,0,0,0,0,0,0
550276,1,1,0,0,0,0,11,0,0,0,0,0
550276,2,1,0,0,0,0,0,0,0,0,0,0
550277,1,1,7,0,0,0,0,0,0,0,0,0
550277,2,1,28,0,0,0,0,0,0,0,0,0
550278,1,1,18,18,18,18,18,18,18,18,18,18
550278,2,1,0,0,0,0,0,0,0,0,0,0
550279,1,1,0,0,0,0,0,0,0,0,0,0
550279,2,1,0,0,0,0,0,0,0,0,0,0
550280,1,1,0,0,0,0,0,0,0,0,0,0
550280,2,1,12,12,12,12,12,12,12,12,12,12
550281,1,1,3,3,3,3,3,3,3,3,3,3
550282,1,1,2,2,2,2,2,2,2,2,2,2
550282,2,1,0,0,0,0,0,0,0,0,0,0
550283,1,1,17,17,17,17,17,17,17,17,17,17
550284,1,1,0,0,0,0,0,0,11,0,0,0
550285,1,1,29,29,29,29,29,29,29,29,29,29
550286,0,1,0,0,0,0,0,0,0,0,0,52
550286,1,1,0,0,0,0,0,0,0,0,0,0
550287,1,1,0,0,11,9,0,0,0,15,0,13
550288,1,1,0,0,0,0,0,0,0,0,0,0
550288,2,1,0,0,0,0,0,0,0,0,0,0
550288,3,1,0,0,0,0,0,0,0,0,0,0
550289,1,1,22,22,22,22,22,22,22,22,22,22
550290,1,1,0,0,0,0,0,0,0,0,0,0
550290,2,1,0,15,0,3,0,0,0,0,0,0
550291,1,1,9,9,9,9,9,9,9,9,9,9
550291,2,1,0,0,0,0,0,0,0,0,0,0
550292,1,1,0,0,0,0,0,0,0,0,0,0
550292,2,1,0,0,0,0,0,0,13,0,0,16
550293,1,1,2,2,2,2,2,2,2,2,2,2
550293,2,1,0,0,0,0,0,11,0,0,0,0
550294,1,1,0,0,0,0,0,0,0,0,0,0
550294,2,1,0,0,0,0,0,0,0,0,0,0
550294,3,1,0,0,0,0,0,0,25,0,0,0
550295,1,1,0,0,0,0,21,0,0,0,9,0
550295,2,1,11,11,11,11,11,11,11,11,11,11
550296,1,1,0,0,0,0,0,0,0,0,0,0
550297,1,1,0,0,0,0,0,0,2,0,0,0
550298,1,1,21,21,21,21,21,21,21,21,21,21
550299,1,1,29,29,29,29,29,29,29,29,29,29
550300,1,1,0,0,11,0,0,0,0,0,0,0
550301,1,1,2,23,12,21,7,13,19,10,5,8
550302,1,1,0,11,0,0,0,0,0,0,0,0
550303,0,1,0,0,0,0,0,0,0,0,0,0
550303,1,1,0,0,0,0,0,0,0,0,0,0
550304,1,1,9,9,9,9,9,9,9,9,9,9
550305,1,1,0,0,0,0,0,0,0,0,0,0
550305,2,1,25,25,25,25,25,25,25,25,25,25
550306,1,1,0,0,0,0,0,0,0,0,0,0
550306,2,1,0,0,0,0,0,0,0,0,0,0
550307,1,1,0,0,0,0,0,0,0,0,0,36
550307,2,1,7,7,7,7,7,7,7,7,7,7
550307,3,1,0,12,18,0,0,0,0,0,0,0
550308,0,1,0,0,0,0,0,0,0,0,0,0
550308,1,1,0,0,0,0,0,0,0,0,0,0
550309,1,1,2,2,2,2,2,2,2,2,2,2
550309,2,1,5,5,5,5,5,5,5,5,5,5
550310,0,1,0,0,0,0,0,0,0,0,0,0
550310,1,1,0,0,0,0,0,0,0,0,0,0
550311,1,1,0,0,0,0,0,0,0,0,0,0
550311,2,1,7,0,0,0,0,6,0,0,0,5
550311,3,1,0,0,18,0,0,0,0,0,17,0
550312,0,1,0,27,0,0,0,0,0,0,0,0
550312,1,1,17,17,17,17,17,17,17,17,17,17
550313,1,1,0,0,0,0,0,0,0,0,0,0
550313,2,1,0,0,0,0,0,0,0,0,0,0
550314,1,1,0,0,0,0,0,0,0,0,0,0
550314,2,1,0,0,0,0,0,0,0,0,0,0
550315,1,1,0,0,0,0,0,0,0,0,0,0
550315,2,1,0,0,0,0,0,0,0,0,0,0
550316,1,1,0,0,0,0,13,0,0,0,0,0
550316,2,1,0,0,0,0,3,0,0,0,0,0
550317,1,1,23,23,23,23,23,23,23,23,23,23
550318,1,1,0,0,0,0,0,0,0,0,0,0
550318,2,1,0,0,0,0,0,0,0,0,0,0
550319,1,1,0,0,0,0,0,0,0,0,0,0
550319,2,1,0,0,0,0,0,0,0,0,0,0
550319,3,1,0,0,0,0,0,0,0,0,0,0
550320,0,1,18,22,0,22,0,0,0,0,0,0
550320,1,1,0,6,0,0,0,0,16,23,0,0
550321,1,1,25,19,15,0,0,7,30,7,27,9
550322,1,1,0,0,0,0,0,0,0,0,0,0
550322,2,1,0,0,0,0,0,0,0,0,0,0