ST_CASE,VEH_NO,PER_NO,P1,P2,P3,P4,P5,P6,P7,P8,P9,P10
60872,1,1,14,14,14,14,14,14,14,14,14,14
60873,0,1,38,38,38,38,38,38,38,38,38,38
60873,1,1,0,0,0,0,5,0,17,0,0,0
60873,2,1,0,0,0,0,0,0,0,0,0,0
60874,1,1,0,0,0,0,0,0,0,0,0,0
60874,2,1,0,0,0,0,0,0,0,0,0,0
60875,1,1,0,0,0,0,0,0,0,0,0,0
60875,2,1,0,0,0,0,0,0,0,20,0,0
60875,3,1,0,0,0,0,0,0,0,0,0,0
60876,1,1,0,0,0,0,0,0,0,0,0,0
60876,2,1,0,0,0,0,0,0,0,0,0,0
60877,1,1,0,0,0,0,0,0,18,0,0,0
60877,2,1,0,0,0,0,0,0,0,0,0,0
60878,1,1,0,0,0,0,0,0,0,0,0,0
60879,1,1,0,0,0,0,0,0,0,0,0,0
60879,2,1,0,0,0,0,0,0,0,0,0,0
60880,1,1,0,0,0,0,0,0,0,0,0,0
60881,1,1,19,0,20,8,28,19,0,9,15,37
60881,2,1,0,0,0,0,0,0,0,0,0,0
60881,3,1,0,0,0,0,0,0,0,0,0,0
60882,0,1,0,0,0,0,0,0,0,0,0,0
60882,1,1,7,0,22,0,21,0,0,0,0,27
60883,1,1,0,0,0,0,0,0,0,0,0,0
60884,1,1,0,0,0,0,0,0,0,0,0,0
60885,1,1,16,16,16,16,16,16,16,16,16,16
60886,1,1,11,0,0,0,0,8,0,14,14,0
60887,1,1,0,0,0,0,0,0,0,0,0,0
60888,1,1,0,0,0,0,0,0,0,0,0,0
60889,1,1,0,0,0,0,0,0,0,0,0,0
60889,2,1,0,0,0,0,0,0,0,0,0,0
60889,3,1,0,0,0,0,0,0,0,0,0,0
60890,1,1,0,0,0,0,0,0,0,0,0,0
60890,2,1,0,0,0,0,0,0,0,0,0,0
60891,1,1,0,0,0,0,0,0,0,0,0,0
60892,0,1,0,0,0,0,0,0,0,0,0,0
60892,1,1,0,0,18,4,0,0,0,0,0,0
60893,1,1,4,4,4,4,4,4,4,4,4,4
60894,1,1,12,12,12,12,12,12,12,12,12,12
60895,1,1,0,0,0,0,0,0,0,0,0,0
60895,2,1,0,0,0,0,0,0,0,0,0,0
60896,1,1,20,20,20,20,20,20,20,20,20,20
60896,2,1,0,0,0,0,0,0,0,0,0,0
60897,1,1,0,0,0,18,0,20,16,0,0,0
60898,1,1,0,0,0,0,0,0,0,0,0,0
60899,1,1,16,4,11,0,26,23,24,15,28,0
60900,1,1,17,17,17,17,17,17,17,17,17,17
60901,1,1,0,0,0,0,0,0,0,0,0,0
60902,1,1,0,0,0,0,0,0,0,0,0,0
60903,1,1,0,0,0,0,0,0,0,0,0,0
60904,1,1,0,0,0,0,0,0,0,0,0,0
60904,2,1,0,0,0,0,0,0,0,0,0,0
60904,3,1,0,0,0,0,0,0,0,0,0,0
60905,0,1,0,0,0,0,0,0,0,0,0,0
60905,1,1,0,0,0,0,0,0,0,0,0,0
60906,1,1,0,0,0,0,0,0,0,0,0,0
60909,1,1,9,14,11,25,10,21,29,21,39,2
60910,1,1,20,20,20,20,20,20,20,20,20,20
60911,1,1,0,0,0,0,0,0,0,0,0,0
60911,2,1,0,0,0,0,0,0,0,0,0,0
60912,1,1,14,14,14,14,14,14,14,14,14,14
60912,2,1,4,26,0,0,7,0,6,0,22,0
60913,1,1,0,0,0,0,0,0,0,0,0,0
60913,2,1,0,0,0,0,0,0,5,0,0,0
60914,0,1,14,14,14,14,14,14,14,14,14,14
60914,1,1,0,0,0,0,0,0,0,0,0,0
60915,0,1,0,0,0,0,0,0,0,0,0,0
60915,1,1,0,0,0,0,0,0,0,0,0,0
60916,0,1,0,0,0,16,14,34,0,8,0,0
60916,1,1,0,0,0,27,0,0,0,0,0,0
60918,0,1,0,0,0,0,0,0,0,0,0,0
60918,1,1,0,0,0,0,0,0,0,0,0,0
60919,0,1,0,0,0,0,0,0,0,0,0,0
60919,1,1,0,0,0,0,0,0,0,0,0,0
60920,0,1,19,19,19,19,19,19,19,19,19,19
60920,1,1,0,0,0,0,0,0,0,0,0,0
60921,1,1,0,0,0,0,0,0,0,0,0,0
60922,0,1,0,0,0,0,0,0,0,0,0,0
60922,1,1,0,0,0,0,0,0,0,0,0,0
60923,1,1,0,0,0,0,0,0,0,22,0,6
60923,2,1,0,0,0,0,0,0,0,0,0,0
60924,1,1,0,0,0,0,0,0,0,0,0,0
60925,1,1,0,0,0,0,0,0,0,0,0,0
60926,0,1,33,33,33,33,33,33,33,33,33,33
60926,1,1,7,0,0,0,0,0,0,0,0,0
60927,0,1,7,7,7,7,7,7,7,7,7,7
60927,1,1,0,0,0,0,0,0,0,0,0,0
60928,1,1,15,15,15,15,15,15,15,15,15,15
60928,2,1,0,0,0,0,0,0,0,0,0,0
60929,1,1,9,9,9,9,9,9,9,9,9,9
60929,2,1,0,0,16,0,0,0,0,0,7,6
60930,1,1,13,13,13,13,13,13,13,13,13,13
60931,1,1,0,0,0,0,0,0,0,0,0,0
60932,1,1,0,0,0,0,0,0,0,0,0,0
60932,2,1,0,0,0,0,0,0,0,0,0,0
60932,3,1,0,0,0,0,0,0,0,0,0,0
60933,1,1,0,0,0,0,0,34,0,23,12,0
60934,0,1,0,0,0,0,0,0,0,0,0,0
60934,1,1,0,0,0,0,0,0,0,0,0,0
60935,1,1,0,0,0,0,0,0,0,0,0,0
60936,1,1,0,0,0,0,0,0,0,0,0,0
60936,2,1,0,0,0,0,0,0,0,0,0,0
60937,1,1,0,0,0,0,0,0,0,0,0,14
60937,2,1,0,0,0,0,0,0,0,0,0,0
60938,0,1,2,2,2,2,2,2,2,2,2,2
60938,1,1,9,0,18,0,0,14,26,10,3,4
60939,1,1,0,0,19,0,30,0,0,0,0,14
60940,0,1,0,0,0,0,0,0,0,0,0,0
60940,1,1,0,0,20,5,12,0,0,16,0,6
60941,1,1,0,0,0,0,0,0,0,0,0,17
60941,2,1,0,0,0,0,0,0,0,0,0,0
60942,1,1,8,43,14,20,8,24,0,20,21,5
60943,1,1,0,0,0,0,0,0,0,0,0,0
60943,2,1,0,0,0,0,0,0,0,27,0,0
60944,1,1,0,0,0,0,0,0,0,0,0,0
60944,2,1,0,0,0,0,0,0,0,0,0,0
60945,1,1,0,0,0,0,0,0,0,0,0,0
60945,2,1,0,0,0,0,0,0,0,0,0,0
60946,1,1,20,20,20,20,20,20,20,20,20,20
60947,1,1,0,0,0,0,0,0,0,0,0,0
60947,2,1,19,19,19,19,19,19,19,19,19,19
60948,1,1,2,2,2,2,2,2,2,2,2,2
60948,2,1,0,25,0,0,0,0,0,0,0,0
60949,1,1,3,3,3,3,3,3,3,3,3,3
60950,1,1,13,13,13,13,13,13,13,13,13,13
60951,1,1,0,0,0,0,0,0,0,0,0,0
60952,1,1,4,4,4,4,4,4,4,4,4,4
60952,2,1,11,0,0,0,18,0,32,16,11,0
60953,0,1,0,0,0,0,0,0,0,0,0,0
60953,1,1,0,0,0,0,26,0,0,0,0,0
60954,0,1,0,0,0,0,0,0,0,0,0,0
60954,1,1,0,0,0,0,0,0,0,0,0,0
60955,1,1,35,35,35,35,35,35,35,35,35,35
60955,4,1,0,0,0,0,0,0,32,0,0,0
60956,1,1,24,24,24,24,24,24,24,24,24,24
60956,2,1,0,20,0,7,0,0,0,0,0,0
60956,3,1,0,0,0,0,0,0,0,0,0,0
60957,1,1,12,12,12,12,12,12,12,12,12,12
60958,1,1,0,0,0,0,0,0,0,0,0,0
60958,2,1,0,0,0,0,0,0,0,0,0,0
60958,3,1,0,0,13,0,0,0,0,0,0,0
60958,4,1,0,0,0,0,0,0,0,0,0,0
60959,1,1,0,0,0,0,0,0,0,0,0,0
60960,1,1,12,12,12,12,12,12,12,12,12,12
60961,1,1,0,20,14,0,0,0,20,16,15,0
60962,1,1,0,0,0,0,0,0,0,0,0,0
60963,1,1,0,0,0,0,0,0,0,0,0,0
60963,2,1,4,4,4,4,4,4,4,4,4,4
60964,1,1,0,0,0,0,0,0,0,0,0,0
60964,2,1,0,0,0,12,0,0,0,0,0,0
60965,1,1,16,16,16,16,16,16,16,16,16,16
60966,1,1,0,0,0,0,0,0,0,0,0,0
60967,1,1,12,12,12,12,12,12,12,12,12,12
60968,1,1,24,24,24,24,24,24,24,24,24,24
60969,0,1,0,0,0,0,0,0,0,0,0,0
60969,1,1,0,0,0,0,0,0,0,0,0,0
60970,0,1,0,0,0,0,0,0,0,0,0,0
60970,1,1,0,0,0,0,0,0,0,0,0,0
60971,1,1,27,0,0,0,0,0,0,0,0,0
60972,1,1,0,0,0,0,0,0,0,0,0,0
60973,0,1,22,22,22,22,22,22,22,22,22,22
60973,1,1,0,22,0,0,0,0,0,0,0,0
60974,1,1,18,18,18,18,18,18,18,18,18,18
60974,2,1,0,0,0,0,0,0,0,0,0,0
60975,0,1,5,5,5,5,5,5,5,5,5,5
60975,1,1,0,22,4,0,10,0,8,7,0,18
60976,0,1,0,0,0,0,0,0,0,0,0,0
60976,1,1,0,0,16,0,0,0,0,0,14,0
60977,0,1,0,0,0,0,0,0,0,0,0,0
60977,1,1,0,0,0,0,0,0,0,0,0,0
60978,0,1,0,0,0,0,0,0,0,0,0,0
60978,1,1,20,20,20,20,20,20,20,20,20,20
60979,0,1,0,0,0,0,0,0,0,0,0,0
60979,1,1,2,17,25,25,0,16,0,17,10,21
60980,0,1,22,22,22,22,22,22,22,22,22,22
60980,1,1,0,0,0,0,9,0,0,0,0,0
60981,1,1,23,23,23,23,23,23,23,23,23,23
60982,1,1,15,15,15,15,15,15,15,15,15,15
60983,1,1,0,0,0,0,0,0,0,0,0,0
60984,1,1,24,0,0,7,18,0,0,0,0,0
60985,1,1,24,24,24,24,24,24,24,24,24,24
60986,1,1,0,0,0,0,0,0,0,0,0,0
60986,2,1,0,0,0,7,0,0,0,0,0,0
60987,1,1,23,23,23,23,23,23,23,23,23,23
60988,1,1,0,0,0,0,0,0,0,0,0,0
60989,1,1,0,0,0,0,0,0,0,0,0,0
60989,2,1,0,0,0,0,0,0,0,0,0,0
60989,3,1,0,0,0,0,0,0,0,0,0,0
60990,1,1,16,16,16,16,16,16,16,16,16,16
60992,1,1,0,0,0,0,0,0,0,0,0,0
60993,1,1,0,0,0,0,0,19,0,19,0,0
60993,2,1,0,0,0,0,0,0,0,0,0,0
60994,0,1,0,0,0,0,0,0,0,0,0,0
60994,1,1,0,0,0,0,0,0,0,0,0,0
60995,0,1,0,13,0,0,0,23,0,0,19,0
60995,1,1,0,0,0,0,0,0,0,0,0,0
60996,0,1,0,0,0,0,0,0,0,0,0,0
60996,1,1,0,19,0,10,0,0,0,15,16,7
60997,1,1,0,23,24,0,0,0,0,0,0,0
60997,2,1,8,8,8,8,8,8,8,8,8,8
60998,0,1,0,0,0,0,0,0,0,0,0,0
60998,1,1,0,0,0,0,0,0,0,0,0,0
60999,1,1,0,0,0,0,0,0,0,0,0,0
60999,2,1,0,0,0,0,0,0,0,0,0,0
60999,3,1,0,0,0,0,0,0,0,0,0,0
61000,0,1,0,0,0,0,0,0,0,0,0,0
61000,1,1,0,0,0,0,0,0,0,0,0,0
61001,1,1,11,11,11,11,11,11,11,11,11,11
61001,2,1,0,0,0,0,0,0,0,0,0,0
61001,3,1,0,25,0,0,0,0,0,0,9,0
61002,1,1,0,0,0,0,0,0,0,0,0,0
61003,1,1,0,0,0,0,0,0,0,0,0,0
61003,2,1,0,0,0,0,0,0,0,0,0,0
61004,1,1,24,24,24,24,24,24,24,24,24,24
61004,2,1,0,0,0,0,0,0,0,0,0,0
61005,0,1,0,0,0,0,0,0,0,0,0,0
61005,1,1,0,0,0,0,0,0,0,0,0,0
61006,0,1,0,0,0,0,0,0,0,0,0,0
61006,1,1,0,0,0,0,0,0,0,0,0,0
61007,0,1,9,0,19,0,0,27,0,15,0,0
61007,1,1,0,4,30,0,0,15,6,2,0,7
61008,0,1,0,0,0,0,0,0,0,0,0,0
61008,1,1,0,0,19,0,16,0,0,29,23,12
61009,1,1,0,0,0,0,0,0,0,0,0,0
61010,1,1,0,0,0,0,0,9,5,0,0,11
61011,1,1,0,0,0,0,0,0,0,0,0,0
61011,2,1,0,0,0,0,0,0,0,0,0,0
61011,3,1,0,0,0,0,0,0,0,0,0,0
61012,1,1,6,6,6,6,6,6,6,6,6,6
61013,1,1,0,0,0,0,0,0,0,0,0,0
61014,1,1,29,29,29,29,29,29,29,29,29,29
61015,1,1,3,3,3,3,3,3,3,3,3,3
61016,0,1,8,8,8,8,8,8,8,8,8,8
61016,1,1,0,0,0,0,0,0,0,0,0,0
61017,1,1,0,0,0,0,0,0,0,0,0,0
61018,0,1,18,18,18,18,18,18,18,18,18,18
61018,1,1,0,0,0,0,0,0,0,0,0,0
61019,0,1,14,14,14,14,14,14,14,14,14,14
61019,1,1,0,0,0,0,0,0,0,0,0,0
61020,1,1,0,0,0,0,0,0,0,0,0,0
61021,0,1,0,0,0,0,0,0,0,0,0,0
61021,1,1,0,0,0,0,0,0,0,0,0,0
61022,0,1,0,9,0,0,13,31,8,8,22,27
61022,1,1,15,15,15,15,15,15,15,15,15,15
61023,1,1,36,36,36,36,36,36,36,36,36,36
61024,0,1,0,0,7,0,0,0,6,0,0,0
61024,1,1,0,0,0,0,0,0,0,0,0,0
61025,1,1,36,9,25,11,8,7,16,30,14,8
61026,1,1,22,22,22,22,22,22,22,22,22,22
61027,1,1,0,0,0,0,0,0,0,0,0,0
61028,1,1,0,0,0,0,0,0,0,0,0,0
61029,1,1,0,0,0,0,0,0,0,0,0,0
61029,2,1,0,0,0,0,0,0,0,0,0,0
61030,0,1,0,0,0,0,0,0,9,0,0,0
61030,1,1,10,15,6,0,11,14,14,3,11,20
61031,1,1,0,0,0,0,11,0,0,0,0,0
61031,2,1,0,0,0,0,0,0,0,0,0,0
61032,1,1,2,2,2,2,2,2,2,2,2,2
61033,1,1,23,23,23,23,23,23,23,23,23,23
61033,2,1,0,0,0,0,15,0,12,0,0,0
61034,1,1,0,0,0,0,0,0,0,0,0,0
61035,0,1,0,0,0,0,0,0,0,0,0,0
61035,1,1,0,0,0,0,21,0,0,0,20,0
61036,0,1,0,0,0,0,0,0,0,0,0,0
61036,1,1,0,0,0,0,0,0,0,0,0,0
61037,0,1,0,0,0,0,0,0,0,0,0,0
61037,1,1,0,0,0,0,0,0,0,0,0,0
61038,1,1,0,0,0,0,0,0,0,0,0,0
61038,2,1,0,0,0,0,0,0,0,0,0,0
61039,0,1,0,0,0,0,0,0,0,0,0,0
61039,1,1,0,0,0,0,0,0,0,0,0,0
61040,0,1,3,0,0,0,19,0,0,0,0,0
61040,1,1,0,0,0,0,0,0,0,0,0,0
61041,0,1,0,0,0,0,0,0,0,0,0,0
61041,1,1,0,0,0,0,0,0,0,0,0,0
61042,1,1,24,24,24,24,24,24,24,24,24,24
61042,2,1,0,0,0,0,0,0,0,0,0,0
61043,1,1,0,0,0,0,0,0,0,0,0,0
61043,2,1,0,0,0,0,0,0,0,0,0,0
61044,0,1,0,0,0,0,0,0,0,0,0,0
61044,1,1,0,0,13,0,0,15,0,0,0,0
61045,1,1,0,0,0,0,0,0,0,0,0,8
61045,2,1,0,0,0,0,0,0,0,0,0,0
61045,3,1,4,4,4,4,4,4,4,4,4,4
61046,1,1,16,16,16,16,16,16,16,16,16,16
61046,2,1,9,0,0,0,0,0,0,0,0,0
61047,1,1,29,29,29,29,29,29,29,29,29,29
61047,2,1,0,0,0,0,0,0,0,0,0,0
61048,1,1,0,0,0,0,0,0,11,0,0,0
61049,1,1,0,0,12,3,8,0,15,9,27,12
61050,0,1,0,0,0,0,0,0,0,0,0,0
61050,1,1,0,0,0,31,0,0,0,0,0,0
61051,0,1,0,0,0,0,0,0,0,0,0,0
61051,1,1,10,1,0,20,0,8,13,0,13,6
61052,0,1,37,37,37,37,37,37,37,37,37,37
61052,1,1,0,0,0,0,0,0,0,0,0,0
61053,1,1,23,23,23,23,23,23,23,23,23,23
61054,1,1,20,20,20,20,20,20,20,20,20,20
61055,1,1,0,0,0,0,0,0,0,0,0,0
61056,0,1,0,0,0,0,0,0,0,0,0,0
61056,1,1,0,4,0,18,0,0,0,0,0,0
61056,2,1,0,0,0,5,0,0,0,0,0,0
61057,1,1,8,8,8,8,8,8,8,8,8,8
61057,2,1,0,0,0,0,0,0,0,0,0,0
61058,0,1,0,0,0,0,0,0,0,0,0,0
61058,1,1,0,0,0,0,0,0,0,0,0,0
61059,1,1,0,0,0,0,0,0,0,0,0,0
61059,2,1,0,0,0,0,0,0,0,0,0,0
61060,1,1,0,0,0,0,0,0,0,0,0,0
61061,1,1,16,16,16,16,16,16,16,16,16,16
61061,2,1,0,0,0,0,0,0,0,0,0,0
61061,3,1,0,0,0,0,0,0,33,0,0,18
61062,1,1,7,0,19,22,0,0,0,0,0,0
61063,1,1,0,0,0,0,0,0,0,0,0,0
61063,2,1,11,11,11,11,11,11,11,11,11,11
61064,0,1,0,0,0,0,0,0,0,0,0,0
61064,1,1,0,0,0,0,0,0,0,0,0,0
61065,1,1,28,28,28,28,28,28,28,28,28,28
61065,2,1,0,0,0,0,0,0,0,0,0,0
61066,0,1,0,0,0,0,0,0,0,0,0,0
61066,1,1,0,0,0,0,0,0,0,0,0,0
61067,1,1,14,14,14,14,14,14,14,14,14,14
61068,1,1,0,0,0,0,0,0,0,0,0,0
61069,1,1,0,0,0,0,0,0,0,0,0,0
61070,1,1,0,0,0,0,0,0,0,0,0,0
61070,2,1,0,0,0,0,0,0,0,0,0,16
61071,1,1,33,33,33,33,33,33,33,33,33,33
61072,0,1,0,0,35,18,0,0,0,10,5,15
61072,1,1,0,0,0,0,0,0,0,0,0,0
61073,1,1,24,24,24,24,24,24,24,24,24,24
61073,2,1,0,0,0,0,0,0,0,0,0,0
61074,1,1,7,7,7,7,7,7,7,7,7,7
61075,1,1,24,24,24,24,24,24,24,24,24,24
61075,2,1,0,0,0,0,0,0,0,0,0,0
61076,1,1,0,0,0,0,0,0,0,0,0,0
61076,2,1,0,0,0,0,0,0,0,0,0,0
61077,1,1,4,4,4,4,4,4,4,4,4,4
61078,1,1,17,17,17,17,17,17,17,17,17,17
61078,2,1,0,0,0,0,0,0,0,0,0,0
61079,1,1,7,7,7,7,7,7,7,7,7,7
61080,1,1,34,34,34,34,34,34,34,34,34,34
61081,0,1,0,0,0,0,0,0,0,0,0,0
61081,1,1,0,36,0,0,13,4,0,8,0,2
61082,1,1,0,0,0,12,0,0,0,0,0,0
61082,2,1,0,0,0,0,0,0,0,0,0,0
61083,1,1,0,10,25,15,26,8,12,16,20,27
61083,2,1,0,0,0,0,0,0,0,0,0,0
61083,3,1,0,0,0,0,0,0,0,16,0,0
61084,1,1,11,11,11,11,11,11,11,11,11,11
61085,1,1,0,0,0,0,0,0,0,0,0,0
61085,2,1,0,0,0,13,14,0,0,21,15,20
61086,1,1,10,10,10,10,10,10,10,10,10,10
61086,2,1,1,1,1,1,1,1,1,1,1,1
61087,1,1,0,0,0,0,0,0,0,0,0,0
61087,2,1,0,0,0,0,0,0,0,0,0,0
61088,0,1,0,0,0,0,0,0,0,0,0,0
61088,1,1,0,0,0,0,0,0,0,0,0,0
61089,1,1,0,0,0,0,0,0,0,0,0,0
61090,0,1,0,31,6,26,15,0,22,27,0,24
61090,1,1,18,18,18,18,18,18,18,18,18,18
61091,1,1,0,0,0,0,0,0,0,0,0,0
61091,2,1,0,0,0,0,0,0,0,0,0,0
61092,1,1,0,0,0,0,0,0,0,0,0,0
61093,1,1,0,0,0,0,0,0,0,0,0,0
61094,1,1,0,0,21,0,0,13,0,4,0,0
61095,1,1,5,5,5,5,5,5,5,5,5,5
61096,1,1,0,0,0,0,0,0,0,0,0,0
61097,0,1,0,0,0,0,0,0,0,0,0,0
61097,1,1,0,0,0,0,0,0,11,0,6,0
61098,1,1,13,13,13,13,13,13,13,13,13,13
61099,1,1,0,0,0,0,0,0,0,0,0,0
61100,1,1,0,0,0,0,0,0,20,0,0,0
61101,1,1,0,0,0,0,0,0,0,0,0,0
61101,2,1,0,0,0,0,0,0,0,0,0,0
61102,1,1,0,0,0,0,0,0,0,0,0,0
61102,2,1,8,4,13,27,26,23,0,24,21,15
61103,1,1,0,0,0,0,0,0,0,0,0,0
61103,2,1,0,0,0,0,0,0,0,0,0,0
61104,1,1,15,0,0,0,0,0,0,0,0,0
61104,2,1,0,0,0,0,0,0,0,0,0,34
61104,3,1,0,0,0,0,0,0,6,0,0,0
61105,1,1,0,0,0,0,0,0,0,0,0,0
61105,2,1,0,0,0,0,0,0,0,0,0,0
61106,1,1,0,0,0,0,0,0,0,15,0,0
61106,2,1,0,0,0,0,0,0,0,0,0,0
61107,0,1,0,0,0,0,0,0,0,0,0,0
61107,1,1,0,0,0,0,0,0,0,0,0,0
61108,1,1,18,18,18,18,18,18,18,18,18,18
61108,2,1,0,0,0,0,0,0,0,9,0,0
61109,0,1,0,0,0,0,0,0,0,0,0,0
61109,1,1,0,0,0,0,0,23,0,0,0,0
61110,1,1,0,0,0,0,0,0,0,0,0,0
61111,0,1,11,11,11,11,11,11,11,11,11,11
61111,1,1,0,0,0,0,24,0,0,0,0,0
61112,1,1,19,19,19,19,19,19,19,19,19,19
61113,1,1,0,0,0,0,0,0,0,0,0,0
61113,2,1,0,0,0,0,0,0,0,0,0,0
61114,1,1,0,4,17,0,21,0,0,0,0,0
61115,1,1,0,0,0,0,0,0,0,0,0,0
61115,2,1,0,0,0,0,0,0,0,0,0,0
61116,1,1,0,0,0,0,0,0,0,0,0,0
61117,1,1,0,0,0,0,0,0,0,0,0,0
61117,2,1,0,0,0,0,0,0,0,0,0,0
61117,3,1,0,0,0,0,0,0,0,0,0,0
61118,1,1,27,0,0,0,0,0,21,0,0,0
61118,2,1,0,0,0,0,0,0,0,0,0,0
61119,1,1,22,22,22,22,22,22,22,22,22,22
61120,1,1,0,0,0,0,0,0,0,0,0,0
61120,2,1,0,0,0,0,0,0,0,0,0,0
61121,1,1,0,0,0,0,0,0,0,0,0,0
61121,2,1,0,0,0,0,0,0,0,0,0,0
61122,1,1,37,37,37,37,37,37,37,37,37,37
61123,1,1,0,0,0,0,0,0,0,0,0,0
61124,1,1,0,0,0,0,0,0,0,0,0,0
61125,1,1,0,0,0,0,0,0,0,0,0,0
61126,1,1,0,0,0,0,0,0,0,0,0,0
61127,1,1,0,0,0,0,0,0,0,3,0,0
61127,2,1,0,0,0,0,0,0,0,12,0,0
61128,1,1,19,19,19,19,19,19,19,19,19,19
61128,2,1,0,16,0,6,0,17,0,0,0,0
61130,1,1,0,0,0,0,0,0,0,0,0,26
61130,2,1,0,0,0,0,0,0,0,0,0,0
61130,3,1,0,0,0,0,0,0,0,0,0,0
61130,4,1,0,0,0,0,0,0,0,0,0,0
61131,0,1,0,0,0,0,0,0,0,0,0,0
61131,1,1,0,0,0,0,0,0,0,0,0,0
61132,1,1,0,0,0,0,0,0,0,0,0,0
61132,2,1,0,0,0,0,0,0,0,0,0,0
61133,1,1,0,0,0,0,0,0,0,0,0,0
61133,2,1,0,0,0,0,0,0,0,0,0,0
61134,1,1,0,0,0,0,0,0,0,0,0,0
61134,2,1,0,0,0,15,0,0,16,0,0,0
61135,1,1,0,0,0,0,0,0,0,0,0,0
61136,1,1,0,0,0,19,0,0,0,15,19,17
61136,2,1,0,0,0,0,0,0,0,0,0,0
61137,1,1,19,19,19,19,19,19,19,19,19,19
61138,0,1,26,26,26,26,26,26,26,26,26,26
61138,1,1,15,12,0,0,0,0,0,0,0,0
61139,1,1,25,25,25,25,25,25,25,25,25,25
61139,2,1,0,0,0,0,0,0,0,0,0,0
61140,1,1,0,0,0,0,0,0,0,0,0,0
61141,1,1,0,0,0,0,0,0,0,0,0,0
61141,2,1,0,0,0,0,0,0,0,0,0,0
61142,1,1,0,0,0,0,0,0,0,0,0,0
61143,1,1,0,0,0,0,0,0,0,0,0,0
61143,2,1,0,0,0,0,0,0,0,0,0,2
61144,1,1,18,18,18,18,18,18,18,18,18,18
61145,1,1,14,14,14,14,14,14,14,14,14,14
61146,0,1,0,0,0,0,0,0,0,0,0,0
61146,1,1,0,0,0,0,0,0,0,0,0,0
61147,1,1,0,0,0,0,0,0,0,0,0,0
61147,2,1,0,0,0,0,0,0,0,0,0,0
61148,1,1,0,0,0,0,0,0,0,0,0,0
61148,2,1,0,0,0,0,0,0,0,0,0,0
61149,0,1,0,0,0,0,0,0,0,0,0,0
61149,1,1,0,30,19,0,0,0,0,0,0,0
61150,1,1,18,18,18,18,18,18,18,18,18,18
61151,1,1,0,0,0,0,0,0,0,0,0,0
61152,1,1,0,0,0,0,0,0,0,0,0,0
61152,2,1,0,0,0,7,0,0,0,0,0,6
61153,0,1,11,11,11,11,11,11,11,11,11,11
61153,1,1,10,0,0,27,23,0,7,0,0,0
61154,1,1,0,0,0,0,0,0,11,21,0,0
61154,2,1,0,0,0,0,0,0,0,0,0,0
61155,0,1,0,0,0,0,0,0,0,0,0,0
61155,1,1,0,0,0,0,0,0,0,0,0,0
61156,0,1,20,20,20,20,20,20,20,20,20,20
61156,1,1,0,0,0,0,0,0,0,0,0,0
61156,2,1,0,0,0,0,0,0,0,0,0,0
61157,0,1,0,0,0,0,0,0,0,0,0,0
61157,1,1,0,0,0,0,0,0,0,9,0,0
61158,1,1,0,0,0,0,0,0,0,0,0,0
61158,2,1,0,0,0,0,0,0,0,0,7,0
61159,1,1,0,0,0,0,0,0,0,0,0,0
61160,1,1,12,12,12,12,12,12,12,12,12,12
61161,1,1,8,8,8,8,8,8,8,8,8,8
61161,2,1,0,0,0,0,0,16,11,4,0,0
61162,1,1,0,0,0,0,0,0,0,0,0,0
61163,1,1,0,0,0,0,0,9,0,0,0,0
61164,1,1,0,0,0,0,0,0,0,0,0,0
61165,1,1,18,18,18,18,18,18,18,18,18,18
61166,1,1,0,0,0,0,0,0,0,0,0,0
61166,2,1,0,0,0,0,0,0,0,0,0,0
61166,3,1,0,0,0,0,0,0,0,0,0,0
61167,1,1,0,0,0,0,0,0,0,0,0,0
61167,2,1,0,0,0,0,0,0,0,0,0,0
61168,1,1,25,25,25,25,25,25,25,25,25,25
61169,1,1,9,9,9,9,9,9,9,9,9,9
61169,2,1,0,0,0,0,0,0,0,0,0,0
61170,0,1,20,20,20,20,20,20,20,20,20,20
61170,1,1,29,0,24,0,0,0,0,0,0,0
61171,1,1,20,0,0,0,22,0,0,0,0,0
61171,2,1,19,19,19,19,19,19,19,19,19,19
61172,0,1,0,0,0,0,0,0,0,0,0,0
61172,1,1,0,0,0,0,0,0,0,0,0,0
61173,0,1,25,25,25,25,25,25,25,25,25,25
61173,1,1,0,0,0,0,0,0,0,0,0,0
61174,1,1,0,0,13,3,13,0,0,8,0,11
61174,2,1,13,28,0,0,32,0,9,0,0,0