ST_CASE,VEH_NO,PER_NO,P1,P2,P3,P4,P5,P6,P7,P8,P9,P10
61175,1,1,20,20,20,20,20,20,20,20,20,20
61176,0,1,0,0,0,0,0,0,0,0,0,0
61176,1,1,0,0,0,10,0,0,0,0,0,0
61176,2,1,0,25,0,0,16,10,18,0,12,10
61177,0,1,37,37,37,37,37,37,37,37,37,37
61177,1,1,0,0,0,0,0,0,0,0,0,0
61178,0,1,9,9,9,9,9,9,9,9,9,9
61178,1,1,0,0,0,0,0,0,0,0,0,0
61178,2,1,0,0,0,0,0,0,0,0,0,0
61179,1,1,0,0,0,0,0,0,0,0,0,0
61179,2,1,0,0,0,0,0,0,0,0,0,0
61180,0,1,17,17,17,17,17,17,17,17,17,17
61180,1,1,0,0,0,0,0,0,0,0,0,0
61181,1,1,0,0,0,0,0,0,0,0,0,0
61181,2,1,0,0,0,0,0,0,0,0,0,0
61182,1,1,0,0,0,0,0,0,0,0,0,0
61182,2,1,0,0,0,0,0,0,0,0,0,0
61182,3,1,0,0,0,0,0,0,0,0,0,0
61183,1,1,0,0,0,0,0,0,0,0,0,0
61184,1,1,0,0,17,0,0,0,26,0,0,0
61184,2,1,7,7,0,0,0,0,0,0,21,0
61185,1,1,0,0,0,0,0,0,0,0,0,0
61185,2,1,0,0,0,0,0,34,0,0,0,35
61186,1,1,14,14,14,14,14,14,14,14,14,14
61187,1,1,0,0,0,0,0,0,0,0,0,0
61188,1,1,0,0,0,0,0,0,0,0,0,0
61188,2,1,0,0,0,0,0,0,0,0,0,0
61189,0,1,0,0,0,0,0,0,0,0,0,0
61189,1,1,0,0,0,0,0,0,0,0,0,0
61190,1,1,0,0,0,0,0,0,0,0,0,0
61190,2,1,0,0,0,0,0,0,0,0,0,0
61191,1,1,0,0,0,0,0,0,0,0,0,0
61191,2,1,0,0,0,0,0,0,0,0,0,0
61191,3,1,0,0,0,0,0,0,0,0,0,0
61192,1,1,0,0,0,0,0,0,0,0,0,0
61193,1,1,0,0,0,0,0,0,0,0,0,0
61193,2,1,0,0,0,0,0,0,0,0,0,0
61193,3,1,0,0,0,0,0,0,0,0,0,0
61193,4,1,0,0,0,0,0,0,0,0,0,0
61193,5,1,0,0,0,0,0,0,0,0,0,0
61194,1,1,11,11,11,11,11,11,11,11,11,11
61194,2,1,0,0,0,0,0,0,0,0,8,0
61194,3,1,0,0,0,0,0,0,0,0,0,0
61195,1,1,0,0,0,0,0,0,0,0,0,0
61195,2,1,0,0,0,0,0,0,0,0,0,0
61195,3,1,14,0,0,0,0,0,0,0,0,0
61195,4,1,0,0,0,0,0,0,0,0,0,0
61195,5,1,0,0,0,0,15,0,0,0,0,0
61196,0,1,0,0,23,0,0,0,0,0,0,0
61196,1,1,0,13,20,0,0,0,6,0,0,0
61197,1,1,0,0,0,0,0,0,0,0,0,0
61197,2,1,0,0,0,0,0,0,0,0,0,0
61197,3,1,0,0,16,0,0,0,0,0,0,0
61198,1,1,0,0,0,0,0,0,0,0,0,0
61199,1,1,14,14,14,14,14,14,14,14,14,14
61200,1,1,10,0,23,16,4,18,0,0,12,18
61201,1,1,0,0,0,0,0,0,0,0,0,0
61201,2,1,0,0,0,0,0,0,0,0,0,0
61202,1,1,45,45,45,45,45,45,45,45,45,45
61203,1,1,0,0,0,0,0,0,0,0,0,0
61204,1,1,0,0,0,0,0,22,0,0,20,0
61205,1,1,20,20,20,20,20,20,20,20,20,20
61206,1,1,0,0,0,0,0,0,0,0,0,0
61206,2,1,0,0,0,0,0,0,0,0,0,0
61207,1,1,0,8,0,0,0,0,17,0,0,0
61208,1,1,0,0,0,0,0,0,0,0,15,0
61209,1,1,21,21,21,21,21,21,21,21,21,21
61209,2,1,0,0,0,0,0,0,0,0,0,0
61210,1,1,0,0,0,0,0,0,0,0,0,0
61210,2,1,0,0,0,0,0,0,0,0,0,0
61211,0,1,29,29,29,29,29,29,29,29,29,29
61211,1,1,0,5,0,0,0,0,0,6,0,0
61212,1,1,0,0,0,0,0,0,0,0,0,0
61212,2,1,0,0,0,0,0,0,0,0,0,0
61213,1,1,18,18,18,18,18,18,18,18,18,18
61214,0,1,42,42,42,42,42,42,42,42,42,42
61214,1,1,0,0,0,0,0,0,0,0,0,0
61215,0,1,29,29,29,29,29,29,29,29,29,29
61215,1,1,0,7,0,12,0,0,11,0,21,27
61216,1,1,0,0,0,0,0,0,0,20,0,0
61216,2,1,0,0,0,0,0,0,0,0,0,0
61216,3,1,0,0,0,0,0,0,0,0,0,0
61216,4,1,0,0,0,0,0,0,0,0,0,0
61216,5,1,0,0,0,0,0,0,0,0,0,0
61216,6,1,8,8,8,8,8,8,8,8,8,8
61217,0,1,0,0,0,0,0,0,0,0,0,0
61217,1,1,0,8,0,0,0,0,0,0,0,0
61218,1,1,0,0,0,0,0,0,0,0,0,0
61219,0,1,0,0,0,0,0,0,0,0,0,0
61219,1,1,0,0,0,0,0,0,0,0,0,0
61220,1,1,0,0,0,0,0,0,0,0,0,0
61220,2,1,0,0,0,0,0,0,0,0,0,0
61220,3,1,0,0,0,0,0,0,0,7,0,0
61221,0,1,19,19,19,19,19,19,19,19,19,19
61221,1,1,0,0,0,0,0,0,0,0,0,0
61222,1,1,0,0,0,0,0,0,0,0,0,0
61222,2,1,0,0,0,0,0,0,0,0,0,0
61222,3,1,0,0,0,9,0,0,0,0,0,0
61222,4,1,0,0,0,0,0,0,0,0,25,0
61222,5,1,0,0,0,10,0,0,0,0,11,0
61222,6,1,0,0,0,0,0,0,0,0,0,0
61223,1,1,0,0,0,0,0,0,0,0,0,0
61224,1,1,0,0,0,0,0,0,0,0,0,0
61225,1,1,22,21,12,12,0,11,21,27,47,27
61226,1,1,21,21,21,21,21,21,21,21,21,21
61227,1,1,3,0,0,0,0,0,0,13,0,0
61227,2,1,0,0,0,0,0,0,0,0,0,0
61228,1,1,0,0,0,0,0,0,0,0,0,0
61229,1,1,0,0,0,0,0,0,0,0,0,0
61230,1,1,0,0,0,0,0,0,0,0,0,0
61230,2,1,0,0,0,0,0,0,0,0,0,0
61230,3,1,0,0,0,0,0,0,0,0,0,0
61231,1,1,0,0,0,0,0,0,0,0,0,0
61231,2,1,0,0,0,0,0,0,0,0,0,0
61232,0,1,0,0,0,0,0,0,0,0,0,0
61232,1,1,0,0,13,8,40,0,0,16,0,26
61233,1,1,0,0,23,0,0,0,0,0,0,0
61233,2,1,0,0,0,0,0,0,0,0,0,0
61233,3,1,0,0,0,0,0,0,0,0,0,0
61234,1,1,2,2,2,2,2,2,2,2,2,2
61234,2,1,0,0,0,0,0,0,0,0,0,0
61235,1,1,19,19,19,19,19,19,19,19,19,19
61236,1,1,0,0,0,0,0,0,0,0,0,0
61236,2,1,8,8,8,8,8,8,8,8,8,8
61237,1,1,0,0,0,0,0,0,0,0,0,0
61238,0,1,0,0,0,0,0,0,0,0,0,0
61238,1,1,0,0,0,0,0,0,0,0,0,0
61239,1,1,0,0,0,0,0,0,0,0,0,0
61239,2,1,0,0,0,0,0,0,0,0,0,0
61240,1,1,18,18,18,18,18,18,18,18,18,18
61240,2,1,11,0,0,0,0,0,0,0,0,0
61241,0,1,0,0,0,0,0,0,0,0,0,0
61241,1,1,0,0,0,0,0,0,0,0,0,0
61242,1,1,0,0,0,0,0,0,0,0,0,0
61242,2,1,0,0,0,0,0,0,0,0,0,0
61243,1,1,18,35,23,0,0,0,0,0,0,0
61244,1,1,0,0,0,0,20,0,0,0,0,0
61244,2,1,0,0,0,0,0,0,0,0,0,0
61244,3,1,0,0,0,0,0,0,0,0,0,0
61245,1,1,0,0,0,0,0,0,0,0,0,0
61246,1,1,0,0,0,0,0,0,0,0,0,0
61246,2,1,0,0,10,0,0,21,0,0,0,0
61246,3,1,0,0,14,0,0,0,0,0,0,0
61247,1,1,0,0,0,0,0,0,0,0,0,0
61247,2,1,0,0,9,0,0,0,0,0,0,0
61248,1,1,0,0,0,0,0,0,0,11,0,0
61249,0,1,0,0,0,0,0,0,0,0,0,0
61249,1,1,0,0,0,0,0,0,0,0,0,0
61250,1,1,17,17,17,17,17,17,17,17,17,17
61250,2,1,0,0,0,0,0,0,0,0,0,0
61250,3,1,0,0,0,0,0,0,0,15,0,0
61251,1,1,0,0,0,0,0,0,0,0,0,0
61251,2,1,0,0,0,0,0,0,0,0,0,0
61252,1,1,0,0,0,0,0,0,0,0,0,0
61252,2,1,0,0,0,0,0,0,0,0,0,0
61253,1,1,0,0,0,0,0,0,0,0,0,0
61253,2,1,10,0,0,0,0,9,0,5,0,0
61254,1,1,17,17,17,17,17,17,17,17,17,17
61255,1,1,0,0,0,0,0,0,0,0,0,0
61256,1,1,0,0,0,0,0,0,0,0,0,0
61256,2,1,0,0,0,0,0,0,0,0,0,0
61257,1,1,0,0,0,0,0,0,0,0,0,0
61257,2,1,10,0,0,0,0,0,0,0,0,0
61258,0,1,9,23,17,17,42,12,3,44,0,21
61258,1,1,0,0,0,0,0,0,0,0,0,0
61259,1,1,0,0,0,0,0,0,0,0,0,0
61261,1,1,13,0,0,0,0,0,0,0,0,0
61261,2,1,6,0,0,0,0,0,40,8,0,0
61262,0,1,0,0,0,0,0,0,0,0,0,0
61262,0,2,0,0,0,0,0,0,0,0,0,0
61262,1,1,17,10,20,25,4,17,13,4,22,21
61263,1,1,0,0,0,0,0,0,0,0,0,0
61264,1,1,0,0,0,0,0,0,0,0,0,0
61265,1,1,0,0,0,0,0,0,0,0,0,0
61265,2,1,0,0,0,0,0,0,0,0,0,0
61266,0,1,0,0,0,0,0,0,0,0,0,0
61266,1,1,0,0,0,0,0,0,0,0,0,0
61267,0,1,34,34,34,34,34,34,34,34,34,34
61267,1,1,22,0,0,0,0,0,0,16,0,0
61267,2,1,0,0,0,0,0,0,0,0,0,0
61268,1,1,0,0,0,0,0,0,0,0,0,0
61269,1,1,0,0,0,0,0,0,0,0,0,0
61270,1,1,0,0,0,0,0,0,0,0,0,0
61271,1,1,5,5,5,5,5,5,5,5,5,5
61271,2,1,0,0,0,0,0,0,0,0,0,0
61272,1,1,0,0,0,0,0,0,0,0,0,0
61273,1,1,23,23,23,23,23,23,23,23,23,23
61274,1,1,0,0,0,0,0,0,0,0,0,0
61275,2,1,7,7,7,7,7,7,7,7,7,7
61276,1,1,0,0,0,0,0,0,0,0,0,0
61277,1,1,11,11,11,11,11,11,11,11,11,11
61278,1,1,18,18,18,18,18,18,18,18,18,18
61279,0,1,17,17,17,17,17,17,17,17,17,17
61279,1,1,0,0,0,23,0,6,0,0,0,0
61280,1,1,24,24,24,24,24,24,24,24,24,24
61281,1,1,0,0,0,0,0,0,0,21,0,0
61281,2,1,0,0,0,0,0,0,0,0,0,0
61281,3,1,0,0,0,0,0,0,0,5,0,0
61281,4,1,0,0,0,0,0,0,0,0,0,0
61281,5,1,0,0,0,0,0,0,0,0,0,0
61281,6,1,0,0,0,0,0,0,0,0,0,0
61281,7,1,0,0,0,11,0,0,0,0,0,0
61282,1,1,12,12,12,12,12,12,12,12,12,12
61283,1,1,0,9,0,0,0,0,16,0,0,0
61283,2,1,0,0,0,0,0,0,0,0,0,0
61284,1,1,23,0,11,27,16,15,21,16,9,13
61284,2,1,0,0,0,0,0,0,0,0,0,0
61285,0,1,0,0,0,0,0,0,0,0,0,0
61285,0,2,0,18,0,0,0,19,0,0,0,0
61285,1,1,0,0,0,0,0,0,0,0,0,0
61286,1,1,9,9,9,9,9,9,9,9,9,9
61286,2,1,0,0,0,0,0,0,0,0,0,0
61287,1,1,16,16,16,16,16,16,16,16,16,16
61288,1,1,2,2,2,2,2,2,2,2,2,2
61288,2,1,0,0,0,0,0,0,0,0,0,0
61289,1,1,25,25,25,25,25,25,25,25,25,25
61289,2,1,0,0,0,0,0,0,0,0,0,0
61290,1,1,0,0,0,0,0,0,0,0,0,0
61291,1,1,0,0,0,0,0,0,0,0,0,0
61292,1,1,0,0,0,0,0,0,0,0,0,0
61292,2,1,0,0,0,0,13,0,0,0,0,0
61293,0,1,18,18,18,18,18,18,18,18,18,18
61293,1,1,0,0,0,0,0,0,0,0,0,0
61294,0,1,13,13,13,13,13,13,13,13,13,13
61294,1,1,0,0,0,0,0,0,0,0,0,0
61295,0,1,1,1,1,1,1,1,1,1,1,1
61295,0,2,0,0,0,0,0,0,10,0,0,0
61295,1,1,0,0,24,0,0,0,0,7,0,0
61296,1,1,0,0,0,0,0,0,0,0,0,0
61297,0,1,0,0,0,0,0,0,0,0,0,0
61297,1,1,0,0,0,0,9,0,0,15,0,11
61298,1,1,0,0,0,0,0,0,0,0,0,0
61299,1,1,33,33,33,33,33,33,33,33,33,33
61299,2,1,0,0,0,0,0,0,0,0,0,0
61300,0,1,14,14,14,14,14,14,14,14,14,14
61300,1,1,13,13,13,13,13,13,13,13,13,13
61301,1,1,23,23,23,23,23,23,23,23,23,23
61302,1,1,9,9,9,9,9,9,9,9,9,9
61302,2,1,0,0,0,0,0,0,0,0,0,18
61303,0,1,42,42,42,42,42,42,42,42,42,42
61303,1,1,0,0,0,0,0,0,0,0,0,0
61303,2,1,0,0,0,0,0,0,0,0,0,0
61304,0,1,0,0,0,0,0,0,0,0,0,0
61304,1,1,0,0,0,0,0,0,0,0,0,0
61305,0,1,0,0,0,0,0,0,0,0,0,0
61305,1,1,0,0,0,0,0,0,0,0,0,0
61306,0,1,10,10,10,10,10,10,10,10,10,10
61306,0,2,0,0,0,0,0,0,0,0,0,0
61306,1,1,0,0,0,0,0,0,0,0,0,0
61307,0,1,0,0,0,0,0,0,0,0,0,0
61307,1,1,0,0,0,0,0,0,0,0,0,0
61308,1,1,0,0,0,0,0,0,0,0,0,0
61309,1,1,0,0,0,0,0,0,0,0,0,0
61309,2,1,0,0,0,0,0,0,9,0,0,0
61310,1,1,0,0,0,0,0,0,0,0,0,0
61311,1,1,0,0,0,0,0,0,0,0,0,0
61311,2,1,0,0,0,0,0,0,0,0,0,0
61312,1,1,14,14,14,14,14,14,14,14,14,14
61313,1,1,25,22,15,41,29,8,30,26,29,16
61314,1,1,0,0,0,0,0,0,0,0,0,0
61315,0,1,0,0,0,0,0,0,0,0,0,0
61315,1,1,0,0,0,0,0,0,0,0,0,0
61316,0,1,0,0,0,0,0,0,0,0,0,0
61316,1,1,0,0,0,0,0,0,0,0,16,0
61317,0,1,24,24,24,24,24,24,24,24,24,24
61317,1,1,8,9,14,12,15,10,0,0,10,10
61318,1,1,0,0,0,0,0,0,0,0,0,0
61318,2,1,0,0,0,0,0,0,0,0,0,0
61318,3,1,0,0,0,0,0,0,0,0,0,0
61318,4,1,0,0,0,0,0,0,0,0,0,0
61318,5,1,0,0,0,0,0,0,0,0,0,0
61319,0,1,8,15,0,0,0,35,28,0,13,0
61319,1,1,0,0,0,0,0,0,0,0,0,0
61320,0,1,0,12,31,0,52,0,0,0,0,0
61320,1,1,0,0,0,0,0,0,0,28,0,0
61321,0,1,16,16,16,16,16,16,16,16,16,16
61321,1,1,0,8,10,6,0,20,0,17,0,6
61322,0,1,6,6,6,6,6,6,6,6,6,6
61322,1,1,0,0,0,0,0,0,0,0,0,0
61323,0,1,13,0,0,32,0,0,0,0,0,0
61323,1,1,0,0,0,0,0,0,0,0,0,0
61324,1,1,0,0,11,0,0,15,0,18,0,0
61324,2,1,0,7,0,0,0,0,0,0,0,0
61325,1,1,10,12,15,14,22,12,12,4,9,9
61326,0,1,0,0,0,0,0,0,0,0,0,0
61326,1,1,0,15,0,10,21,0,13,0,16,0
61327,0,1,0,0,0,0,0,0,0,0,0,0
61327,1,1,0,0,0,0,0,0,0,0,0,0
61328,1,1,0,0,0,0,0,0,0,0,0,0
61329,1,1,0,0,0,0,0,0,0,0,0,0
61329,2,1,0,0,0,0,0,0,0,0,0,0
61330,0,1,0,0,0,0,0,0,0,0,0,0
61331,1,1,0,0,0,0,0,0,0,0,0,0
61332,0,1,0,0,0,0,0,0,0,0,0,0
61332,1,1,0,11,25,0,0,0,0,0,0,0
61332,2,1,0,0,0,0,0,0,0,0,0,0
61333,1,1,18,18,18,18,18,18,18,18,18,18
61334,1,1,0,0,0,0,0,0,0,0,0,0
61335,0,1,0,0,0,0,0,0,0,0,0,0
61335,1,1,0,6,0,0,0,0,0,0,0,0
61336,1,1,0,0,0,0,0,0,0,0,0,0
61336,2,1,0,0,0,0,0,0,0,0,0,0
61336,3,1,9,9,9,9,9,9,9,9,9,9
61336,4,1,7,7,7,7,7,7,7,7,7,7
61337,1,1,0,0,0,0,0,0,0,0,0,0
61337,2,1,0,0,0,0,0,0,0,0,0,0
61337,3,1,0,0,0,0,0,0,0,0,0,0
61338,0,1,20,0,34,0,17,0,21,0,0,0
61338,1,1,0,0,0,0,0,0,21,18,0,25
61339,1,1,0,0,0,0,0,0,0,0,0,0
61339,2,1,0,0,0,0,0,0,0,0,0,0
61339,3,1,0,0,0,0,0,0,0,0,0,0
61340,1,1,0,0,0,0,0,0,0,0,0,0
61340,2,1,0,0,0,0,0,0,0,0,0,0
61341,1,1,0,0,0,0,0,0,0,0,0,0
61342,1,1,29,29,29,29,29,29,29,29,29,29
61343,1,1,0,0,0,0,0,0,0,0,0,0
61344,1,1,0,0,0,0,0,0,0,0,0,0
61345,1,1,0,0,0,0,0,0,0,0,0,0
61345,2,1,0,0,0,0,0,0,0,0,0,0
61346,1,1,15,0,0,0,0,0,0,0,14,0
61346,2,1,0,0,0,0,16,0,0,0,0,0
61347,0,1,0,0,0,0,0,0,0,0,0,0
61347,1,1,0,0,0,0,0,0,0,0,0,0
61348,1,1,0,0,0,0,0,0,0,0,0,0
61348,2,1,0,0,0,0,0,0,0,0,0,0
61348,3,1,0,0,0,0,0,0,0,0,0,0
61348,4,1,0,0,0,0,0,0,0,0,0,0
61349,0,1,0,0,0,0,0,0,0,0,0,0
61349,1,1,0,0,0,0,0,0,0,0,0,0
61350,1,1,16,16,16,16,16,16,16,16,16,16
61351,0,1,23,0,18,15,30,16,8,12,0,31
61351,1,1,0,0,0,0,0,0,0,0,0,0
61352,0,1,0,0,0,0,0,0,0,0,0,0
61352,1,1,0,0,0,2,0,0,0,0,35,0
61353,1,1,0,0,0,0,0,0,0,0,0,0
61353,2,1,0,0,0,0,0,0,0,0,0,0
61354,0,1,0,0,0,0,0,0,0,0,0,0
61354,1,1,5,6,6,0,11,0,0,5,0,13
61355,0,1,0,0,0,0,0,0,0,0,0,0
61355,1,1,0,10,0,24,0,0,0,0,0,0
61356,1,1,0,0,0,14,0,0,0,0,0,0
61356,2,1,0,0,0,0,0,0,0,0,0,0
61357,1,1,2,27,24,16,10,7,23,26,17,13
61357,2,1,0,0,0,0,0,0,0,0,0,0
61357,3,1,0,25,0,9,0,0,0,0,0,0
61357,4,1,0,0,0,0,0,0,0,0,0,0
61358,1,1,0,0,0,0,0,0,0,0,0,0
61358,2,1,0,0,0,0,0,0,0,0,0,0
61359,1,1,0,0,0,0,0,0,0,0,0,0
61359,2,1,0,0,0,0,0,0,0,0,0,0
61360,1,1,0,0,0,0,0,0,0,0,0,0
61361,1,1,0,0,0,0,0,0,0,0,0,0
61362,1,1,11,11,11,11,11,11,11,11,11,11
61362,2,1,0,0,0,0,0,0,0,0,0,0
61362,3,1,0,0,0,10,0,0,0,0,0,0
61362,4,1,7,0,0,0,0,0,0,0,0,0
61363,1,1,14,0,14,0,0,0,13,0,0,0
61364,1,1,19,19,19,19,19,19,19,19,19,19
61364,2,1,0,14,14,35,2,14,7,16,19,3
61364,3,1,0,10,0,0,0,0,0,18,0,0
61365,1,1,0,0,0,0,0,0,0,0,0,0
61366,1,1,0,0,0,0,0,0,0,0,0,0
61367,1,1,17,17,17,17,17,17,17,17,17,17
61368,1,1,24,24,24,24,24,24,24,24,24,24
61369,1,1,11,11,11,11,11,11,11,11,11,11
61369,2,1,0,0,0,0,0,0,0,0,0,0
61370,1,1,0,0,0,0,0,0,0,0,0,0
61371,1,1,20,20,20,20,20,20,20,20,20,20
61372,1,1,0,0,0,0,0,0,0,0,0,0
61373,1,1,0,0,0,0,0,0,0,0,0,0
61373,2,1,0,0,0,0,0,0,0,0,0,0
61374,1,1,0,0,0,0,0,0,0,0,0,0
61374,2,1,0,0,0,0,13,19,0,0,0,0
61375,1,1,0,0,0,0,0,0,0,0,0,0
61376,1,1,11,11,11,11,11,11,11,11,11,11
61376,2,1,0,0,0,0,0,0,0,0,0,0
61377,1,1,0,0,0,0,0,5,0,0,0,0
61378,0,1,0,0,26,0,0,0,0,22,0,18
61378,0,2,25,4,17,34,9,0,10,0,18,31
61378,0,3,38,15,17,17,31,31,20,18,24,0
61378,0,4,0,20,12,0,0,0,0,27,0,7
61378,0,5,14,0,0,0,0,0,0,0,0,15
61378,0,6,23,22,0,0,24,0,8,9,14,0
61378,0,7,0,23,10,20,0,21,0,20,15,0
61378,0,8,0,0,38,0,0,38,10,0,6,0
61378,0,9,0,0,0,16,0,16,0,30,0,18
61378,1,1,16,16,16,16,16,16,16,16,16,16
61379,1,1,0,0,0,0,0,0,0,0,0,0
61379,2,1,0,0,0,0,0,0,0,0,0,0
61380,1,1,0,0,0,0,12,0,0,0,0,0
61380,2,1,0,0,0,0,0,0,0,0,0,0
61381,1,1,6,6,6,6,6,6,6,6,6,6
61381,2,1,0,0,0,0,0,0,0,0,0,0
61382,1,1,17,17,17,17,17,17,17,17,17,17
61383,1,1,0,0,0,0,0,0,0,0,0,0
61383,2,1,0,0,0,0,0,0,0,0,0,0
61384,1,1,0,0,0,0,0,0,0,0,0,0
61385,1,1,0,0,0,0,0,0,0,0,0,0
61386,1,1,19,19,19,19,19,19,19,19,19,19
61387,1,1,22,22,22,22,22,22,22,22,22,22
61388,1,1,0,20,0,9,0,0,0,0,0,0
61388,2,1,0,0,0,0,0,0,0,0,0,0
61389,1,1,0,0,20,0,0,0,0,0,0,0
61389,2,1,0,17,0,0,0,0,0,0,0,0
61390,0,1,14,14,14,14,14,14,14,14,14,14
61390,1,1,0,26,16,0,0,19,7,20,11,0
61391,0,1,0,0,0,35,0,30,21,0,7,15
61391,1,1,0,16,24,49,19,0,17,31,0,0
61392,1,1,0,0,0,0,0,0,0,0,0,0
61393,1,1,0,0,0,0,0,0,0,0,0,0
61393,2,1,0,0,0,0,0,0,0,0,0,0
61394,1,1,0,0,0,0,0,0,0,0,0,0
61394,2,1,0,0,0,0,0,0,0,0,0,0
61395,1,1,15,15,15,15,15,15,15,15,15,15
61396,1,1,5,5,5,5,5,5,5,5,5,5
61396,2,1,0,0,0,0,0,0,0,0,0,0
61397,1,1,16,16,16,16,16,16,16,16,16,16
61397,2,1,0,0,0,0,0,0,0,0,0,0
61398,0,1,0,0,0,0,0,0,0,0,0,0
61398,1,1,6,14,0,11,0,4,15,8,0,0
61399,1,1,22,22,22,22,22,22,22,22,22,22
61399,2,1,0,0,0,0,0,0,0,0,0,0
61400,1,1,17,17,17,17,17,17,17,17,17,17
61400,2,1,0,0,0,0,0,0,0,0,0,0
61401,0,1,0,0,0,0,0,0,0,0,0,0
61401,1,1,0,0,0,0,0,0,0,0,0,0
61402,1,1,16,16,16,16,16,16,16,16,16,16
61403,1,1,0,0,0,0,0,0,0,0,0,0
61403,2,1,0,0,0,0,0,0,0,0,0,0
61404,0,1,36,0,0,0,13,0,26,0,0,14
61404,1,1,0,0,0,0,8,0,0,0,0,0
61405,1,1,17,17,17,17,17,17,17,17,17,17
61406,0,1,0,0,0,0,0,0,0,0,0,0
61406,1,1,8,8,8,8,8,8,8,8,8,8
61407,1,1,24,0,0,0,29,0,9,0,0,17
61408,1,1,0,0,0,0,0,0,0,0,0,0
61408,2,1,0,0,0,0,0,0,0,0,0,0
61409,1,1,0,0,0,0,0,0,0,0,0,0
61410,1,1,2,19,11,0,16,27,0,4,0,6
61410,2,1,11,11,11,11,11,11,11,11,11,11
61410,3,1,3,16,0,0,0,5,6,0,0,0
61410,4,1,0,15,0,0,0,0,0,0,0,0
61410,5,1,0,0,0,0,0,14,0,0,0,0
61411,1,1,0,0,0,0,0,0,0,0,0,0
61412,1,1,0,0,0,0,0,0,0,0,0,0
61412,2,1,4,0,0,0,0,12,0,4,0,0
61413,0,1,0,0,0,0,0,0,0,0,0,0
61413,1,1,0,0,0,0,0,0,0,0,0,0
61414,1,1,0,0,0,0,0,0,0,0,0,0
61415,1,1,6,6,6,6,6,6,6,6,6,6
61416,1,1,0,0,0,0,0,0,0,0,0,0
61416,2,1,0,0,0,0,0,0,0,0,0,0
61417,0,1,34,34,34,34,34,34,34,34,34,34
61417,1,1,0,0,0,0,0,0,0,0,0,0
61418,1,1,13,13,13,13,13,13,13,13,13,13
61418,2,1,13,13,13,13,13,13,13,13,13,13
61419,1,1,0,0,0,0,0,0,0,0,0,0
61419,2,1,0,0,0,0,0,0,0,0,0,0
61420,0,1,22,22,22,22,22,22,22,22,22,22
61420,1,1,0,0,0,0,0,0,0,0,0,0
61422,1,1,0,0,0,0,0,0,0,0,0,0
61423,0,1,0,0,0,0,0,0,0,0,0,0
61423,1,1,0,0,0,0,0,0,0,0,0,0
61425,0,1,0,0,0,0,0,0,0,0,0,0
61425,1,1,0,0,0,0,0,0,0,0,0,0
61426,1,1,0,0,0,0,0,0,0,0,0,0
61426,2,1,27,27,27,27,27,27,27,27,27,27
61427,1,1,0,0,0,0,0,0,0,0,0,0
61428,1,1,0,0,0,0,0,0,0,0,0,0
61429,1,1,6,6,6,6,6,6,6,6,6,6
61429,2,1,0,0,0,0,0,0,0,0,0,0
61430,1,1,19,19,19,19,19,19,19,19,19,19
61431,1,1,0,0,0,0,0,0,0,0,0,0
61432,1,1,0,0,0,0,0,0,0,0,0,0
61432,2,1,0,0,0,0,0,0,0,0,0,0
61433,0,1,19,19,19,19,19,19,19,19,19,19
61433,1,1,0,0,0,0,0,0,0,0,0,0
61434,1,1,0,0,0,0,0,0,0,0,0,0
61434,2,1,0,0,0,0,0,18,0,0,0,0
61435,1,1,0,0,0,0,0,0,0,0,0,0
61435,2,1,0,0,0,0,0,0,0,0,0,0
61436,1,1,0,0,0,0,0,0,0,0,0,0
61436,2,1,0,0,0,0,0,0,0,0,0,0
61437,1,1,0,0,0,0,0,0,0,0,0,0
61437,2,1,0,0,0,0,0,0,0,0,0,0
61438,1,1,30,30,30,30,30,30,30,30,30,30
61439,1,1,25,25,25,25,25,25,25,25,25,25
61440,1,1,0,0,0,0,0,0,0,0,0,0
61441,1,1,0,0,0,0,0,0,0,0,0,0
61442,1,1,0,0,0,0,0,0,0,0,0,0
61442,2,1,0,0,0,0,0,0,0,0,0,0
61443,1,1,0,0,0,0,0,0,0,0,0,0
61444,1,1,5,5,5,5,5,5,5,5,5,5
61445,1,1,18,18,18,18,18,18,18,18,18,18
61446,1,1,29,29,29,29,29,29,29,29,29,29
61446,2,1,0,0,0,0,0,0,0,0,0,0
61448,1,1,0,0,0,0,0,0,0,0,0,0
61448,2,1,0,0,0,0,0,0,0,0,0,0