ST_CASE,VEH_NO,PER_NO,P1,P2,P3,P4,P5,P6,P7,P8,P9,P10
62020,0,1,0,0,0,0,0,0,0,0,0,0
62020,1,1,0,0,0,0,0,0,0,0,0,0
62020,2,1,0,2,0,0,0,0,0,0,0,0
62021,1,1,18,18,18,18,18,18,18,18,18,18
62021,2,1,2,0,0,0,0,0,0,0,0,0
62022,1,1,17,17,17,17,17,17,17,17,17,17
62023,1,1,0,0,0,0,0,0,0,0,0,0
62023,2,1,0,0,0,0,0,0,0,0,0,0
62024,0,1,34,34,34,34,34,34,34,34,34,34
62024,1,1,3,3,3,3,3,3,3,3,3,3
62025,1,1,0,0,0,0,0,0,0,0,0,0
62025,2,1,0,0,0,0,0,0,0,0,0,0
62026,1,1,0,0,0,0,0,0,0,0,0,0
62026,2,1,0,0,0,0,0,0,0,0,0,0
62027,1,1,13,13,13,13,13,13,13,13,13,13
62028,1,1,0,0,0,0,23,0,15,24,0,19
62028,2,1,0,0,0,0,0,0,0,0,0,0
62029,1,1,38,38,38,38,38,38,38,38,38,38
62030,1,1,0,0,0,0,0,0,0,0,0,0
62030,2,1,0,0,0,0,0,0,0,0,0,0
62031,0,1,0,0,0,0,0,0,0,0,0,0
62031,1,1,0,0,0,0,0,7,0,0,22,0
62032,1,1,0,0,0,0,0,0,0,0,0,0
62033,1,1,18,18,18,18,18,18,18,18,18,18
62034,1,1,0,0,0,0,0,24,0,0,0,0
62034,2,1,0,0,0,0,0,11,0,0,0,0
62035,0,1,0,0,0,0,0,0,0,0,0,0
62035,1,1,0,0,0,0,0,0,0,0,0,0
62036,1,1,0,0,0,0,0,0,0,0,0,0
62036,2,1,0,0,0,0,0,0,0,0,0,0
62037,1,1,24,24,24,24,24,24,24,24,24,24
62038,1,1,0,0,0,0,0,0,0,0,0,0
62039,1,1,0,0,0,0,0,0,0,0,0,0
62040,1,1,0,0,0,0,0,0,0,0,0,0
62041,0,1,44,44,44,44,44,44,44,44,44,44
62041,1,1,2,2,2,2,2,2,2,2,2,2
62042,1,1,0,0,0,0,0,0,0,0,0,0
62043,1,1,0,0,0,0,20,0,0,0,5,0
62043,2,1,0,0,0,0,0,0,0,0,0,0
62043,3,1,0,0,0,0,0,0,0,0,0,0
62044,1,1,19,19,19,19,19,19,19,19,19,19
62045,1,1,19,5,25,11,17,12,14,6,15,6
62046,1,1,0,0,0,0,0,0,0,0,0,0
62046,2,1,21,0,10,21,12,19,3,0,0,0
62047,1,1,20,20,20,20,20,20,20,20,20,20
62048,1,1,0,0,0,0,0,0,0,0,0,0
62048,2,1,0,0,0,0,0,0,0,0,0,0
62049,1,1,11,0,0,8,0,0,0,8,16,0
62050,1,1,0,17,0,0,0,0,0,0,0,0
62051,1,1,0,0,0,0,0,0,0,0,0,0
62052,1,1,26,26,26,26,26,26,26,26,26,26
62052,2,1,26,26,26,26,26,26,26,26,26,26
62053,1,1,0,0,0,0,0,0,0,0,0,0
62054,1,1,1,1,1,1,1,1,1,1,1,1
62055,1,1,0,0,0,10,0,0,0,0,0,0
62056,0,1,0,0,0,0,0,0,0,0,0,0
62056,1,1,0,0,0,0,0,0,0,0,0,0
62056,2,1,0,0,0,15,0,0,19,0,0,0
62057,1,1,0,0,0,0,0,0,0,0,0,0
62057,2,1,0,0,0,0,0,0,0,0,0,0
62058,1,1,0,0,0,0,0,0,0,0,0,0
62058,2,1,0,0,0,0,0,0,0,0,0,0
62059,1,1,0,0,0,0,0,25,7,0,0,0
62060,1,1,0,0,0,0,0,0,0,0,0,0
62060,2,1,12,15,27,25,19,10,8,13,19,11
62061,1,1,12,12,12,12,12,12,12,12,12,12
62061,2,1,0,0,0,0,0,0,0,0,0,0
62062,1,1,0,0,0,0,0,0,0,0,0,0
62062,2,1,0,0,0,0,0,0,0,0,0,0
62063,1,1,0,0,0,0,0,0,0,0,0,0
62063,2,1,0,0,0,6,0,0,0,0,0,0
62064,1,1,22,22,22,22,22,22,22,22,22,22
62066,0,1,5,5,5,5,5,5,5,5,5,5
62066,1,1,0,0,0,0,0,0,0,0,0,0
62067,1,1,0,0,0,0,0,0,0,0,0,0
62068,0,1,7,29,15,18,18,0,0,28,16,0
62068,1,1,16,0,0,27,0,0,28,0,0,0
62068,3,1,0,0,10,0,0,5,13,0,0,8
62069,1,1,15,15,15,15,15,15,15,15,15,15
62070,1,1,0,0,0,0,0,0,0,0,0,0
62070,2,1,0,0,0,18,0,0,0,0,0,0
62071,1,1,0,0,0,0,0,0,0,0,0,0
62072,1,1,0,0,0,0,0,0,0,0,0,0
62072,2,1,0,0,0,0,0,0,0,0,0,0
62073,1,1,0,0,0,0,0,0,0,0,0,0
62073,2,1,0,0,0,0,0,0,15,16,0,0
62073,3,1,16,16,11,15,12,8,24,16,13,12
62074,1,1,0,0,0,0,0,0,0,0,0,0
62075,1,1,3,3,3,3,3,3,3,3,3,3
62075,2,1,0,0,0,5,0,0,0,0,0,0
62076,1,1,0,0,0,0,0,0,0,0,0,0
62077,1,1,0,0,0,0,0,0,0,0,0,0
62077,2,1,0,0,0,0,0,0,0,0,0,0
62078,1,1,27,27,27,27,27,27,27,27,27,27
62079,1,1,0,0,0,0,0,0,0,0,0,0
62079,2,1,0,0,0,0,0,0,0,0,0,0
62080,0,1,0,0,0,0,0,0,0,0,0,0
62080,1,1,0,0,0,0,0,0,0,0,0,0
62081,1,1,13,13,13,13,13,13,13,13,13,13
62082,1,1,0,0,0,0,0,0,0,0,0,0
62083,1,1,0,0,0,0,0,0,0,0,0,0
62083,2,1,0,0,0,0,0,0,0,0,0,0
62084,1,1,15,15,15,15,15,15,15,15,15,15
62084,2,1,0,0,0,0,0,0,0,0,0,0
62085,1,1,0,0,0,0,0,0,0,0,0,0
62085,2,1,0,0,0,0,0,0,0,0,0,0
62086,0,1,39,39,39,39,39,39,39,39,39,39
62086,1,1,0,0,0,20,0,31,0,0,0,0
62087,1,1,0,0,0,0,0,0,0,11,0,14
62088,1,1,0,0,0,0,0,0,0,0,0,0
62089,1,1,5,5,5,5,5,5,5,5,5,5
62089,2,1,0,0,0,0,0,0,0,0,0,0
62090,0,1,0,0,0,0,0,0,0,0,0,0
62090,1,1,0,0,0,0,0,0,0,0,0,0
62090,2,1,0,0,0,0,0,0,0,0,0,0
62090,3,1,0,0,0,0,0,0,0,0,0,0
62091,0,1,0,0,0,0,0,0,0,0,0,0
62091,1,1,22,2,0,25,0,0,27,32,15,14
62092,1,1,17,17,17,17,17,17,17,17,17,17
62093,1,1,0,0,0,0,0,0,0,0,0,0
62093,2,1,0,0,0,0,0,0,0,7,0,0
62094,1,1,0,0,0,0,0,0,0,0,0,0
62095,1,1,0,0,0,0,0,0,0,0,0,0
62096,0,1,0,0,0,0,0,0,0,0,0,0
62096,1,1,0,0,0,0,0,0,0,0,0,0
62097,1,1,22,22,22,22,22,22,22,22,22,22
62098,0,1,0,0,0,0,0,0,0,0,0,0
62098,1,1,0,0,0,0,0,0,0,0,0,0
62099,0,1,0,0,0,0,0,0,0,0,0,0
62099,0,2,0,25,0,34,0,0,11,10,10,0
62099,1,1,0,0,0,0,0,0,0,0,0,0
62100,1,1,0,0,0,0,0,0,0,0,0,0
62100,2,1,0,0,0,0,0,0,0,0,0,0
62101,1,1,20,20,20,20,20,20,20,20,20,20
62101,2,1,0,0,0,0,0,0,0,0,0,0
62101,3,1,4,22,0,0,0,0,0,0,0,0
62102,0,1,0,0,0,0,0,0,0,0,0,0
62102,1,1,0,0,0,0,0,0,0,0,0,0
62102,2,1,0,0,0,3,0,0,12,0,0,0
62103,0,1,0,0,0,0,0,0,0,0,0,0
62103,1,1,0,0,0,0,0,0,0,0,0,0
62103,2,1,0,0,0,0,0,0,0,0,14,0
62104,1,1,0,0,0,0,0,0,0,0,0,0
62105,1,1,0,0,0,0,0,0,0,0,0,0
62106,1,1,24,24,24,24,24,24,24,24,24,24
62106,2,1,0,0,0,0,0,0,0,0,0,35
62107,1,1,0,0,0,0,0,0,0,0,0,0
62107,2,1,0,0,0,0,0,0,0,0,0,0
62108,0,1,34,34,34,34,34,34,34,34,34,34
62108,1,1,0,0,0,0,0,0,0,0,0,0
62109,1,1,0,0,0,0,0,0,0,0,0,0
62110,1,1,0,0,0,0,0,0,0,0,0,0
62110,2,1,0,0,0,0,0,0,0,0,0,0
62110,3,1,0,0,0,0,36,0,0,0,27,0
62111,1,1,0,0,0,0,0,0,0,0,0,0
62111,2,1,0,0,0,0,0,0,0,0,0,0
62112,1,1,19,19,19,19,19,19,19,19,19,19
62113,1,1,0,0,0,0,0,0,0,0,0,0
62113,2,1,0,0,0,0,0,0,0,0,0,0
62114,0,1,0,0,0,0,0,0,0,0,0,0
62114,1,1,0,0,0,0,0,0,0,0,0,0
62115,1,1,0,0,0,0,0,0,0,0,0,0
62116,1,1,0,0,0,0,0,0,0,0,0,0
62116,2,1,0,0,0,0,0,0,0,0,0,0
62117,1,1,0,0,0,0,0,0,0,0,0,0
62117,2,1,0,0,0,0,17,0,0,0,0,0
62118,0,1,12,24,0,0,39,0,0,36,12,0
62118,1,1,9,0,0,0,0,20,0,9,18,0
62119,1,1,33,17,25,14,14,18,13,22,12,11
62120,1,1,0,0,0,0,0,24,0,13,0,0
62120,2,1,9,0,0,7,0,2,0,0,0,12
62120,3,1,0,0,0,0,0,0,0,0,12,0
62121,1,1,12,12,12,12,12,12,12,12,12,12
62122,1,1,0,0,0,0,0,0,0,0,0,0
62123,1,1,0,0,0,0,0,0,0,0,0,0
62124,1,1,0,0,0,0,0,9,0,0,0,0
62124,2,1,11,0,0,0,0,13,25,0,0,0
62125,1,1,0,0,25,0,0,0,0,0,0,0
62127,1,1,16,16,16,16,16,16,16,16,16,16
62128,1,1,0,0,25,0,0,22,0,17,0,0
62128,2,1,0,0,0,0,0,0,0,0,0,0
62129,0,1,38,24,15,24,23,0,32,7,22,22
62129,1,1,0,0,0,0,0,0,0,17,12,0
62129,2,1,0,0,0,8,0,0,0,0,0,0
62130,0,1,0,0,0,0,0,0,0,0,0,0
62130,1,1,0,0,0,0,0,0,0,0,0,0
62131,1,1,0,0,0,0,0,0,0,0,11,0
62131,2,1,0,0,0,0,0,0,0,0,0,0
62131,3,1,0,0,0,0,0,0,0,0,0,0
62131,4,1,0,16,0,0,0,0,0,11,0,0
62131,5,1,0,0,0,0,0,0,0,0,0,0
62131,6,1,0,26,0,0,0,0,0,0,0,0
62132,1,1,13,13,13,13,13,13,13,13,13,13
62133,1,1,0,0,0,0,0,0,0,0,0,0
62133,2,1,0,0,13,0,0,14,0,0,0,24
62134,0,1,0,0,0,0,0,0,0,0,0,0
62134,1,1,0,18,0,0,0,0,0,2,0,0
62135,1,1,12,0,16,0,21,0,0,0,5,9
62135,2,1,0,0,0,0,0,0,0,0,0,0
62136,1,1,31,31,31,31,31,31,31,31,31,31
62137,1,1,13,13,13,13,13,13,13,13,13,13
62138,1,1,0,0,0,0,0,0,0,0,0,0
62138,2,1,0,0,0,0,0,0,0,0,0,0
62138,3,1,0,0,0,0,0,0,0,0,0,0
62139,0,1,8,8,8,8,8,8,8,8,8,8
62139,1,1,0,0,22,0,20,0,11,17,0,0
62140,1,1,0,0,0,0,0,0,0,0,0,0
62140,2,1,0,0,0,0,0,0,0,0,16,0
62141,1,1,27,15,11,8,29,15,15,16,23,11
62142,1,1,0,0,0,0,0,0,0,0,0,0
62142,2,1,10,18,0,17,0,0,0,0,0,0
62143,1,1,16,16,16,16,16,16,16,16,16,16
62144,1,1,0,0,0,0,0,0,0,0,0,0
62144,2,1,0,0,0,0,0,0,0,0,0,0
62145,1,1,0,0,0,0,0,0,0,0,0,0
62145,2,1,0,0,0,0,0,0,0,0,0,0
62146,1,1,11,11,11,11,11,11,11,11,11,11
62146,2,1,0,0,0,0,0,0,14,0,0,0
62147,1,1,0,0,0,0,0,0,0,0,0,0
62147,2,1,39,0,0,0,0,0,0,0,0,0
62147,3,1,0,0,0,0,0,4,0,18,0,0
62148,1,1,30,30,30,30,30,30,30,30,30,30
62148,2,1,0,0,0,18,0,0,0,0,0,17
62149,0,1,17,17,17,17,17,17,17,17,17,17
62149,1,1,0,15,0,0,0,0,0,0,0,0
62150,1,1,0,11,11,0,0,0,0,0,13,0
62151,1,1,0,0,0,0,0,0,0,0,0,0
62151,2,1,0,0,0,0,0,0,0,0,0,0
62151,3,1,0,0,0,0,0,0,0,11,0,0
62152,1,1,0,0,0,0,0,0,0,0,0,0
62153,1,1,0,0,0,0,11,0,0,0,0,0
62153,2,1,0,0,0,0,0,0,0,0,0,0
62154,1,1,0,0,0,0,0,0,0,0,0,0
62155,1,1,0,0,0,0,0,0,0,0,0,0
62156,1,1,0,0,0,0,0,0,0,0,0,0
62156,2,1,0,0,0,0,0,0,0,0,0,0
62156,3,1,0,0,0,0,10,0,0,0,0,0
62157,1,1,40,40,40,40,40,40,40,40,40,40
62158,1,1,0,0,0,0,0,0,0,0,0,0
62159,1,1,0,0,0,0,0,0,0,0,0,0
62159,2,1,0,0,0,12,0,29,18,0,0,0
62160,1,1,0,0,0,0,0,0,0,0,0,0
62161,0,1,5,5,5,5,5,5,5,5,5,5
62161,1,1,0,0,0,0,0,0,0,0,0,0
62162,1,1,30,30,30,30,30,30,30,30,30,30
62163,1,1,12,12,12,12,12,12,12,12,12,12
62164,1,1,0,0,0,0,0,0,0,0,0,0
62165,1,1,17,17,17,17,17,17,17,17,17,17
62166,1,1,0,0,0,0,0,0,0,0,0,0
62167,0,1,0,0,0,0,0,0,0,0,0,0
62167,1,1,0,3,0,16,0,0,0,0,0,0
62168,1,1,0,0,0,0,0,0,0,0,0,0
62168,2,1,0,0,11,0,0,0,0,0,4,0
62169,1,1,0,0,0,16,0,17,8,0,0,10
62169,2,1,0,0,0,0,0,0,0,0,0,0
62170,1,1,11,11,11,11,11,11,11,11,11,11
62171,1,1,0,0,0,0,0,0,0,0,0,0
62171,2,1,0,0,0,0,0,0,0,0,0,0
62171,3,1,0,0,0,0,0,0,0,0,0,0
62172,0,1,0,0,0,0,0,0,0,0,0,0
62172,1,1,0,0,0,24,0,0,13,0,9,0
62173,1,1,0,0,0,0,0,0,0,0,0,0
62174,0,1,15,15,15,15,15,15,15,15,15,15
62174,1,1,0,0,0,0,0,0,0,0,9,3
62175,0,1,19,19,19,19,19,19,19,19,19,19
62175,1,1,0,32,0,0,0,0,0,0,0,0
62176,1,1,0,0,0,0,14,0,0,0,0,0
62177,1,1,0,0,0,0,0,0,0,0,0,0
62178,0,1,40,40,40,40,40,40,40,40,40,40
62178,1,1,4,0,4,3,2,4,0,0,12,9
62179,1,1,0,0,0,0,0,0,0,0,0,0
62180,1,1,19,19,19,19,19,19,19,19,19,19
62181,1,1,0,0,0,0,0,0,0,0,0,0
62181,2,1,0,0,0,0,11,0,0,0,0,0
62181,3,1,25,0,0,0,0,0,0,0,0,0
62182,1,1,0,0,0,0,0,0,0,0,0,0
62182,2,1,0,0,0,0,0,0,0,0,0,0
62182,3,1,0,0,0,0,0,0,0,0,0,0
62183,1,1,0,0,0,0,0,0,0,0,0,0
62184,1,1,22,22,22,22,22,22,22,22,22,22
62184,2,1,0,0,0,0,2,0,0,7,0,0
62184,3,1,0,0,0,0,9,0,0,0,0,0
62185,1,1,11,11,11,11,11,11,11,11,11,11
62186,0,1,0,0,0,0,0,0,0,0,0,0
62186,1,1,0,0,0,0,0,0,0,0,0,0
62187,1,1,0,0,0,0,0,0,0,0,0,0
62188,0,1,0,0,0,0,0,0,0,0,0,0
62188,1,1,0,0,0,0,0,0,0,0,0,0
62189,1,1,0,0,0,0,0,0,0,0,0,0
62189,2,1,0,0,0,0,0,0,0,0,0,0
62190,0,1,0,0,0,0,0,0,0,0,0,0
62190,1,1,0,0,0,0,0,0,0,0,0,0
62191,1,1,1,1,1,1,1,1,1,1,1,1
62192,1,1,21,21,21,21,21,21,21,21,21,21
62193,1,1,0,0,20,0,0,0,0,0,0,0
62193,2,1,0,0,0,0,0,0,0,0,0,0
62194,1,1,0,0,0,0,0,0,0,0,0,0
62194,2,1,0,0,0,0,0,22,0,0,0,0
62195,0,1,0,0,0,0,0,0,0,0,0,0
62195,1,1,0,0,0,0,0,0,0,0,0,0
62195,2,1,0,0,0,0,0,0,0,0,0,0
62196,1,1,0,0,0,0,0,0,11,0,0,26
62197,0,1,0,0,0,0,0,0,0,0,0,0
62197,1,1,0,0,25,0,0,0,0,0,0,0
62198,1,1,0,0,0,0,0,0,0,0,0,0
62199,0,1,0,0,0,0,0,0,0,0,0,0
62199,1,1,7,21,13,22,12,24,10,31,4,5
62200,1,1,0,0,0,0,0,0,0,0,0,0
62200,2,1,0,0,0,27,34,0,0,0,8,27
62200,3,1,26,0,16,11,30,18,0,14,19,17
62201,1,1,0,0,0,0,0,0,0,0,0,0
62201,2,1,11,11,11,11,11,11,11,11,11,11
62202,1,1,0,0,0,0,0,0,0,0,0,0
62203,1,1,13,15,0,17,33,0,33,9,10,23
62204,1,1,0,0,0,0,0,0,0,0,0,0
62204,2,1,0,0,0,0,0,0,0,0,0,0
62205,1,1,0,0,0,0,0,0,0,0,0,0
62205,2,1,0,0,0,0,0,0,0,0,0,0
62206,1,1,26,14,0,0,0,0,0,0,0,0
62206,2,1,0,0,0,0,0,0,0,0,0,0
62206,3,1,0,0,0,0,0,0,0,0,0,0
62207,1,1,20,20,20,20,20,20,20,20,20,20
62207,2,1,0,0,22,7,4,19,0,9,0,0
62208,0,1,2,2,2,2,2,2,2,2,2,2
62208,1,1,0,0,0,12,0,0,15,0,0,0
62209,1,1,17,17,17,17,17,17,17,17,17,17
62209,2,1,0,0,0,0,0,0,0,0,0,0
62210,1,1,0,0,0,0,0,0,0,0,0,0
62211,1,1,20,20,20,20,20,20,20,20,20,20
62212,1,1,21,21,21,21,21,21,21,21,21,21
62213,1,1,23,23,23,23,23,23,23,23,23,23
62213,2,1,0,21,0,0,13,0,0,26,0,0
62214,1,1,9,17,27,17,17,13,21,12,28,31
62215,1,1,0,0,0,0,0,11,0,0,0,0
62215,2,1,2,2,2,2,2,2,2,2,2,2
62216,1,1,0,0,0,0,0,0,0,0,0,0
62216,2,1,0,0,0,0,0,0,0,0,0,0
62216,3,1,0,19,0,0,0,0,0,0,0,0
62217,1,1,0,0,0,0,0,0,0,0,0,0
62218,0,1,0,0,0,0,0,0,0,0,0,0
62218,1,1,0,0,30,0,0,0,0,0,27,0
62219,1,1,0,0,0,0,0,0,0,0,0,0
62220,1,1,0,0,0,0,0,0,0,0,0,0
62220,2,1,0,0,0,0,0,0,0,0,0,0
62221,1,1,0,0,0,0,0,0,0,0,0,0
62222,1,1,16,16,16,16,16,16,16,16,16,16
62223,1,1,13,13,13,13,13,13,13,13,13,13
62224,1,1,0,0,0,0,0,0,0,0,0,0
62224,2,1,0,0,0,0,0,0,0,0,0,0
62225,1,1,27,27,27,27,27,27,27,27,27,27
62226,1,1,8,8,8,8,8,8,8,8,8,8
62227,1,1,0,0,0,0,0,0,0,0,0,0
62228,1,1,0,0,0,0,0,0,0,0,0,0
62228,2,1,0,0,0,15,0,0,0,0,0,0
62229,0,1,0,0,0,0,0,0,0,0,0,0
62229,1,1,7,0,16,0,0,0,34,10,0,10
62230,1,1,0,0,0,0,0,0,0,0,0,0
62230,2,1,0,0,0,0,0,0,0,0,0,0
62230,3,1,0,0,0,0,0,0,0,0,0,0
62230,4,1,0,0,0,0,0,0,0,0,0,0
62231,1,1,0,0,0,0,0,0,0,0,0,0
62232,0,1,0,0,0,0,0,0,0,0,0,0
62232,1,1,0,0,0,0,0,0,0,20,0,0
62233,1,1,7,8,13,9,6,0,16,16,0,22
62233,2,1,0,0,0,0,0,0,0,0,0,0
62234,1,1,20,20,20,20,20,20,20,20,20,20
62234,2,1,0,0,0,0,0,0,0,0,0,0
62235,1,1,0,0,0,0,8,0,0,0,0,0
62235,2,1,0,0,0,16,15,21,0,14,0,0
62236,0,1,0,0,0,0,0,0,0,0,0,0
62236,1,1,6,0,7,0,5,0,7,6,0,0
62237,1,1,0,0,0,0,0,0,0,0,0,0
62238,1,1,14,14,14,14,14,14,14,14,14,14
62239,1,1,0,0,0,0,0,0,0,0,0,0
62240,1,1,0,0,0,0,0,0,0,0,0,0
62240,2,1,0,0,10,0,0,0,0,0,11,0
62240,3,1,0,0,0,0,0,0,0,0,0,0
62240,4,1,0,0,0,0,0,0,0,0,0,21
62241,1,1,0,0,0,0,0,0,0,0,0,0
62242,1,1,33,33,33,33,33,33,33,33,33,33
62243,1,1,14,14,14,14,14,14,14,14,14,14
62243,2,1,0,0,0,0,0,0,0,0,0,0
62244,1,1,0,0,0,0,0,0,0,0,0,0
62245,1,1,18,19,13,24,25,18,19,33,35,13
62246,1,1,20,0,0,0,0,0,0,0,9,0
62247,1,1,15,15,15,15,15,15,15,15,15,15
62248,1,1,0,0,0,0,0,0,0,0,0,0
62248,2,1,0,0,0,0,0,0,0,0,0,25
62249,1,1,0,0,0,0,0,8,0,0,0,0
62249,2,1,0,0,0,0,0,0,0,0,0,0
62249,3,1,0,0,0,0,0,0,0,0,0,0
62249,4,1,0,0,0,0,0,0,0,0,0,0
62250,1,1,0,0,0,0,0,0,0,0,0,0
62250,2,1,0,0,0,0,0,0,0,0,0,0
62250,3,1,0,0,0,0,0,0,0,0,0,0
62250,4,1,0,0,0,0,0,0,0,0,0,0
62251,0,1,18,18,18,18,18,18,18,18,18,18
62251,1,1,0,0,0,0,0,0,0,0,0,0
62252,1,1,0,0,0,0,0,0,0,0,0,0
62253,1,1,0,0,0,0,0,0,0,0,0,0
62254,0,1,0,0,0,0,0,0,0,0,0,0
62254,1,1,0,0,0,0,0,0,0,0,0,0
62255,0,1,25,25,25,25,25,25,25,25,25,25
62255,1,1,0,0,14,0,26,42,9,0,0,6
62256,1,1,41,41,41,41,41,41,41,41,41,41
62257,1,1,0,20,0,0,0,0,0,0,0,4
62257,2,1,0,0,0,0,0,0,0,0,0,0
62258,0,1,0,0,0,0,0,0,0,0,0,0
62258,1,1,0,5,0,27,0,0,9,0,0,0
62259,1,1,0,18,0,0,27,0,0,0,0,0
62260,1,1,0,0,0,0,0,0,0,0,0,0
62261,1,1,31,31,31,31,31,31,31,31,31,31
62261,2,1,0,0,0,0,0,0,0,0,0,0
62262,1,1,0,0,0,0,0,0,0,0,0,0
62262,2,1,14,0,0,0,0,0,0,0,0,0
62262,3,1,0,0,0,0,0,0,0,0,0,0
62263,0,1,0,0,0,0,0,0,0,0,0,0
62263,1,1,0,0,0,0,0,0,0,0,0,0
62264,1,1,0,0,0,0,0,0,0,0,0,0
62264,2,1,0,0,0,0,0,0,0,0,0,0
62265,1,1,0,0,0,0,0,0,0,0,0,0
62266,1,1,0,0,0,0,0,0,0,0,0,0
62266,2,1,0,0,0,0,0,0,0,0,0,0
62267,0,1,0,0,0,0,0,0,0,0,0,0
62267,1,1,0,0,0,0,0,0,0,0,0,0
62268,1,1,25,25,25,25,25,25,25,25,25,25
62269,0,1,0,37,0,0,0,0,0,0,0,0
62269,0,2,0,0,0,0,0,0,0,0,20,0
62269,1,1,0,0,0,0,0,0,0,0,0,0
62270,1,1,15,15,15,15,15,15,15,15,15,15
62271,0,1,0,0,0,0,0,0,0,0,0,0
62271,2,1,0,0,0,0,0,0,0,0,0,0
62272,1,1,23,23,23,23,23,23,23,23,23,23
62272,2,1,0,0,0,0,10,0,0,0,0,0
62272,3,1,0,0,0,0,0,0,0,0,0,0
62272,4,1,0,0,0,0,0,0,0,0,0,0
62273,0,1,4,4,4,4,4,4,4,4,4,4
62273,1,1,17,15,16,0,13,0,0,0,16,5
62274,1,1,0,0,0,0,0,0,0,0,0,0
62275,1,1,0,0,0,0,0,0,0,0,0,0
62276,0,1,0,0,0,0,0,0,0,0,0,0
62276,1,1,18,18,18,18,18,18,18,18,18,18
62277,1,1,0,0,0,0,0,0,0,0,0,0
62278,1,1,0,0,0,0,0,0,0,0,0,0
62279,1,1,4,4,4,4,4,4,4,4,4,4
62281,1,1,14,14,14,14,14,14,14,14,14,14
62282,1,1,1,1,1,1,1,1,1,1,1,1
62282,2,1,0,0,0,0,0,0,0,0,0,9
62283,1,1,0,0,0,0,14,0,0,0,0,0
62283,2,1,0,0,0,0,0,0,0,0,0,0
62283,3,1,0,0,0,0,0,0,0,0,0,0
62284,1,1,0,0,0,0,0,0,0,0,0,0
62285,0,1,0,0,0,0,0,0,0,0,0,0
62285,1,1,0,0,0,0,0,0,0,0,0,0
62286,1,1,0,0,0,0,0,0,0,0,0,0
62286,2,1,0,0,0,0,0,0,0,0,0,0
62287,1,1,0,0,0,0,0,0,0,0,0,0
62287,3,1,0,0,0,0,0,0,0,0,0,0
62287,4,1,0,0,0,0,0,0,0,0,0,0
62288,1,1,0,0,0,0,0,0,0,0,0,0
62288,2,1,0,0,0,0,0,0,0,0,0,0
62289,1,1,0,0,0,0,0,10,0,0,0,0
62290,0,1,20,20,20,20,20,20,20,20,20,20
62290,1,1,4,0,0,15,18,16,21,10,12,6
62291,1,1,0,0,0,0,0,0,0,0,0,0
62292,1,1,0,0,0,0,0,0,0,0,0,0
62292,2,1,0,0,0,0,0,0,0,0,0,0
62293,1,1,0,0,0,0,0,0,0,0,0,0
62294,0,1,0,0,0,0,0,0,0,0,0,0
62294,2,1,0,0,0,14,0,0,0,0,0,0
62295,0,1,0,0,0,0,0,0,0,0,0,0
62295,1,1,0,0,0,0,0,0,0,35,0,0
62295,2,1,0,0,0,0,0,0,0,0,0,0
62296,1,1,4,4,4,4,4,4,4,4,4,4
62297,1,1,0,0,0,0,0,0,0,0,0,0
62297,2,1,0,0,0,0,0,0,0,0,0,28
62298,1,1,34,34,34,34,34,34,34,34,34,34
62298,2,1,0,0,0,0,0,0,0,0,0,0
62299,1,1,27,0,8,0,0,0,5,0,21,0
62300,1,1,10,10,10,10,10,10,10,10,10,10
62300,2,1,0,0,0,0,0,0,0,0,0,0
62301,1,1,0,0,0,0,0,0,0,0,0,0
62301,2,1,6,0,0,0,0,0,0,0,0,0
62302,1,1,0,0,0,0,0,0,0,0,0,0
62302,2,1,0,0,0,0,0,0,0,0,0,0
62303,1,1,0,0,8,0,7,0,0,0,0,0
62303,2,1,0,0,0,0,0,0,9,0,27,0
62304,1,1,20,20,20,20,20,20,20,20,20,20
62304,2,1,1,1,1,1,1,1,1,1,1,1
62305,1,1,0,0,0,0,0,0,0,0,0,0
62306,1,1,0,0,0,0,0,0,0,0,0,0
62306,2,1,0,0,0,0,0,0,0,0,0,0
62306,3,1,0,0,0,0,0,0,0,1,0,0
62307,0,1,8,8,8,8,8,8,8,8,8,8
62307,1,1,0,0,0,0,9,0,0,0,0,0
62308,0,1,33,33,33,33,33,33,33,33,33,33
62308,1,1,0,0,0,0,0,0,0,0,0,0
62309,1,1,18,18,18,18,18,18,18,18,18,18