ST_CASE,VEH_NO,PER_NO,P1,P2,P3,P4,P5,P6,P7,P8,P9,P10
62310,1,1,0,0,0,0,0,0,0,0,0,0
62310,2,1,0,0,0,0,0,0,0,0,0,0
62311,1,1,0,0,0,0,16,0,0,0,0,0
62311,2,1,23,23,23,23,23,23,23,23,23,23
62312,1,1,0,0,0,0,0,0,0,0,0,0
62313,1,1,0,0,0,0,0,0,0,0,0,0
62313,2,1,0,0,0,0,0,0,0,0,0,0
62314,1,1,0,0,0,0,0,0,0,0,0,0
62314,2,1,0,0,0,0,0,0,0,0,0,0
62314,3,1,0,0,0,0,15,9,0,2,4,0
62315,1,1,0,0,0,0,0,21,0,0,0,0
62315,2,1,0,0,0,0,0,0,0,0,0,0
62316,1,1,0,10,0,0,0,0,0,0,0,0
62316,2,1,0,0,0,0,0,17,3,23,0,0
62317,0,1,0,0,0,0,0,0,0,0,0,0
62317,1,1,0,0,0,0,0,0,0,0,0,0
62318,1,1,0,0,0,0,0,0,0,0,0,0
62319,0,1,0,0,0,0,0,0,0,0,0,0
62319,1,1,0,0,0,0,0,0,0,0,0,0
62320,0,1,18,18,18,18,18,18,18,18,18,18
62320,1,1,0,0,0,0,0,0,0,0,0,0
62321,1,1,0,0,0,0,0,0,0,0,0,0
62322,1,1,0,0,0,0,0,0,0,0,0,0
62323,0,1,0,0,0,0,0,0,0,0,0,0
62323,1,1,0,0,0,0,0,0,0,0,0,0
62324,0,1,0,0,0,0,0,0,0,0,0,0
62324,0,2,0,0,0,0,0,0,0,0,0,0
62324,1,1,0,0,0,0,21,0,0,0,0,0
62325,1,1,8,11,27,21,12,27,5,26,20,0
62326,1,1,8,8,8,8,8,8,8,8,8,8
62327,1,1,0,0,0,0,0,0,0,0,0,0
62327,2,1,0,0,0,0,0,0,0,11,0,0
62327,3,1,0,19,0,0,30,0,0,0,0,0
62328,0,1,0,0,0,0,0,0,0,0,0,0
62328,1,1,15,8,7,14,14,0,10,0,32,14
62329,0,1,4,4,4,4,4,4,4,4,4,4
62329,1,1,3,3,3,3,3,3,3,3,3,3
62330,1,1,0,0,0,0,14,11,0,0,0,0
62331,1,1,0,0,0,0,0,0,0,0,0,0
62331,2,1,0,0,0,0,0,0,0,0,13,0
62332,1,1,0,0,0,0,0,0,23,0,0,0
62333,1,1,13,13,13,13,13,13,13,13,13,13
62333,2,1,0,0,0,0,0,0,0,0,0,0
62334,1,1,0,0,0,0,0,0,0,0,0,0
62335,1,1,7,7,7,7,7,7,7,7,7,7
62335,2,1,0,0,0,0,0,0,0,0,0,0
62335,3,1,0,0,0,0,0,0,0,0,0,0
62335,4,1,0,0,0,0,0,0,0,0,24,22
62335,5,1,0,0,0,0,0,0,0,0,0,0
62336,1,1,0,0,0,0,0,0,0,0,0,0
62337,1,1,0,0,0,0,0,0,0,0,0,0
62337,2,1,0,0,0,0,0,0,0,0,0,0
62338,0,1,0,0,0,0,0,0,0,0,0,0
62338,1,1,0,6,0,0,0,0,0,0,0,0
62339,1,1,0,0,0,0,0,0,0,0,0,0
62339,2,1,0,0,0,0,0,0,0,0,0,0
62340,0,1,17,32,19,0,17,0,27,0,20,0
62340,1,1,0,0,0,0,0,0,0,0,0,0
62341,0,1,8,8,8,8,8,8,8,8,8,8
62341,0,2,13,11,22,0,27,14,22,23,39,31
62341,1,1,0,0,0,0,0,0,0,0,0,0
62341,3,1,10,19,4,0,0,0,12,0,0,3
62342,1,1,21,21,21,21,21,21,21,21,21,21
62342,2,1,0,0,0,0,0,0,0,0,0,0
62343,1,1,23,23,23,23,23,23,23,23,23,23
62343,2,1,0,0,0,0,0,0,0,0,0,0
62344,0,1,0,0,0,0,0,0,0,0,0,0
62344,1,1,0,0,0,0,0,0,0,0,0,0
62345,1,1,11,21,34,11,18,16,21,10,19,23
62346,1,1,0,0,0,0,0,0,0,0,0,0
62347,0,1,0,0,0,0,0,0,0,0,0,0
62347,1,1,0,0,13,0,0,0,0,0,0,0
62347,2,1,0,0,0,23,0,0,0,0,0,0
62348,1,1,0,0,0,0,0,0,0,0,0,0
62348,2,1,0,0,0,0,0,0,0,0,0,0
62349,1,1,0,0,0,0,0,0,0,0,0,0
62349,2,1,8,0,0,0,0,0,0,0,0,0
62350,1,1,19,19,19,19,19,19,19,19,19,19
62351,1,1,0,0,0,0,0,0,5,0,0,0
62351,2,1,0,0,11,0,0,0,0,0,0,0
62352,1,1,18,18,18,18,18,18,18,18,18,18
62353,0,1,0,0,0,20,0,0,4,0,0,0
62353,1,1,10,0,0,0,6,0,0,0,7,15
62354,1,1,0,0,0,0,0,0,0,0,0,0
62354,2,1,0,0,0,0,0,0,0,0,0,0
62355,1,1,5,0,0,0,0,0,0,0,0,0
62355,2,1,0,0,0,0,0,0,0,0,0,0
62356,0,1,0,0,0,0,0,0,0,0,0,0
62356,1,1,0,0,8,17,10,8,15,21,6,20
62357,0,1,0,0,0,0,0,0,0,0,0,0
62357,1,1,0,0,0,0,0,0,0,0,0,0
62358,1,1,0,0,0,0,0,0,0,0,0,0
62358,2,1,0,0,0,0,0,0,0,0,0,0
62359,1,1,0,0,0,0,0,0,0,0,0,0
62359,2,1,0,0,0,0,0,0,0,0,0,0
62360,1,1,0,0,0,0,0,0,0,0,0,0
62361,1,1,0,0,0,0,0,0,0,0,0,0
62362,1,1,5,5,7,4,7,10,5,4,17,12
62362,2,1,0,0,0,0,0,0,0,0,0,0
62362,3,1,0,0,0,15,0,0,13,0,0,0
62363,1,1,0,0,0,0,0,0,0,0,0,0
62363,2,1,0,0,0,0,0,0,0,0,0,0
62364,1,1,0,0,0,0,0,0,0,0,0,0
62364,2,1,0,0,0,0,0,0,0,0,0,0
62365,1,1,0,0,0,0,0,0,0,0,0,0
62365,2,1,0,0,0,0,0,0,0,0,8,0
62366,1,1,29,29,29,29,29,29,29,29,29,29
62366,2,1,3,16,12,8,13,32,11,6,2,10
62367,1,1,0,0,0,0,0,0,0,0,0,0
62367,2,1,0,0,0,0,0,0,0,0,0,0
62368,0,1,0,27,0,0,0,0,0,16,0,19
62368,1,1,0,0,0,0,0,0,0,0,0,0
62369,1,1,0,17,12,8,16,0,14,0,11,23
62370,1,1,0,0,0,0,0,0,0,0,0,0
62371,1,1,27,27,27,27,27,27,27,27,27,27
62371,2,1,0,0,0,0,0,0,0,0,0,0
62372,1,1,0,0,0,0,0,0,0,0,0,0
62372,2,1,0,0,0,0,0,0,0,0,0,0
62373,1,1,0,0,0,0,0,0,0,0,0,0
62374,0,1,0,0,0,0,0,0,0,0,0,0
62374,1,1,0,0,0,0,0,0,0,0,0,0
62375,0,1,24,24,24,24,24,24,24,24,24,24
62375,1,1,0,0,0,16,0,0,0,28,0,0
62376,0,1,8,8,8,8,8,8,8,8,8,8
62376,0,2,0,0,0,0,0,30,0,0,0,8
62376,1,1,0,0,0,22,12,0,0,0,26,0
62377,1,1,45,45,45,45,45,45,45,45,45,45
62377,2,1,0,0,0,0,0,0,0,0,0,0
62377,3,1,0,0,0,0,0,0,0,0,0,0
62378,1,1,0,0,0,0,0,0,0,0,0,0
62379,1,1,0,0,0,0,0,0,0,0,0,0
62380,1,1,0,0,0,0,0,0,0,0,0,0
62380,2,1,0,0,0,0,0,0,0,0,0,0
62381,1,1,8,8,8,8,8,8,8,8,8,8
62381,2,1,0,27,14,14,5,19,12,15,10,13
62381,3,1,0,0,0,0,0,0,0,16,0,0
62382,1,1,7,7,7,7,7,7,7,7,7,7
62383,0,1,0,0,0,0,0,14,0,0,0,0
62383,0,2,0,0,0,0,0,0,0,0,0,0
62383,1,1,0,0,0,0,0,0,0,0,0,0
62384,1,1,0,0,0,0,0,0,0,0,0,0
62384,2,1,0,0,0,0,0,0,0,0,0,0
62385,0,1,0,0,0,0,0,0,0,0,0,0
62385,1,1,0,0,0,0,0,0,0,0,0,0
62386,1,1,0,0,0,0,0,0,0,0,0,0
62386,2,1,0,0,0,0,0,0,0,0,0,0
62387,1,1,0,0,0,0,0,0,0,0,0,0
62387,2,1,22,9,10,26,0,20,16,0,35,0
62388,1,1,0,0,0,0,0,0,0,0,0,0
62389,1,1,0,0,0,0,0,0,0,0,0,0
62389,2,1,0,18,0,0,0,0,14,11,12,0
62390,1,1,0,0,0,0,0,0,0,0,0,0
62391,0,1,0,0,0,0,0,0,0,0,0,0
62391,1,1,0,0,5,0,0,0,0,0,0,0
62392,1,1,0,0,0,0,0,0,0,0,0,0
62392,2,1,0,0,0,0,0,0,15,0,0,0
62393,1,1,0,0,0,0,0,0,0,0,0,0
62394,1,1,26,26,26,26,26,26,26,26,26,26
62394,2,1,0,0,0,0,0,0,0,0,0,0
62395,1,1,0,0,0,0,0,0,0,0,0,0
62396,0,1,0,3,0,6,0,0,0,0,9,0
62396,1,1,17,17,17,17,17,17,17,17,17,17
62397,1,1,0,0,0,0,0,0,0,0,0,0
62397,2,1,0,0,0,0,0,0,0,0,0,0
62398,0,1,22,22,22,22,22,22,22,22,22,22
62398,1,1,0,0,0,0,0,0,0,0,0,0
62398,2,1,0,0,0,0,0,0,0,0,0,0
62399,1,1,0,0,0,0,0,0,0,0,0,0
62400,1,1,11,11,11,11,11,11,11,11,11,11
62400,2,1,0,0,0,0,0,0,0,0,0,0
62401,1,1,0,0,0,0,0,0,0,0,0,0
62402,1,1,23,23,23,23,23,23,23,23,23,23
62403,0,1,25,16,0,10,0,42,16,0,26,20
62403,1,1,0,0,0,0,11,0,5,0,0,0
62404,1,1,0,0,0,0,0,0,0,0,0,0
62404,2,1,0,0,0,0,0,0,0,0,0,0
62405,1,1,0,0,0,0,0,0,0,0,0,0
62406,1,1,0,0,0,0,0,0,0,0,0,0
62407,0,1,0,0,0,0,0,0,0,0,23,0
62407,1,1,0,0,0,0,0,0,0,0,0,0
62408,0,1,0,0,0,0,0,0,0,0,0,0
62408,1,1,0,0,0,16,0,0,0,0,0,0
62409,0,1,0,0,0,0,0,0,0,0,0,0
62409,1,1,10,5,8,0,0,15,2,0,23,4
62410,0,1,29,29,29,29,29,29,29,29,29,29
62410,1,1,0,0,0,0,0,0,0,0,0,0
62411,1,1,0,0,0,0,0,0,0,0,0,0
62412,0,1,1,1,1,1,1,1,1,1,1,1
62412,1,1,23,23,23,23,23,23,23,23,23,23
62413,1,1,0,19,0,0,0,12,12,0,0,0
62413,2,1,22,22,22,22,22,22,22,22,22,22
62414,0,1,0,0,0,0,0,0,0,0,0,0
62414,1,1,0,0,0,0,0,0,0,0,0,0
62415,0,1,0,0,0,0,0,0,0,0,0,0
62415,1,1,0,0,0,0,0,0,0,0,0,0
62416,0,1,0,0,0,0,0,0,0,0,0,0
62416,1,1,0,0,0,0,0,0,0,0,0,0
62417,1,1,9,9,9,9,9,9,9,9,9,9
62418,1,1,15,15,15,15,15,15,15,15,15,15
62419,1,1,9,0,0,0,4,0,0,0,0,0
62420,0,1,0,0,0,0,0,0,0,0,0,0
62420,1,1,0,0,0,0,0,24,0,0,0,0
62421,0,1,0,0,0,0,0,0,0,0,0,0
62421,1,1,0,0,0,0,0,0,0,0,0,0
62422,0,1,0,0,0,0,0,0,0,0,0,0
62422,1,1,0,0,0,0,0,0,0,0,0,0
62423,1,1,26,26,26,26,26,26,26,26,26,26
62424,0,1,0,0,0,0,0,0,0,0,0,0
62424,1,1,2,0,0,14,11,0,0,0,0,6
62425,0,1,0,0,0,0,0,0,0,0,0,0
62425,1,1,0,0,0,0,6,9,0,11,0,0
62425,2,1,0,13,8,17,0,0,17,40,32,0
62426,1,1,0,0,0,0,0,0,0,0,0,0
62426,2,1,12,0,0,0,0,0,0,0,0,0
62427,1,1,0,0,0,0,0,0,0,0,0,0
62428,0,1,0,0,0,0,0,0,0,0,0,0
62428,1,1,0,0,0,0,0,0,0,0,0,0
62429,1,1,0,0,0,0,0,0,0,0,0,0
62430,1,1,0,32,0,0,0,0,0,13,0,18
62431,1,1,0,0,0,0,0,0,0,0,0,0
62432,0,1,0,0,0,0,0,0,40,0,0,0
62432,0,2,28,18,11,0,0,0,0,0,0,8
62432,1,1,7,7,23,15,7,0,21,14,18,23
62433,1,1,0,0,0,0,0,0,0,0,0,0
62434,1,1,0,0,0,0,0,0,0,0,0,0
62435,1,1,0,0,0,0,0,0,0,0,0,0
62435,2,1,0,0,0,0,0,0,9,0,0,0
62436,1,1,0,0,0,0,0,0,0,0,0,0
62436,2,1,0,0,0,0,0,0,0,0,0,0
62437,0,1,22,22,22,22,22,22,22,22,22,22
62437,1,1,0,12,14,0,0,31,0,0,19,0
62438,1,1,0,0,0,0,0,0,15,0,0,0
62439,1,1,2,2,2,2,2,2,2,2,2,2
62440,0,1,0,0,0,0,0,0,0,0,0,0
62440,1,1,0,0,0,0,0,3,13,0,0,0
62441,1,1,0,0,0,0,0,0,0,0,0,0
62441,2,1,0,0,0,0,0,0,0,0,0,0
62441,3,1,0,0,0,0,0,0,0,30,0,0
62442,0,1,0,0,0,0,0,0,0,0,0,0
62442,1,1,0,0,0,0,0,21,0,0,0,0
62443,0,1,0,0,0,0,0,0,0,0,0,0
62443,1,1,11,0,22,0,0,0,0,12,0,8
62444,0,1,0,0,0,0,0,0,0,17,0,9
62444,1,1,0,0,0,0,0,0,0,9,0,0
62445,1,1,0,0,0,0,0,0,0,0,0,0
62446,1,1,17,17,17,17,17,17,17,17,17,17
62446,2,1,0,0,0,0,0,0,0,0,0,0
62447,1,1,0,0,0,0,0,0,0,0,0,0
62448,0,1,0,0,0,0,0,0,0,0,0,0
62448,1,1,0,10,0,0,0,0,0,0,0,0
62449,0,1,27,27,27,27,27,27,27,27,27,27
62449,1,1,0,0,0,0,21,0,0,0,0,0
62450,1,1,19,20,0,24,16,18,5,8,0,12
62450,2,1,0,0,0,0,0,0,0,0,0,0
62451,0,1,0,0,0,0,0,0,0,0,0,0
62451,1,1,0,10,0,27,18,8,0,0,4,3
62451,2,1,6,11,0,0,12,15,10,14,0,6
62452,1,1,9,6,11,10,9,0,0,21,0,10
62452,2,1,13,13,13,13,13,13,13,13,13,13
62453,0,1,0,0,0,0,0,0,0,0,0,0
62453,1,1,0,0,0,0,0,0,0,0,0,0
62454,0,1,18,18,18,18,18,18,18,18,18,18
62454,1,1,11,14,0,0,0,0,10,11,0,2
62455,1,1,0,0,0,0,0,0,0,0,0,0
62455,2,1,0,0,0,0,0,0,0,0,0,0
62455,3,1,0,0,0,0,0,0,5,0,0,0
62455,4,1,0,0,0,0,0,0,6,0,0,0
62456,1,1,0,0,0,0,0,0,0,0,0,0
62456,2,1,0,0,0,0,0,0,0,0,0,0
62457,1,1,0,0,0,0,0,0,0,0,0,0
62457,2,1,0,0,0,0,0,0,0,0,0,0
62458,0,1,0,0,0,0,0,0,0,0,0,0
62458,1,1,0,0,0,0,0,0,0,0,0,0
62459,1,1,0,0,0,0,0,0,0,0,0,0
62459,2,1,0,0,0,0,0,0,0,0,0,0
62459,3,1,0,0,0,0,0,0,0,0,0,0
62460,1,1,9,9,9,9,9,9,9,9,9,9
62461,1,1,0,0,0,0,0,0,0,0,0,0
62461,2,1,0,0,0,0,0,0,0,0,0,0
62462,0,1,0,0,0,0,0,0,0,0,0,0
62462,1,1,0,0,0,0,16,0,0,0,0,0
62463,0,1,27,27,27,27,27,27,27,27,27,27
62463,1,1,0,0,0,0,0,0,0,0,0,0
62464,0,1,0,0,21,0,23,20,22,24,16,18
62464,1,1,24,0,0,0,0,0,0,0,11,0
62465,1,1,0,0,0,0,0,0,0,0,0,0
62465,2,1,0,0,0,0,0,0,0,0,0,0
62465,3,1,0,0,0,0,0,0,0,0,0,0
62466,1,1,0,0,0,0,0,0,0,0,0,0
62466,2,1,0,0,0,15,0,0,0,0,17,0
62467,1,1,0,0,0,0,0,24,0,0,0,0
62467,2,1,0,0,0,0,0,0,0,0,0,0
62468,0,1,0,0,0,0,0,0,0,0,0,0
62468,1,1,0,0,0,0,0,0,0,0,0,0
62469,0,1,0,0,0,0,0,0,0,0,0,0
62469,1,1,0,0,0,0,0,0,0,0,0,0
62470,1,1,0,0,0,0,0,21,0,0,0,0
62470,2,1,2,2,2,2,2,2,2,2,2,2
62471,1,1,20,20,20,20,20,20,20,20,20,20
62471,2,1,0,29,0,19,30,7,4,0,12,0
62472,1,1,0,0,0,0,0,0,0,0,0,0
62472,2,1,0,0,0,0,0,0,0,0,0,0
62473,0,1,0,0,0,0,0,0,0,0,0,0
62473,1,1,11,0,0,0,28,6,10,0,14,0
62474,0,1,0,0,13,17,29,0,0,6,0,18
62474,1,1,0,0,0,0,0,0,0,0,0,0
62475,1,1,0,0,0,0,0,0,0,0,0,0
62476,0,1,0,0,0,0,0,24,0,0,0,0
62476,1,1,11,11,0,8,6,0,20,18,13,12
62477,0,1,0,0,0,0,0,0,0,0,0,0
62477,1,1,0,0,0,0,0,0,0,0,0,0
62479,1,1,0,0,0,0,0,0,0,0,0,0
62479,2,1,0,17,0,0,0,0,0,0,0,0
62480,1,1,0,0,0,0,0,0,0,0,0,0
62480,2,1,0,0,0,0,0,0,0,0,0,0
62481,0,1,0,0,0,0,0,0,0,0,0,0
62481,1,1,0,0,0,0,19,0,0,0,0,0
62482,0,1,0,0,0,0,0,0,0,0,0,0
62482,1,1,2,0,7,10,0,24,2,0,0,15
62483,1,1,32,32,32,32,32,32,32,32,32,32
62484,1,1,0,0,0,0,0,0,0,0,0,0
62484,2,1,10,0,0,0,0,0,0,0,0,0
62485,1,1,2,2,2,2,2,2,2,2,2,2
62486,1,1,16,0,0,0,14,0,0,18,0,10
62486,2,1,0,0,0,0,0,0,0,0,0,0
62487,0,1,0,0,0,0,30,0,0,0,0,0
62487,1,1,0,0,25,0,0,0,0,0,0,0
62488,0,1,0,0,0,0,0,0,0,0,0,0
62488,1,1,0,0,0,0,0,0,0,0,0,0
62489,0,1,0,0,0,0,0,0,0,0,0,0
62489,1,1,29,29,29,29,29,29,29,29,29,29
62490,1,1,0,0,0,0,0,0,0,0,0,0
62490,2,1,17,15,15,13,0,9,19,0,21,10
62491,1,1,0,0,0,0,0,0,0,0,0,0
62491,2,1,0,0,0,0,0,0,0,0,0,0
62492,1,1,10,10,10,10,10,10,10,10,10,10
62492,2,1,0,0,0,0,0,0,0,0,0,0
62493,1,1,0,0,0,0,0,25,0,0,0,0
62493,2,1,0,0,0,0,0,0,0,0,0,0
62494,0,1,20,0,0,26,0,15,0,10,17,0
62494,1,1,0,0,0,0,0,0,0,0,0,0
62495,0,1,0,0,0,0,0,0,0,0,0,0
62495,0,2,0,0,0,0,0,0,0,0,0,0
62495,1,1,0,0,0,0,0,0,0,0,0,0
62496,1,1,0,0,0,0,0,0,0,0,0,0
62496,2,1,0,0,0,0,0,0,0,0,0,0
62496,3,1,0,0,0,0,0,0,0,0,0,0
62497,1,1,0,0,0,0,19,0,0,0,0,0
62497,2,1,0,0,0,0,0,0,12,0,0,0
62497,3,1,25,19,0,4,0,29,0,0,0,16
62497,4,1,0,0,0,0,0,0,0,0,0,0
62498,1,1,0,0,0,0,0,0,0,0,0,0
62498,2,1,0,0,0,0,0,0,0,0,0,0
62499,1,1,5,14,19,14,0,0,0,0,0,14
62499,2,1,8,8,8,8,8,8,8,8,8,8
62499,3,1,0,0,0,0,0,0,0,0,0,0
62500,1,1,0,0,0,0,0,0,0,0,0,0
62500,2,1,0,0,8,0,0,19,0,10,0,0
62501,1,1,1,1,1,1,1,1,1,1,1,1
62501,2,1,0,0,0,0,0,0,0,0,0,0
62501,3,1,0,0,0,0,10,0,0,12,0,0
62501,4,1,0,30,0,0,34,0,0,0,0,0
62501,5,1,0,0,0,0,0,0,0,0,0,0
62501,6,1,0,0,0,0,0,0,0,22,0,0
62501,7,1,0,0,0,0,0,11,9,20,0,0
62502,0,1,0,0,0,0,0,0,0,0,0,0
62502,1,1,0,0,0,0,0,0,0,0,0,0
62503,0,1,0,0,0,0,0,0,0,0,0,0
62503,0,2,43,0,0,0,31,0,0,22,0,0
62503,0,3,24,0,0,0,0,0,20,0,0,0
62503,0,4,0,0,0,33,0,0,0,0,0,0
62503,0,5,0,8,0,0,0,0,0,0,0,0
62503,0,6,14,12,0,20,35,0,26,0,16,0
62503,0,7,13,14,0,0,0,0,0,0,0,0
62503,0,8,0,0,0,12,14,0,0,0,0,0
62503,0,9,0,0,0,0,0,0,0,0,0,0
62503,1,1,8,17,16,0,0,31,0,0,0,30
62504,1,1,12,12,12,12,12,12,12,12,12,12
62505,0,1,12,0,27,0,0,32,9,0,30,0
62505,1,1,0,0,0,0,7,0,0,16,0,0
62506,0,1,7,7,7,7,7,7,7,7,7,7
62506,1,1,0,0,0,0,0,23,0,20,0,0
62507,0,1,0,0,0,0,0,0,0,0,0,0
62507,1,1,17,17,17,17,17,17,17,17,17,17
62508,0,1,11,23,0,0,0,0,0,0,0,0
62508,1,1,0,0,0,0,0,0,0,0,0,0
62509,1,1,0,10,0,0,0,0,0,0,0,0
62509,2,1,18,0,0,15,0,19,13,14,8,0
62510,1,1,21,21,21,21,21,21,21,21,21,21
62511,1,1,11,11,11,11,11,11,11,11,11,11
62512,1,1,0,15,9,17,0,24,0,0,0,0
62512,2,1,0,0,0,0,0,0,30,0,0,8
62513,1,1,0,0,0,0,0,0,0,0,0,0
62514,0,1,0,0,0,21,13,0,6,0,53,0
62514,1,1,0,0,0,0,0,0,0,0,0,0
62515,0,1,0,0,0,0,0,0,0,0,0,0
62515,1,1,0,20,0,0,4,12,22,27,0,0
62516,0,1,12,12,12,12,12,12,12,12,12,12
62516,1,1,13,13,4,0,9,16,0,42,0,15
62517,0,1,0,0,0,0,0,0,0,0,0,0
62517,1,1,0,0,0,0,0,0,0,0,0,0
62518,1,1,3,3,3,3,3,3,3,3,3,3
62519,0,1,21,21,21,21,21,21,21,21,21,21
62519,1,1,0,13,11,4,8,7,6,0,3,11
62519,2,1,0,0,10,13,16,0,0,0,9,0
62519,3,1,4,11,6,0,6,15,0,0,8,15
62520,0,1,0,8,0,0,35,0,12,0,0,0
62520,1,1,0,0,0,0,0,0,0,0,0,0
62521,0,1,0,0,0,0,0,0,0,0,0,0
62521,1,1,0,0,0,0,0,0,0,0,0,0
62522,1,1,9,18,7,13,0,4,6,18,0,4
62522,2,1,0,0,28,0,0,0,0,0,5,0
62523,1,1,13,13,13,13,13,13,13,13,13,13
62524,0,1,0,0,0,0,0,0,0,0,0,0
62524,1,1,0,0,0,0,0,0,0,0,0,0
62525,0,1,10,10,10,10,10,10,10,10,10,10
62525,1,1,0,0,0,0,0,14,13,0,0,0
62526,0,1,17,0,0,16,0,6,31,15,0,0
62526,1,1,0,0,0,0,0,0,0,0,0,0
62527,1,1,13,13,13,13,13,13,13,13,13,13
62528,0,1,0,0,0,0,0,0,0,0,0,0
62528,1,1,0,0,0,0,0,0,0,0,0,0
62529,0,1,0,0,0,0,0,0,0,0,0,0
62529,1,1,0,4,2,20,0,0,12,0,16,10
62530,1,1,3,3,3,3,3,3,3,3,3,3
62531,0,1,21,21,21,21,21,21,21,21,21,21
62531,1,1,0,0,0,23,0,0,0,0,0,0
62532,1,1,19,19,19,19,19,19,19,19,19,19
62533,1,1,0,0,0,16,0,0,0,0,0,0
62533,2,1,0,0,0,0,0,21,0,0,0,0
62534,0,1,0,0,0,0,0,0,0,0,0,0
62534,1,1,0,0,0,0,0,0,0,0,0,0
62535,0,1,27,27,27,27,27,27,27,27,27,27
62535,1,1,0,0,0,0,0,0,0,0,0,0
62536,0,1,0,0,0,0,0,0,32,0,0,0
62536,1,1,0,19,0,0,4,2,11,0,3,0
62537,0,1,0,0,0,0,0,0,0,0,0,0
62537,1,1,0,0,0,0,0,0,0,0,0,0
62538,1,1,0,0,0,0,0,0,0,0,0,0
62538,2,1,0,0,0,0,0,0,0,0,0,0
62539,1,1,0,0,0,0,0,0,0,0,0,0
62539,2,1,0,0,0,0,0,0,0,0,0,0
62540,1,1,0,0,0,0,0,0,0,0,0,0
62540,2,1,5,5,5,5,5,5,5,5,5,5
62541,1,1,0,0,0,0,0,0,0,0,0,0
62541,2,1,0,0,0,15,0,0,0,0,0,0
62542,1,1,27,27,27,27,27,27,27,27,27,27
62542,2,1,12,0,14,0,0,19,0,0,15,6
62543,1,1,0,0,0,0,0,0,0,0,0,0
62543,2,1,0,10,0,0,0,0,0,0,0,0
62543,3,1,0,0,0,0,0,0,0,0,0,0
62544,0,1,0,0,15,0,0,0,0,0,0,0
62544,0,2,0,0,0,0,0,11,0,17,19,0
62544,1,1,0,0,0,10,0,0,0,0,0,0
62545,0,1,0,0,0,0,0,0,0,0,0,0
62545,1,1,0,0,0,0,0,0,17,0,0,0
62546,1,1,36,36,36,36,36,36,36,36,36,36
62547,1,1,0,0,0,0,0,0,0,0,0,0
62548,1,1,0,0,0,0,0,0,0,0,0,0
62548,2,1,0,0,0,0,0,0,0,0,0,0
62549,0,1,5,5,5,5,5,5,5,5,5,5
62549,1,1,0,0,0,0,0,17,0,0,0,0
62549,2,1,9,17,17,0,8,0,14,11,8,5
62550,1,1,0,0,0,0,0,0,0,0,0,0
62551,1,1,0,0,0,0,0,0,0,0,0,0
62551,2,1,0,0,0,0,0,0,0,0,0,0
62552,1,1,0,0,0,0,0,0,0,0,0,0
62552,2,1,0,0,0,0,0,0,0,0,0,0
62552,3,1,0,0,0,0,0,0,0,0,0,0
62553,0,1,0,0,0,0,0,0,0,0,0,0
62553,1,1,0,0,0,0,0,0,0,0,0,0
62554,0,1,0,0,0,0,0,0,0,0,0,0
62554,1,1,18,0,19,20,5,9,0,2,9,0
62555,1,1,0,0,0,0,0,0,0,0,0,0
62556,1,1,0,0,0,0,0,0,0,0,0,0
62556,2,1,10,10,0,0,0,0,0,0,0,0
62557,0,1,6,6,6,6,6,6,6,6,6,6
62557,1,1,0,0,0,0,0,0,0,0,0,0
62558,1,1,14,14,14,14,14,14,14,14,14,14
62558,2,1,17,17,17,17,17,17,17,17,17,17
62559,1,1,0,0,0,0,0,0,0,0,0,0
62559,2,1,0,0,0,0,0,0,0,0,0,0
62560,1,1,0,0,0,0,0,0,0,0,0,0
62560,2,1,0,0,0,0,16,0,0,0,0,0
62561,1,1,23,23,23,23,23,23,23,23,23,23
62561,2,1,0,0,0,0,11,0,0,0,0,0
62562,1,1,0,0,0,0,0,0,0,0,0,0
62562,2,1,11,11,11,11,11,11,11,11,11,11
62563,1,1,0,0,0,0,0,0,0,0,0,0
62563,2,1,0,0,0,0,0,0,0,0,0,0
62564,1,1,0,0,0,0,0,0,0,0,0,0
62564,2,1,0,0,0,0,0,0,0,0,0,0
62565,1,1,22,22,22,22,22,22,22,22,22,22
62565,2,1,0,0,0,0,0,0,0,0,0,0
62565,3,1,0,0,0,0,0,0,0,0,0,0
62566,0,1,0,0,0,0,0,0,0,0,0,0
62566,1,1,0,0,0,0,0,0,0,0,0,0
62567,1,1,0,0,0,0,0,0,0,0,0,0
62567,2,1,0,0,0,0,0,0,0,0,0,0
62568,1,1,0,0,0,0,0,0,0,0,0,0
62568,2,1,0,0,0,0,0,0,0,0,0,0
62569,0,1,0,0,0,0,0,0,0,0,0,0
62569,1,1,0,0,0,0,0,0,0,0,0,0
62570,1,1,0,0,0,0,0,0,0,0,0,0