ST_CASE,VEH_NO,PER_NO,P1,P2,P3,P4,P5,P6,P7,P8,P9,P10
62570,2,1,0,0,0,0,0,0,0,0,0,0
62571,1,1,13,14,0,0,0,13,0,0,13,32
62572,1,1,0,0,0,0,0,0,0,0,0,0
62572,2,1,0,0,0,0,0,0,10,0,0,0
62573,1,1,14,14,14,14,14,14,14,14,14,14
62573,2,1,0,0,0,0,0,0,0,0,0,0
62574,1,1,0,0,0,0,0,0,0,0,0,0
62574,2,1,0,21,0,0,0,0,0,0,0,0
62575,0,1,2,2,2,2,2,2,2,2,2,2
62575,0,2,0,0,0,0,0,0,0,0,0,0
62575,0,3,0,0,0,0,0,0,0,0,0,0
62575,1,1,30,14,30,29,14,22,14,21,27,12
62575,2,1,0,0,0,0,0,0,0,0,0,0
62576,0,1,35,0,0,0,0,0,0,25,0,0
62576,1,1,0,0,0,0,0,0,0,0,8,0
62577,0,1,0,0,0,0,0,0,0,0,0,0
62577,1,1,0,0,0,0,0,0,0,0,0,0
62578,0,1,28,28,28,28,28,28,28,28,28,28
62578,1,1,0,0,0,0,0,0,0,0,0,0
62579,1,1,0,26,0,0,0,0,0,0,0,0
62579,2,1,0,0,0,0,0,0,0,0,0,0
62580,0,1,13,13,13,13,13,13,13,13,13,13
62580,1,1,15,16,12,0,3,29,14,0,20,8
62580,2,1,0,0,0,0,0,0,0,0,0,0
62580,3,1,0,30,21,0,0,12,0,0,0,0
62580,4,1,0,0,0,0,0,0,39,0,0,0
62580,5,1,0,0,0,0,8,0,0,0,0,0
62580,6,1,0,0,0,0,0,0,0,0,0,0
62581,0,1,0,0,0,0,0,0,0,0,0,0
62581,1,1,0,0,0,0,0,0,0,0,0,0
62582,0,1,0,0,0,0,0,0,0,0,0,0
62582,1,1,0,0,0,0,0,0,0,0,0,0
62583,1,1,0,0,0,0,10,0,0,0,0,0
62583,2,1,0,0,0,0,0,0,0,0,0,0
62584,1,1,0,0,0,0,0,0,0,0,0,0
62584,2,1,9,9,9,9,9,9,9,9,9,9
62585,0,1,0,0,0,0,0,0,0,0,0,0
62585,1,1,24,0,0,0,0,0,0,0,0,0
62586,1,1,19,19,19,19,19,19,19,19,19,19
62586,2,1,0,0,0,0,0,0,0,0,0,0
62587,0,1,0,0,0,0,0,0,0,0,0,0
62587,1,1,0,0,0,0,0,0,0,0,0,0
62588,0,1,30,30,30,30,30,30,30,30,30,30
62588,1,1,0,0,0,0,0,0,0,0,0,0
62589,1,1,22,22,22,22,22,22,22,22,22,22
62589,2,1,0,0,0,0,0,0,0,0,0,0
62590,1,1,0,0,0,0,0,0,0,0,0,0
62590,2,1,0,0,0,15,0,0,0,0,17,0
62591,0,1,31,13,0,14,0,0,21,18,9,0
62591,1,1,0,0,0,0,0,0,0,0,0,0
62592,1,1,0,0,0,0,0,0,0,0,0,0
62592,2,1,0,0,0,0,0,0,0,0,0,0
62593,1,1,0,12,6,23,9,18,24,28,11,20
62594,0,1,0,0,0,0,0,0,0,0,0,0
62594,1,1,0,0,0,0,6,0,0,8,0,0
62595,0,1,0,0,0,0,0,0,24,32,0,0
62595,1,1,0,0,0,0,0,0,0,0,0,0
62596,1,1,27,0,8,29,0,0,3,0,0,0
62597,0,1,17,28,19,9,12,21,46,31,0,5
62597,1,1,0,0,0,0,0,0,0,0,0,0
62598,1,1,15,15,15,15,15,15,15,15,15,15
62598,2,1,0,0,8,0,0,0,0,17,0,0
62599,1,1,0,0,0,0,0,0,0,0,0,0
62599,2,1,0,0,0,0,0,0,0,0,0,0
62599,3,1,0,0,0,0,0,0,0,0,0,13
62600,1,1,0,0,0,0,23,26,0,0,17,0
62600,2,1,0,0,0,0,0,0,0,0,0,0
62601,1,1,0,0,0,0,0,0,0,0,0,0
62601,2,1,0,0,0,0,0,0,0,0,0,0
62602,0,1,0,0,0,0,0,0,0,0,0,0
62602,1,1,0,25,20,10,0,0,0,14,0,8
62602,2,1,0,0,0,14,0,0,0,0,0,11
62603,0,1,28,28,28,28,28,28,28,28,28,28
62603,1,1,0,0,0,0,0,0,0,0,0,0
62604,1,1,0,0,0,0,0,0,0,0,0,0
62605,1,1,0,0,0,0,0,0,0,0,0,0
62605,2,1,0,0,0,0,0,0,0,0,0,0
62606,1,1,0,0,0,0,0,0,0,0,0,0
62606,2,1,0,0,0,0,0,0,0,0,0,0
62607,0,1,0,0,0,0,0,0,0,0,0,0
62607,0,2,0,0,0,0,0,0,0,0,0,0
62607,1,1,0,0,0,0,0,0,0,0,0,0
62608,1,1,12,12,12,12,12,12,12,12,12,12
62609,1,1,0,0,0,0,0,0,0,0,0,0
62609,2,1,0,0,0,0,0,0,0,0,0,0
62609,3,1,0,0,9,0,15,0,0,0,0,0
62610,1,1,0,0,0,0,0,0,0,0,0,0
62610,2,1,0,0,0,0,0,0,0,0,0,0
62611,1,1,0,0,11,0,0,0,0,0,0,0
62611,2,1,0,0,0,0,0,0,0,0,0,0
62612,1,1,0,0,0,0,0,0,0,0,0,0
62612,2,1,0,0,0,0,0,0,0,0,0,0
62613,1,1,12,12,12,12,12,12,12,12,12,12
62613,2,1,8,8,8,8,8,8,8,8,8,8
62614,1,1,0,0,0,0,0,0,0,0,0,0
62614,2,1,0,0,0,0,0,0,0,0,0,0
62614,3,1,0,0,0,0,0,0,0,0,0,0
62615,0,1,0,0,0,0,0,0,0,0,0,0
62615,1,1,2,0,0,0,0,23,0,0,0,0
62616,1,1,2,2,2,2,2,2,2,2,2,2
62616,2,1,0,0,0,0,0,0,0,0,0,0
62616,3,1,0,0,0,0,0,0,0,17,0,0
62617,0,1,0,0,0,0,0,0,0,0,0,0
62617,1,1,0,0,0,0,0,0,0,0,0,0
62618,0,1,35,35,35,35,35,35,35,35,35,35
62618,1,1,0,11,0,0,0,6,0,0,0,0
62619,1,1,0,0,0,9,3,5,28,14,0,0
62619,2,1,0,0,0,0,0,0,0,0,0,0
62620,1,1,0,0,0,0,0,0,0,0,0,0
62620,2,1,0,0,0,0,0,0,0,0,0,0
62621,1,1,0,0,0,0,0,0,0,0,0,0
62622,1,1,0,0,0,0,0,0,0,0,0,0
62622,2,1,0,0,33,0,0,28,0,0,22,0
62623,1,1,19,19,19,19,19,19,19,19,19,19
62624,1,1,25,13,7,6,12,0,27,8,4,24
62625,1,1,0,0,0,0,0,0,0,0,0,0
62625,2,1,0,0,0,0,0,0,0,0,0,0
62626,1,1,12,12,12,12,12,12,12,12,12,12
62626,2,1,0,0,0,0,0,0,0,0,0,0
62627,1,1,0,0,0,0,0,0,30,0,0,0
62627,2,1,22,22,22,22,22,22,22,22,22,22
62628,0,1,26,26,26,26,26,26,26,26,26,26
62628,1,1,0,0,0,0,13,0,0,0,0,0
62629,0,1,17,17,17,17,17,17,17,17,17,17
62629,0,2,15,0,0,18,12,28,0,18,10,7
62629,1,1,0,0,0,0,0,0,23,0,0,0
62630,1,1,0,0,0,0,0,0,0,0,28,0
62630,2,1,0,0,0,0,0,0,0,0,0,0
62631,0,1,5,5,5,5,5,5,5,5,5,5
62631,1,1,0,0,0,0,0,0,0,0,0,0
62631,2,1,0,0,0,0,0,0,0,23,0,0
62631,3,1,0,0,0,19,27,0,0,0,0,0
62631,4,1,0,0,0,0,0,0,0,0,19,0
62632,1,1,0,0,0,0,0,0,0,0,0,0
62632,2,1,0,0,0,0,0,0,0,0,0,0
62633,0,1,2,2,34,14,6,12,11,30,13,24
62633,1,1,0,0,0,0,0,0,0,0,0,0
62634,0,1,1,1,1,1,1,1,1,1,1,1
62634,1,1,0,0,0,0,0,0,0,0,0,0
62635,1,1,0,0,0,0,0,0,0,0,0,0
62635,2,1,0,0,0,3,0,0,0,5,0,0
62636,1,1,0,0,0,0,0,0,0,0,0,0
62636,2,1,0,0,0,0,0,0,0,0,0,0
62636,3,1,0,0,0,0,0,0,0,0,0,0
62637,0,1,25,0,24,38,0,0,0,31,24,8
62637,1,1,0,0,0,0,0,0,0,0,0,0
62638,1,1,0,0,0,0,0,0,0,0,0,0
62639,0,1,0,0,0,0,0,0,0,0,0,0
62639,1,1,0,0,0,0,0,0,0,0,0,0
62640,1,1,19,19,19,19,19,19,19,19,19,19
62641,0,1,0,0,0,0,0,0,0,0,0,0
62641,1,1,0,0,0,0,0,0,0,0,0,0
62642,0,1,0,0,0,0,0,0,0,0,0,0
62642,1,1,0,0,0,0,0,0,0,0,0,0
62643,1,1,0,0,0,24,0,0,0,0,8,0
62644,1,1,0,0,0,0,0,0,0,0,0,0
62645,1,1,20,20,20,20,20,20,20,20,20,20
62646,1,1,13,13,13,13,13,13,13,13,13,13
62647,1,1,0,0,0,0,0,0,0,0,0,0
62648,1,1,8,8,8,8,8,8,8,8,8,8
62649,1,1,25,25,25,25,25,25,25,25,25,25
62650,0,1,25,0,13,30,0,11,41,17,17,23
62650,1,1,0,0,0,0,7,0,0,0,0,0
62651,1,1,30,30,30,30,30,30,30,30,30,30
62652,1,1,24,24,24,24,24,24,24,24,24,24
62653,1,1,25,25,25,25,25,25,25,25,25,25
62654,0,1,0,0,0,0,0,0,24,19,0,0
62654,1,1,0,0,0,0,0,0,0,0,0,0
62655,1,1,16,16,16,16,16,16,16,16,16,16
62656,1,1,0,0,0,0,0,0,0,0,0,0
62656,2,1,0,17,0,0,0,0,0,0,0,0
62657,0,1,26,26,26,26,26,26,26,26,26,26
62657,1,1,0,0,0,0,0,0,0,0,0,0
62658,1,1,0,0,0,0,0,0,0,0,0,0
62658,2,1,0,0,0,0,0,0,0,0,0,0
62658,3,1,0,0,0,15,0,0,7,0,0,19
62659,0,1,0,0,0,0,0,0,0,0,0,0
62659,1,1,16,16,16,16,16,16,16,16,16,16
62660,1,1,13,13,13,13,13,13,13,13,13,13
62660,2,1,0,0,0,0,0,0,0,0,0,0
62661,0,1,21,0,0,0,0,0,0,0,0,0
62661,1,1,0,0,0,0,0,0,3,0,0,0
62662,1,1,0,0,0,0,0,0,0,0,0,0
62662,2,1,0,0,0,0,0,0,0,0,0,0
62663,1,1,0,0,0,0,0,0,0,0,0,0
62663,2,1,0,0,0,0,0,0,0,0,0,0
62664,1,1,0,0,0,0,0,0,0,0,0,0
62664,2,1,24,0,14,5,24,19,17,17,0,14
62664,3,1,0,0,22,0,28,0,0,10,0,0
62665,1,1,11,11,11,11,11,11,11,11,11,11
62665,2,1,0,0,0,0,17,0,32,0,0,13
62666,1,1,0,0,0,16,0,0,0,0,0,0
62666,2,1,0,0,0,0,0,0,0,0,0,0
62667,0,1,0,0,0,0,0,0,0,0,0,0
62667,1,1,0,0,0,0,39,0,0,0,0,0
62668,0,1,0,0,0,0,0,0,0,0,0,0
62668,1,1,7,0,7,0,3,16,0,5,0,25
62669,0,1,0,0,0,0,0,0,0,0,0,0
62669,1,1,0,0,23,0,14,0,0,0,0,0
62670,0,1,36,36,36,36,36,36,36,36,36,36
62670,1,1,23,23,23,23,23,23,23,23,23,23
62671,1,1,14,14,14,14,14,14,14,14,14,14
62672,0,1,0,0,0,0,0,0,0,0,0,0
62672,1,1,0,13,0,0,0,0,0,0,0,0
62673,0,1,3,0,0,24,20,0,0,0,3,0
62673,1,1,0,0,0,0,0,0,14,0,0,0
62673,2,1,13,5,0,0,0,8,8,19,2,0
62674,1,1,3,10,17,24,23,21,18,19,9,21
62674,2,1,0,0,0,8,0,0,0,0,12,15
62675,1,1,0,0,0,0,0,0,0,0,0,0
62675,2,1,0,0,0,0,0,0,0,0,0,0
62676,1,1,0,0,0,0,0,0,0,0,0,0
62676,2,1,0,0,0,0,0,0,0,0,0,0
62677,1,1,0,26,0,7,26,10,4,17,0,0
62677,2,1,0,0,0,0,0,0,0,0,0,0
62678,1,1,0,0,0,0,0,0,0,20,0,0
62678,2,1,10,0,0,0,0,0,0,0,0,0
62679,1,1,0,0,0,0,0,0,0,0,0,0
62679,2,1,0,0,0,0,0,0,0,0,0,0
62680,0,1,0,0,0,0,0,0,0,0,0,0
62680,1,1,0,0,0,0,0,0,0,0,0,0
62681,1,1,3,3,3,3,3,3,3,3,3,3
62681,2,1,0,0,0,0,0,0,0,0,0,0
62682,0,1,0,0,0,0,0,0,0,0,0,0
62682,1,1,0,0,0,0,0,0,0,0,0,0
62683,0,1,0,0,0,0,0,0,0,0,0,0
62683,1,1,0,0,0,0,6,23,0,0,0,0
62684,0,1,0,0,0,0,0,0,0,0,0,0
62684,1,1,0,0,0,0,0,0,0,0,0,0
62685,0,1,0,0,18,21,22,0,0,0,9,50
62685,1,1,0,0,0,0,0,0,0,28,0,0
62685,2,1,0,0,0,0,0,0,0,0,0,13
62686,0,1,40,40,40,40,40,40,40,40,40,40
62686,1,1,0,0,0,7,0,0,27,0,0,0
62687,0,1,0,0,0,0,0,0,0,0,0,0
62687,1,1,0,0,0,0,0,0,0,0,0,0
62688,0,1,30,30,30,30,30,30,30,30,30,30
62688,1,1,0,0,0,0,0,0,0,0,0,0
62689,1,1,0,0,0,0,0,0,0,0,0,0
62689,2,1,8,8,8,8,8,8,8,8,8,8
62690,0,1,0,26,23,0,0,0,0,0,0,0
62690,1,1,0,0,0,18,0,0,0,0,9,0
62691,1,1,0,0,0,0,0,0,0,0,0,0
62691,2,1,0,0,0,0,0,0,0,0,0,0
62692,0,1,0,0,0,0,17,0,0,0,0,0
62692,1,1,0,0,0,0,0,0,0,0,0,0
62693,1,1,0,0,0,0,0,0,0,0,0,0
62694,1,1,11,24,24,18,0,13,10,38,10,12
62695,1,1,0,0,0,0,0,0,9,0,0,17
62695,2,1,0,0,0,0,0,0,0,0,0,0
62696,0,1,0,0,0,0,0,0,0,0,0,0
62696,1,1,0,0,0,0,0,0,0,0,0,0
62697,0,1,49,49,49,49,49,49,49,49,49,49
62697,1,1,7,0,5,5,18,27,11,32,5,0
62697,2,1,0,0,0,0,0,0,0,0,0,0
62698,1,1,0,0,0,0,0,0,0,0,18,0
62698,2,1,0,0,0,0,0,0,0,0,0,0
62699,0,1,0,0,0,0,0,0,0,0,0,0
62699,1,1,0,0,0,0,0,0,0,0,0,0
62700,1,1,0,0,0,0,0,0,0,0,0,0
62700,2,1,0,0,0,0,0,0,0,0,0,0
62701,1,1,0,18,8,0,24,0,0,0,0,20
62701,2,1,0,8,0,0,0,0,0,0,0,0
62702,1,1,0,0,0,0,0,0,0,4,0,11
62702,2,1,0,0,0,0,0,0,0,0,0,0
62703,1,1,10,2,9,35,17,27,0,9,14,9
62703,2,1,0,27,18,0,28,0,0,36,0,12
62703,3,1,0,0,5,0,0,0,0,0,0,0
62703,4,1,0,0,0,0,0,13,0,0,0,0
62703,5,1,0,0,0,0,0,0,0,0,0,0
62704,1,1,0,0,0,0,0,0,0,0,0,0
62704,2,1,0,0,0,0,25,0,0,0,0,0
62705,1,1,0,0,0,0,0,0,0,12,0,0
62705,2,1,0,0,0,0,0,0,0,0,0,0
62706,1,1,20,20,20,20,20,20,20,20,20,20
62706,2,1,0,0,0,0,0,0,0,0,0,0
62707,0,1,0,0,0,0,0,0,0,0,0,0
62707,1,1,0,0,0,0,0,0,0,0,0,0
62707,2,1,0,0,0,0,0,0,0,0,0,0
62708,1,1,0,0,0,0,0,0,0,0,0,0
62708,2,1,0,0,0,0,0,0,0,0,0,0
62709,1,1,0,0,17,26,0,18,25,21,0,6
62710,0,1,8,8,8,8,8,8,8,8,8,8
62710,1,1,9,9,9,9,9,9,9,9,9,9
62711,0,1,29,29,29,29,29,29,29,29,29,29
62711,1,1,0,0,0,0,6,0,0,0,2,0
62712,0,1,0,0,0,0,0,0,0,0,0,0
62712,1,1,0,0,0,0,0,0,0,0,0,0
62713,0,1,13,13,13,13,13,13,13,13,13,13
62713,1,1,0,0,0,0,0,0,21,7,0,0
62714,0,1,0,0,0,0,0,0,0,0,0,0
62714,2,1,0,0,0,0,0,0,24,0,10,0
62715,0,1,21,21,21,21,21,21,21,21,21,21
62715,1,1,0,0,0,0,0,0,0,0,0,19
62716,0,1,0,0,0,0,0,0,0,0,0,0
62716,1,1,0,0,0,0,0,0,0,0,0,0
62717,0,1,0,0,0,0,0,0,0,0,0,0
62717,1,1,8,21,12,24,15,31,3,8,32,15
62718,1,1,0,0,0,0,0,0,0,0,0,0
62718,2,1,0,0,0,0,0,0,0,0,0,0
62719,0,1,2,2,2,2,2,2,2,2,2,2
62719,1,1,0,0,0,0,0,0,0,0,0,0
62720,1,1,0,0,0,0,0,0,0,0,0,0
62720,2,1,0,0,0,0,0,0,0,0,0,0
62721,1,1,8,8,8,8,8,8,8,8,8,8
62722,1,1,0,0,0,0,0,0,0,0,0,0
62722,2,1,0,0,0,0,0,0,0,0,0,0
62723,0,1,0,0,0,0,0,0,0,0,0,0
62723,1,1,0,0,0,0,0,0,16,0,0,0
62723,2,1,0,0,0,0,0,17,0,0,0,0
62724,0,1,0,0,0,0,0,0,0,0,0,0
62724,1,1,0,0,0,0,0,0,0,0,0,0
62725,1,1,3,3,3,3,3,3,3,3,3,3
62726,1,1,0,0,0,0,0,0,0,0,0,0
62726,2,1,0,0,0,0,0,0,0,0,0,0
62727,0,1,0,0,0,0,0,0,0,0,0,0
62727,1,1,0,0,0,0,15,0,8,16,2,0
62727,2,1,8,3,17,0,8,0,0,13,0,3
62727,3,1,0,0,0,0,3,15,31,0,0,0
62728,0,1,18,18,18,18,18,18,18,18,18,18
62728,1,1,0,0,0,0,0,0,0,0,0,0
62728,2,1,0,0,0,0,0,0,0,0,9,0
62729,0,1,0,0,0,0,0,0,0,0,0,0
62729,1,1,0,0,0,0,0,8,0,5,0,0
62729,2,1,0,0,0,0,0,0,0,0,13,0
62730,0,1,0,0,0,0,0,0,0,0,0,0
62730,1,1,0,0,0,0,0,0,0,0,0,0
62730,2,1,0,0,0,0,0,0,0,0,0,0
62731,1,1,0,0,0,0,0,0,0,13,0,0
62731,2,1,0,0,0,0,0,0,0,0,0,0
62732,0,1,0,0,0,0,0,0,0,0,0,0
62732,0,2,0,0,0,0,0,0,0,0,0,0
62732,0,3,0,0,0,0,0,8,13,12,14,0
62732,1,1,0,0,0,0,0,0,0,0,0,0
62733,1,1,0,0,0,0,0,0,0,0,0,0
62733,2,1,0,0,0,0,0,0,0,0,0,0
62734,1,1,13,13,13,13,13,13,13,13,13,13
62734,2,1,4,4,4,4,4,4,4,4,4,4
62734,3,1,9,0,23,10,17,29,0,28,0,12
62735,0,1,15,0,15,0,0,0,0,0,0,0
62735,1,1,0,0,0,0,0,0,0,0,0,0
62736,0,1,19,19,19,19,19,19,19,19,19,19
62736,1,1,0,0,0,0,0,0,0,0,0,0
62737,0,1,0,0,0,0,0,0,0,0,0,0
62737,1,1,0,0,0,0,0,0,17,0,0,0
62738,1,1,20,18,19,27,0,10,5,11,9,22
62739,0,1,0,0,0,0,0,0,0,0,0,0
62739,1,1,18,0,0,0,0,0,0,0,0,0
62740,0,1,0,0,0,0,0,0,0,0,0,0
62740,1,1,0,0,0,0,0,0,0,0,0,0
62741,0,1,20,20,20,20,20,20,20,20,20,20
62741,1,1,0,0,0,0,0,0,0,0,0,0
62742,0,1,0,0,0,0,0,0,0,0,0,0
62742,1,1,11,8,0,0,0,13,0,16,0,0
62743,1,1,0,0,0,0,0,0,0,0,0,0
62743,2,1,0,0,0,0,0,0,0,11,0,0
62743,3,1,0,0,0,0,0,0,0,0,0,0
62744,1,1,15,15,15,15,15,15,15,15,15,15
62745,0,1,0,0,0,0,0,0,0,0,0,0
62745,0,2,0,0,0,0,0,0,0,0,0,0
62745,0,3,0,0,0,0,0,0,0,0,0,0
62745,1,1,13,0,6,0,0,0,0,0,0,0
62745,2,1,0,0,0,0,0,0,0,0,0,0
62745,3,1,0,0,0,21,0,0,0,0,0,0
62746,1,1,0,0,0,0,0,0,0,0,0,0
62747,1,1,0,0,0,0,0,0,0,0,0,0
62747,2,1,0,0,0,0,0,0,0,0,0,0
62748,1,1,8,0,0,0,0,0,0,0,0,0
62748,2,1,0,0,0,0,0,0,0,0,0,0
62749,0,1,0,0,0,0,0,0,0,0,0,0
62750,1,1,0,0,0,0,0,0,0,0,0,0
62750,2,1,0,0,0,0,0,0,0,0,0,0
62751,0,1,0,0,0,0,0,0,0,0,0,0
62751,1,1,0,0,0,0,0,0,0,0,0,12
62752,1,1,0,0,0,0,0,0,0,0,0,0
62752,2,1,0,0,0,0,0,0,0,0,0,0
62752,3,1,25,0,0,0,0,0,0,0,0,0
62752,4,1,0,0,0,0,0,0,0,0,0,0
62753,0,1,0,0,0,0,0,0,0,0,0,0
62753,1,1,0,0,0,0,0,0,0,0,0,0
62754,0,1,31,15,0,12,16,0,0,0,0,21
62754,1,1,0,0,0,0,0,0,0,0,0,0
62755,1,1,0,0,0,0,0,0,0,0,0,0
62755,2,1,0,0,0,0,0,0,0,0,0,0
62756,1,1,16,16,16,16,16,16,16,16,16,16
62757,0,1,3,3,3,3,3,3,3,3,3,3
62757,1,1,9,16,11,28,13,12,0,16,16,14
62758,1,1,16,16,16,16,16,16,16,16,16,16
62759,0,1,0,0,0,0,0,0,0,0,0,0
62759,1,1,0,0,0,0,0,0,0,0,0,0
62760,0,1,0,0,0,0,0,0,0,0,0,0
62760,1,1,12,12,12,12,12,12,12,12,12,12
62761,0,1,17,0,0,0,0,8,36,0,15,6
62761,1,1,6,12,19,14,13,9,17,0,6,8
62762,0,1,0,0,0,0,0,0,0,0,0,0
62762,1,1,0,0,0,0,0,0,0,0,0,0
62763,1,1,12,12,12,12,12,12,12,12,12,12
62764,1,1,20,13,0,2,11,0,16,0,9,13
62765,0,1,0,0,0,0,0,0,0,0,0,0
62765,1,1,0,0,0,0,0,0,0,0,0,0
62766,1,1,9,9,9,9,9,9,9,9,9,9
62767,1,1,0,0,0,0,0,15,0,0,0,0
62767,2,1,36,0,0,0,0,0,0,0,0,0
62768,1,1,0,0,0,0,0,0,0,0,0,0
62769,1,1,58,58,58,58,58,58,58,58,58,58
62770,1,1,0,0,0,0,0,0,0,0,0,0
62770,2,1,0,0,0,0,0,0,0,0,0,0
62770,3,1,0,0,10,0,0,0,0,0,0,0
62771,1,1,0,0,0,0,0,0,0,0,0,0
62771,2,1,0,0,0,0,0,0,0,0,0,0
62772,0,1,0,0,0,0,0,0,0,0,0,0
62772,1,1,0,0,0,0,0,0,0,0,0,0
62773,0,1,0,0,0,0,0,0,0,0,14,0
62773,1,1,0,0,0,0,0,0,0,0,0,17
62774,0,1,10,10,10,10,10,10,10,10,10,10
62774,1,1,16,6,0,0,13,23,0,0,0,0
62774,2,1,0,0,0,0,0,0,0,0,0,0
62775,1,1,1,1,1,1,1,1,1,1,1,1
62775,2,1,0,0,0,0,0,0,0,0,0,0
62776,0,1,21,21,21,21,21,21,21,21,21,21
62776,1,1,0,0,0,0,0,0,0,0,0,0
62776,2,1,0,0,0,0,0,0,0,0,0,0
62777,0,1,0,0,0,0,0,0,0,0,0,0
62777,1,1,0,0,0,0,0,0,0,0,0,0
62778,1,1,0,0,0,0,0,0,0,0,0,0
62778,2,1,0,0,0,13,0,0,0,0,0,0
62778,3,1,0,0,0,0,0,0,0,0,0,0
62778,4,1,14,0,0,0,0,0,0,0,0,0
62779,1,1,0,0,0,0,0,0,0,0,0,0
62779,2,1,0,0,0,0,0,0,6,0,0,0
62780,0,1,0,0,0,0,0,0,0,0,0,0
62780,1,1,0,0,0,0,0,0,0,0,0,0
62781,0,1,32,32,32,32,32,32,32,32,32,32
62781,1,1,0,0,0,0,0,0,0,0,0,0
62782,1,1,0,0,0,0,0,0,0,0,0,0
62782,2,1,0,0,0,0,0,0,0,0,0,9
62783,1,1,0,0,12,0,0,0,0,0,0,0
62783,2,1,0,0,0,0,0,0,0,0,0,0
62784,0,1,0,0,0,0,17,0,0,0,37,0
62784,1,1,0,0,0,3,4,0,0,17,0,3
62785,1,1,17,17,17,17,17,17,17,17,17,17
62785,2,1,0,0,0,0,0,0,0,0,0,0
62786,1,1,13,13,13,13,13,13,13,13,13,13
62787,1,1,17,17,17,17,17,17,17,17,17,17
62788,1,1,0,0,0,0,0,0,0,0,0,0
62789,0,1,33,33,33,33,33,33,33,33,33,33
62789,1,1,0,0,0,0,0,0,0,0,0,0
62790,0,1,0,0,0,0,0,0,0,0,0,0
62790,1,1,0,0,0,0,0,0,0,0,0,0
62791,0,1,0,0,0,0,0,0,0,0,0,0
62791,1,1,0,0,0,0,0,0,0,0,0,0
62792,0,1,24,11,0,0,0,28,25,22,21,0
62792,1,1,0,0,0,0,0,0,0,0,0,0
62793,0,1,18,18,18,18,18,18,18,18,18,18
62793,1,1,0,0,0,0,0,0,0,0,0,0
62794,0,1,0,4,7,0,13,12,0,23,0,0
62794,1,1,0,0,0,0,0,0,0,0,0,0
62795,0,1,0,0,0,0,0,0,0,0,0,0
62795,1,1,0,0,0,0,0,0,0,0,0,0
62796,1,1,0,0,0,0,0,0,0,0,0,0
62796,2,1,0,0,0,19,0,0,0,0,0,0
62796,3,1,0,0,0,0,0,0,0,0,0,0
62797,0,1,23,23,23,23,23,23,23,23,23,23
62797,1,1,0,0,0,0,0,0,0,0,0,0
62797,2,1,22,0,0,0,0,0,0,0,0,0
62798,1,1,0,0,0,0,0,0,0,0,0,0
62799,0,1,0,0,0,0,0,0,0,0,0,0
62799,1,1,0,0,0,0,0,0,0,0,0,0
62800,1,1,0,0,0,0,0,0,0,0,0,0
62801,0,1,0,0,0,0,0,0,0,0,0,0
62801,1,1,0,0,0,0,0,0,0,0,0,0
62802,0,1,0,0,0,0,40,12,34,15,38,6
62802,1,1,0,0,0,0,0,0,0,0,0,0
62803,1,1,0,0,0,0,0,0,0,0,0,0
62804,0,1,19,19,19,19,19,19,19,19,19,19
62804,1,1,4,17,9,12,17,0,0,0,13,18
62805,0,1,0,0,0,0,0,0,0,0,0,0
62805,1,1,0,0,0,0,0,0,0,0,0,0
62806,0,1,0,0,0,0,0,0,0,0,0,0
62806,1,1,0,0,0,0,6,5,0,0,9,0
62807,1,1,5,5,5,5,5,5,5,5,5,5
62808,1,1,25,25,25,25,25,25,25,25,25,25
62809,0,1,0,0,0,0,0,0,0,0,0,0
62809,1,1,13,13,13,13,13,13,13,13,13,13
62810,0,1,15,45,43,25,0,31,0,63,8,0
62810,1,1,0,0,10,0,0,0,0,0,0,0
62811,0,1,21,21,21,21,21,21,21,21,21,21
62811,1,1,0,0,0,0,0,0,0,0,0,0
62812,0,1,33,33,33,33,33,33,33,33,33,33
62812,1,1,0,0,0,0,0,0,9,0,0,0
62813,0,1,8,8,8,8,8,8,8,8,8,8
62813,1,1,13,13,13,13,13,13,13,13,13,13
62814,1,1,0,0,0,0,0,0,0,0,0,0
62815,1,1,0,0,0,0,0,0,0,0,0,0
62816,0,1,0,0,0,0,0,0,0,0,0,0
62816,1,1,5,21,5,16,9,0,0,28,0,0
62817,1,1,0,0,0,0,0,0,0,0,0,0
62818,0,1,0,0,0,0,0,0,0,0,0,0
62818,1,1,10,0,0,0,0,0,0,0,0,0
62819,0,1,0,0,0,0,0,0,0,0,0,0