ST_CASE,VEH_NO,PER_NO,P1,P2,P3,P4,P5,P6,P7,P8,P9,P10
63061,1,1,0,11,0,0,13,27,0,0,20,22
63062,0,1,2,2,2,2,2,2,2,2,2,2
63062,1,1,25,25,25,25,25,25,25,25,25,25
63062,2,1,0,0,0,0,0,0,0,0,0,0
63063,1,1,0,0,0,9,0,0,0,0,0,0
63063,2,1,0,0,0,0,0,0,0,0,0,0
63063,3,1,0,0,0,0,0,0,0,0,0,0
63063,4,1,0,0,0,0,0,0,0,0,0,0
63064,0,1,22,22,22,22,22,22,22,22,22,22
63064,1,1,0,0,0,0,0,0,0,0,0,0
63065,0,1,0,0,0,0,0,0,0,0,0,0
63065,1,1,0,15,0,17,0,0,0,19,6,0
63066,0,1,0,0,0,0,0,0,0,0,0,0
63066,1,1,0,0,0,0,0,0,0,0,0,0
63067,0,1,0,0,0,0,0,0,0,0,0,0
63067,1,1,0,0,0,12,0,33,0,0,0,0
63068,0,1,0,0,0,0,0,0,0,0,0,0
63068,1,1,18,5,14,15,12,9,25,20,16,26
63069,0,1,0,0,0,0,0,0,0,0,0,0
63069,0,2,0,0,0,0,0,0,0,0,0,0
63069,1,1,0,0,0,0,0,0,0,0,0,0
63069,2,1,0,0,0,0,0,0,0,0,0,0
63070,1,1,0,0,0,0,0,18,0,0,0,0
63070,2,1,0,0,0,0,0,0,0,0,0,0
63071,1,1,0,0,0,0,0,0,0,0,0,0
63071,2,1,0,0,0,0,0,0,0,0,0,0
63072,0,1,0,0,0,0,0,0,0,0,0,0
63072,1,1,0,11,0,0,0,0,8,0,0,0
63073,1,1,0,0,0,0,0,0,0,0,0,0
63073,2,1,0,0,0,0,0,0,0,0,0,0
63074,1,1,19,19,19,19,19,19,19,19,19,19
63075,0,1,0,19,0,26,0,10,0,0,0,5
63075,1,1,13,0,0,0,0,0,16,0,0,0
63076,1,1,17,17,17,17,17,17,17,17,17,17
63077,1,1,10,10,10,10,10,10,10,10,10,10
63078,1,1,0,0,0,0,0,0,0,0,0,0
63079,0,1,37,22,0,0,0,22,0,0,25,31
63079,1,1,0,0,0,0,0,0,0,0,0,0
63080,0,1,32,32,32,32,32,32,32,32,32,32
63080,1,1,6,6,6,6,6,6,6,6,6,6
63081,0,1,0,0,0,18,0,0,14,0,0,26
63081,1,1,0,0,0,0,0,0,0,0,0,0
63082,0,1,0,0,0,0,0,0,0,0,0,0
63082,1,1,0,0,0,0,0,0,0,0,0,0
63083,0,1,34,34,34,34,34,34,34,34,34,34
63083,1,1,0,0,0,0,10,0,0,0,0,6
63084,0,1,0,20,0,16,19,0,0,17,0,20
63084,1,1,0,0,0,0,0,0,0,0,0,0
63085,0,1,0,0,0,0,0,0,0,0,0,0
63085,1,1,0,23,0,0,0,0,9,0,0,0
63086,1,1,0,0,0,0,0,0,0,0,0,0
63087,1,1,0,0,0,0,0,0,0,0,0,0
63087,2,1,0,0,0,0,0,0,0,0,0,0
63087,3,1,0,0,0,0,0,0,0,0,0,0
63087,4,1,0,0,0,0,0,0,0,0,0,0
63088,1,1,18,18,18,18,18,18,18,18,18,18
63089,0,1,0,0,0,0,0,0,0,0,0,0
63089,1,1,0,0,0,0,0,0,0,0,0,0
63090,0,1,0,0,0,0,0,0,0,0,0,0
63090,1,1,0,0,0,0,0,0,0,0,0,0
63091,0,1,0,0,0,0,0,0,0,0,0,0
63091,1,1,13,13,13,13,13,13,13,13,13,13
63092,1,1,19,19,19,19,19,19,19,19,19,19
63093,1,1,0,0,0,0,0,0,0,0,0,0
63094,0,1,34,34,34,34,34,34,34,34,34,34
63094,1,1,0,18,17,0,15,19,0,14,10,6
63095,1,1,3,3,3,3,3,3,3,3,3,3
63096,1,1,2,2,2,2,2,2,2,2,2,2
63097,1,1,16,16,16,16,16,16,16,16,16,16
63097,2,1,0,0,0,0,0,0,0,0,0,0
63098,0,1,55,26,3,0,10,0,0,13,32,0
63098,1,1,0,0,0,36,0,0,0,28,0,0
63099,0,1,0,0,0,0,0,0,0,0,0,0
63099,1,1,16,16,16,16,16,16,16,16,16,16
63100,0,1,0,0,0,0,0,0,0,0,0,0
63100,1,1,0,0,0,2,5,0,0,9,9,12
63101,0,1,2,2,2,2,2,2,2,2,2,2
63101,1,1,0,0,0,0,0,0,0,0,0,0
63102,0,1,0,0,0,0,0,0,0,0,0,0
63102,1,1,0,0,0,0,9,0,0,0,0,0
63103,1,1,13,0,13,0,0,0,0,0,0,0
63104,0,1,47,0,0,14,28,0,0,9,19,40
63104,1,1,0,0,29,0,0,0,0,0,0,0
63105,0,1,18,37,0,0,14,25,24,13,52,0
63105,1,1,0,0,0,0,0,0,0,0,0,0
63106,0,1,0,0,0,0,0,15,0,0,0,0
63106,1,1,0,0,0,0,0,0,0,0,0,0
63107,0,1,0,30,0,0,0,0,0,0,0,7
63107,1,1,0,0,3,17,0,0,18,25,0,0
63108,1,1,18,18,18,18,18,18,18,18,18,18
63109,1,1,0,0,0,0,0,0,0,0,0,0
63109,2,1,0,0,0,0,0,0,0,0,0,0
63110,0,1,0,0,0,0,0,0,0,0,0,0
63110,1,1,0,14,0,0,0,0,0,0,0,0
63111,1,1,0,0,0,0,0,0,0,0,0,0
63111,2,1,0,0,0,17,0,0,0,0,0,0
63112,1,1,0,0,0,0,0,0,0,0,0,0
63112,2,1,0,0,0,0,0,0,0,0,0,0
63113,1,1,0,0,0,0,0,0,0,0,0,0
63114,1,1,3,3,3,3,3,3,3,3,3,3
63114,2,1,0,0,0,0,0,0,0,0,0,0
63115,0,1,25,0,32,0,0,0,0,23,0,0
63115,0,2,0,0,0,0,0,0,0,0,0,0
63115,0,3,0,0,7,0,0,0,0,0,0,9
63115,1,1,0,0,0,0,0,0,0,0,0,0
63115,2,1,0,0,0,0,0,0,0,0,0,0
63116,1,1,0,0,0,0,0,0,0,0,0,0
63116,2,1,0,0,0,0,0,0,0,0,0,0
63117,1,1,10,10,10,10,10,10,10,10,10,10
63118,1,1,16,16,16,16,16,16,16,16,16,16
63119,1,1,0,0,0,0,0,0,0,0,0,0
63120,0,1,0,0,0,0,0,0,0,0,0,0
63120,1,1,0,17,0,0,0,0,0,0,0,0
63121,0,1,0,0,0,0,0,0,0,0,0,0
63121,1,1,0,0,0,0,0,0,12,0,0,0
63122,1,1,0,0,0,0,0,0,0,0,0,0
63122,2,1,0,0,0,0,0,0,0,0,0,0
63123,1,1,26,26,26,26,26,26,26,26,26,26
63124,1,1,14,14,14,14,14,14,14,14,14,14
63124,2,1,0,0,0,0,0,0,0,0,0,0
63125,1,1,18,18,18,18,18,18,18,18,18,18
63126,0,1,16,16,16,16,16,16,16,16,16,16
63126,1,1,12,0,7,0,14,0,0,14,17,0
63127,1,1,9,9,9,9,9,9,9,9,9,9
63128,0,1,0,0,0,0,0,0,0,0,0,0
63128,1,1,20,20,20,20,20,20,20,20,20,20
63129,1,1,16,16,16,16,16,16,16,16,16,16
63130,0,1,0,0,0,0,0,0,0,0,0,0
63130,1,1,0,0,18,0,9,15,0,15,11,0
63131,1,1,37,0,14,0,0,0,11,0,0,25
63132,1,1,2,2,2,2,2,2,2,2,2,2
63133,1,1,24,24,24,24,24,24,24,24,24,24
63133,2,1,0,0,0,0,0,0,0,0,0,0
63133,3,1,25,0,0,0,0,0,0,0,0,0
63134,0,1,0,0,0,0,0,0,0,0,0,0
63134,1,1,0,0,0,0,0,0,7,0,0,0
63135,0,1,0,0,0,0,0,0,30,0,0,0
63135,1,1,0,0,0,0,0,0,0,0,0,0
63136,1,1,17,17,17,17,17,17,17,17,17,17
63137,0,1,0,0,0,0,0,0,0,0,0,0
63137,1,1,0,0,0,0,0,0,0,0,0,0
63138,1,1,16,16,16,16,16,16,16,16,16,16
63138,2,1,0,0,20,0,0,0,0,0,0,0
63139,0,1,0,0,0,0,0,0,0,0,0,0
63139,1,1,0,0,0,0,0,0,0,0,0,0
63140,1,1,0,0,0,0,0,0,0,0,0,0
63141,0,1,23,10,0,0,0,32,0,24,28,0
63141,1,1,0,0,0,0,0,0,0,0,0,0
63142,0,1,27,0,0,0,9,27,28,27,30,7
63142,1,1,0,0,0,0,19,0,28,0,0,29
63143,1,1,0,0,0,0,0,0,0,0,0,0
63144,1,1,0,12,0,22,16,22,18,18,0,20
63145,1,1,23,23,23,23,23,23,23,23,23,23
63145,2,1,0,0,0,0,0,0,0,0,0,0
63145,3,1,0,0,0,0,0,0,0,0,0,0
63146,0,1,8,8,8,8,8,8,8,8,8,8
63146,1,1,9,4,11,6,0,17,0,3,4,14
63147,0,1,0,0,0,0,0,0,0,0,0,0
63147,1,1,0,0,0,0,0,27,0,0,0,0
63148,1,1,0,0,0,0,0,0,0,0,0,0
63148,2,1,0,0,0,0,0,0,0,0,0,0
63149,1,1,28,28,28,28,28,28,28,28,28,28
63149,2,1,0,0,36,0,0,0,0,0,0,0
63149,3,1,0,0,0,18,0,0,0,0,0,0
63150,1,1,28,28,28,28,28,28,28,28,28,28
63151,1,1,16,16,16,16,16,16,16,16,16,16
63152,1,1,0,0,0,0,0,0,0,0,0,0
63152,2,1,0,0,0,0,0,0,0,0,0,0
63153,1,1,23,23,23,23,23,23,23,23,23,23
63153,2,1,0,0,0,0,0,0,0,0,16,0
63154,1,1,0,0,0,0,0,0,0,0,0,0
63154,2,1,0,0,18,0,0,0,0,0,0,0
63155,2,1,9,15,0,0,0,18,0,0,0,0
63156,1,1,26,26,26,26,26,26,26,26,26,26
63157,0,1,0,0,0,0,0,0,0,0,0,0
63157,1,1,0,0,0,0,0,0,0,0,0,0
63158,0,1,43,43,43,43,43,43,43,43,43,43
63158,1,1,0,0,0,0,0,0,0,0,0,0
63159,0,1,0,0,0,0,0,0,0,0,0,0
63159,1,1,0,0,0,0,0,0,0,0,0,0
63160,0,1,28,28,28,28,28,28,28,28,28,28
63160,1,1,0,0,0,0,0,0,0,0,0,0
63160,2,1,20,0,0,0,0,0,0,0,0,0
63161,0,1,0,0,0,0,0,0,0,0,0,0
63161,0,2,0,0,0,0,0,0,0,0,0,0
63161,1,1,9,9,9,9,9,9,9,9,9,9
63162,0,1,0,9,0,0,0,0,0,8,0,0
63162,1,1,18,0,0,21,0,0,0,15,0,0
63163,1,1,21,21,21,21,21,21,21,21,21,21
63164,1,1,0,0,0,0,0,0,0,0,0,0
63164,2,1,0,0,0,0,0,0,0,0,0,0
63165,1,1,0,0,0,0,8,7,8,0,0,25
63165,2,1,0,0,0,11,0,0,0,0,0,0
63166,0,1,0,0,0,0,0,0,0,0,0,0
63166,1,1,0,0,0,0,0,0,0,0,0,0
63167,0,1,0,0,0,0,0,0,0,0,0,0
63167,1,1,0,0,0,0,0,0,0,0,0,0
63168,1,1,0,0,29,0,0,31,0,6,0,26
63169,1,1,15,15,15,15,15,15,15,15,15,15
63169,2,1,0,0,0,0,0,0,0,0,0,0
63170,1,1,0,0,0,0,0,0,0,0,0,0
63171,1,1,12,12,12,12,12,12,12,12,12,12
63172,1,1,0,0,0,0,0,0,0,0,0,0
63172,2,1,0,0,0,0,0,0,0,0,0,0
63173,1,1,0,0,0,0,0,0,0,0,0,0
63173,2,1,0,0,0,0,0,0,0,0,0,0
63174,1,1,17,17,17,17,17,17,17,17,17,17
63175,0,1,0,0,0,0,0,0,0,0,0,0
63175,1,1,0,0,0,0,0,0,0,0,0,0
63176,1,1,0,0,0,0,0,36,3,12,0,12
63176,2,1,0,0,0,0,0,0,0,0,0,0
63177,1,1,23,23,23,23,23,23,23,23,23,23
63178,0,1,2,2,2,2,2,2,2,2,2,2
63178,1,1,0,0,0,0,0,0,0,0,0,0
63179,1,1,0,0,0,0,0,0,0,0,0,0
63179,2,1,10,0,0,0,0,0,0,0,18,0
63180,1,1,0,0,0,0,0,0,0,0,0,0
63181,1,1,9,13,0,24,12,28,8,8,0,14
63181,2,1,0,0,0,0,0,0,0,0,0,0
63181,3,1,7,0,0,0,0,0,0,0,0,0
63182,1,2,0,9,0,0,0,0,0,8,7,0
63183,1,1,28,0,0,0,0,0,51,0,0,0
63184,1,1,0,0,0,0,0,0,0,0,0,0
63184,2,1,0,0,0,0,0,0,0,0,0,0
63185,0,1,38,38,38,38,38,38,38,38,38,38
63185,1,1,2,2,2,2,2,2,2,2,2,2
63186,0,1,0,0,0,0,0,0,0,0,0,0
63186,1,1,0,0,0,0,0,0,0,0,0,0
63187,1,1,1,1,1,1,1,1,1,1,1,1
63187,2,1,0,0,0,0,0,0,0,0,0,0
63188,0,1,0,0,0,0,0,0,0,0,0,0
63188,1,1,24,24,24,24,24,24,24,24,24,24
63189,1,1,0,0,0,0,0,0,0,0,0,0
63189,2,1,0,0,0,0,20,8,0,0,0,0
63189,3,1,0,0,0,0,0,0,0,0,0,0
63190,0,1,27,27,27,27,27,27,27,27,27,27
63190,1,1,0,0,0,0,0,0,0,0,0,0
63191,1,1,15,15,15,15,15,15,15,15,15,15
63191,2,1,0,0,0,0,0,0,0,0,0,0
63192,1,1,0,0,0,0,0,0,0,0,0,0
63192,2,1,0,0,0,0,0,0,0,0,0,0
63193,0,1,1,1,1,1,1,1,1,1,1,1
63193,1,1,0,0,0,0,0,0,0,0,0,0
63194,1,1,0,0,0,0,0,0,0,0,0,0
63194,2,1,0,0,0,0,0,0,0,0,0,0
63195,1,1,27,27,27,27,27,27,27,27,27,27
63195,2,1,0,0,0,0,0,0,0,0,0,0
63196,0,1,0,0,0,0,0,0,0,0,0,0
63196,1,1,0,10,15,24,0,0,0,0,0,0
63197,1,1,8,8,8,8,8,8,8,8,8,8
63197,2,1,0,0,0,5,0,0,0,0,0,0
63198,0,1,0,0,0,0,0,0,0,0,0,0
63198,1,1,0,14,3,31,26,0,0,18,19,0
63199,0,1,0,15,0,15,0,0,0,0,0,0
63199,1,1,0,18,0,0,0,0,11,0,0,0
63200,0,1,0,0,0,0,0,0,8,13,0,0
63200,1,1,0,0,0,0,0,0,0,0,0,0
63201,0,1,0,0,0,0,0,0,0,0,0,0
63201,1,1,0,0,0,0,0,0,0,0,0,0
63202,1,1,0,0,0,0,0,0,0,0,0,0
63203,0,1,0,0,0,0,0,0,0,0,0,0
63203,1,1,0,0,0,0,0,0,0,0,0,0
63204,0,1,0,0,0,0,0,0,0,0,0,0
63204,1,1,0,0,0,0,0,0,0,0,0,0
63205,0,1,0,0,0,0,0,0,0,0,0,0
63205,1,1,0,0,0,0,0,0,0,0,0,0
63206,1,1,11,11,11,11,11,11,11,11,11,11
63207,1,1,0,0,0,0,0,0,0,0,0,0
63208,0,1,0,0,0,0,0,0,0,0,0,0
63208,1,1,0,0,0,0,0,0,0,0,0,0
63209,0,1,16,16,16,16,16,16,16,16,16,16
63209,1,1,0,0,0,0,0,0,0,0,0,0
63210,0,1,22,22,22,22,22,22,22,22,22,22
63210,1,1,0,0,0,0,0,0,0,0,0,0
63211,1,1,12,0,0,0,0,0,0,0,0,0
63212,0,1,0,24,0,0,0,15,0,17,0,0
63212,1,1,0,0,0,0,0,0,0,0,0,0
63213,0,1,0,0,0,0,0,0,0,0,0,0
63213,1,1,0,0,0,0,0,0,0,0,0,0
63214,0,1,13,13,13,13,13,13,13,13,13,13
63214,1,1,0,0,0,8,0,0,30,0,0,4
63215,1,1,9,0,0,0,0,0,0,0,0,22
63215,2,1,0,0,0,0,0,0,0,0,0,0
63216,0,1,15,15,15,15,15,15,15,15,15,15
63216,1,1,0,0,0,21,0,0,0,0,0,0
63217,0,1,0,0,0,0,0,0,0,0,0,0
63217,1,1,0,0,0,0,0,0,0,0,0,0
63218,0,1,5,5,5,5,5,5,5,5,5,5
63218,1,1,0,0,0,0,0,0,0,0,0,0
63218,2,1,0,0,0,0,0,6,0,0,0,0
63219,0,1,0,0,25,0,0,0,0,0,0,0
63219,1,1,0,0,0,0,0,0,0,0,0,0
63220,1,1,0,0,0,0,0,0,0,0,0,0
63220,2,1,0,0,0,0,0,10,0,0,0,0
63221,0,1,10,10,10,10,10,10,10,10,10,10
63221,1,1,0,0,0,0,0,0,0,0,0,0
63222,1,1,0,0,0,0,0,13,0,0,0,0
63222,2,1,47,0,0,0,0,0,0,0,21,0
63222,3,1,0,0,0,0,0,0,0,0,0,0
63223,1,1,0,0,0,0,0,0,0,0,0,0
63223,2,1,0,0,0,0,0,0,0,0,0,0
63224,0,1,0,0,0,0,0,0,0,0,0,0
63224,1,1,0,0,0,0,0,0,0,0,0,0
63224,2,1,0,0,0,0,0,0,0,0,0,0
63225,1,1,17,17,17,17,17,17,17,17,17,17
63226,1,1,24,0,16,0,15,0,24,6,31,0
63227,1,1,0,0,0,0,0,0,0,0,0,0
63227,2,1,0,0,0,0,0,0,0,0,0,0
63228,1,1,12,12,12,12,12,12,12,12,12,12
63228,2,1,0,0,0,0,0,0,0,0,0,0
63228,3,1,0,0,0,0,0,0,0,0,0,0
63228,4,1,0,0,0,0,0,0,0,0,0,0
63229,1,1,24,24,24,24,24,24,24,24,24,24
63230,1,1,2,0,0,0,0,25,26,0,0,11
63231,1,1,0,0,0,0,0,0,0,0,0,0
63231,2,1,0,0,0,0,0,0,0,0,0,0
63232,0,1,6,0,0,25,0,27,31,3,11,16
63232,1,1,0,0,26,0,0,0,0,0,0,0
63233,1,1,26,8,6,20,0,19,20,10,10,15
63233,2,1,0,0,0,0,0,0,0,0,0,0
63235,0,1,0,0,0,0,0,0,0,0,0,0
63235,1,1,0,0,0,0,0,0,0,0,0,0
63236,1,1,0,0,0,0,0,0,0,0,0,0
63236,2,1,0,0,0,0,0,0,0,0,0,0
63237,1,1,16,16,16,16,16,16,16,16,16,16
63238,1,1,0,0,0,0,0,0,0,0,0,0
63238,2,1,0,0,0,0,0,0,0,0,0,0
63239,1,1,0,5,15,18,12,20,11,18,12,6
63240,0,1,0,0,0,0,0,0,0,0,0,0
63240,0,2,12,20,16,0,0,29,0,0,25,24
63240,1,1,0,0,0,0,0,0,0,0,0,0
63241,1,1,0,0,0,10,0,0,0,0,0,0
63242,0,1,14,13,24,23,24,26,20,10,23,21
63242,1,1,0,0,0,0,15,14,0,17,0,17
63243,0,1,14,44,23,13,9,34,11,17,19,27
63243,1,1,10,0,12,0,9,19,5,0,0,20
63244,0,1,0,0,0,0,0,0,0,0,0,0
63244,1,1,0,0,0,0,0,0,0,0,0,0
63245,1,1,0,0,0,0,0,0,0,0,0,0
63246,1,1,0,0,0,0,0,0,0,0,0,0
63246,2,1,0,0,0,0,0,0,0,0,0,0
63247,0,1,0,0,0,0,0,0,32,0,0,0
63247,1,1,0,3,0,0,0,0,0,0,0,0
63248,1,1,0,0,0,0,0,0,0,0,0,0
63248,2,1,15,15,15,15,15,15,15,15,15,15
63249,0,1,0,0,0,0,0,0,0,0,0,0
63249,1,1,0,0,0,0,0,0,0,0,0,0
63250,1,1,0,0,0,0,0,0,0,0,0,0
63251,1,1,26,26,26,26,26,26,26,26,26,26
63252,1,1,20,20,20,20,20,20,20,20,20,20
63253,0,1,0,0,0,0,0,0,0,0,0,0
63253,1,1,0,0,0,0,0,0,0,0,0,0
63254,0,1,23,23,23,23,23,23,23,23,23,23
63254,1,1,0,3,0,20,30,0,0,0,0,0
63255,0,1,4,4,4,4,4,4,4,4,4,4
63255,1,1,0,0,0,0,0,0,0,0,0,0
63256,1,1,22,22,22,22,22,22,22,22,22,22
63257,0,1,0,0,0,0,0,0,0,0,0,0
63257,1,1,0,0,0,5,0,13,7,7,11,7
63258,1,1,0,0,0,0,0,0,0,0,0,0
63258,2,1,0,0,0,0,0,0,0,0,0,0
63258,3,1,15,0,0,0,0,0,0,0,0,0
63259,0,1,0,0,0,0,37,25,0,0,0,0
63259,1,1,0,0,0,0,0,0,0,0,0,0
63260,0,1,0,0,0,0,0,0,0,0,0,0
63260,1,1,0,0,0,0,0,0,0,0,0,0
63261,0,1,0,0,0,0,0,0,0,0,0,0
63261,1,1,0,0,0,0,0,0,0,0,0,0
63262,0,1,0,0,0,0,0,0,0,0,0,0
63262,1,1,0,0,0,0,0,0,0,0,0,0
63262,2,1,11,0,0,0,0,27,13,17,0,8
63263,1,1,17,17,17,17,17,17,17,17,17,17
63263,2,1,0,0,0,0,0,0,0,0,0,0
63264,1,1,0,0,0,0,0,0,0,0,0,0
63264,2,1,0,0,0,0,0,0,0,0,0,0
63265,0,1,0,0,0,0,0,31,39,0,0,0
63265,1,1,0,0,0,0,0,0,0,0,0,0
63266,0,1,0,0,0,0,0,0,0,0,0,0
63266,1,1,0,0,0,0,0,0,0,0,0,0
63267,1,1,18,18,18,18,18,18,18,18,18,18
63267,2,1,12,12,12,12,12,12,12,12,12,12
63268,1,1,12,0,0,0,0,0,0,0,0,0
63268,2,1,0,0,0,0,0,0,0,0,0,0
63269,1,1,13,13,13,13,13,13,13,13,13,13
63270,1,1,0,0,17,21,11,5,14,21,7,7
63270,2,1,0,0,0,0,0,0,0,0,0,0
63271,0,1,0,0,0,0,0,0,0,0,0,0
63271,1,1,0,0,0,0,0,0,0,0,0,0
63272,1,1,8,0,5,19,12,0,12,31,17,0
63273,1,1,0,0,0,0,0,0,0,0,0,0
63274,1,1,0,0,0,0,0,0,0,0,0,0
63274,2,1,0,0,0,0,0,0,0,0,0,0
63275,1,1,0,0,0,0,0,0,0,0,0,0
63275,2,1,22,12,0,0,0,0,0,0,0,0
63276,1,1,13,13,13,13,13,13,13,13,13,13
63277,1,1,0,0,0,0,0,0,0,0,0,0
63278,0,1,0,0,0,0,0,0,0,0,0,0
63278,1,1,12,7,14,0,0,0,2,0,9,8
63279,0,1,0,0,0,0,0,0,0,0,0,0
63279,1,1,0,0,0,0,0,0,0,0,21,0
63280,1,1,0,0,0,0,0,0,0,0,38,0
63281,1,1,0,0,0,0,0,0,0,0,0,0
63281,2,1,9,0,0,0,0,0,0,0,0,0
63282,1,1,0,0,0,0,0,0,0,0,0,0
63282,2,1,0,0,0,0,0,0,0,0,7,0
63283,0,1,0,0,0,0,0,0,0,0,0,0
63283,1,1,0,0,0,0,0,8,0,0,0,0
63284,1,1,9,24,15,25,18,0,6,0,3,8
63284,2,1,0,0,0,0,0,0,0,0,0,0
63285,1,1,23,23,0,0,27,0,0,18,0,12
63286,1,1,0,0,0,0,0,0,0,0,0,0
63286,2,1,0,0,0,0,0,0,0,0,0,0
63287,1,1,0,0,0,0,0,0,0,0,0,0
63287,2,1,0,0,0,0,0,0,0,0,0,0
63287,3,1,0,0,0,0,0,0,0,0,0,0
63288,1,1,0,0,0,0,0,0,0,0,0,0
63288,2,1,0,0,0,0,0,0,0,0,0,0
63289,0,1,0,0,0,0,0,0,0,0,0,0
63289,1,1,0,0,0,0,0,0,0,0,0,0
63290,1,1,0,0,0,0,0,0,0,0,0,0
63291,1,1,0,0,0,0,0,0,0,0,0,0
63292,1,1,0,0,0,0,0,0,0,0,0,0
63292,2,1,0,0,0,0,9,0,0,0,0,0
63293,0,1,0,0,0,0,0,0,0,0,0,0
63293,1,1,21,0,14,19,0,0,0,0,14,0
63294,1,1,0,0,0,0,0,0,0,0,0,0
63295,1,1,0,0,0,0,0,0,0,0,0,0
63296,1,1,0,7,0,6,0,0,31,16,0,0
63296,2,1,0,0,0,0,0,0,0,0,0,0
63297,0,1,0,0,0,0,0,0,0,0,0,0
63297,1,1,0,0,0,0,0,0,0,0,0,0
63298,0,1,0,0,0,0,0,0,0,0,0,0
63298,1,1,16,14,13,8,0,5,0,3,8,20
63299,0,1,24,0,20,0,0,25,33,0,0,13
63299,1,1,0,0,0,0,0,0,0,0,0,0
63300,1,1,17,17,17,17,17,17,17,17,17,17
63300,2,1,0,0,0,0,0,0,0,0,8,0
63300,3,1,0,0,0,0,0,0,0,0,0,0
63300,4,1,0,0,15,0,0,6,0,0,14,0
63301,1,1,12,12,12,12,12,12,12,12,12,12
63302,0,1,0,0,0,0,0,0,0,0,0,0
63302,0,2,0,0,0,0,0,0,0,0,0,0
63302,0,3,0,0,0,0,0,0,0,0,0,0
63302,1,1,0,22,4,3,0,0,0,3,13,10
63302,2,1,0,0,0,0,0,0,0,0,22,0
63303,1,1,0,0,0,0,0,0,0,0,0,0
63304,0,1,0,0,9,0,0,21,22,0,0,36
63304,1,1,0,0,0,0,0,0,0,0,0,0
63305,0,1,10,10,10,10,10,10,10,10,10,10
63305,1,1,0,0,0,0,0,0,0,0,0,0
63306,0,1,0,0,0,0,0,0,0,0,0,0
63306,1,1,15,7,0,15,0,10,8,4,4,0
63307,0,1,0,0,0,0,0,0,0,0,0,0
63307,1,1,0,0,0,0,0,0,0,0,0,0
63308,1,1,0,0,0,0,0,0,0,0,0,0
63308,2,1,0,0,0,10,0,0,0,0,0,0
63309,0,1,28,28,28,28,28,28,28,28,28,28
63309,1,1,0,0,0,0,0,0,0,0,0,0
63310,0,1,0,0,0,0,0,0,0,0,0,0
63310,1,1,0,13,0,0,0,0,0,2,6,0
63311,0,1,0,0,0,0,33,0,0,0,0,8
63311,1,1,10,16,5,10,18,5,3,9,10,12
63312,1,1,6,6,6,6,6,6,6,6,6,6
63312,2,1,0,0,0,0,0,0,0,0,0,0
63313,0,1,15,0,0,17,9,29,4,5,17,22
63313,0,2,0,0,20,0,0,0,28,0,0,17
63313,1,1,12,0,0,0,0,0,0,0,0,0
63314,0,1,0,0,0,0,0,0,0,0,0,0
63314,1,1,0,0,0,0,0,0,0,0,0,0
63315,1,1,0,0,0,0,0,0,0,0,0,0
63315,2,1,10,10,10,10,10,10,10,10,10,10
63317,0,1,0,0,0,0,0,0,0,0,0,0
63317,0,2,0,0,0,0,0,0,0,0,0,0
63317,1,1,0,0,0,0,0,0,0,0,0,0
63318,1,1,0,0,0,0,0,0,0,0,0,0
63318,2,1,0,0,0,0,0,0,0,0,0,0
63318,3,1,0,0,0,0,0,0,0,0,0,0
63319,0,1,0,0,0,0,0,0,0,0,0,0
63319,1,1,0,0,0,0,0,0,0,0,0,0
63320,1,1,0,6,0,0,20,19,0,0,0,7
63320,2,1,0,15,0,0,0,0,0,0,0,0
63320,3,1,0,18,0,0,18,0,0,14,0,0
63321,1,1,0,0,0,0,0,0,0,0,0,0
63321,2,1,0,0,0,0,0,0,0,0,0,0
63322,1,1,0,0,0,0,0,0,0,0,0,0
63322,2,1,0,13,0,0,0,0,0,0,0,0
63323,0,1,21,21,21,21,21,21,21,21,21,21
63323,1,1,0,0,0,0,0,0,0,0,0,0
63324,0,1,0,0,0,0,0,0,0,0,0,0
63324,1,1,0,0,0,0,0,0,0,0,0,0
63325,0,1,0,0,0,0,0,0,0,0,0,0
63325,1,1,0,0,0,0,0,0,0,0,0,0
63326,1,1,0,0,0,0,0,0,0,0,0,0
63326,2,1,0,0,0,0,0,0,0,0,11,0
63327,1,1,0,0,0,0,0,12,0,0,0,0
63327,2,1,0,0,0,0,0,0,0,0,0,0
63328,0,1,9,9,9,9,9,9,9,9,9,9
63328,1,1,0,0,0,0,0,0,0,0,0,0
63329,1,1,0,0,0,0,0,0,15,0,0,0