ST_CASE,VEH_NO,PER_NO,P1,P2,P3,P4,P5,P6,P7,P8,P9,P10
63329,2,1,0,0,0,0,0,0,0,0,0,0
63330,1,1,27,27,27,27,27,27,27,27,27,27
63331,1,1,4,4,4,4,4,4,4,4,4,4
63331,2,1,0,0,0,0,0,0,0,0,8,0
63332,1,1,0,0,0,0,0,0,0,0,0,0
63332,2,1,0,0,0,0,0,0,0,0,0,0
63333,1,1,13,13,13,13,13,13,13,13,13,13
63333,2,1,0,3,0,8,0,0,10,0,0,0
63333,3,1,0,0,0,40,0,0,17,0,0,0
63334,1,1,0,0,0,0,0,0,0,0,0,0
63334,2,1,0,0,0,0,0,0,0,0,0,13
63335,1,1,0,0,0,0,0,0,0,0,0,0
63336,1,1,0,0,0,0,0,0,0,0,0,0
63337,1,1,0,0,0,0,0,0,0,0,0,0
63339,0,1,12,12,12,12,12,12,12,12,12,12
63339,1,1,0,0,0,0,0,0,0,0,0,0
63340,1,1,27,16,15,13,19,11,8,10,13,14
63341,1,1,5,8,0,6,18,10,0,28,0,0
63341,2,1,0,0,7,0,0,0,0,0,0,0
63342,0,1,0,0,0,0,0,0,0,0,0,0
63342,0,2,0,0,0,0,0,0,0,0,0,0
63342,1,1,0,0,0,0,0,0,0,0,0,0
63343,1,1,5,5,5,5,5,5,5,5,5,5
63344,0,1,16,0,0,0,17,0,27,0,0,3
63344,1,1,0,0,0,0,0,0,0,0,0,0
63345,1,1,0,0,0,0,0,0,0,0,0,0
63345,2,1,0,0,0,0,0,0,0,0,0,0
63345,3,1,0,0,0,0,0,0,0,0,0,0
63345,4,1,0,0,0,0,0,0,0,0,0,0
63345,5,1,5,0,0,0,0,0,0,0,0,0
63346,1,1,8,8,8,8,8,8,8,8,8,8
63347,0,1,4,4,4,4,4,4,4,4,4,4
63347,1,1,11,0,13,0,29,0,7,24,0,0
63347,2,1,0,0,0,32,14,0,0,0,0,0
63347,3,1,0,0,18,12,8,0,0,0,12,0
63347,4,1,0,0,0,0,0,3,0,0,19,11
63347,5,1,0,0,0,8,0,0,0,10,6,0
63348,0,1,0,0,0,0,0,0,0,0,0,0
63348,1,1,0,0,0,0,0,0,0,0,0,0
63348,2,1,0,6,0,0,0,0,0,9,12,16
63349,0,1,0,0,0,0,0,0,0,0,0,0
63349,0,2,12,0,0,0,0,0,23,0,0,0
63349,0,3,8,17,14,14,0,26,0,17,0,0
63349,1,1,0,0,0,0,0,0,0,0,0,0
63350,1,1,0,0,0,0,0,0,0,0,0,0
63351,1,1,0,0,0,0,0,0,0,0,0,0
63351,2,1,0,0,0,0,0,0,8,0,0,18
63352,0,1,0,0,0,0,0,0,0,0,0,0
63352,1,1,0,0,0,0,0,0,0,0,0,0
63354,1,1,0,24,0,0,0,0,0,0,0,0
63354,2,1,0,0,0,0,0,0,0,0,0,0
63355,0,1,0,0,0,0,0,0,0,0,0,0
63355,1,1,0,0,0,0,0,0,0,0,0,0
63356,1,1,0,0,0,0,0,0,0,0,0,0
63356,2,1,0,0,0,0,0,0,0,0,0,0
63356,3,1,0,0,0,0,0,0,0,0,0,0
63356,4,1,0,0,0,0,8,0,0,0,0,0
63356,5,1,0,0,0,0,0,0,0,0,0,0
63357,0,1,0,0,0,0,0,0,0,0,0,0
63357,1,1,0,0,0,0,0,0,0,6,0,0
63358,0,1,37,37,37,37,37,37,37,37,37,37
63358,1,1,0,0,0,0,0,0,0,0,0,0
63359,0,1,0,0,0,0,0,0,0,0,0,0
63359,1,1,0,0,0,0,0,0,0,0,0,0
63360,1,1,20,20,20,20,20,20,20,20,20,20
63361,1,1,0,0,0,0,0,0,0,0,0,0
63361,2,1,0,0,0,0,0,0,0,0,0,0
63361,3,1,0,0,0,0,0,0,0,0,0,0
63362,0,1,9,0,0,14,34,22,0,0,21,13
63362,1,1,0,0,17,47,20,15,0,25,0,0
63363,0,1,3,3,3,3,3,3,3,3,3,3
63363,1,1,0,0,0,0,0,0,0,0,0,0
63364,1,1,12,12,12,12,12,12,12,12,12,12
63365,1,1,0,14,31,15,19,0,0,0,0,7
63365,2,1,6,0,16,31,18,13,0,10,11,22
63366,0,1,14,0,33,29,23,17,0,0,23,0
63366,1,1,9,12,16,0,8,13,18,18,16,15
63367,1,1,0,0,0,0,0,0,0,0,0,0
63367,2,1,0,0,0,0,0,0,4,0,0,0
63367,3,1,0,0,0,0,0,0,0,0,0,0
63368,1,1,10,10,10,10,10,10,10,10,10,10
63369,0,1,33,33,33,33,33,33,33,33,33,33
63369,1,1,0,0,0,0,0,0,0,0,0,0
63370,1,1,0,0,0,0,0,0,0,0,0,0
63370,2,1,10,4,6,18,0,0,20,3,20,6
63370,3,1,14,9,25,17,6,10,0,12,16,16
63371,1,1,0,0,0,0,0,0,0,0,0,0
63371,2,1,0,0,0,0,0,0,0,0,0,0
63372,1,1,0,0,0,0,0,0,0,0,0,0
63372,2,1,0,0,14,0,0,0,7,0,0,0
63373,0,1,0,0,0,0,0,0,0,0,0,0
63373,1,1,0,0,0,0,0,0,0,0,0,0
63374,0,1,0,0,0,0,0,0,0,0,0,0
63374,1,1,0,0,42,0,0,0,0,0,20,0
63375,1,1,0,7,0,0,0,0,0,0,0,0
63375,2,1,0,0,0,0,0,0,0,0,0,0
63376,0,1,0,0,0,0,0,0,0,0,0,0
63376,1,1,5,22,6,2,17,15,1,8,9,19
63377,1,1,22,22,22,22,22,22,22,22,22,22
63377,2,1,0,0,0,0,0,0,0,0,0,0
63378,1,1,0,0,0,0,0,0,0,0,0,0
63378,2,1,0,0,0,0,0,0,0,0,0,0
63379,1,1,0,0,0,0,0,0,0,0,0,0
63379,2,1,0,0,0,0,0,0,0,0,0,0
63380,0,1,0,0,0,0,0,0,0,0,0,0
63380,1,1,0,0,0,0,0,0,0,0,0,0
63381,1,1,0,0,0,0,0,0,0,0,0,0
63381,2,1,0,0,0,0,0,0,0,0,0,0
63382,1,1,0,0,0,0,0,0,0,0,0,0
63382,2,1,0,0,0,0,0,0,0,0,0,0
63383,0,1,0,0,0,0,0,0,0,0,0,0
63383,1,1,0,0,0,0,0,0,0,0,0,0
63384,0,1,0,0,0,0,0,0,0,0,0,0
63384,1,1,24,0,5,0,0,0,0,9,0,0
63385,0,1,0,0,0,0,0,0,0,0,0,0
63385,1,1,0,0,0,0,0,0,0,0,0,0
63386,0,1,0,0,0,0,0,0,0,0,0,0
63386,1,1,0,0,0,0,0,0,0,0,0,0
63387,1,1,0,0,0,0,0,0,0,0,0,0
63388,0,1,13,13,13,13,13,13,13,13,13,13
63388,1,1,0,0,0,0,0,0,0,0,7,0
63389,0,1,0,0,0,0,0,0,0,0,0,0
63389,1,1,26,0,0,0,0,0,0,0,0,0
63390,1,1,0,0,0,0,0,0,0,0,0,0
63391,1,1,26,20,16,22,17,29,30,25,21,10
63391,2,1,0,0,0,10,0,0,0,0,0,0
63392,0,1,0,0,0,0,0,0,0,0,0,0
63392,1,1,0,0,0,0,0,0,0,0,0,0
63393,0,1,30,30,30,30,30,30,30,30,30,30
63393,1,1,0,0,0,0,0,0,0,0,0,33
63394,0,1,14,14,14,14,14,14,14,14,14,14
63394,1,1,0,26,2,0,0,22,0,0,0,8
63395,0,1,14,14,14,14,14,14,14,14,14,14
63395,1,1,0,0,0,0,0,0,0,0,0,0
63396,0,1,0,0,0,0,0,0,0,0,0,0
63396,1,1,0,0,0,0,0,0,0,0,0,0
63397,1,1,0,0,0,0,0,0,0,0,0,0
63397,2,1,0,0,0,0,0,18,0,0,0,0
63398,1,1,0,0,0,0,0,0,0,0,0,0
63398,2,1,0,0,0,0,0,0,0,0,0,0
63399,1,1,0,0,0,0,0,0,0,0,0,0
63399,2,1,0,0,0,0,0,0,0,0,0,0
63400,0,1,0,0,0,0,0,0,0,0,0,0
63400,1,1,12,8,0,0,23,28,0,0,8,0
63401,1,1,7,7,7,7,7,7,7,7,7,7
63402,1,1,0,0,0,20,0,0,0,19,0,0
63402,2,1,0,0,0,0,0,0,0,0,0,0
63403,1,1,12,12,12,12,12,12,12,12,12,12
63403,2,1,0,0,0,0,0,0,0,0,0,0
63404,1,1,0,0,0,0,0,0,0,0,0,0
63405,1,1,18,18,18,18,18,18,18,18,18,18
63405,2,1,0,0,0,0,0,0,0,0,0,0
63406,1,1,0,0,0,0,0,0,0,0,0,0
63406,2,1,0,0,0,21,0,0,0,0,0,0
63407,1,1,0,0,0,0,0,0,0,0,0,0
63407,2,1,0,6,0,23,0,0,0,0,0,0
63407,3,1,13,11,24,9,3,6,0,16,8,6
63407,4,1,0,0,0,0,0,0,0,0,0,0
63407,5,1,0,0,0,0,0,0,0,14,0,0
63407,6,1,0,0,0,0,0,0,0,11,0,0
63407,7,1,12,0,0,0,7,0,0,0,0,0
63408,1,1,29,29,29,29,29,29,29,29,29,29
63409,0,1,0,18,18,0,0,0,0,0,0,0
63409,1,1,0,0,0,0,0,0,0,0,0,0
63410,1,1,0,0,0,0,0,0,0,0,0,0
63410,2,1,0,0,0,0,0,0,0,0,0,0
63410,3,1,0,0,0,0,0,0,0,0,0,0
63410,4,1,0,0,0,0,0,0,0,0,0,0
63410,5,1,0,0,0,0,0,0,0,0,0,0
63411,1,1,4,29,0,0,0,20,0,22,17,27
63412,0,1,0,0,0,0,0,0,0,0,0,0
63412,1,1,0,0,0,0,0,0,0,0,0,0
63412,2,1,0,0,0,9,0,0,0,0,0,0
63412,3,1,0,0,0,0,0,0,0,0,0,0
63412,4,1,0,0,0,0,0,0,0,0,0,0
63413,1,1,10,10,10,10,10,10,10,10,10,10
63414,1,1,0,0,0,0,0,0,0,0,0,17
63414,2,1,0,0,0,0,0,0,0,0,0,0
63414,3,1,0,0,0,0,0,0,0,0,0,0
63415,0,1,0,0,0,0,0,0,0,0,0,0
63415,1,1,0,0,0,0,0,0,0,0,0,0
63416,0,1,0,4,0,0,0,35,0,0,0,0
63416,1,1,13,13,13,13,13,13,13,13,13,13
63417,1,1,6,6,6,6,6,6,6,6,6,6
63418,1,1,0,0,0,0,0,0,0,0,0,0
63418,3,1,22,0,0,0,0,0,21,0,0,0
63419,1,1,15,15,15,15,15,15,15,15,15,15
63420,0,1,0,0,0,0,0,0,0,0,0,0
63420,1,1,0,0,18,0,0,0,0,0,0,0
63421,1,1,0,0,0,0,0,0,0,0,0,0
63422,1,1,0,0,0,0,0,0,0,0,0,0
63422,2,1,0,0,0,0,0,0,0,0,0,0
63423,0,1,0,0,0,0,0,0,0,0,0,0
63423,1,1,0,0,0,0,0,0,0,0,0,0
63424,1,1,23,23,23,23,23,23,23,23,23,23
63425,0,1,0,0,0,0,0,0,0,0,0,0
63425,1,1,1,1,1,1,1,1,1,1,1,1
63426,0,1,0,0,0,0,0,0,0,0,0,0
63426,1,1,0,0,0,0,0,0,0,0,0,0
63427,1,1,12,0,0,0,0,3,0,0,0,0
63428,1,1,22,22,22,22,22,22,22,22,22,22
63429,0,1,0,0,0,0,0,0,0,0,0,0
63429,1,1,0,0,0,0,0,0,0,0,0,0
63430,0,1,0,0,0,0,0,0,0,0,0,0
63430,1,1,0,0,0,0,32,0,0,0,0,0
63431,1,1,3,3,3,3,3,3,3,3,3,3
63432,0,1,0,0,0,0,0,0,0,0,0,0
63432,1,1,1,1,1,1,1,1,1,1,1,1
63433,1,1,0,0,0,0,0,0,0,0,0,0
63434,1,1,0,0,0,0,0,0,0,0,0,0
63435,0,1,0,0,0,0,0,0,0,0,0,0
63435,1,1,0,0,0,22,0,0,0,0,0,0
63436,0,1,0,0,0,0,0,0,0,0,20,0
63436,0,2,0,0,0,0,40,0,0,0,0,0
63436,0,3,0,0,0,0,0,0,0,0,0,0
63436,1,1,25,6,0,21,10,0,4,16,0,16
63436,2,1,0,0,0,0,0,0,26,0,0,0
63437,0,1,20,10,39,8,25,21,16,30,22,2
63437,1,1,0,0,0,0,0,0,0,0,0,0
63438,1,1,12,12,12,12,12,12,12,12,12,12
63439,0,1,17,17,17,17,17,17,17,17,17,17
63439,1,1,0,0,0,0,0,0,0,29,0,0
63439,2,1,0,0,0,0,0,0,0,0,0,0
63440,1,1,13,13,13,13,13,13,13,13,13,13
63441,0,1,0,0,0,0,0,0,0,0,0,0
63441,1,1,0,0,0,0,0,0,0,0,0,0
63442,0,1,14,14,14,14,14,14,14,14,14,14
63442,1,1,0,12,23,0,5,0,4,0,4,0
63443,1,1,0,0,0,0,0,0,0,0,0,0
63443,2,1,0,0,0,0,0,0,0,0,4,0
63444,1,1,0,0,0,0,0,0,0,0,0,0
63444,2,1,0,0,0,0,19,0,0,0,0,0
63445,1,1,31,11,24,10,16,21,11,12,15,28
63445,2,1,0,0,0,0,0,0,0,0,0,0
63445,3,1,0,0,0,0,0,0,0,0,0,0
63446,0,1,0,0,0,0,0,0,0,0,0,0
63446,1,1,0,0,28,0,17,0,0,0,0,0
63447,0,1,25,25,25,25,25,25,25,25,25,25
63447,1,1,0,0,0,0,0,0,0,0,0,0
63448,1,1,12,12,12,12,12,12,12,12,12,12
63448,2,1,0,0,0,0,0,0,0,0,0,0
63448,3,1,0,16,0,0,0,0,0,0,0,0
63449,0,1,0,0,0,0,0,0,0,0,0,0
63449,1,1,0,22,0,0,0,9,0,0,0,0
63450,1,1,0,0,0,0,0,0,0,0,0,0
63450,2,1,0,10,0,15,0,0,0,0,0,0
63451,1,1,0,0,0,0,0,0,0,0,0,0
63451,2,1,0,25,0,0,0,0,0,0,0,0
63452,1,1,0,0,0,0,0,0,0,0,0,0
63452,2,1,0,0,0,0,0,0,5,0,0,0
63453,1,1,0,0,0,0,0,0,0,0,0,0
63453,2,1,0,0,0,0,0,0,0,0,0,0
63454,1,1,0,0,0,0,0,0,0,0,0,0
63455,0,1,0,0,0,0,0,0,0,0,0,0
63455,1,1,0,0,0,0,0,0,0,0,0,0
63456,1,1,0,0,0,0,0,0,0,0,0,0
63456,2,1,0,0,0,0,0,0,0,0,0,0
63457,0,1,28,28,28,28,28,28,28,28,28,28
63457,1,1,0,0,0,0,0,0,0,0,0,0
63458,0,1,7,7,7,7,7,7,7,7,7,7
63458,1,1,0,0,0,0,0,0,0,0,0,0
63459,1,1,0,0,0,0,0,0,0,0,0,0
63460,0,1,0,0,0,0,0,0,0,0,0,0
63460,2,1,0,13,0,0,0,0,0,0,0,0
63461,1,1,0,0,0,0,0,0,48,0,0,0
63461,2,1,0,0,0,0,0,0,0,0,5,0
63462,0,1,0,0,0,0,0,0,0,0,0,0
63462,1,1,0,0,0,0,0,0,0,0,0,0
63463,1,1,0,0,0,0,0,17,0,0,0,0
63463,2,1,0,0,0,0,18,0,0,0,0,0
63464,1,1,0,0,0,0,0,0,0,0,0,0
63464,2,1,0,0,0,0,0,0,0,0,0,0
63465,1,1,0,0,0,0,0,0,0,0,0,0
63465,2,1,0,0,0,0,0,0,0,0,0,0
63466,1,1,0,0,0,0,0,0,0,0,0,0
63466,2,1,0,0,0,0,0,0,0,0,0,0
63466,3,1,0,0,0,0,0,0,0,0,0,0
63467,0,1,0,0,0,0,0,0,10,0,0,0
63467,1,1,0,0,0,0,0,0,0,0,0,0
63468,0,1,20,30,19,23,7,0,13,16,14,19
63468,1,1,0,0,0,0,0,0,0,0,0,0
63469,0,1,13,0,26,0,0,14,25,0,26,0
63469,1,1,0,0,0,0,0,0,0,0,0,0
63470,0,1,8,0,29,0,0,0,0,0,0,0
63470,1,1,0,0,0,0,0,0,0,0,0,0
63471,1,1,0,0,0,0,0,0,0,0,0,0
63472,1,1,0,0,0,0,0,0,0,0,0,26
63472,2,1,0,0,0,0,0,0,0,0,0,0
63473,0,1,0,0,0,0,0,0,0,0,0,0
63473,0,2,0,16,0,0,0,0,0,16,0,0
63473,1,1,0,0,0,0,0,0,0,0,0,0
63474,1,1,0,0,0,0,0,0,0,0,0,0
63474,2,1,0,0,0,0,0,0,0,0,0,0
63475,1,1,9,9,9,9,9,9,9,9,9,9
63475,2,1,6,0,0,0,0,0,0,0,0,0
63476,0,1,23,23,23,23,23,23,23,23,23,23
63476,1,1,0,0,0,0,0,0,0,0,0,0
63477,1,1,17,17,17,17,17,17,17,17,17,17
63478,1,1,21,21,21,21,21,21,21,21,21,21
63478,2,1,2,2,2,2,2,2,2,2,2,2
63479,1,1,0,0,0,0,0,0,0,0,0,0
63479,2,1,0,0,0,0,0,0,0,0,0,0
63480,0,1,0,0,0,0,0,0,0,0,0,0
63480,1,1,0,0,0,0,0,0,0,0,0,0
63481,1,1,26,26,26,26,26,26,26,26,26,26
63481,2,1,0,0,0,0,0,0,0,0,0,0
63482,1,1,0,0,0,0,0,0,0,0,0,0
63483,1,1,0,0,0,0,0,0,0,0,0,0
63483,2,1,0,0,0,0,0,0,0,0,0,0
63483,3,1,0,0,0,0,0,0,0,0,0,0
63484,1,1,0,0,0,0,0,0,0,0,0,0
63484,2,1,0,0,0,0,0,0,0,0,0,0
63485,1,1,0,0,0,0,0,0,0,0,0,0
63485,2,1,0,0,0,0,0,0,0,0,0,0
63487,1,1,0,0,8,0,0,0,0,0,0,0
63487,2,1,0,0,0,0,0,0,0,0,0,0
63488,0,1,0,0,0,0,0,0,0,14,13,0
63488,1,1,0,0,0,19,0,0,0,0,0,0
63489,1,1,9,0,0,6,12,0,0,0,8,0
63490,1,1,0,0,0,0,0,0,0,0,0,0
63491,0,1,39,39,39,39,39,39,39,39,39,39
63491,1,1,0,0,0,22,16,0,0,0,0,0
63492,0,1,0,0,0,0,0,0,0,0,0,0
63492,1,1,0,0,0,0,0,0,0,0,0,0
63493,1,1,0,0,0,0,0,0,0,0,0,0
63493,2,1,0,0,0,0,0,0,0,0,0,0
63494,1,1,0,0,0,0,0,0,0,0,0,0
63494,2,1,0,0,0,0,0,0,0,0,0,0
63494,3,1,0,0,0,0,0,26,0,0,0,0
63494,4,1,0,0,0,0,0,0,0,0,0,0
63495,0,1,0,0,0,0,0,0,0,0,0,0
63495,1,1,0,0,0,0,0,0,0,0,0,0
63496,1,1,13,13,13,13,13,13,13,13,13,13
63497,0,1,0,0,0,0,0,0,0,0,0,0
63497,1,1,0,0,0,0,0,0,0,0,0,0
63498,1,1,0,0,0,0,0,0,0,0,0,0
63498,2,1,0,0,0,0,0,0,0,0,0,0
63499,1,1,17,17,17,17,17,17,17,17,17,17
63500,0,1,11,11,11,11,11,11,11,11,11,11
63500,1,1,0,0,0,0,0,0,0,0,0,0
63501,1,1,0,0,0,0,0,0,0,0,0,0
63502,1,1,0,0,0,0,0,0,0,0,0,0
63502,2,1,17,0,0,0,0,0,0,0,0,0
63503,1,1,0,0,0,0,0,0,0,0,0,0
63503,2,1,0,0,0,0,0,0,29,0,0,0
63504,0,1,16,16,16,16,16,16,16,16,16,16
63504,1,1,26,5,9,0,0,0,7,0,0,9
63505,1,1,0,0,0,0,0,0,0,0,0,0
63505,2,1,0,11,0,0,0,0,0,21,0,0
63506,0,1,18,18,18,18,18,18,18,18,18,18
63506,1,1,0,0,0,0,0,0,0,0,0,0
63507,1,1,0,0,0,0,0,0,0,0,0,0
63508,0,1,0,0,0,0,0,0,0,0,0,0
63508,1,1,0,0,0,0,0,0,0,0,0,0
63509,1,1,8,16,17,18,9,16,23,0,28,23
63509,2,1,0,0,0,0,0,0,0,0,0,0
63510,0,1,16,16,16,16,16,16,16,16,16,16
63510,1,1,0,0,0,0,0,0,0,0,0,0
63511,0,1,0,0,0,0,0,0,0,0,0,0
63511,1,1,0,0,0,0,0,0,0,0,0,0
63512,1,1,18,18,18,18,18,18,18,18,18,18
63513,0,1,0,0,0,0,0,0,0,0,0,0
63513,1,1,0,0,0,0,0,0,0,0,0,0
63514,0,1,0,31,0,27,0,0,0,17,0,10
63514,1,1,0,0,0,0,0,0,0,0,0,0
63515,0,1,0,0,0,0,0,0,0,0,0,0
63515,1,1,0,0,0,0,0,0,0,0,0,0
63516,1,1,7,7,7,7,7,7,7,7,7,7
63516,2,1,0,0,0,14,0,0,0,0,0,0
63516,3,1,0,0,0,0,0,0,0,0,0,0
63517,0,1,0,0,0,0,0,0,0,0,0,0
63517,1,1,0,0,0,0,0,0,0,0,0,0
63518,1,1,13,13,13,13,13,13,13,13,13,13
63519,0,1,17,0,28,0,0,0,0,0,0,0
63519,1,1,0,0,0,0,0,0,0,0,0,0
63519,2,1,0,0,0,0,0,0,0,0,0,0
63520,1,1,0,0,0,0,0,1,0,0,0,0
63521,1,1,13,13,13,13,13,13,13,13,13,13
63522,1,1,17,17,17,17,17,17,17,17,17,17
63523,0,1,0,0,0,0,0,0,0,0,0,0
63523,1,1,13,18,16,20,15,0,0,8,0,20
63524,0,1,17,17,17,17,17,17,17,17,17,17
63524,1,1,7,0,0,0,15,12,21,17,0,14
63525,0,1,26,26,26,26,26,26,26,26,26,26
63525,1,1,0,0,0,0,0,0,0,0,0,0
63526,0,1,0,0,0,0,0,0,0,0,0,24
63526,1,1,0,0,0,0,0,0,0,0,0,0
63527,1,1,0,0,0,0,0,0,0,0,0,0
63528,1,1,13,13,13,13,13,13,13,13,13,13
63529,0,1,0,0,0,0,0,0,0,0,0,0
63529,1,1,0,0,0,0,0,0,0,0,0,0
63530,1,1,0,0,0,0,0,0,0,0,0,0
63530,2,1,0,0,0,0,0,0,0,0,0,0
63531,0,1,0,0,0,0,0,0,0,0,0,0
63531,1,1,0,0,0,0,0,0,0,0,0,0
63532,0,1,19,19,19,19,19,19,19,19,19,19
63532,1,1,4,6,0,0,0,0,19,0,0,0
63533,1,1,0,0,8,11,0,12,13,0,10,0
63534,0,1,0,0,0,0,0,0,0,0,0,0
63534,1,1,0,0,0,0,0,0,0,0,0,0
63535,1,1,0,0,0,0,0,0,0,0,0,0
63535,2,2,0,0,0,0,0,0,0,0,0,0
63536,1,1,20,20,20,20,20,20,20,20,20,20
63536,2,1,15,15,15,15,15,15,15,15,15,15
63537,1,1,0,0,0,0,0,0,0,0,0,0
63537,2,1,0,0,0,0,0,0,7,0,0,0
63537,3,1,0,0,0,0,0,0,0,0,0,0
63538,0,1,0,0,0,0,0,0,0,0,0,0
63538,1,1,0,0,0,0,0,0,0,0,0,0
63539,1,1,0,0,0,0,0,0,0,0,0,0
63539,2,1,0,0,0,0,0,0,0,0,0,0
63540,1,1,0,0,0,0,0,0,0,0,0,0
63541,1,1,0,0,0,0,0,0,0,0,0,0
63542,1,1,15,15,15,15,15,15,15,15,15,15
63542,2,1,0,0,0,0,0,0,0,0,0,0
63542,3,1,0,0,0,0,15,0,0,0,0,0
63543,0,1,43,43,43,43,43,43,43,43,43,43
63543,1,1,10,0,9,0,0,23,14,11,0,6
63544,1,1,11,10,3,0,28,19,21,27,6,26
63545,0,1,45,52,21,22,8,32,17,15,17,27
63545,1,1,0,0,0,0,0,0,0,0,0,0
63546,0,1,0,0,0,0,0,0,0,0,0,0
63546,1,1,0,0,0,0,0,0,0,0,0,0
63546,4,1,0,0,0,0,0,0,0,0,0,0
63547,1,1,0,0,0,0,0,0,0,0,0,0
63547,2,1,0,0,0,0,0,0,0,0,0,0
63548,0,1,0,0,5,0,0,0,0,0,0,0
63548,1,1,0,0,0,0,0,0,0,0,0,0
63549,0,1,0,0,0,0,0,27,0,0,0,0
63549,1,1,21,15,14,20,0,0,7,0,20,13
63550,1,1,0,0,0,0,0,0,0,0,0,10
63551,1,1,0,0,0,0,0,0,0,0,0,0
63551,2,1,0,0,0,0,0,0,0,0,0,0
63552,1,1,0,0,0,8,0,0,0,0,0,0
63552,2,1,0,17,6,0,0,0,0,0,0,0
63553,1,1,24,0,47,4,11,7,13,12,16,14
63554,0,1,36,48,0,0,0,43,0,0,0,0
63554,1,1,0,12,0,0,14,0,15,0,0,6
63555,0,1,0,0,0,0,0,0,0,0,0,0
63555,1,1,0,0,0,0,0,0,0,0,0,0
63556,0,1,9,9,9,9,9,9,9,9,9,9
63556,1,1,0,0,0,0,0,0,0,0,0,0
63557,1,1,18,18,18,18,18,18,18,18,18,18
63557,2,1,0,0,0,0,0,0,0,0,0,0
63558,0,1,0,0,0,0,0,0,3,11,0,0
63558,1,1,0,9,8,7,0,39,0,6,0,13
63559,0,1,0,0,0,0,0,0,0,0,0,0
63559,1,1,10,10,10,10,10,10,10,10,10,10
63559,2,1,0,0,0,0,0,0,0,0,0,10
63560,0,1,0,0,0,0,0,0,0,0,0,0
63560,0,2,0,0,0,20,0,0,0,0,0,0
63560,1,1,0,0,0,0,0,0,0,0,0,0
63561,1,1,0,0,0,0,0,0,0,0,0,0
63561,2,1,0,0,0,0,0,0,0,0,0,0
63562,1,1,7,7,7,7,7,7,7,7,7,7
63562,2,1,0,0,0,0,0,0,0,0,23,0
63563,0,1,0,0,0,0,0,0,0,0,0,0
63563,1,1,0,0,0,0,0,0,0,0,0,0
63564,0,1,0,0,0,0,0,0,0,0,0,0
63564,1,1,0,0,0,0,0,0,0,0,0,0
63565,1,1,0,0,26,0,0,0,0,0,0,0
63565,2,1,0,0,0,0,0,0,0,0,0,0
63566,1,1,18,18,18,18,18,18,18,18,18,18
63567,0,1,5,5,5,5,5,5,5,5,5,5
63567,1,1,0,0,0,0,18,13,0,0,0,0
63568,1,1,5,5,5,5,5,5,5,5,5,5
63568,2,1,0,0,0,0,19,0,0,0,0,0
63569,0,1,2,2,2,2,2,2,2,2,2,2
63569,1,1,17,0,0,16,0,0,0,0,0,0
63570,1,1,0,0,0,0,0,0,0,0,0,0
63571,1,1,0,0,0,0,0,0,0,0,0,0
63571,2,1,0,0,0,0,0,0,0,0,0,0
63572,0,1,15,25,0,10,27,15,25,13,22,0
63572,1,1,12,12,18,25,14,16,0,0,0,14
63573,1,1,0,0,0,0,33,10,0,19,0,0
63573,2,1,0,0,0,0,0,0,0,0,0,0
63574,1,1,0,0,0,0,0,0,0,0,0,0
63574,2,1,0,0,0,0,0,0,0,0,0,0
63574,3,1,0,0,0,0,0,0,0,0,0,0
63574,4,1,0,0,0,0,0,0,0,0,0,0
63575,0,1,0,0,0,0,0,0,0,0,0,0
63575,1,1,0,0,8,0,0,0,0,0,0,0
63576,0,1,0,0,0,0,0,0,12,0,0,0
63576,1,1,0,0,0,0,0,0,0,0,0,0
63577,1,1,0,0,0,21,0,0,0,0,0,0
63577,2,1,20,0,0,0,16,0,0,0,0,27
63578,1,1,0,10,21,0,0,29,0,43,9,0
63578,2,1,0,0,0,0,0,0,0,0,0,0
63579,0,1,0,0,0,0,0,0,0,0,0,0
63580,0,1,8,8,8,8,8,8,8,8,8,8
63580,1,1,7,10,12,17,9,7,18,6,17,16
63581,1,1,0,0,0,0,0,0,0,0,0,0
63582,1,1,0,0,0,0,0,0,0,0,0,0
63582,2,1,0,0,0,0,0,0,0,0,0,0
63583,0,1,0,0,0,0,0,0,0,0,0,0
63583,1,1,0,0,0,0,8,0,19,18,12,8
63584,1,1,0,0,0,0,0,0,0,0,0,0
63585,0,1,19,8,12,0,49,0,17,33,0,20
63585,1,1,0,0,0,0,0,0,0,0,0,0
63586,1,1,23,23,23,23,23,23,23,23,23,23
63586,2,1,0,0,12,6,8,9,0,0,0,0
63586,3,1,0,0,4,0,11,19,0,0,0,0
63586,4,1,0,0,0,0,0,0,0,0,0,0